Copyright 1986-2022 Xilinx, Inc. All Rights Reserved. Copyright 2022-2023 Advanced Micro Devices, Inc. All Rights Reserved.
---------------------------------------------------------------------------------------------------------------------------------------------
| Tool Version : Vivado v.2023.2 (lin64) Build 4029153 Fri Oct 13 20:13:54 MDT 2023
| Date         : Thu Nov  6 12:24:38 2025
| Host         : DESKTOP-8IM51LT running 64-bit Ubuntu 24.04.3 LTS
| Command      : report_timing_summary -datasheet -max_paths 10 -file digilent_nexys4ddr_timing.rpt
| Design       : digilent_nexys4ddr
| Device       : 7a100t-csg324
| Speed File   : -1  PRODUCTION 1.23 2018-06-13
| Design State : Physopt postRoute
---------------------------------------------------------------------------------------------------------------------------------------------

Timing Summary Report

------------------------------------------------------------------------------------------------
| Timer Settings
| --------------
------------------------------------------------------------------------------------------------

  Enable Multi Corner Analysis               :  Yes
  Enable Pessimism Removal                   :  Yes
  Pessimism Removal Resolution               :  Nearest Common Node
  Enable Input Delay Default Clock           :  No
  Enable Preset / Clear Arcs                 :  No
  Disable Flight Delays                      :  No
  Ignore I/O Paths                           :  No
  Timing Early Launch at Borrowing Latches   :  No
  Borrow Time for Max Delay Exceptions       :  Yes
  Merge Timing Exceptions                    :  Yes
  Inter-SLR Compensation                     :  Conservative

  Corner  Analyze    Analyze    
  Name    Max Paths  Min Paths  
  ------  ---------  ---------  
  Slow    Yes        Yes        
  Fast    Yes        Yes        


------------------------------------------------------------------------------------------------
| Report Methodology
| ------------------
------------------------------------------------------------------------------------------------

No report available as report_methodology has not been run prior. Run report_methodology on the current design for the summary of methodology violations.



check_timing report

Table of Contents
-----------------
1. checking no_clock (0)
2. checking constant_clock (0)
3. checking pulse_width_clock (0)
4. checking unconstrained_internal_endpoints (0)
5. checking no_input_delay (18)
6. checking no_output_delay (60)
7. checking multiple_clock (0)
8. checking generated_clocks (0)
9. checking loops (0)
10. checking partial_input_delay (0)
11. checking partial_output_delay (0)
12. checking latch_loops (0)

1. checking no_clock (0)
------------------------
 There are 0 register/latch pins with no clock.


2. checking constant_clock (0)
------------------------------
 There are 0 register/latch pins with constant_clock.


3. checking pulse_width_clock (0)
---------------------------------
 There are 0 register/latch pins which need pulse_width check


4. checking unconstrained_internal_endpoints (0)
------------------------------------------------
 There are 0 pins that are not constrained for maximum delay.

 There are 0 pins that are not constrained for maximum delay due to constant clock.


5. checking no_input_delay (18)
-------------------------------
 There are 18 input ports with no input delay specified. (HIGH)

 There are 0 input ports with no input delay but user has a false path constraint.


6. checking no_output_delay (60)
--------------------------------
 There are 60 ports with no output delay specified. (HIGH)

 There are 0 ports with no output delay but user has a false path constraint

 There are 0 ports with no output delay but with a timing clock defined on it or propagating through it


7. checking multiple_clock (0)
------------------------------
 There are 0 register/latch pins with multiple clocks.


8. checking generated_clocks (0)
--------------------------------
 There are 0 generated clocks that are not connected to a clock source.


9. checking loops (0)
---------------------
 There are 0 combinational loops in the design.


10. checking partial_input_delay (0)
------------------------------------
 There are 0 input ports with partial input delay specified.


11. checking partial_output_delay (0)
-------------------------------------
 There are 0 ports with partial output delay specified.


12. checking latch_loops (0)
----------------------------
 There are 0 combinational latch loops in the design through latch input



------------------------------------------------------------------------------------------------
| Design Timing Summary
| ---------------------
------------------------------------------------------------------------------------------------

    WNS(ns)      TNS(ns)  TNS Failing Endpoints  TNS Total Endpoints      WHS(ns)      THS(ns)  THS Failing Endpoints  THS Total Endpoints     WPWS(ns)     TPWS(ns)  TPWS Failing Endpoints  TPWS Total Endpoints  
    -------      -------  ---------------------  -------------------      -------      -------  ---------------------  -------------------     --------     --------  ----------------------  --------------------  
     -1.719       -8.411                      8                11176        0.024        0.000                      0                11176        0.264        0.000                       0                  4383  


Timing constraints are not met.


------------------------------------------------------------------------------------------------
| Clock Summary
| -------------
------------------------------------------------------------------------------------------------

Clock                          Waveform(ns)         Period(ns)      Frequency(MHz)
-----                          ------------         ----------      --------------
clk100                         {0.000 5.000}        10.000          100.000         
  soc_builder_basesoc_mmcm_fb  {0.000 5.000}        10.000          100.000         
  soc_crg_clkout0              {0.000 6.667}        13.333          75.000          
  soc_crg_clkout1              {0.000 3.333}        6.667           150.000         
  soc_crg_clkout2              {1.667 5.000}        6.667           150.000         
  soc_crg_clkout3              {0.000 2.500}        5.000           200.000         


------------------------------------------------------------------------------------------------
| Intra Clock Table
| -----------------
------------------------------------------------------------------------------------------------

Clock                              WNS(ns)      TNS(ns)  TNS Failing Endpoints  TNS Total Endpoints      WHS(ns)      THS(ns)  THS Failing Endpoints  THS Total Endpoints     WPWS(ns)     TPWS(ns)  TPWS Failing Endpoints  TPWS Total Endpoints  
-----                              -------      -------  ---------------------  -------------------      -------      -------  ---------------------  -------------------     --------     --------  ----------------------  --------------------  
clk100                               8.214        0.000                      0                    7        0.226        0.000                      0                    7        3.000        0.000                       0                    10  
  soc_builder_basesoc_mmcm_fb                                                                                                                                                    8.751        0.000                       0                     2  
  soc_crg_clkout0                   -1.719       -8.411                      8                11155        0.024        0.000                      0                11155        5.417        0.000                       0                  4282  
  soc_crg_clkout1                                                                                                                                                                4.511        0.000                       0                    75  
  soc_crg_clkout2                                                                                                                                                                4.511        0.000                       0                     4  
  soc_crg_clkout3                    1.215        0.000                      0                   14        0.160        0.000                      0                   14        0.264        0.000                       0                    10  


------------------------------------------------------------------------------------------------
| Inter Clock Table
| -----------------
------------------------------------------------------------------------------------------------

From Clock    To Clock          WNS(ns)      TNS(ns)  TNS Failing Endpoints  TNS Total Endpoints      WHS(ns)      THS(ns)  THS Failing Endpoints  THS Total Endpoints  
----------    --------          -------      -------  ---------------------  -------------------      -------      -------  ---------------------  -------------------  


------------------------------------------------------------------------------------------------
| Other Path Groups Table
| -----------------------
------------------------------------------------------------------------------------------------

Path Group    From Clock    To Clock          WNS(ns)      TNS(ns)  TNS Failing Endpoints  TNS Total Endpoints      WHS(ns)      THS(ns)  THS Failing Endpoints  THS Total Endpoints  
----------    ----------    --------          -------      -------  ---------------------  -------------------      -------      -------  ---------------------  -------------------  


------------------------------------------------------------------------------------------------
| Timing Details
| --------------
------------------------------------------------------------------------------------------------


---------------------------------------------------------------------------------------------------
From Clock:  clk100
  To Clock:  clk100

Setup :            0  Failing Endpoints,  Worst Slack        8.214ns,  Total Violation        0.000ns
Hold  :            0  Failing Endpoints,  Worst Slack        0.226ns,  Total Violation        0.000ns
PW    :            0  Failing Endpoints,  Worst Slack        3.000ns,  Total Violation        0.000ns
---------------------------------------------------------------------------------------------------


Max Delay Paths
--------------------------------------------------------------------------------------
Slack (MET) :             8.214ns  (required time - arrival time)
  Source:                 FDCE/C
                            (rising edge-triggered cell FDCE clocked by clk100  {rise@0.000ns fall@5.000ns period=10.000ns})
  Destination:            FDCE_1/D
                            (rising edge-triggered cell FDCE clocked by clk100  {rise@0.000ns fall@5.000ns period=10.000ns})
  Path Group:             clk100
  Path Type:              Setup (Max at Slow Process Corner)
  Requirement:            10.000ns  (clk100 rise@10.000ns - clk100 rise@0.000ns)
  Data Path Delay:        1.600ns  (logic 0.456ns (28.505%)  route 1.144ns (71.495%))
  Logic Levels:           0  
  Clock Path Skew:        -0.046ns (DCD - SCD + CPR)
    Destination Clock Delay (DCD):    7.583ns = ( 17.583 - 10.000 ) 
    Source Clock Delay      (SCD):    8.254ns
    Clock Pessimism Removal (CPR):    0.624ns
  Clock Uncertainty:      0.035ns  ((TSJ^2 + TIJ^2)^1/2 + DJ) / 2 + PE
    Total System Jitter     (TSJ):    0.071ns
    Total Input Jitter      (TIJ):    0.000ns
    Discrete Jitter          (DJ):    0.000ns
    Phase Error              (PE):    0.000ns

    Location             Delay type                Incr(ns)  Path(ns)    Netlist Resource(s)
  -------------------------------------------------------------------    -------------------
                         (clock clk100 rise edge)     0.000     0.000 r  
    E3                                                0.000     0.000 r  clk100 (IN)
                         net (fo=0)                   0.000     0.000    clk100
    E3                   IBUF (Prop_ibuf_I_O)         1.482     1.482 r  clk100_IBUF_inst/O
                         net (fo=1, routed)           2.025     3.506    clk100_IBUF
    BUFGCTRL_X0Y16       BUFG (Prop_bufg_I_O)         0.096     3.602 r  clk100_IBUF_BUFG_inst/O
                         net (fo=1, routed)           2.239     5.842    clk100_IBUF_BUFG
    SLICE_X48Y32         LUT1 (Prop_lut1_I0_O)        0.124     5.966 r  clk100_inst/O
                         net (fo=9, routed)           2.288     8.254    soc_crg_clkin
    SLICE_X69Y83         FDCE                                         r  FDCE/C
  -------------------------------------------------------------------    -------------------
    SLICE_X69Y83         FDCE (Prop_fdce_C_Q)         0.456     8.710 r  FDCE/Q
                         net (fo=1, routed)           1.144     9.854    soc_builder_basesoc_reset0
    SLICE_X69Y90         FDCE                                         r  FDCE_1/D
  -------------------------------------------------------------------    -------------------

                         (clock clk100 rise edge)    10.000    10.000 r  
    E3                                                0.000    10.000 r  clk100 (IN)
                         net (fo=0)                   0.000    10.000    clk100
    E3                   IBUF (Prop_ibuf_I_O)         1.411    11.411 r  clk100_IBUF_inst/O
                         net (fo=1, routed)           1.920    13.331    clk100_IBUF
    BUFGCTRL_X0Y16       BUFG (Prop_bufg_I_O)         0.091    13.422 r  clk100_IBUF_BUFG_inst/O
                         net (fo=1, routed)           2.025    15.447    clk100_IBUF_BUFG
    SLICE_X48Y32         LUT1 (Prop_lut1_I0_O)        0.100    15.547 r  clk100_inst/O
                         net (fo=9, routed)           2.036    17.583    soc_crg_clkin
    SLICE_X69Y90         FDCE                                         r  FDCE_1/C
                         clock pessimism              0.624    18.208    
                         clock uncertainty           -0.035    18.172    
    SLICE_X69Y90         FDCE (Setup_fdce_C_D)       -0.105    18.067    FDCE_1
  -------------------------------------------------------------------
                         required time                         18.067    
                         arrival time                          -9.854    
  -------------------------------------------------------------------
                         slack                                  8.214    

Slack (MET) :             8.288ns  (required time - arrival time)
  Source:                 FDCE_2/C
                            (rising edge-triggered cell FDCE clocked by clk100  {rise@0.000ns fall@5.000ns period=10.000ns})
  Destination:            FDCE_3/D
                            (rising edge-triggered cell FDCE clocked by clk100  {rise@0.000ns fall@5.000ns period=10.000ns})
  Path Group:             clk100
  Path Type:              Setup (Max at Slow Process Corner)
  Requirement:            10.000ns  (clk100 rise@10.000ns - clk100 rise@0.000ns)
  Data Path Delay:        1.394ns  (logic 0.456ns (32.705%)  route 0.938ns (67.295%))
  Logic Levels:           0  
  Clock Path Skew:        -0.177ns (DCD - SCD + CPR)
    Destination Clock Delay (DCD):    7.472ns = ( 17.472 - 10.000 ) 
    Source Clock Delay      (SCD):    8.390ns
    Clock Pessimism Removal (CPR):    0.740ns
  Clock Uncertainty:      0.035ns  ((TSJ^2 + TIJ^2)^1/2 + DJ) / 2 + PE
    Total System Jitter     (TSJ):    0.071ns
    Total Input Jitter      (TIJ):    0.000ns
    Discrete Jitter          (DJ):    0.000ns
    Phase Error              (PE):    0.000ns

    Location             Delay type                Incr(ns)  Path(ns)    Netlist Resource(s)
  -------------------------------------------------------------------    -------------------
                         (clock clk100 rise edge)     0.000     0.000 r  
    E3                                                0.000     0.000 r  clk100 (IN)
                         net (fo=0)                   0.000     0.000    clk100
    E3                   IBUF (Prop_ibuf_I_O)         1.482     1.482 r  clk100_IBUF_inst/O
                         net (fo=1, routed)           2.025     3.506    clk100_IBUF
    BUFGCTRL_X0Y16       BUFG (Prop_bufg_I_O)         0.096     3.602 r  clk100_IBUF_BUFG_inst/O
                         net (fo=1, routed)           2.239     5.842    clk100_IBUF_BUFG
    SLICE_X48Y32         LUT1 (Prop_lut1_I0_O)        0.124     5.966 r  clk100_inst/O
                         net (fo=9, routed)           2.424     8.390    soc_crg_clkin
    SLICE_X69Y90         FDCE                                         r  FDCE_2/C
  -------------------------------------------------------------------    -------------------
    SLICE_X69Y90         FDCE (Prop_fdce_C_Q)         0.456     8.846 r  FDCE_2/Q
                         net (fo=1, routed)           0.938     9.784    soc_builder_basesoc_reset2
    SLICE_X71Y88         FDCE                                         r  FDCE_3/D
  -------------------------------------------------------------------    -------------------

                         (clock clk100 rise edge)    10.000    10.000 r  
    E3                                                0.000    10.000 r  clk100 (IN)
                         net (fo=0)                   0.000    10.000    clk100
    E3                   IBUF (Prop_ibuf_I_O)         1.411    11.411 r  clk100_IBUF_inst/O
                         net (fo=1, routed)           1.920    13.331    clk100_IBUF
    BUFGCTRL_X0Y16       BUFG (Prop_bufg_I_O)         0.091    13.422 r  clk100_IBUF_BUFG_inst/O
                         net (fo=1, routed)           2.025    15.447    clk100_IBUF_BUFG
    SLICE_X48Y32         LUT1 (Prop_lut1_I0_O)        0.100    15.547 r  clk100_inst/O
                         net (fo=9, routed)           1.925    17.472    soc_crg_clkin
    SLICE_X71Y88         FDCE                                         r  FDCE_3/C
                         clock pessimism              0.740    18.213    
                         clock uncertainty           -0.035    18.177    
    SLICE_X71Y88         FDCE (Setup_fdce_C_D)       -0.105    18.072    FDCE_3
  -------------------------------------------------------------------
                         required time                         18.072    
                         arrival time                          -9.784    
  -------------------------------------------------------------------
                         slack                                  8.288    

Slack (MET) :             8.727ns  (required time - arrival time)
  Source:                 FDCE_4/C
                            (rising edge-triggered cell FDCE clocked by clk100  {rise@0.000ns fall@5.000ns period=10.000ns})
  Destination:            FDCE_5/D
                            (rising edge-triggered cell FDCE clocked by clk100  {rise@0.000ns fall@5.000ns period=10.000ns})
  Path Group:             clk100
  Path Type:              Setup (Max at Slow Process Corner)
  Requirement:            10.000ns  (clk100 rise@10.000ns - clk100 rise@0.000ns)
  Data Path Delay:        1.097ns  (logic 0.456ns (41.563%)  route 0.641ns (58.437%))
  Logic Levels:           0  
  Clock Path Skew:        -0.110ns (DCD - SCD + CPR)
    Destination Clock Delay (DCD):    7.521ns = ( 17.521 - 10.000 ) 
    Source Clock Delay      (SCD):    8.258ns
    Clock Pessimism Removal (CPR):    0.626ns
  Clock Uncertainty:      0.035ns  ((TSJ^2 + TIJ^2)^1/2 + DJ) / 2 + PE
    Total System Jitter     (TSJ):    0.071ns
    Total Input Jitter      (TIJ):    0.000ns
    Discrete Jitter          (DJ):    0.000ns
    Phase Error              (PE):    0.000ns

    Location             Delay type                Incr(ns)  Path(ns)    Netlist Resource(s)
  -------------------------------------------------------------------    -------------------
                         (clock clk100 rise edge)     0.000     0.000 r  
    E3                                                0.000     0.000 r  clk100 (IN)
                         net (fo=0)                   0.000     0.000    clk100
    E3                   IBUF (Prop_ibuf_I_O)         1.482     1.482 r  clk100_IBUF_inst/O
                         net (fo=1, routed)           2.025     3.506    clk100_IBUF
    BUFGCTRL_X0Y16       BUFG (Prop_bufg_I_O)         0.096     3.602 r  clk100_IBUF_BUFG_inst/O
                         net (fo=1, routed)           2.239     5.842    clk100_IBUF_BUFG
    SLICE_X48Y32         LUT1 (Prop_lut1_I0_O)        0.124     5.966 r  clk100_inst/O
                         net (fo=9, routed)           2.292     8.258    soc_crg_clkin
    SLICE_X71Y88         FDCE                                         r  FDCE_4/C
  -------------------------------------------------------------------    -------------------
    SLICE_X71Y88         FDCE (Prop_fdce_C_Q)         0.456     8.714 r  FDCE_4/Q
                         net (fo=1, routed)           0.641     9.355    soc_builder_basesoc_reset4
    SLICE_X62Y89         FDCE                                         r  FDCE_5/D
  -------------------------------------------------------------------    -------------------

                         (clock clk100 rise edge)    10.000    10.000 r  
    E3                                                0.000    10.000 r  clk100 (IN)
                         net (fo=0)                   0.000    10.000    clk100
    E3                   IBUF (Prop_ibuf_I_O)         1.411    11.411 r  clk100_IBUF_inst/O
                         net (fo=1, routed)           1.920    13.331    clk100_IBUF
    BUFGCTRL_X0Y16       BUFG (Prop_bufg_I_O)         0.091    13.422 r  clk100_IBUF_BUFG_inst/O
                         net (fo=1, routed)           2.025    15.447    clk100_IBUF_BUFG
    SLICE_X48Y32         LUT1 (Prop_lut1_I0_O)        0.100    15.547 r  clk100_inst/O
                         net (fo=9, routed)           1.974    17.521    soc_crg_clkin
    SLICE_X62Y89         FDCE                                         r  FDCE_5/C
                         clock pessimism              0.626    18.148    
                         clock uncertainty           -0.035    18.112    
    SLICE_X62Y89         FDCE (Setup_fdce_C_D)       -0.031    18.081    FDCE_5
  -------------------------------------------------------------------
                         required time                         18.081    
                         arrival time                          -9.355    
  -------------------------------------------------------------------
                         slack                                  8.727    

Slack (MET) :             8.833ns  (required time - arrival time)
  Source:                 FDCE_5/C
                            (rising edge-triggered cell FDCE clocked by clk100  {rise@0.000ns fall@5.000ns period=10.000ns})
  Destination:            FDCE_6/D
                            (rising edge-triggered cell FDCE clocked by clk100  {rise@0.000ns fall@5.000ns period=10.000ns})
  Path Group:             clk100
  Path Type:              Setup (Max at Slow Process Corner)
  Requirement:            10.000ns  (clk100 rise@10.000ns - clk100 rise@0.000ns)
  Data Path Delay:        1.086ns  (logic 0.518ns (47.679%)  route 0.568ns (52.321%))
  Logic Levels:           0  
  Clock Path Skew:        0.000ns (DCD - SCD + CPR)
    Destination Clock Delay (DCD):    7.521ns = ( 17.521 - 10.000 ) 
    Source Clock Delay      (SCD):    8.318ns
    Clock Pessimism Removal (CPR):    0.796ns
  Clock Uncertainty:      0.035ns  ((TSJ^2 + TIJ^2)^1/2 + DJ) / 2 + PE
    Total System Jitter     (TSJ):    0.071ns
    Total Input Jitter      (TIJ):    0.000ns
    Discrete Jitter          (DJ):    0.000ns
    Phase Error              (PE):    0.000ns

    Location             Delay type                Incr(ns)  Path(ns)    Netlist Resource(s)
  -------------------------------------------------------------------    -------------------
                         (clock clk100 rise edge)     0.000     0.000 r  
    E3                                                0.000     0.000 r  clk100 (IN)
                         net (fo=0)                   0.000     0.000    clk100
    E3                   IBUF (Prop_ibuf_I_O)         1.482     1.482 r  clk100_IBUF_inst/O
                         net (fo=1, routed)           2.025     3.506    clk100_IBUF
    BUFGCTRL_X0Y16       BUFG (Prop_bufg_I_O)         0.096     3.602 r  clk100_IBUF_BUFG_inst/O
                         net (fo=1, routed)           2.239     5.842    clk100_IBUF_BUFG
    SLICE_X48Y32         LUT1 (Prop_lut1_I0_O)        0.124     5.966 r  clk100_inst/O
                         net (fo=9, routed)           2.352     8.318    soc_crg_clkin
    SLICE_X62Y89         FDCE                                         r  FDCE_5/C
  -------------------------------------------------------------------    -------------------
    SLICE_X62Y89         FDCE (Prop_fdce_C_Q)         0.518     8.836 r  FDCE_5/Q
                         net (fo=1, routed)           0.568     9.404    soc_builder_basesoc_reset5
    SLICE_X62Y89         FDCE                                         r  FDCE_6/D
  -------------------------------------------------------------------    -------------------

                         (clock clk100 rise edge)    10.000    10.000 r  
    E3                                                0.000    10.000 r  clk100 (IN)
                         net (fo=0)                   0.000    10.000    clk100
    E3                   IBUF (Prop_ibuf_I_O)         1.411    11.411 r  clk100_IBUF_inst/O
                         net (fo=1, routed)           1.920    13.331    clk100_IBUF
    BUFGCTRL_X0Y16       BUFG (Prop_bufg_I_O)         0.091    13.422 r  clk100_IBUF_BUFG_inst/O
                         net (fo=1, routed)           2.025    15.447    clk100_IBUF_BUFG
    SLICE_X48Y32         LUT1 (Prop_lut1_I0_O)        0.100    15.547 r  clk100_inst/O
                         net (fo=9, routed)           1.974    17.521    soc_crg_clkin
    SLICE_X62Y89         FDCE                                         r  FDCE_6/C
                         clock pessimism              0.796    18.318    
                         clock uncertainty           -0.035    18.282    
    SLICE_X62Y89         FDCE (Setup_fdce_C_D)       -0.045    18.237    FDCE_6
  -------------------------------------------------------------------
                         required time                         18.237    
                         arrival time                          -9.404    
  -------------------------------------------------------------------
                         slack                                  8.833    

Slack (MET) :             8.899ns  (required time - arrival time)
  Source:                 FDCE_6/C
                            (rising edge-triggered cell FDCE clocked by clk100  {rise@0.000ns fall@5.000ns period=10.000ns})
  Destination:            FDCE_7/D
                            (rising edge-triggered cell FDCE clocked by clk100  {rise@0.000ns fall@5.000ns period=10.000ns})
  Path Group:             clk100
  Path Type:              Setup (Max at Slow Process Corner)
  Requirement:            10.000ns  (clk100 rise@10.000ns - clk100 rise@0.000ns)
  Data Path Delay:        1.037ns  (logic 0.518ns (49.939%)  route 0.519ns (50.061%))
  Logic Levels:           0  
  Clock Path Skew:        0.000ns (DCD - SCD + CPR)
    Destination Clock Delay (DCD):    7.521ns = ( 17.521 - 10.000 ) 
    Source Clock Delay      (SCD):    8.318ns
    Clock Pessimism Removal (CPR):    0.796ns
  Clock Uncertainty:      0.035ns  ((TSJ^2 + TIJ^2)^1/2 + DJ) / 2 + PE
    Total System Jitter     (TSJ):    0.071ns
    Total Input Jitter      (TIJ):    0.000ns
    Discrete Jitter          (DJ):    0.000ns
    Phase Error              (PE):    0.000ns

    Location             Delay type                Incr(ns)  Path(ns)    Netlist Resource(s)
  -------------------------------------------------------------------    -------------------
                         (clock clk100 rise edge)     0.000     0.000 r  
    E3                                                0.000     0.000 r  clk100 (IN)
                         net (fo=0)                   0.000     0.000    clk100
    E3                   IBUF (Prop_ibuf_I_O)         1.482     1.482 r  clk100_IBUF_inst/O
                         net (fo=1, routed)           2.025     3.506    clk100_IBUF
    BUFGCTRL_X0Y16       BUFG (Prop_bufg_I_O)         0.096     3.602 r  clk100_IBUF_BUFG_inst/O
                         net (fo=1, routed)           2.239     5.842    clk100_IBUF_BUFG
    SLICE_X48Y32         LUT1 (Prop_lut1_I0_O)        0.124     5.966 r  clk100_inst/O
                         net (fo=9, routed)           2.352     8.318    soc_crg_clkin
    SLICE_X62Y89         FDCE                                         r  FDCE_6/C
  -------------------------------------------------------------------    -------------------
    SLICE_X62Y89         FDCE (Prop_fdce_C_Q)         0.518     8.836 r  FDCE_6/Q
                         net (fo=1, routed)           0.519     9.355    soc_builder_basesoc_reset6
    SLICE_X62Y89         FDCE                                         r  FDCE_7/D
  -------------------------------------------------------------------    -------------------

                         (clock clk100 rise edge)    10.000    10.000 r  
    E3                                                0.000    10.000 r  clk100 (IN)
                         net (fo=0)                   0.000    10.000    clk100
    E3                   IBUF (Prop_ibuf_I_O)         1.411    11.411 r  clk100_IBUF_inst/O
                         net (fo=1, routed)           1.920    13.331    clk100_IBUF
    BUFGCTRL_X0Y16       BUFG (Prop_bufg_I_O)         0.091    13.422 r  clk100_IBUF_BUFG_inst/O
                         net (fo=1, routed)           2.025    15.447    clk100_IBUF_BUFG
    SLICE_X48Y32         LUT1 (Prop_lut1_I0_O)        0.100    15.547 r  clk100_inst/O
                         net (fo=9, routed)           1.974    17.521    soc_crg_clkin
    SLICE_X62Y89         FDCE                                         r  FDCE_7/C
                         clock pessimism              0.796    18.318    
                         clock uncertainty           -0.035    18.282    
    SLICE_X62Y89         FDCE (Setup_fdce_C_D)       -0.028    18.254    FDCE_7
  -------------------------------------------------------------------
                         required time                         18.254    
                         arrival time                          -9.355    
  -------------------------------------------------------------------
                         slack                                  8.899    

Slack (MET) :             8.906ns  (required time - arrival time)
  Source:                 FDCE_1/C
                            (rising edge-triggered cell FDCE clocked by clk100  {rise@0.000ns fall@5.000ns period=10.000ns})
  Destination:            FDCE_2/D
                            (rising edge-triggered cell FDCE clocked by clk100  {rise@0.000ns fall@5.000ns period=10.000ns})
  Path Group:             clk100
  Path Type:              Setup (Max at Slow Process Corner)
  Requirement:            10.000ns  (clk100 rise@10.000ns - clk100 rise@0.000ns)
  Data Path Delay:        0.954ns  (logic 0.456ns (47.794%)  route 0.498ns (52.206%))
  Logic Levels:           0  
  Clock Path Skew:        0.000ns (DCD - SCD + CPR)
    Destination Clock Delay (DCD):    7.583ns = ( 17.583 - 10.000 ) 
    Source Clock Delay      (SCD):    8.390ns
    Clock Pessimism Removal (CPR):    0.806ns
  Clock Uncertainty:      0.035ns  ((TSJ^2 + TIJ^2)^1/2 + DJ) / 2 + PE
    Total System Jitter     (TSJ):    0.071ns
    Total Input Jitter      (TIJ):    0.000ns
    Discrete Jitter          (DJ):    0.000ns
    Phase Error              (PE):    0.000ns

    Location             Delay type                Incr(ns)  Path(ns)    Netlist Resource(s)
  -------------------------------------------------------------------    -------------------
                         (clock clk100 rise edge)     0.000     0.000 r  
    E3                                                0.000     0.000 r  clk100 (IN)
                         net (fo=0)                   0.000     0.000    clk100
    E3                   IBUF (Prop_ibuf_I_O)         1.482     1.482 r  clk100_IBUF_inst/O
                         net (fo=1, routed)           2.025     3.506    clk100_IBUF
    BUFGCTRL_X0Y16       BUFG (Prop_bufg_I_O)         0.096     3.602 r  clk100_IBUF_BUFG_inst/O
                         net (fo=1, routed)           2.239     5.842    clk100_IBUF_BUFG
    SLICE_X48Y32         LUT1 (Prop_lut1_I0_O)        0.124     5.966 r  clk100_inst/O
                         net (fo=9, routed)           2.424     8.390    soc_crg_clkin
    SLICE_X69Y90         FDCE                                         r  FDCE_1/C
  -------------------------------------------------------------------    -------------------
    SLICE_X69Y90         FDCE (Prop_fdce_C_Q)         0.456     8.846 r  FDCE_1/Q
                         net (fo=1, routed)           0.498     9.344    soc_builder_basesoc_reset1
    SLICE_X69Y90         FDCE                                         r  FDCE_2/D
  -------------------------------------------------------------------    -------------------

                         (clock clk100 rise edge)    10.000    10.000 r  
    E3                                                0.000    10.000 r  clk100 (IN)
                         net (fo=0)                   0.000    10.000    clk100
    E3                   IBUF (Prop_ibuf_I_O)         1.411    11.411 r  clk100_IBUF_inst/O
                         net (fo=1, routed)           1.920    13.331    clk100_IBUF
    BUFGCTRL_X0Y16       BUFG (Prop_bufg_I_O)         0.091    13.422 r  clk100_IBUF_BUFG_inst/O
                         net (fo=1, routed)           2.025    15.447    clk100_IBUF_BUFG
    SLICE_X48Y32         LUT1 (Prop_lut1_I0_O)        0.100    15.547 r  clk100_inst/O
                         net (fo=9, routed)           2.036    17.583    soc_crg_clkin
    SLICE_X69Y90         FDCE                                         r  FDCE_2/C
                         clock pessimism              0.806    18.390    
                         clock uncertainty           -0.035    18.354    
    SLICE_X69Y90         FDCE (Setup_fdce_C_D)       -0.105    18.249    FDCE_2
  -------------------------------------------------------------------
                         required time                         18.249    
                         arrival time                          -9.344    
  -------------------------------------------------------------------
                         slack                                  8.906    

Slack (MET) :             8.906ns  (required time - arrival time)
  Source:                 FDCE_3/C
                            (rising edge-triggered cell FDCE clocked by clk100  {rise@0.000ns fall@5.000ns period=10.000ns})
  Destination:            FDCE_4/D
                            (rising edge-triggered cell FDCE clocked by clk100  {rise@0.000ns fall@5.000ns period=10.000ns})
  Path Group:             clk100
  Path Type:              Setup (Max at Slow Process Corner)
  Requirement:            10.000ns  (clk100 rise@10.000ns - clk100 rise@0.000ns)
  Data Path Delay:        0.954ns  (logic 0.456ns (47.794%)  route 0.498ns (52.206%))
  Logic Levels:           0  
  Clock Path Skew:        0.000ns (DCD - SCD + CPR)
    Destination Clock Delay (DCD):    7.472ns = ( 17.472 - 10.000 ) 
    Source Clock Delay      (SCD):    8.258ns
    Clock Pessimism Removal (CPR):    0.785ns
  Clock Uncertainty:      0.035ns  ((TSJ^2 + TIJ^2)^1/2 + DJ) / 2 + PE
    Total System Jitter     (TSJ):    0.071ns
    Total Input Jitter      (TIJ):    0.000ns
    Discrete Jitter          (DJ):    0.000ns
    Phase Error              (PE):    0.000ns

    Location             Delay type                Incr(ns)  Path(ns)    Netlist Resource(s)
  -------------------------------------------------------------------    -------------------
                         (clock clk100 rise edge)     0.000     0.000 r  
    E3                                                0.000     0.000 r  clk100 (IN)
                         net (fo=0)                   0.000     0.000    clk100
    E3                   IBUF (Prop_ibuf_I_O)         1.482     1.482 r  clk100_IBUF_inst/O
                         net (fo=1, routed)           2.025     3.506    clk100_IBUF
    BUFGCTRL_X0Y16       BUFG (Prop_bufg_I_O)         0.096     3.602 r  clk100_IBUF_BUFG_inst/O
                         net (fo=1, routed)           2.239     5.842    clk100_IBUF_BUFG
    SLICE_X48Y32         LUT1 (Prop_lut1_I0_O)        0.124     5.966 r  clk100_inst/O
                         net (fo=9, routed)           2.292     8.258    soc_crg_clkin
    SLICE_X71Y88         FDCE                                         r  FDCE_3/C
  -------------------------------------------------------------------    -------------------
    SLICE_X71Y88         FDCE (Prop_fdce_C_Q)         0.456     8.714 r  FDCE_3/Q
                         net (fo=1, routed)           0.498     9.212    soc_builder_basesoc_reset3
    SLICE_X71Y88         FDCE                                         r  FDCE_4/D
  -------------------------------------------------------------------    -------------------

                         (clock clk100 rise edge)    10.000    10.000 r  
    E3                                                0.000    10.000 r  clk100 (IN)
                         net (fo=0)                   0.000    10.000    clk100
    E3                   IBUF (Prop_ibuf_I_O)         1.411    11.411 r  clk100_IBUF_inst/O
                         net (fo=1, routed)           1.920    13.331    clk100_IBUF
    BUFGCTRL_X0Y16       BUFG (Prop_bufg_I_O)         0.091    13.422 r  clk100_IBUF_BUFG_inst/O
                         net (fo=1, routed)           2.025    15.447    clk100_IBUF_BUFG
    SLICE_X48Y32         LUT1 (Prop_lut1_I0_O)        0.100    15.547 r  clk100_inst/O
                         net (fo=9, routed)           1.925    17.472    soc_crg_clkin
    SLICE_X71Y88         FDCE                                         r  FDCE_4/C
                         clock pessimism              0.785    18.258    
                         clock uncertainty           -0.035    18.222    
    SLICE_X71Y88         FDCE (Setup_fdce_C_D)       -0.105    18.117    FDCE_4
  -------------------------------------------------------------------
                         required time                         18.117    
                         arrival time                          -9.212    
  -------------------------------------------------------------------
                         slack                                  8.906    





Min Delay Paths
--------------------------------------------------------------------------------------
Slack (MET) :             0.226ns  (arrival time - required time)
  Source:                 FDCE_4/C
                            (rising edge-triggered cell FDCE clocked by clk100  {rise@0.000ns fall@5.000ns period=10.000ns})
  Destination:            FDCE_5/D
                            (rising edge-triggered cell FDCE clocked by clk100  {rise@0.000ns fall@5.000ns period=10.000ns})
  Path Group:             clk100
  Path Type:              Hold (Min at Fast Process Corner)
  Requirement:            0.000ns  (clk100 rise@0.000ns - clk100 rise@0.000ns)
  Data Path Delay:        0.364ns  (logic 0.141ns (38.722%)  route 0.223ns (61.278%))
  Logic Levels:           0  
  Clock Path Skew:        0.079ns (DCD - SCD - CPR)
    Destination Clock Delay (DCD):    3.379ns
    Source Clock Delay      (SCD):    2.646ns
    Clock Pessimism Removal (CPR):    0.654ns

    Location             Delay type                Incr(ns)  Path(ns)    Netlist Resource(s)
  -------------------------------------------------------------------    -------------------
                         (clock clk100 rise edge)     0.000     0.000 r  
    E3                                                0.000     0.000 r  clk100 (IN)
                         net (fo=0)                   0.000     0.000    clk100
    E3                   IBUF (Prop_ibuf_I_O)         0.250     0.250 r  clk100_IBUF_inst/O
                         net (fo=1, routed)           0.644     0.894    clk100_IBUF
    BUFGCTRL_X0Y16       BUFG (Prop_bufg_I_O)         0.026     0.920 r  clk100_IBUF_BUFG_inst/O
                         net (fo=1, routed)           0.775     1.695    clk100_IBUF_BUFG
    SLICE_X48Y32         LUT1 (Prop_lut1_I0_O)        0.045     1.740 r  clk100_inst/O
                         net (fo=9, routed)           0.906     2.646    soc_crg_clkin
    SLICE_X71Y88         FDCE                                         r  FDCE_4/C
  -------------------------------------------------------------------    -------------------
    SLICE_X71Y88         FDCE (Prop_fdce_C_Q)         0.141     2.787 r  FDCE_4/Q
                         net (fo=1, routed)           0.223     3.010    soc_builder_basesoc_reset4
    SLICE_X62Y89         FDCE                                         r  FDCE_5/D
  -------------------------------------------------------------------    -------------------

                         (clock clk100 rise edge)     0.000     0.000 r  
    E3                                                0.000     0.000 r  clk100 (IN)
                         net (fo=0)                   0.000     0.000    clk100
    E3                   IBUF (Prop_ibuf_I_O)         0.438     0.438 r  clk100_IBUF_inst/O
                         net (fo=1, routed)           0.699     1.136    clk100_IBUF
    BUFGCTRL_X0Y16       BUFG (Prop_bufg_I_O)         0.029     1.165 r  clk100_IBUF_BUFG_inst/O
                         net (fo=1, routed)           1.077     2.243    clk100_IBUF_BUFG
    SLICE_X48Y32         LUT1 (Prop_lut1_I0_O)        0.056     2.299 r  clk100_inst/O
                         net (fo=9, routed)           1.080     3.379    soc_crg_clkin
    SLICE_X62Y89         FDCE                                         r  FDCE_5/C
                         clock pessimism             -0.654     2.725    
    SLICE_X62Y89         FDCE (Hold_fdce_C_D)         0.059     2.784    FDCE_5
  -------------------------------------------------------------------
                         required time                         -2.784    
                         arrival time                           3.010    
  -------------------------------------------------------------------
                         slack                                  0.226    

Slack (MET) :             0.238ns  (arrival time - required time)
  Source:                 FDCE_1/C
                            (rising edge-triggered cell FDCE clocked by clk100  {rise@0.000ns fall@5.000ns period=10.000ns})
  Destination:            FDCE_2/D
                            (rising edge-triggered cell FDCE clocked by clk100  {rise@0.000ns fall@5.000ns period=10.000ns})
  Path Group:             clk100
  Path Type:              Hold (Min at Fast Process Corner)
  Requirement:            0.000ns  (clk100 rise@0.000ns - clk100 rise@0.000ns)
  Data Path Delay:        0.299ns  (logic 0.141ns (47.141%)  route 0.158ns (52.859%))
  Logic Levels:           0  
  Clock Path Skew:        0.000ns (DCD - SCD - CPR)
    Destination Clock Delay (DCD):    3.423ns
    Source Clock Delay      (SCD):    2.689ns
    Clock Pessimism Removal (CPR):    0.734ns

    Location             Delay type                Incr(ns)  Path(ns)    Netlist Resource(s)
  -------------------------------------------------------------------    -------------------
                         (clock clk100 rise edge)     0.000     0.000 r  
    E3                                                0.000     0.000 r  clk100 (IN)
                         net (fo=0)                   0.000     0.000    clk100
    E3                   IBUF (Prop_ibuf_I_O)         0.250     0.250 r  clk100_IBUF_inst/O
                         net (fo=1, routed)           0.644     0.894    clk100_IBUF
    BUFGCTRL_X0Y16       BUFG (Prop_bufg_I_O)         0.026     0.920 r  clk100_IBUF_BUFG_inst/O
                         net (fo=1, routed)           0.775     1.695    clk100_IBUF_BUFG
    SLICE_X48Y32         LUT1 (Prop_lut1_I0_O)        0.045     1.740 r  clk100_inst/O
                         net (fo=9, routed)           0.949     2.689    soc_crg_clkin
    SLICE_X69Y90         FDCE                                         r  FDCE_1/C
  -------------------------------------------------------------------    -------------------
    SLICE_X69Y90         FDCE (Prop_fdce_C_Q)         0.141     2.830 r  FDCE_1/Q
                         net (fo=1, routed)           0.158     2.988    soc_builder_basesoc_reset1
    SLICE_X69Y90         FDCE                                         r  FDCE_2/D
  -------------------------------------------------------------------    -------------------

                         (clock clk100 rise edge)     0.000     0.000 r  
    E3                                                0.000     0.000 r  clk100 (IN)
                         net (fo=0)                   0.000     0.000    clk100
    E3                   IBUF (Prop_ibuf_I_O)         0.438     0.438 r  clk100_IBUF_inst/O
                         net (fo=1, routed)           0.699     1.136    clk100_IBUF
    BUFGCTRL_X0Y16       BUFG (Prop_bufg_I_O)         0.029     1.165 r  clk100_IBUF_BUFG_inst/O
                         net (fo=1, routed)           1.077     2.243    clk100_IBUF_BUFG
    SLICE_X48Y32         LUT1 (Prop_lut1_I0_O)        0.056     2.299 r  clk100_inst/O
                         net (fo=9, routed)           1.124     3.423    soc_crg_clkin
    SLICE_X69Y90         FDCE                                         r  FDCE_2/C
                         clock pessimism             -0.734     2.689    
    SLICE_X69Y90         FDCE (Hold_fdce_C_D)         0.061     2.750    FDCE_2
  -------------------------------------------------------------------
                         required time                         -2.750    
                         arrival time                           2.988    
  -------------------------------------------------------------------
                         slack                                  0.238    

Slack (MET) :             0.238ns  (arrival time - required time)
  Source:                 FDCE_3/C
                            (rising edge-triggered cell FDCE clocked by clk100  {rise@0.000ns fall@5.000ns period=10.000ns})
  Destination:            FDCE_4/D
                            (rising edge-triggered cell FDCE clocked by clk100  {rise@0.000ns fall@5.000ns period=10.000ns})
  Path Group:             clk100
  Path Type:              Hold (Min at Fast Process Corner)
  Requirement:            0.000ns  (clk100 rise@0.000ns - clk100 rise@0.000ns)
  Data Path Delay:        0.299ns  (logic 0.141ns (47.141%)  route 0.158ns (52.859%))
  Logic Levels:           0  
  Clock Path Skew:        0.000ns (DCD - SCD - CPR)
    Destination Clock Delay (DCD):    3.373ns
    Source Clock Delay      (SCD):    2.646ns
    Clock Pessimism Removal (CPR):    0.727ns

    Location             Delay type                Incr(ns)  Path(ns)    Netlist Resource(s)
  -------------------------------------------------------------------    -------------------
                         (clock clk100 rise edge)     0.000     0.000 r  
    E3                                                0.000     0.000 r  clk100 (IN)
                         net (fo=0)                   0.000     0.000    clk100
    E3                   IBUF (Prop_ibuf_I_O)         0.250     0.250 r  clk100_IBUF_inst/O
                         net (fo=1, routed)           0.644     0.894    clk100_IBUF
    BUFGCTRL_X0Y16       BUFG (Prop_bufg_I_O)         0.026     0.920 r  clk100_IBUF_BUFG_inst/O
                         net (fo=1, routed)           0.775     1.695    clk100_IBUF_BUFG
    SLICE_X48Y32         LUT1 (Prop_lut1_I0_O)        0.045     1.740 r  clk100_inst/O
                         net (fo=9, routed)           0.906     2.646    soc_crg_clkin
    SLICE_X71Y88         FDCE                                         r  FDCE_3/C
  -------------------------------------------------------------------    -------------------
    SLICE_X71Y88         FDCE (Prop_fdce_C_Q)         0.141     2.787 r  FDCE_3/Q
                         net (fo=1, routed)           0.158     2.945    soc_builder_basesoc_reset3
    SLICE_X71Y88         FDCE                                         r  FDCE_4/D
  -------------------------------------------------------------------    -------------------

                         (clock clk100 rise edge)     0.000     0.000 r  
    E3                                                0.000     0.000 r  clk100 (IN)
                         net (fo=0)                   0.000     0.000    clk100
    E3                   IBUF (Prop_ibuf_I_O)         0.438     0.438 r  clk100_IBUF_inst/O
                         net (fo=1, routed)           0.699     1.136    clk100_IBUF
    BUFGCTRL_X0Y16       BUFG (Prop_bufg_I_O)         0.029     1.165 r  clk100_IBUF_BUFG_inst/O
                         net (fo=1, routed)           1.077     2.243    clk100_IBUF_BUFG
    SLICE_X48Y32         LUT1 (Prop_lut1_I0_O)        0.056     2.299 r  clk100_inst/O
                         net (fo=9, routed)           1.074     3.373    soc_crg_clkin
    SLICE_X71Y88         FDCE                                         r  FDCE_4/C
                         clock pessimism             -0.727     2.646    
    SLICE_X71Y88         FDCE (Hold_fdce_C_D)         0.061     2.707    FDCE_4
  -------------------------------------------------------------------
                         required time                         -2.707    
                         arrival time                           2.945    
  -------------------------------------------------------------------
                         slack                                  0.238    

Slack (MET) :             0.271ns  (arrival time - required time)
  Source:                 FDCE_6/C
                            (rising edge-triggered cell FDCE clocked by clk100  {rise@0.000ns fall@5.000ns period=10.000ns})
  Destination:            FDCE_7/D
                            (rising edge-triggered cell FDCE clocked by clk100  {rise@0.000ns fall@5.000ns period=10.000ns})
  Path Group:             clk100
  Path Type:              Hold (Min at Fast Process Corner)
  Requirement:            0.000ns  (clk100 rise@0.000ns - clk100 rise@0.000ns)
  Data Path Delay:        0.334ns  (logic 0.164ns (49.062%)  route 0.170ns (50.938%))
  Logic Levels:           0  
  Clock Path Skew:        0.000ns (DCD - SCD - CPR)
    Destination Clock Delay (DCD):    3.379ns
    Source Clock Delay      (SCD):    2.650ns
    Clock Pessimism Removal (CPR):    0.729ns

    Location             Delay type                Incr(ns)  Path(ns)    Netlist Resource(s)
  -------------------------------------------------------------------    -------------------
                         (clock clk100 rise edge)     0.000     0.000 r  
    E3                                                0.000     0.000 r  clk100 (IN)
                         net (fo=0)                   0.000     0.000    clk100
    E3                   IBUF (Prop_ibuf_I_O)         0.250     0.250 r  clk100_IBUF_inst/O
                         net (fo=1, routed)           0.644     0.894    clk100_IBUF
    BUFGCTRL_X0Y16       BUFG (Prop_bufg_I_O)         0.026     0.920 r  clk100_IBUF_BUFG_inst/O
                         net (fo=1, routed)           0.775     1.695    clk100_IBUF_BUFG
    SLICE_X48Y32         LUT1 (Prop_lut1_I0_O)        0.045     1.740 r  clk100_inst/O
                         net (fo=9, routed)           0.910     2.650    soc_crg_clkin
    SLICE_X62Y89         FDCE                                         r  FDCE_6/C
  -------------------------------------------------------------------    -------------------
    SLICE_X62Y89         FDCE (Prop_fdce_C_Q)         0.164     2.814 r  FDCE_6/Q
                         net (fo=1, routed)           0.170     2.984    soc_builder_basesoc_reset6
    SLICE_X62Y89         FDCE                                         r  FDCE_7/D
  -------------------------------------------------------------------    -------------------

                         (clock clk100 rise edge)     0.000     0.000 r  
    E3                                                0.000     0.000 r  clk100 (IN)
                         net (fo=0)                   0.000     0.000    clk100
    E3                   IBUF (Prop_ibuf_I_O)         0.438     0.438 r  clk100_IBUF_inst/O
                         net (fo=1, routed)           0.699     1.136    clk100_IBUF
    BUFGCTRL_X0Y16       BUFG (Prop_bufg_I_O)         0.029     1.165 r  clk100_IBUF_BUFG_inst/O
                         net (fo=1, routed)           1.077     2.243    clk100_IBUF_BUFG
    SLICE_X48Y32         LUT1 (Prop_lut1_I0_O)        0.056     2.299 r  clk100_inst/O
                         net (fo=9, routed)           1.080     3.379    soc_crg_clkin
    SLICE_X62Y89         FDCE                                         r  FDCE_7/C
                         clock pessimism             -0.729     2.650    
    SLICE_X62Y89         FDCE (Hold_fdce_C_D)         0.063     2.713    FDCE_7
  -------------------------------------------------------------------
                         required time                         -2.713    
                         arrival time                           2.984    
  -------------------------------------------------------------------
                         slack                                  0.271    

Slack (MET) :             0.288ns  (arrival time - required time)
  Source:                 FDCE_5/C
                            (rising edge-triggered cell FDCE clocked by clk100  {rise@0.000ns fall@5.000ns period=10.000ns})
  Destination:            FDCE_6/D
                            (rising edge-triggered cell FDCE clocked by clk100  {rise@0.000ns fall@5.000ns period=10.000ns})
  Path Group:             clk100
  Path Type:              Hold (Min at Fast Process Corner)
  Requirement:            0.000ns  (clk100 rise@0.000ns - clk100 rise@0.000ns)
  Data Path Delay:        0.340ns  (logic 0.164ns (48.174%)  route 0.176ns (51.826%))
  Logic Levels:           0  
  Clock Path Skew:        0.000ns (DCD - SCD - CPR)
    Destination Clock Delay (DCD):    3.379ns
    Source Clock Delay      (SCD):    2.650ns
    Clock Pessimism Removal (CPR):    0.729ns

    Location             Delay type                Incr(ns)  Path(ns)    Netlist Resource(s)
  -------------------------------------------------------------------    -------------------
                         (clock clk100 rise edge)     0.000     0.000 r  
    E3                                                0.000     0.000 r  clk100 (IN)
                         net (fo=0)                   0.000     0.000    clk100
    E3                   IBUF (Prop_ibuf_I_O)         0.250     0.250 r  clk100_IBUF_inst/O
                         net (fo=1, routed)           0.644     0.894    clk100_IBUF
    BUFGCTRL_X0Y16       BUFG (Prop_bufg_I_O)         0.026     0.920 r  clk100_IBUF_BUFG_inst/O
                         net (fo=1, routed)           0.775     1.695    clk100_IBUF_BUFG
    SLICE_X48Y32         LUT1 (Prop_lut1_I0_O)        0.045     1.740 r  clk100_inst/O
                         net (fo=9, routed)           0.910     2.650    soc_crg_clkin
    SLICE_X62Y89         FDCE                                         r  FDCE_5/C
  -------------------------------------------------------------------    -------------------
    SLICE_X62Y89         FDCE (Prop_fdce_C_Q)         0.164     2.814 r  FDCE_5/Q
                         net (fo=1, routed)           0.176     2.990    soc_builder_basesoc_reset5
    SLICE_X62Y89         FDCE                                         r  FDCE_6/D
  -------------------------------------------------------------------    -------------------

                         (clock clk100 rise edge)     0.000     0.000 r  
    E3                                                0.000     0.000 r  clk100 (IN)
                         net (fo=0)                   0.000     0.000    clk100
    E3                   IBUF (Prop_ibuf_I_O)         0.438     0.438 r  clk100_IBUF_inst/O
                         net (fo=1, routed)           0.699     1.136    clk100_IBUF
    BUFGCTRL_X0Y16       BUFG (Prop_bufg_I_O)         0.029     1.165 r  clk100_IBUF_BUFG_inst/O
                         net (fo=1, routed)           1.077     2.243    clk100_IBUF_BUFG
    SLICE_X48Y32         LUT1 (Prop_lut1_I0_O)        0.056     2.299 r  clk100_inst/O
                         net (fo=9, routed)           1.080     3.379    soc_crg_clkin
    SLICE_X62Y89         FDCE                                         r  FDCE_6/C
                         clock pessimism             -0.729     2.650    
    SLICE_X62Y89         FDCE (Hold_fdce_C_D)         0.052     2.702    FDCE_6
  -------------------------------------------------------------------
                         required time                         -2.702    
                         arrival time                           2.990    
  -------------------------------------------------------------------
                         slack                                  0.288    

Slack (MET) :             0.385ns  (arrival time - required time)
  Source:                 FDCE/C
                            (rising edge-triggered cell FDCE clocked by clk100  {rise@0.000ns fall@5.000ns period=10.000ns})
  Destination:            FDCE_1/D
                            (rising edge-triggered cell FDCE clocked by clk100  {rise@0.000ns fall@5.000ns period=10.000ns})
  Path Group:             clk100
  Path Type:              Hold (Min at Fast Process Corner)
  Requirement:            0.000ns  (clk100 rise@0.000ns - clk100 rise@0.000ns)
  Data Path Delay:        0.555ns  (logic 0.141ns (25.417%)  route 0.414ns (74.583%))
  Logic Levels:           0  
  Clock Path Skew:        0.109ns (DCD - SCD - CPR)
    Destination Clock Delay (DCD):    3.423ns
    Source Clock Delay      (SCD):    2.662ns
    Clock Pessimism Removal (CPR):    0.652ns

    Location             Delay type                Incr(ns)  Path(ns)    Netlist Resource(s)
  -------------------------------------------------------------------    -------------------
                         (clock clk100 rise edge)     0.000     0.000 r  
    E3                                                0.000     0.000 r  clk100 (IN)
                         net (fo=0)                   0.000     0.000    clk100
    E3                   IBUF (Prop_ibuf_I_O)         0.250     0.250 r  clk100_IBUF_inst/O
                         net (fo=1, routed)           0.644     0.894    clk100_IBUF
    BUFGCTRL_X0Y16       BUFG (Prop_bufg_I_O)         0.026     0.920 r  clk100_IBUF_BUFG_inst/O
                         net (fo=1, routed)           0.775     1.695    clk100_IBUF_BUFG
    SLICE_X48Y32         LUT1 (Prop_lut1_I0_O)        0.045     1.740 r  clk100_inst/O
                         net (fo=9, routed)           0.922     2.662    soc_crg_clkin
    SLICE_X69Y83         FDCE                                         r  FDCE/C
  -------------------------------------------------------------------    -------------------
    SLICE_X69Y83         FDCE (Prop_fdce_C_Q)         0.141     2.803 r  FDCE/Q
                         net (fo=1, routed)           0.414     3.217    soc_builder_basesoc_reset0
    SLICE_X69Y90         FDCE                                         r  FDCE_1/D
  -------------------------------------------------------------------    -------------------

                         (clock clk100 rise edge)     0.000     0.000 r  
    E3                                                0.000     0.000 r  clk100 (IN)
                         net (fo=0)                   0.000     0.000    clk100
    E3                   IBUF (Prop_ibuf_I_O)         0.438     0.438 r  clk100_IBUF_inst/O
                         net (fo=1, routed)           0.699     1.136    clk100_IBUF
    BUFGCTRL_X0Y16       BUFG (Prop_bufg_I_O)         0.029     1.165 r  clk100_IBUF_BUFG_inst/O
                         net (fo=1, routed)           1.077     2.243    clk100_IBUF_BUFG
    SLICE_X48Y32         LUT1 (Prop_lut1_I0_O)        0.056     2.299 r  clk100_inst/O
                         net (fo=9, routed)           1.124     3.423    soc_crg_clkin
    SLICE_X69Y90         FDCE                                         r  FDCE_1/C
                         clock pessimism             -0.652     2.771    
    SLICE_X69Y90         FDCE (Hold_fdce_C_D)         0.061     2.832    FDCE_1
  -------------------------------------------------------------------
                         required time                         -2.832    
                         arrival time                           3.217    
  -------------------------------------------------------------------
                         slack                                  0.385    

Slack (MET) :             0.426ns  (arrival time - required time)
  Source:                 FDCE_2/C
                            (rising edge-triggered cell FDCE clocked by clk100  {rise@0.000ns fall@5.000ns period=10.000ns})
  Destination:            FDCE_3/D
                            (rising edge-triggered cell FDCE clocked by clk100  {rise@0.000ns fall@5.000ns period=10.000ns})
  Path Group:             clk100
  Path Type:              Hold (Min at Fast Process Corner)
  Requirement:            0.000ns  (clk100 rise@0.000ns - clk100 rise@0.000ns)
  Data Path Delay:        0.467ns  (logic 0.141ns (30.175%)  route 0.326ns (69.825%))
  Logic Levels:           0  
  Clock Path Skew:        -0.020ns (DCD - SCD - CPR)
    Destination Clock Delay (DCD):    3.373ns
    Source Clock Delay      (SCD):    2.689ns
    Clock Pessimism Removal (CPR):    0.704ns

    Location             Delay type                Incr(ns)  Path(ns)    Netlist Resource(s)
  -------------------------------------------------------------------    -------------------
                         (clock clk100 rise edge)     0.000     0.000 r  
    E3                                                0.000     0.000 r  clk100 (IN)
                         net (fo=0)                   0.000     0.000    clk100
    E3                   IBUF (Prop_ibuf_I_O)         0.250     0.250 r  clk100_IBUF_inst/O
                         net (fo=1, routed)           0.644     0.894    clk100_IBUF
    BUFGCTRL_X0Y16       BUFG (Prop_bufg_I_O)         0.026     0.920 r  clk100_IBUF_BUFG_inst/O
                         net (fo=1, routed)           0.775     1.695    clk100_IBUF_BUFG
    SLICE_X48Y32         LUT1 (Prop_lut1_I0_O)        0.045     1.740 r  clk100_inst/O
                         net (fo=9, routed)           0.949     2.689    soc_crg_clkin
    SLICE_X69Y90         FDCE                                         r  FDCE_2/C
  -------------------------------------------------------------------    -------------------
    SLICE_X69Y90         FDCE (Prop_fdce_C_Q)         0.141     2.830 r  FDCE_2/Q
                         net (fo=1, routed)           0.326     3.156    soc_builder_basesoc_reset2
    SLICE_X71Y88         FDCE                                         r  FDCE_3/D
  -------------------------------------------------------------------    -------------------

                         (clock clk100 rise edge)     0.000     0.000 r  
    E3                                                0.000     0.000 r  clk100 (IN)
                         net (fo=0)                   0.000     0.000    clk100
    E3                   IBUF (Prop_ibuf_I_O)         0.438     0.438 r  clk100_IBUF_inst/O
                         net (fo=1, routed)           0.699     1.136    clk100_IBUF
    BUFGCTRL_X0Y16       BUFG (Prop_bufg_I_O)         0.029     1.165 r  clk100_IBUF_BUFG_inst/O
                         net (fo=1, routed)           1.077     2.243    clk100_IBUF_BUFG
    SLICE_X48Y32         LUT1 (Prop_lut1_I0_O)        0.056     2.299 r  clk100_inst/O
                         net (fo=9, routed)           1.074     3.373    soc_crg_clkin
    SLICE_X71Y88         FDCE                                         r  FDCE_3/C
                         clock pessimism             -0.704     2.669    
    SLICE_X71Y88         FDCE (Hold_fdce_C_D)         0.061     2.730    FDCE_3
  -------------------------------------------------------------------
                         required time                         -2.730    
                         arrival time                           3.156    
  -------------------------------------------------------------------
                         slack                                  0.426    





Pulse Width Checks
--------------------------------------------------------------------------------------
Clock Name:         clk100
Waveform(ns):       { 0.000 5.000 }
Period(ns):         10.000
Sources:            { clk100 }

Check Type        Corner  Lib Pin            Reference Pin  Required(ns)  Actual(ns)  Slack(ns)  Location         Pin
Min Period        n/a     BUFG/I             n/a            2.155         10.000      7.845      BUFGCTRL_X0Y16   clk100_IBUF_BUFG_inst/I
Min Period        n/a     MMCME2_ADV/CLKIN1  n/a            1.249         10.000      8.751      MMCME2_ADV_X0Y0  MMCME2_ADV/CLKIN1
Min Period        n/a     FDCE/C             n/a            1.000         10.000      9.000      SLICE_X69Y83     FDCE/C
Min Period        n/a     FDCE/C             n/a            1.000         10.000      9.000      SLICE_X69Y90     FDCE_1/C
Min Period        n/a     FDCE/C             n/a            1.000         10.000      9.000      SLICE_X69Y90     FDCE_2/C
Min Period        n/a     FDCE/C             n/a            1.000         10.000      9.000      SLICE_X71Y88     FDCE_3/C
Min Period        n/a     FDCE/C             n/a            1.000         10.000      9.000      SLICE_X71Y88     FDCE_4/C
Min Period        n/a     FDCE/C             n/a            1.000         10.000      9.000      SLICE_X62Y89     FDCE_5/C
Min Period        n/a     FDCE/C             n/a            1.000         10.000      9.000      SLICE_X62Y89     FDCE_6/C
Min Period        n/a     FDCE/C             n/a            1.000         10.000      9.000      SLICE_X62Y89     FDCE_7/C
Max Period        n/a     MMCME2_ADV/CLKIN1  n/a            100.000       10.000      90.000     MMCME2_ADV_X0Y0  MMCME2_ADV/CLKIN1
Low Pulse Width   Slow    MMCME2_ADV/CLKIN1  n/a            2.000         5.000       3.000      MMCME2_ADV_X0Y0  MMCME2_ADV/CLKIN1
Low Pulse Width   Fast    MMCME2_ADV/CLKIN1  n/a            2.000         5.000       3.000      MMCME2_ADV_X0Y0  MMCME2_ADV/CLKIN1
Low Pulse Width   Slow    FDCE/C             n/a            0.500         5.000       4.500      SLICE_X69Y83     FDCE/C
Low Pulse Width   Fast    FDCE/C             n/a            0.500         5.000       4.500      SLICE_X69Y83     FDCE/C
Low Pulse Width   Slow    FDCE/C             n/a            0.500         5.000       4.500      SLICE_X69Y90     FDCE_1/C
Low Pulse Width   Fast    FDCE/C             n/a            0.500         5.000       4.500      SLICE_X69Y90     FDCE_1/C
Low Pulse Width   Slow    FDCE/C             n/a            0.500         5.000       4.500      SLICE_X69Y90     FDCE_2/C
Low Pulse Width   Fast    FDCE/C             n/a            0.500         5.000       4.500      SLICE_X69Y90     FDCE_2/C
Low Pulse Width   Slow    FDCE/C             n/a            0.500         5.000       4.500      SLICE_X71Y88     FDCE_3/C
Low Pulse Width   Fast    FDCE/C             n/a            0.500         5.000       4.500      SLICE_X71Y88     FDCE_3/C
High Pulse Width  Slow    MMCME2_ADV/CLKIN1  n/a            2.000         5.000       3.000      MMCME2_ADV_X0Y0  MMCME2_ADV/CLKIN1
High Pulse Width  Fast    MMCME2_ADV/CLKIN1  n/a            2.000         5.000       3.000      MMCME2_ADV_X0Y0  MMCME2_ADV/CLKIN1
High Pulse Width  Slow    FDCE/C             n/a            0.500         5.000       4.500      SLICE_X69Y83     FDCE/C
High Pulse Width  Fast    FDCE/C             n/a            0.500         5.000       4.500      SLICE_X69Y83     FDCE/C
High Pulse Width  Slow    FDCE/C             n/a            0.500         5.000       4.500      SLICE_X69Y90     FDCE_1/C
High Pulse Width  Fast    FDCE/C             n/a            0.500         5.000       4.500      SLICE_X69Y90     FDCE_1/C
High Pulse Width  Slow    FDCE/C             n/a            0.500         5.000       4.500      SLICE_X69Y90     FDCE_2/C
High Pulse Width  Fast    FDCE/C             n/a            0.500         5.000       4.500      SLICE_X69Y90     FDCE_2/C
High Pulse Width  Slow    FDCE/C             n/a            0.500         5.000       4.500      SLICE_X71Y88     FDCE_3/C
High Pulse Width  Fast    FDCE/C             n/a            0.500         5.000       4.500      SLICE_X71Y88     FDCE_3/C



---------------------------------------------------------------------------------------------------
From Clock:  soc_builder_basesoc_mmcm_fb
  To Clock:  soc_builder_basesoc_mmcm_fb

Setup :           NA  Failing Endpoints,  Worst Slack           NA  ,  Total Violation           NA
Hold  :           NA  Failing Endpoints,  Worst Slack           NA  ,  Total Violation           NA
PW    :            0  Failing Endpoints,  Worst Slack        8.751ns,  Total Violation        0.000ns
---------------------------------------------------------------------------------------------------


Pulse Width Checks
--------------------------------------------------------------------------------------
Clock Name:         soc_builder_basesoc_mmcm_fb
Waveform(ns):       { 0.000 5.000 }
Period(ns):         10.000
Sources:            { MMCME2_ADV/CLKFBOUT }

Check Type  Corner  Lib Pin              Reference Pin  Required(ns)  Actual(ns)  Slack(ns)  Location         Pin
Min Period  n/a     MMCME2_ADV/CLKFBOUT  n/a            1.249         10.000      8.751      MMCME2_ADV_X0Y0  MMCME2_ADV/CLKFBOUT
Min Period  n/a     MMCME2_ADV/CLKFBIN   n/a            1.249         10.000      8.751      MMCME2_ADV_X0Y0  MMCME2_ADV/CLKFBIN
Max Period  n/a     MMCME2_ADV/CLKFBIN   n/a            100.000       10.000      90.000     MMCME2_ADV_X0Y0  MMCME2_ADV/CLKFBIN
Max Period  n/a     MMCME2_ADV/CLKFBOUT  n/a            213.360       10.000      203.360    MMCME2_ADV_X0Y0  MMCME2_ADV/CLKFBOUT



---------------------------------------------------------------------------------------------------
From Clock:  soc_crg_clkout0
  To Clock:  soc_crg_clkout0

Setup :            8  Failing Endpoints,  Worst Slack       -1.719ns,  Total Violation       -8.411ns
Hold  :            0  Failing Endpoints,  Worst Slack        0.024ns,  Total Violation        0.000ns
PW    :            0  Failing Endpoints,  Worst Slack        5.417ns,  Total Violation        0.000ns
---------------------------------------------------------------------------------------------------


Max Delay Paths
--------------------------------------------------------------------------------------
Slack (VIOLATED) :        -1.719ns  (required time - arrival time)
  Source:                 VexRiscv/decode_to_execute_RS1_reg[1]/C
                            (rising edge-triggered cell FDRE clocked by soc_crg_clkout0  {rise@0.000ns fall@6.667ns period=13.333ns})
  Destination:            Cfu/rsp_payload_outputs_0_reg[5]/D
                            (rising edge-triggered cell FDRE clocked by soc_crg_clkout0  {rise@0.000ns fall@6.667ns period=13.333ns})
  Path Group:             soc_crg_clkout0
  Path Type:              Setup (Max at Slow Process Corner)
  Requirement:            13.333ns  (soc_crg_clkout0 rise@13.333ns - soc_crg_clkout0 rise@0.000ns)
  Data Path Delay:        14.977ns  (logic 9.429ns (62.956%)  route 5.548ns (37.044%))
  Logic Levels:           16  (CARRY4=9 DSP48E1=2 LUT2=1 LUT5=1 LUT6=2 MUXF7=1)
  Clock Path Skew:        -0.034ns (DCD - SCD + CPR)
    Destination Clock Delay (DCD):    10.979ns = ( 24.312 - 13.333 ) 
    Source Clock Delay      (SCD):    11.898ns
    Clock Pessimism Removal (CPR):    0.885ns
  Clock Uncertainty:      0.070ns  ((TSJ^2 + DJ^2)^1/2) / 2 + PE
    Total System Jitter     (TSJ):    0.071ns
    Discrete Jitter          (DJ):    0.121ns
    Phase Error              (PE):    0.000ns

    Location             Delay type                Incr(ns)  Path(ns)    Netlist Resource(s)
  -------------------------------------------------------------------    -------------------
                         (clock soc_crg_clkout0 rise edge)
                                                      0.000     0.000 r  
    E3                                                0.000     0.000 r  clk100 (IN)
                         net (fo=0)                   0.000     0.000    clk100
    E3                   IBUF (Prop_ibuf_I_O)         1.482     1.482 r  clk100_IBUF_inst/O
                         net (fo=1, routed)           2.025     3.506    clk100_IBUF
    BUFGCTRL_X0Y16       BUFG (Prop_bufg_I_O)         0.096     3.602 r  clk100_IBUF_BUFG_inst/O
                         net (fo=1, routed)           2.239     5.842    clk100_IBUF_BUFG
    SLICE_X48Y32         LUT1 (Prop_lut1_I0_O)        0.124     5.966 r  clk100_inst/O
                         net (fo=9, routed)           1.941     7.906    soc_crg_clkin
    MMCME2_ADV_X0Y0      MMCME2_ADV (Prop_mmcme2_adv_CLKIN1_CLKOUT0)
                                                      0.088     7.994 r  MMCME2_ADV/CLKOUT0
                         net (fo=1, routed)           2.018    10.013    soc_crg_clkout0
    BUFGCTRL_X0Y0        BUFG (Prop_bufg_I_O)         0.096    10.109 r  BUFG/O
                         net (fo=4280, routed)        1.789    11.898    VexRiscv/stageB_flusher_counter_reg[0]
    SLICE_X57Y33         FDRE                                         r  VexRiscv/decode_to_execute_RS1_reg[1]/C
  -------------------------------------------------------------------    -------------------
    SLICE_X57Y33         FDRE (Prop_fdre_C_Q)         0.456    12.354 r  VexRiscv/decode_to_execute_RS1_reg[1]/Q
                         net (fo=21, routed)          1.392    13.746    VexRiscv/execute_RS1[1]
    SLICE_X57Y9          CARRY4 (Prop_carry4_DI[1]_CO[3])
                                                      0.507    14.253 r  VexRiscv/result2__13_i_4/CO[3]
                         net (fo=1, routed)           0.000    14.253    VexRiscv/result2__13_i_4_n_0
    SLICE_X57Y10         CARRY4 (Prop_carry4_CI_CO[3])
                                                      0.114    14.367 r  VexRiscv/result2__13_i_3/CO[3]
                         net (fo=1, routed)           0.000    14.367    VexRiscv/result2__13_i_3_n_0
    SLICE_X57Y11         CARRY4 (Prop_carry4_CI_CO[3])
                                                      0.114    14.481 r  VexRiscv/result2__13_i_2/CO[3]
                         net (fo=1, routed)           0.000    14.481    VexRiscv/result2__13_i_2_n_0
    SLICE_X57Y12         CARRY4 (Prop_carry4_CI_CO[3])
                                                      0.114    14.595 r  VexRiscv/result2__13_i_1/CO[3]
                         net (fo=1, routed)           0.000    14.595    VexRiscv/result2__13_i_1_n_0
    SLICE_X57Y13         CARRY4 (Prop_carry4_CI_O[0])
                                                      0.222    14.817 r  VexRiscv/result2__12_i_3/O[0]
                         net (fo=2, routed)           0.881    15.698    Cfu/exponential_softmax/result2__14_2[15]
    DSP48_X1Y0           DSP48E1 (Prop_dsp48e1_A[16]_PCOUT[47])
                                                      4.211    19.909 r  Cfu/exponential_softmax/result2__13/PCOUT[47]
                         net (fo=1, routed)           0.002    19.911    Cfu/exponential_softmax/result2__13_n_106
    DSP48_X1Y1           DSP48E1 (Prop_dsp48e1_PCIN[47]_P[0])
                                                      1.518    21.429 r  Cfu/exponential_softmax/result2__14/P[0]
                         net (fo=2, routed)           0.826    22.256    Cfu/exponential_softmax/result2__14_n_105
    SLICE_X58Y4          LUT2 (Prop_lut2_I0_O)        0.124    22.380 r  Cfu/exponential_softmax/i__carry_i_3/O
                         net (fo=1, routed)           0.000    22.380    Cfu/exponential_softmax/i__carry_i_3_n_0
    SLICE_X58Y4          CARRY4 (Prop_carry4_S[1]_CO[3])
                                                      0.533    22.913 r  Cfu/exponential_softmax/result2_inferred__0/i__carry/CO[3]
                         net (fo=1, routed)           0.000    22.913    Cfu/exponential_softmax/result2_inferred__0/i__carry_n_0
    SLICE_X58Y5          CARRY4 (Prop_carry4_CI_CO[3])
                                                      0.117    23.030 r  Cfu/exponential_softmax/result2_inferred__0/i__carry__0/CO[3]
                         net (fo=1, routed)           0.000    23.030    Cfu/exponential_softmax/result2_inferred__0/i__carry__0_n_0
    SLICE_X58Y6          CARRY4 (Prop_carry4_CI_CO[3])
                                                      0.117    23.147 r  Cfu/exponential_softmax/result2_inferred__0/i__carry__1/CO[3]
                         net (fo=1, routed)           0.000    23.147    Cfu/exponential_softmax/result2_inferred__0/i__carry__1_n_0
    SLICE_X58Y7          CARRY4 (Prop_carry4_CI_O[3])
                                                      0.315    23.462 r  Cfu/exponential_softmax/result2_inferred__0/i__carry__2/O[3]
                         net (fo=2, routed)           1.209    24.671    Cfu/exponential_softmax/result2_inferred__0/i__carry__2_n_4
    SLICE_X59Y20         LUT5 (Prop_lut5_I0_O)        0.307    24.978 f  Cfu/exponential_softmax/rsp_payload_outputs_0[5]_i_14/O
                         net (fo=1, routed)           0.973    25.951    Cfu/exponential_softmax/rsp_payload_outputs_0[5]_i_14_n_0
    SLICE_X65Y33         LUT6 (Prop_lut6_I5_O)        0.124    26.075 r  Cfu/exponential_softmax/rsp_payload_outputs_0[5]_i_6/O
                         net (fo=1, routed)           0.000    26.075    Cfu/exponential_softmax/rsp_payload_outputs_0[5]_i_6_n_0
    SLICE_X65Y33         MUXF7 (Prop_muxf7_I0_O)      0.238    26.313 r  Cfu/exponential_softmax/rsp_payload_outputs_0_reg[5]_i_2/O
                         net (fo=1, routed)           0.264    26.577    VexRiscv/rsp_payload_outputs_0_reg[5]
    SLICE_X65Y33         LUT6 (Prop_lut6_I2_O)        0.298    26.875 r  VexRiscv/rsp_payload_outputs_0[5]_i_1/O
                         net (fo=1, routed)           0.000    26.875    Cfu/D[5]
    SLICE_X65Y33         FDRE                                         r  Cfu/rsp_payload_outputs_0_reg[5]/D
  -------------------------------------------------------------------    -------------------

                         (clock soc_crg_clkout0 rise edge)
                                                     13.333    13.333 r  
    E3                                                0.000    13.333 r  clk100 (IN)
                         net (fo=0)                   0.000    13.333    clk100
    E3                   IBUF (Prop_ibuf_I_O)         1.411    14.745 r  clk100_IBUF_inst/O
                         net (fo=1, routed)           1.920    16.665    clk100_IBUF
    BUFGCTRL_X0Y16       BUFG (Prop_bufg_I_O)         0.091    16.756 r  clk100_IBUF_BUFG_inst/O
                         net (fo=1, routed)           2.025    18.780    clk100_IBUF_BUFG
    SLICE_X48Y32         LUT1 (Prop_lut1_I0_O)        0.100    18.880 r  clk100_inst/O
                         net (fo=9, routed)           1.668    20.548    soc_crg_clkin
    MMCME2_ADV_X0Y0      MMCME2_ADV (Prop_mmcme2_adv_CLKIN1_CLKOUT0)
                                                      0.083    20.631 r  MMCME2_ADV/CLKOUT0
                         net (fo=1, routed)           1.923    22.554    soc_crg_clkout0
    BUFGCTRL_X0Y0        BUFG (Prop_bufg_I_O)         0.091    22.645 r  BUFG/O
                         net (fo=4280, routed)        1.667    24.312    Cfu/out
    SLICE_X65Y33         FDRE                                         r  Cfu/rsp_payload_outputs_0_reg[5]/C
                         clock pessimism              0.885    25.197    
                         clock uncertainty           -0.070    25.127    
    SLICE_X65Y33         FDRE (Setup_fdre_C_D)        0.029    25.156    Cfu/rsp_payload_outputs_0_reg[5]
  -------------------------------------------------------------------
                         required time                         25.156    
                         arrival time                         -26.875    
  -------------------------------------------------------------------
                         slack                                 -1.719    

Slack (VIOLATED) :        -1.343ns  (required time - arrival time)
  Source:                 VexRiscv/decode_to_execute_RS1_reg[1]/C
                            (rising edge-triggered cell FDRE clocked by soc_crg_clkout0  {rise@0.000ns fall@6.667ns period=13.333ns})
  Destination:            Cfu/rsp_payload_outputs_0_reg[6]/D
                            (rising edge-triggered cell FDRE clocked by soc_crg_clkout0  {rise@0.000ns fall@6.667ns period=13.333ns})
  Path Group:             soc_crg_clkout0
  Path Type:              Setup (Max at Slow Process Corner)
  Requirement:            13.333ns  (soc_crg_clkout0 rise@13.333ns - soc_crg_clkout0 rise@0.000ns)
  Data Path Delay:        14.644ns  (logic 9.024ns (61.624%)  route 5.620ns (38.376%))
  Logic Levels:           15  (CARRY4=8 DSP48E1=2 LUT2=1 LUT4=1 LUT6=3)
  Clock Path Skew:        -0.040ns (DCD - SCD + CPR)
    Destination Clock Delay (DCD):    10.973ns = ( 24.306 - 13.333 ) 
    Source Clock Delay      (SCD):    11.898ns
    Clock Pessimism Removal (CPR):    0.885ns
  Clock Uncertainty:      0.070ns  ((TSJ^2 + DJ^2)^1/2) / 2 + PE
    Total System Jitter     (TSJ):    0.071ns
    Discrete Jitter          (DJ):    0.121ns
    Phase Error              (PE):    0.000ns

    Location             Delay type                Incr(ns)  Path(ns)    Netlist Resource(s)
  -------------------------------------------------------------------    -------------------
                         (clock soc_crg_clkout0 rise edge)
                                                      0.000     0.000 r  
    E3                                                0.000     0.000 r  clk100 (IN)
                         net (fo=0)                   0.000     0.000    clk100
    E3                   IBUF (Prop_ibuf_I_O)         1.482     1.482 r  clk100_IBUF_inst/O
                         net (fo=1, routed)           2.025     3.506    clk100_IBUF
    BUFGCTRL_X0Y16       BUFG (Prop_bufg_I_O)         0.096     3.602 r  clk100_IBUF_BUFG_inst/O
                         net (fo=1, routed)           2.239     5.842    clk100_IBUF_BUFG
    SLICE_X48Y32         LUT1 (Prop_lut1_I0_O)        0.124     5.966 r  clk100_inst/O
                         net (fo=9, routed)           1.941     7.906    soc_crg_clkin
    MMCME2_ADV_X0Y0      MMCME2_ADV (Prop_mmcme2_adv_CLKIN1_CLKOUT0)
                                                      0.088     7.994 r  MMCME2_ADV/CLKOUT0
                         net (fo=1, routed)           2.018    10.013    soc_crg_clkout0
    BUFGCTRL_X0Y0        BUFG (Prop_bufg_I_O)         0.096    10.109 r  BUFG/O
                         net (fo=4280, routed)        1.789    11.898    VexRiscv/stageB_flusher_counter_reg[0]
    SLICE_X57Y33         FDRE                                         r  VexRiscv/decode_to_execute_RS1_reg[1]/C
  -------------------------------------------------------------------    -------------------
    SLICE_X57Y33         FDRE (Prop_fdre_C_Q)         0.456    12.354 r  VexRiscv/decode_to_execute_RS1_reg[1]/Q
                         net (fo=21, routed)          1.392    13.746    VexRiscv/execute_RS1[1]
    SLICE_X57Y9          CARRY4 (Prop_carry4_DI[1]_CO[3])
                                                      0.507    14.253 r  VexRiscv/result2__13_i_4/CO[3]
                         net (fo=1, routed)           0.000    14.253    VexRiscv/result2__13_i_4_n_0
    SLICE_X57Y10         CARRY4 (Prop_carry4_CI_CO[3])
                                                      0.114    14.367 r  VexRiscv/result2__13_i_3/CO[3]
                         net (fo=1, routed)           0.000    14.367    VexRiscv/result2__13_i_3_n_0
    SLICE_X57Y11         CARRY4 (Prop_carry4_CI_CO[3])
                                                      0.114    14.481 r  VexRiscv/result2__13_i_2/CO[3]
                         net (fo=1, routed)           0.000    14.481    VexRiscv/result2__13_i_2_n_0
    SLICE_X57Y12         CARRY4 (Prop_carry4_CI_CO[3])
                                                      0.114    14.595 r  VexRiscv/result2__13_i_1/CO[3]
                         net (fo=1, routed)           0.000    14.595    VexRiscv/result2__13_i_1_n_0
    SLICE_X57Y13         CARRY4 (Prop_carry4_CI_O[0])
                                                      0.222    14.817 r  VexRiscv/result2__12_i_3/O[0]
                         net (fo=2, routed)           0.881    15.698    Cfu/exponential_softmax/result2__14_2[15]
    DSP48_X1Y0           DSP48E1 (Prop_dsp48e1_A[16]_PCOUT[47])
                                                      4.211    19.909 r  Cfu/exponential_softmax/result2__13/PCOUT[47]
                         net (fo=1, routed)           0.002    19.911    Cfu/exponential_softmax/result2__13_n_106
    DSP48_X1Y1           DSP48E1 (Prop_dsp48e1_PCIN[47]_P[0])
                                                      1.518    21.429 r  Cfu/exponential_softmax/result2__14/P[0]
                         net (fo=2, routed)           0.826    22.256    Cfu/exponential_softmax/result2__14_n_105
    SLICE_X58Y4          LUT2 (Prop_lut2_I0_O)        0.124    22.380 r  Cfu/exponential_softmax/i__carry_i_3/O
                         net (fo=1, routed)           0.000    22.380    Cfu/exponential_softmax/i__carry_i_3_n_0
    SLICE_X58Y4          CARRY4 (Prop_carry4_S[1]_CO[3])
                                                      0.533    22.913 r  Cfu/exponential_softmax/result2_inferred__0/i__carry/CO[3]
                         net (fo=1, routed)           0.000    22.913    Cfu/exponential_softmax/result2_inferred__0/i__carry_n_0
    SLICE_X58Y5          CARRY4 (Prop_carry4_CI_CO[3])
                                                      0.117    23.030 r  Cfu/exponential_softmax/result2_inferred__0/i__carry__0/CO[3]
                         net (fo=1, routed)           0.000    23.030    Cfu/exponential_softmax/result2_inferred__0/i__carry__0_n_0
    SLICE_X58Y6          CARRY4 (Prop_carry4_CI_O[3])
                                                      0.315    23.345 r  Cfu/exponential_softmax/result2_inferred__0/i__carry__1/O[3]
                         net (fo=6, routed)           0.643    23.988    Cfu/exponential_softmax/result2__14_0[1]
    SLICE_X59Y7          LUT4 (Prop_lut4_I2_O)        0.307    24.295 r  Cfu/exponential_softmax/rsp_payload_outputs_0[6]_i_17/O
                         net (fo=1, routed)           1.298    25.593    Cfu/exponential_softmax/rsp_payload_outputs_0[6]_i_17_n_0
    SLICE_X60Y30         LUT6 (Prop_lut6_I4_O)        0.124    25.717 f  Cfu/exponential_softmax/rsp_payload_outputs_0[6]_i_8/O
                         net (fo=1, routed)           0.162    25.879    Cfu/exponential_softmax/rsp_payload_outputs_0[6]_i_8_n_0
    SLICE_X60Y30         LUT6 (Prop_lut6_I4_O)        0.124    26.003 r  Cfu/exponential_softmax/rsp_payload_outputs_0[6]_i_2/O
                         net (fo=1, routed)           0.415    26.418    Cfu/exponential_softmax/rsp_payload_outputs_0[6]_i_2_n_0
    SLICE_X60Y31         LUT6 (Prop_lut6_I0_O)        0.124    26.542 r  Cfu/exponential_softmax/rsp_payload_outputs_0[6]_i_1/O
                         net (fo=1, routed)           0.000    26.542    Cfu/p_0_in[6]
    SLICE_X60Y31         FDRE                                         r  Cfu/rsp_payload_outputs_0_reg[6]/D
  -------------------------------------------------------------------    -------------------

                         (clock soc_crg_clkout0 rise edge)
                                                     13.333    13.333 r  
    E3                                                0.000    13.333 r  clk100 (IN)
                         net (fo=0)                   0.000    13.333    clk100
    E3                   IBUF (Prop_ibuf_I_O)         1.411    14.745 r  clk100_IBUF_inst/O
                         net (fo=1, routed)           1.920    16.665    clk100_IBUF
    BUFGCTRL_X0Y16       BUFG (Prop_bufg_I_O)         0.091    16.756 r  clk100_IBUF_BUFG_inst/O
                         net (fo=1, routed)           2.025    18.780    clk100_IBUF_BUFG
    SLICE_X48Y32         LUT1 (Prop_lut1_I0_O)        0.100    18.880 r  clk100_inst/O
                         net (fo=9, routed)           1.668    20.548    soc_crg_clkin
    MMCME2_ADV_X0Y0      MMCME2_ADV (Prop_mmcme2_adv_CLKIN1_CLKOUT0)
                                                      0.083    20.631 r  MMCME2_ADV/CLKOUT0
                         net (fo=1, routed)           1.923    22.554    soc_crg_clkout0
    BUFGCTRL_X0Y0        BUFG (Prop_bufg_I_O)         0.091    22.645 r  BUFG/O
                         net (fo=4280, routed)        1.661    24.306    Cfu/out
    SLICE_X60Y31         FDRE                                         r  Cfu/rsp_payload_outputs_0_reg[6]/C
                         clock pessimism              0.885    25.191    
                         clock uncertainty           -0.070    25.121    
    SLICE_X60Y31         FDRE (Setup_fdre_C_D)        0.077    25.198    Cfu/rsp_payload_outputs_0_reg[6]
  -------------------------------------------------------------------
                         required time                         25.198    
                         arrival time                         -26.542    
  -------------------------------------------------------------------
                         slack                                 -1.343    

Slack (VIOLATED) :        -1.190ns  (required time - arrival time)
  Source:                 VexRiscv/decode_to_execute_RS1_reg[2]_replica/C
                            (rising edge-triggered cell FDRE clocked by soc_crg_clkout0  {rise@0.000ns fall@6.667ns period=13.333ns})
  Destination:            Cfu/rsp_payload_outputs_0_reg[4]/D
                            (rising edge-triggered cell FDRE clocked by soc_crg_clkout0  {rise@0.000ns fall@6.667ns period=13.333ns})
  Path Group:             soc_crg_clkout0
  Path Type:              Setup (Max at Slow Process Corner)
  Requirement:            13.333ns  (soc_crg_clkout0 rise@13.333ns - soc_crg_clkout0 rise@0.000ns)
  Data Path Delay:        14.437ns  (logic 9.299ns (64.410%)  route 5.138ns (35.590%))
  Logic Levels:           16  (CARRY4=8 DSP48E1=2 LUT1=1 LUT2=1 LUT6=4)
  Clock Path Skew:        -0.047ns (DCD - SCD + CPR)
    Destination Clock Delay (DCD):    10.972ns = ( 24.305 - 13.333 ) 
    Source Clock Delay      (SCD):    11.904ns
    Clock Pessimism Removal (CPR):    0.885ns
  Clock Uncertainty:      0.070ns  ((TSJ^2 + DJ^2)^1/2) / 2 + PE
    Total System Jitter     (TSJ):    0.071ns
    Discrete Jitter          (DJ):    0.121ns
    Phase Error              (PE):    0.000ns

    Location             Delay type                Incr(ns)  Path(ns)    Netlist Resource(s)
  -------------------------------------------------------------------    -------------------
                         (clock soc_crg_clkout0 rise edge)
                                                      0.000     0.000 r  
    E3                                                0.000     0.000 r  clk100 (IN)
                         net (fo=0)                   0.000     0.000    clk100
    E3                   IBUF (Prop_ibuf_I_O)         1.482     1.482 r  clk100_IBUF_inst/O
                         net (fo=1, routed)           2.025     3.506    clk100_IBUF
    BUFGCTRL_X0Y16       BUFG (Prop_bufg_I_O)         0.096     3.602 r  clk100_IBUF_BUFG_inst/O
                         net (fo=1, routed)           2.239     5.842    clk100_IBUF_BUFG
    SLICE_X48Y32         LUT1 (Prop_lut1_I0_O)        0.124     5.966 r  clk100_inst/O
                         net (fo=9, routed)           1.941     7.906    soc_crg_clkin
    MMCME2_ADV_X0Y0      MMCME2_ADV (Prop_mmcme2_adv_CLKIN1_CLKOUT0)
                                                      0.088     7.994 r  MMCME2_ADV/CLKOUT0
                         net (fo=1, routed)           2.018    10.013    soc_crg_clkout0
    BUFGCTRL_X0Y0        BUFG (Prop_bufg_I_O)         0.096    10.109 r  BUFG/O
                         net (fo=4280, routed)        1.795    11.904    VexRiscv/stageB_flusher_counter_reg[0]
    SLICE_X57Y39         FDRE                                         r  VexRiscv/decode_to_execute_RS1_reg[2]_replica/C
  -------------------------------------------------------------------    -------------------
    SLICE_X57Y39         FDRE (Prop_fdre_C_Q)         0.456    12.360 f  VexRiscv/decode_to_execute_RS1_reg[2]_replica/Q
                         net (fo=24, routed)          0.652    13.012    VexRiscv/execute_RS1[2]_repN
    SLICE_X57Y40         LUT1 (Prop_lut1_I0_O)        0.124    13.136 r  VexRiscv/result2__19_i_12/O
                         net (fo=1, routed)           0.000    13.136    VexRiscv/result2__19_i_12_n_0
    SLICE_X57Y40         CARRY4 (Prop_carry4_S[1]_CO[3])
                                                      0.550    13.686 r  VexRiscv/result2__19_i_4/CO[3]
                         net (fo=1, routed)           0.000    13.686    VexRiscv/result2__19_i_4_n_0
    SLICE_X57Y41         CARRY4 (Prop_carry4_CI_CO[3])
                                                      0.114    13.800 r  VexRiscv/result2__19_i_3/CO[3]
                         net (fo=1, routed)           0.000    13.800    VexRiscv/result2__19_i_3_n_0
    SLICE_X57Y42         CARRY4 (Prop_carry4_CI_CO[3])
                                                      0.114    13.914 r  VexRiscv/result2__19_i_2/CO[3]
                         net (fo=1, routed)           0.000    13.914    VexRiscv/result2__19_i_2_n_0
    SLICE_X57Y43         CARRY4 (Prop_carry4_CI_O[3])
                                                      0.313    14.227 r  VexRiscv/result2__19_i_1/O[3]
                         net (fo=2, routed)           0.931    15.158    Cfu/exponential_softmax/result2__20_3[15]
    DSP48_X1Y21          DSP48E1 (Prop_dsp48e1_A[16]_PCOUT[47])
                                                      4.218    19.376 r  Cfu/exponential_softmax/result2__19/PCOUT[47]
                         net (fo=1, routed)           0.002    19.378    Cfu/exponential_softmax/result2__19_n_106
    DSP48_X1Y22          DSP48E1 (Prop_dsp48e1_PCIN[47]_P[0])
                                                      1.518    20.896 r  Cfu/exponential_softmax/result2__20/P[0]
                         net (fo=2, routed)           1.011    21.907    Cfu/exponential_softmax/result2__20_n_105
    SLICE_X58Y46         LUT2 (Prop_lut2_I0_O)        0.124    22.031 r  Cfu/exponential_softmax/i__carry_i_3__1/O
                         net (fo=1, routed)           0.000    22.031    Cfu/exponential_softmax/i__carry_i_3__1_n_0
    SLICE_X58Y46         CARRY4 (Prop_carry4_S[1]_CO[3])
                                                      0.533    22.564 r  Cfu/exponential_softmax/result2_inferred__2/i__carry/CO[3]
                         net (fo=1, routed)           0.000    22.564    Cfu/exponential_softmax/result2_inferred__2/i__carry_n_0
    SLICE_X58Y47         CARRY4 (Prop_carry4_CI_CO[3])
                                                      0.117    22.681 r  Cfu/exponential_softmax/result2_inferred__2/i__carry__0/CO[3]
                         net (fo=1, routed)           0.000    22.681    Cfu/exponential_softmax/result2_inferred__2/i__carry__0_n_0
    SLICE_X58Y48         CARRY4 (Prop_carry4_CI_CO[3])
                                                      0.117    22.798 r  Cfu/exponential_softmax/result2_inferred__2/i__carry__1/CO[3]
                         net (fo=1, routed)           0.000    22.798    Cfu/exponential_softmax/result2_inferred__2/i__carry__1_n_0
    SLICE_X58Y49         CARRY4 (Prop_carry4_CI_O[1])
                                                      0.323    23.121 r  Cfu/exponential_softmax/result2_inferred__2/i__carry__2/O[1]
                         net (fo=4, routed)           0.791    23.912    Cfu/exponential_softmax/result2_inferred__2/i__carry__2_n_6
    SLICE_X57Y48         LUT6 (Prop_lut6_I1_O)        0.306    24.218 f  Cfu/exponential_softmax/rsp_payload_outputs_0[4]_i_16/O
                         net (fo=1, routed)           1.262    25.480    Cfu/exponential_softmax/rsp_payload_outputs_0[4]_i_16_n_0
    SLICE_X60Y29         LUT6 (Prop_lut6_I0_O)        0.124    25.604 r  Cfu/exponential_softmax/rsp_payload_outputs_0[4]_i_7/O
                         net (fo=1, routed)           0.338    25.942    Cfu/exponential_softmax/rsp_payload_outputs_0[4]_i_7_n_0
    SLICE_X61Y29         LUT6 (Prop_lut6_I1_O)        0.124    26.066 r  Cfu/exponential_softmax/rsp_payload_outputs_0[4]_i_2/O
                         net (fo=1, routed)           0.151    26.217    VexRiscv/rsp_payload_outputs_0_reg[4]
    SLICE_X61Y29         LUT6 (Prop_lut6_I1_O)        0.124    26.341 r  VexRiscv/rsp_payload_outputs_0[4]_i_1/O
                         net (fo=1, routed)           0.000    26.341    Cfu/D[4]
    SLICE_X61Y29         FDRE                                         r  Cfu/rsp_payload_outputs_0_reg[4]/D
  -------------------------------------------------------------------    -------------------

                         (clock soc_crg_clkout0 rise edge)
                                                     13.333    13.333 r  
    E3                                                0.000    13.333 r  clk100 (IN)
                         net (fo=0)                   0.000    13.333    clk100
    E3                   IBUF (Prop_ibuf_I_O)         1.411    14.745 r  clk100_IBUF_inst/O
                         net (fo=1, routed)           1.920    16.665    clk100_IBUF
    BUFGCTRL_X0Y16       BUFG (Prop_bufg_I_O)         0.091    16.756 r  clk100_IBUF_BUFG_inst/O
                         net (fo=1, routed)           2.025    18.780    clk100_IBUF_BUFG
    SLICE_X48Y32         LUT1 (Prop_lut1_I0_O)        0.100    18.880 r  clk100_inst/O
                         net (fo=9, routed)           1.668    20.548    soc_crg_clkin
    MMCME2_ADV_X0Y0      MMCME2_ADV (Prop_mmcme2_adv_CLKIN1_CLKOUT0)
                                                      0.083    20.631 r  MMCME2_ADV/CLKOUT0
                         net (fo=1, routed)           1.923    22.554    soc_crg_clkout0
    BUFGCTRL_X0Y0        BUFG (Prop_bufg_I_O)         0.091    22.645 r  BUFG/O
                         net (fo=4280, routed)        1.660    24.305    Cfu/out
    SLICE_X61Y29         FDRE                                         r  Cfu/rsp_payload_outputs_0_reg[4]/C
                         clock pessimism              0.885    25.190    
                         clock uncertainty           -0.070    25.120    
    SLICE_X61Y29         FDRE (Setup_fdre_C_D)        0.031    25.151    Cfu/rsp_payload_outputs_0_reg[4]
  -------------------------------------------------------------------
                         required time                         25.151    
                         arrival time                         -26.341    
  -------------------------------------------------------------------
                         slack                                 -1.190    

Slack (VIOLATED) :        -1.128ns  (required time - arrival time)
  Source:                 VexRiscv/decode_to_execute_RS1_reg[2]_replica/C
                            (rising edge-triggered cell FDRE clocked by soc_crg_clkout0  {rise@0.000ns fall@6.667ns period=13.333ns})
  Destination:            Cfu/rsp_payload_outputs_0_reg[3]/D
                            (rising edge-triggered cell FDRE clocked by soc_crg_clkout0  {rise@0.000ns fall@6.667ns period=13.333ns})
  Path Group:             soc_crg_clkout0
  Path Type:              Setup (Max at Slow Process Corner)
  Requirement:            13.333ns  (soc_crg_clkout0 rise@13.333ns - soc_crg_clkout0 rise@0.000ns)
  Data Path Delay:        14.367ns  (logic 9.423ns (65.588%)  route 4.944ns (34.412%))
  Logic Levels:           17  (CARRY4=8 DSP48E1=2 LUT1=1 LUT2=1 LUT6=5)
  Clock Path Skew:        -0.055ns (DCD - SCD + CPR)
    Destination Clock Delay (DCD):    10.964ns = ( 24.297 - 13.333 ) 
    Source Clock Delay      (SCD):    11.904ns
    Clock Pessimism Removal (CPR):    0.885ns
  Clock Uncertainty:      0.070ns  ((TSJ^2 + DJ^2)^1/2) / 2 + PE
    Total System Jitter     (TSJ):    0.071ns
    Discrete Jitter          (DJ):    0.121ns
    Phase Error              (PE):    0.000ns

    Location             Delay type                Incr(ns)  Path(ns)    Netlist Resource(s)
  -------------------------------------------------------------------    -------------------
                         (clock soc_crg_clkout0 rise edge)
                                                      0.000     0.000 r  
    E3                                                0.000     0.000 r  clk100 (IN)
                         net (fo=0)                   0.000     0.000    clk100
    E3                   IBUF (Prop_ibuf_I_O)         1.482     1.482 r  clk100_IBUF_inst/O
                         net (fo=1, routed)           2.025     3.506    clk100_IBUF
    BUFGCTRL_X0Y16       BUFG (Prop_bufg_I_O)         0.096     3.602 r  clk100_IBUF_BUFG_inst/O
                         net (fo=1, routed)           2.239     5.842    clk100_IBUF_BUFG
    SLICE_X48Y32         LUT1 (Prop_lut1_I0_O)        0.124     5.966 r  clk100_inst/O
                         net (fo=9, routed)           1.941     7.906    soc_crg_clkin
    MMCME2_ADV_X0Y0      MMCME2_ADV (Prop_mmcme2_adv_CLKIN1_CLKOUT0)
                                                      0.088     7.994 r  MMCME2_ADV/CLKOUT0
                         net (fo=1, routed)           2.018    10.013    soc_crg_clkout0
    BUFGCTRL_X0Y0        BUFG (Prop_bufg_I_O)         0.096    10.109 r  BUFG/O
                         net (fo=4280, routed)        1.795    11.904    VexRiscv/stageB_flusher_counter_reg[0]
    SLICE_X57Y39         FDRE                                         r  VexRiscv/decode_to_execute_RS1_reg[2]_replica/C
  -------------------------------------------------------------------    -------------------
    SLICE_X57Y39         FDRE (Prop_fdre_C_Q)         0.456    12.360 f  VexRiscv/decode_to_execute_RS1_reg[2]_replica/Q
                         net (fo=24, routed)          0.652    13.012    VexRiscv/execute_RS1[2]_repN
    SLICE_X57Y40         LUT1 (Prop_lut1_I0_O)        0.124    13.136 r  VexRiscv/result2__19_i_12/O
                         net (fo=1, routed)           0.000    13.136    VexRiscv/result2__19_i_12_n_0
    SLICE_X57Y40         CARRY4 (Prop_carry4_S[1]_CO[3])
                                                      0.550    13.686 r  VexRiscv/result2__19_i_4/CO[3]
                         net (fo=1, routed)           0.000    13.686    VexRiscv/result2__19_i_4_n_0
    SLICE_X57Y41         CARRY4 (Prop_carry4_CI_CO[3])
                                                      0.114    13.800 r  VexRiscv/result2__19_i_3/CO[3]
                         net (fo=1, routed)           0.000    13.800    VexRiscv/result2__19_i_3_n_0
    SLICE_X57Y42         CARRY4 (Prop_carry4_CI_CO[3])
                                                      0.114    13.914 r  VexRiscv/result2__19_i_2/CO[3]
                         net (fo=1, routed)           0.000    13.914    VexRiscv/result2__19_i_2_n_0
    SLICE_X57Y43         CARRY4 (Prop_carry4_CI_O[3])
                                                      0.313    14.227 r  VexRiscv/result2__19_i_1/O[3]
                         net (fo=2, routed)           0.931    15.158    Cfu/exponential_softmax/result2__20_3[15]
    DSP48_X1Y21          DSP48E1 (Prop_dsp48e1_A[16]_PCOUT[47])
                                                      4.218    19.376 r  Cfu/exponential_softmax/result2__19/PCOUT[47]
                         net (fo=1, routed)           0.002    19.378    Cfu/exponential_softmax/result2__19_n_106
    DSP48_X1Y22          DSP48E1 (Prop_dsp48e1_PCIN[47]_P[0])
                                                      1.518    20.896 r  Cfu/exponential_softmax/result2__20/P[0]
                         net (fo=2, routed)           1.011    21.907    Cfu/exponential_softmax/result2__20_n_105
    SLICE_X58Y46         LUT2 (Prop_lut2_I0_O)        0.124    22.031 r  Cfu/exponential_softmax/i__carry_i_3__1/O
                         net (fo=1, routed)           0.000    22.031    Cfu/exponential_softmax/i__carry_i_3__1_n_0
    SLICE_X58Y46         CARRY4 (Prop_carry4_S[1]_CO[3])
                                                      0.533    22.564 r  Cfu/exponential_softmax/result2_inferred__2/i__carry/CO[3]
                         net (fo=1, routed)           0.000    22.564    Cfu/exponential_softmax/result2_inferred__2/i__carry_n_0
    SLICE_X58Y47         CARRY4 (Prop_carry4_CI_CO[3])
                                                      0.117    22.681 r  Cfu/exponential_softmax/result2_inferred__2/i__carry__0/CO[3]
                         net (fo=1, routed)           0.000    22.681    Cfu/exponential_softmax/result2_inferred__2/i__carry__0_n_0
    SLICE_X58Y48         CARRY4 (Prop_carry4_CI_CO[3])
                                                      0.117    22.798 r  Cfu/exponential_softmax/result2_inferred__2/i__carry__1/CO[3]
                         net (fo=1, routed)           0.000    22.798    Cfu/exponential_softmax/result2_inferred__2/i__carry__1_n_0
    SLICE_X58Y49         CARRY4 (Prop_carry4_CI_O[1])
                                                      0.323    23.121 r  Cfu/exponential_softmax/result2_inferred__2/i__carry__2/O[1]
                         net (fo=4, routed)           1.356    24.477    Cfu/exponential_softmax/result2_inferred__2/i__carry__2_n_6
    SLICE_X55Y28         LUT6 (Prop_lut6_I5_O)        0.306    24.783 r  Cfu/exponential_softmax/rsp_payload_outputs_0[3]_i_18/O
                         net (fo=1, routed)           0.154    24.937    Cfu/exponential_softmax/rsp_payload_outputs_0[3]_i_18_n_0
    SLICE_X55Y28         LUT6 (Prop_lut6_I5_O)        0.124    25.061 r  Cfu/exponential_softmax/rsp_payload_outputs_0[3]_i_15/O
                         net (fo=1, routed)           0.404    25.465    Cfu/exponential_softmax/rsp_payload_outputs_0[3]_i_15_n_0
    SLICE_X55Y27         LUT6 (Prop_lut6_I0_O)        0.124    25.589 r  Cfu/exponential_softmax/rsp_payload_outputs_0[3]_i_9/O
                         net (fo=1, routed)           0.282    25.872    Cfu/exponential_softmax/rsp_payload_outputs_0[3]_i_9_n_0
    SLICE_X53Y27         LUT6 (Prop_lut6_I5_O)        0.124    25.996 f  Cfu/exponential_softmax/rsp_payload_outputs_0[3]_i_2/O
                         net (fo=1, routed)           0.151    26.147    VexRiscv/rsp_payload_outputs_0_reg[3]
    SLICE_X53Y27         LUT6 (Prop_lut6_I2_O)        0.124    26.271 r  VexRiscv/rsp_payload_outputs_0[3]_i_1/O
                         net (fo=1, routed)           0.000    26.271    Cfu/D[3]
    SLICE_X53Y27         FDRE                                         r  Cfu/rsp_payload_outputs_0_reg[3]/D
  -------------------------------------------------------------------    -------------------

                         (clock soc_crg_clkout0 rise edge)
                                                     13.333    13.333 r  
    E3                                                0.000    13.333 r  clk100 (IN)
                         net (fo=0)                   0.000    13.333    clk100
    E3                   IBUF (Prop_ibuf_I_O)         1.411    14.745 r  clk100_IBUF_inst/O
                         net (fo=1, routed)           1.920    16.665    clk100_IBUF
    BUFGCTRL_X0Y16       BUFG (Prop_bufg_I_O)         0.091    16.756 r  clk100_IBUF_BUFG_inst/O
                         net (fo=1, routed)           2.025    18.780    clk100_IBUF_BUFG
    SLICE_X48Y32         LUT1 (Prop_lut1_I0_O)        0.100    18.880 r  clk100_inst/O
                         net (fo=9, routed)           1.668    20.548    soc_crg_clkin
    MMCME2_ADV_X0Y0      MMCME2_ADV (Prop_mmcme2_adv_CLKIN1_CLKOUT0)
                                                      0.083    20.631 r  MMCME2_ADV/CLKOUT0
                         net (fo=1, routed)           1.923    22.554    soc_crg_clkout0
    BUFGCTRL_X0Y0        BUFG (Prop_bufg_I_O)         0.091    22.645 r  BUFG/O
                         net (fo=4280, routed)        1.652    24.297    Cfu/out
    SLICE_X53Y27         FDRE                                         r  Cfu/rsp_payload_outputs_0_reg[3]/C
                         clock pessimism              0.885    25.182    
                         clock uncertainty           -0.070    25.112    
    SLICE_X53Y27         FDRE (Setup_fdre_C_D)        0.031    25.143    Cfu/rsp_payload_outputs_0_reg[3]
  -------------------------------------------------------------------
                         required time                         25.143    
                         arrival time                         -26.271    
  -------------------------------------------------------------------
                         slack                                 -1.128    

Slack (VIOLATED) :        -0.942ns  (required time - arrival time)
  Source:                 VexRiscv/decode_to_execute_RS1_reg[1]/C
                            (rising edge-triggered cell FDRE clocked by soc_crg_clkout0  {rise@0.000ns fall@6.667ns period=13.333ns})
  Destination:            Cfu/rsp_payload_outputs_0_reg[7]/D
                            (rising edge-triggered cell FDRE clocked by soc_crg_clkout0  {rise@0.000ns fall@6.667ns period=13.333ns})
  Path Group:             soc_crg_clkout0
  Path Type:              Setup (Max at Slow Process Corner)
  Requirement:            13.333ns  (soc_crg_clkout0 rise@13.333ns - soc_crg_clkout0 rise@0.000ns)
  Data Path Delay:        14.197ns  (logic 9.299ns (65.499%)  route 4.898ns (34.501%))
  Logic Levels:           16  (CARRY4=7 DSP48E1=2 LUT1=1 LUT2=1 LUT3=1 LUT6=4)
  Clock Path Skew:        -0.040ns (DCD - SCD + CPR)
    Destination Clock Delay (DCD):    10.973ns = ( 24.306 - 13.333 ) 
    Source Clock Delay      (SCD):    11.898ns
    Clock Pessimism Removal (CPR):    0.885ns
  Clock Uncertainty:      0.070ns  ((TSJ^2 + DJ^2)^1/2) / 2 + PE
    Total System Jitter     (TSJ):    0.071ns
    Discrete Jitter          (DJ):    0.121ns
    Phase Error              (PE):    0.000ns

    Location             Delay type                Incr(ns)  Path(ns)    Netlist Resource(s)
  -------------------------------------------------------------------    -------------------
                         (clock soc_crg_clkout0 rise edge)
                                                      0.000     0.000 r  
    E3                                                0.000     0.000 r  clk100 (IN)
                         net (fo=0)                   0.000     0.000    clk100
    E3                   IBUF (Prop_ibuf_I_O)         1.482     1.482 r  clk100_IBUF_inst/O
                         net (fo=1, routed)           2.025     3.506    clk100_IBUF
    BUFGCTRL_X0Y16       BUFG (Prop_bufg_I_O)         0.096     3.602 r  clk100_IBUF_BUFG_inst/O
                         net (fo=1, routed)           2.239     5.842    clk100_IBUF_BUFG
    SLICE_X48Y32         LUT1 (Prop_lut1_I0_O)        0.124     5.966 r  clk100_inst/O
                         net (fo=9, routed)           1.941     7.906    soc_crg_clkin
    MMCME2_ADV_X0Y0      MMCME2_ADV (Prop_mmcme2_adv_CLKIN1_CLKOUT0)
                                                      0.088     7.994 r  MMCME2_ADV/CLKOUT0
                         net (fo=1, routed)           2.018    10.013    soc_crg_clkout0
    BUFGCTRL_X0Y0        BUFG (Prop_bufg_I_O)         0.096    10.109 r  BUFG/O
                         net (fo=4280, routed)        1.789    11.898    VexRiscv/stageB_flusher_counter_reg[0]
    SLICE_X57Y33         FDRE                                         r  VexRiscv/decode_to_execute_RS1_reg[1]/C
  -------------------------------------------------------------------    -------------------
    SLICE_X57Y33         FDRE (Prop_fdre_C_Q)         0.456    12.354 f  VexRiscv/decode_to_execute_RS1_reg[1]/Q
                         net (fo=21, routed)          1.307    13.661    VexRiscv/execute_RS1[1]
    SLICE_X57Y17         LUT1 (Prop_lut1_I0_O)        0.124    13.785 r  VexRiscv/result2__37_i_12/O
                         net (fo=1, routed)           0.000    13.785    VexRiscv/result2__37_i_12_n_0
    SLICE_X57Y17         CARRY4 (Prop_carry4_S[0]_CO[3])
                                                      0.532    14.317 r  VexRiscv/result2__37_i_4/CO[3]
                         net (fo=1, routed)           0.000    14.317    VexRiscv/result2__37_i_4_n_0
    SLICE_X57Y18         CARRY4 (Prop_carry4_CI_CO[3])
                                                      0.114    14.431 r  VexRiscv/result2__37_i_3/CO[3]
                         net (fo=1, routed)           0.000    14.431    VexRiscv/result2__37_i_3_n_0
    SLICE_X57Y19         CARRY4 (Prop_carry4_CI_CO[3])
                                                      0.114    14.545 r  VexRiscv/result2__37_i_2/CO[3]
                         net (fo=1, routed)           0.000    14.545    VexRiscv/result2__37_i_2_n_0
    SLICE_X57Y20         CARRY4 (Prop_carry4_CI_O[1])
                                                      0.334    14.879 r  VexRiscv/result2__37_i_1/O[1]
                         net (fo=2, routed)           0.538    15.417    Cfu/exponential_softmax/result2__38_3[12]
    DSP48_X1Y7           DSP48E1 (Prop_dsp48e1_A[14]_PCOUT[47])
                                                      4.215    19.632 r  Cfu/exponential_softmax/result2__37/PCOUT[47]
                         net (fo=1, routed)           0.002    19.634    Cfu/exponential_softmax/result2__37_n_106
    DSP48_X1Y8           DSP48E1 (Prop_dsp48e1_PCIN[47]_P[0])
                                                      1.518    21.152 r  Cfu/exponential_softmax/result2__38/P[0]
                         net (fo=2, routed)           0.781    21.933    Cfu/exponential_softmax/result2__38_n_105
    SLICE_X56Y19         LUT2 (Prop_lut2_I0_O)        0.124    22.057 r  Cfu/exponential_softmax/i__carry_i_3__7/O
                         net (fo=1, routed)           0.000    22.057    Cfu/exponential_softmax/i__carry_i_3__7_n_0
    SLICE_X56Y19         CARRY4 (Prop_carry4_S[1]_CO[3])
                                                      0.533    22.590 r  Cfu/exponential_softmax/result2_inferred__8/i__carry/CO[3]
                         net (fo=1, routed)           0.000    22.590    Cfu/exponential_softmax/result2_inferred__8/i__carry_n_0
    SLICE_X56Y20         CARRY4 (Prop_carry4_CI_CO[3])
                                                      0.117    22.707 r  Cfu/exponential_softmax/result2_inferred__8/i__carry__0/CO[3]
                         net (fo=1, routed)           0.000    22.707    Cfu/exponential_softmax/result2_inferred__8/i__carry__0_n_0
    SLICE_X56Y21         CARRY4 (Prop_carry4_CI_O[3])
                                                      0.315    23.022 r  Cfu/exponential_softmax/result2_inferred__8/i__carry__1/O[3]
                         net (fo=4, routed)           0.652    23.674    Cfu/exponential_softmax/result2__38_0[1]
    SLICE_X54Y21         LUT3 (Prop_lut3_I0_O)        0.307    23.981 r  Cfu/exponential_softmax/rsp_payload_outputs_0[5]_i_8/O
                         net (fo=3, routed)           0.436    24.417    Cfu/exponential_softmax/rsp_payload_outputs_0[5]_i_8_n_0
    SLICE_X54Y21         LUT6 (Prop_lut6_I4_O)        0.124    24.541 f  Cfu/exponential_softmax/rsp_payload_outputs_0[6]_i_5/O
                         net (fo=2, routed)           0.877    25.418    Cfu/exponential_softmax/rsp_payload_outputs_0[6]_i_5_n_0
    SLICE_X55Y35         LUT6 (Prop_lut6_I3_O)        0.124    25.542 r  Cfu/exponential_softmax/rsp_payload_outputs_0[7]_i_7/O
                         net (fo=1, routed)           0.151    25.693    Cfu/exponential_softmax/rsp_payload_outputs_0[7]_i_7_n_0
    SLICE_X55Y35         LUT6 (Prop_lut6_I5_O)        0.124    25.817 f  Cfu/exponential_softmax/rsp_payload_outputs_0[7]_i_2/O
                         net (fo=1, routed)           0.154    25.971    VexRiscv/rsp_payload_outputs_0_reg[7]
    SLICE_X55Y35         LUT6 (Prop_lut6_I2_O)        0.124    26.095 r  VexRiscv/rsp_payload_outputs_0[7]_i_1/O
                         net (fo=1, routed)           0.000    26.095    Cfu/D[6]
    SLICE_X55Y35         FDRE                                         r  Cfu/rsp_payload_outputs_0_reg[7]/D
  -------------------------------------------------------------------    -------------------

                         (clock soc_crg_clkout0 rise edge)
                                                     13.333    13.333 r  
    E3                                                0.000    13.333 r  clk100 (IN)
                         net (fo=0)                   0.000    13.333    clk100
    E3                   IBUF (Prop_ibuf_I_O)         1.411    14.745 r  clk100_IBUF_inst/O
                         net (fo=1, routed)           1.920    16.665    clk100_IBUF
    BUFGCTRL_X0Y16       BUFG (Prop_bufg_I_O)         0.091    16.756 r  clk100_IBUF_BUFG_inst/O
                         net (fo=1, routed)           2.025    18.780    clk100_IBUF_BUFG
    SLICE_X48Y32         LUT1 (Prop_lut1_I0_O)        0.100    18.880 r  clk100_inst/O
                         net (fo=9, routed)           1.668    20.548    soc_crg_clkin
    MMCME2_ADV_X0Y0      MMCME2_ADV (Prop_mmcme2_adv_CLKIN1_CLKOUT0)
                                                      0.083    20.631 r  MMCME2_ADV/CLKOUT0
                         net (fo=1, routed)           1.923    22.554    soc_crg_clkout0
    BUFGCTRL_X0Y0        BUFG (Prop_bufg_I_O)         0.091    22.645 r  BUFG/O
                         net (fo=4280, routed)        1.661    24.306    Cfu/out
    SLICE_X55Y35         FDRE                                         r  Cfu/rsp_payload_outputs_0_reg[7]/C
                         clock pessimism              0.885    25.191    
                         clock uncertainty           -0.070    25.121    
    SLICE_X55Y35         FDRE (Setup_fdre_C_D)        0.032    25.153    Cfu/rsp_payload_outputs_0_reg[7]
  -------------------------------------------------------------------
                         required time                         25.153    
                         arrival time                         -26.095    
  -------------------------------------------------------------------
                         slack                                 -0.942    

Slack (VIOLATED) :        -0.751ns  (required time - arrival time)
  Source:                 VexRiscv/decode_to_execute_RS1_reg[1]/C
                            (rising edge-triggered cell FDRE clocked by soc_crg_clkout0  {rise@0.000ns fall@6.667ns period=13.333ns})
  Destination:            Cfu/rsp_payload_outputs_0_reg[1]/D
                            (rising edge-triggered cell FDRE clocked by soc_crg_clkout0  {rise@0.000ns fall@6.667ns period=13.333ns})
  Path Group:             soc_crg_clkout0
  Path Type:              Setup (Max at Slow Process Corner)
  Requirement:            13.333ns  (soc_crg_clkout0 rise@13.333ns - soc_crg_clkout0 rise@0.000ns)
  Data Path Delay:        14.049ns  (logic 9.158ns (65.187%)  route 4.891ns (34.813%))
  Logic Levels:           14  (CARRY4=8 DSP48E1=2 LUT2=1 LUT6=2 MUXF7=1)
  Clock Path Skew:        -0.045ns (DCD - SCD + CPR)
    Destination Clock Delay (DCD):    10.968ns = ( 24.301 - 13.333 ) 
    Source Clock Delay      (SCD):    11.898ns
    Clock Pessimism Removal (CPR):    0.885ns
  Clock Uncertainty:      0.070ns  ((TSJ^2 + DJ^2)^1/2) / 2 + PE
    Total System Jitter     (TSJ):    0.071ns
    Discrete Jitter          (DJ):    0.121ns
    Phase Error              (PE):    0.000ns

    Location             Delay type                Incr(ns)  Path(ns)    Netlist Resource(s)
  -------------------------------------------------------------------    -------------------
                         (clock soc_crg_clkout0 rise edge)
                                                      0.000     0.000 r  
    E3                                                0.000     0.000 r  clk100 (IN)
                         net (fo=0)                   0.000     0.000    clk100
    E3                   IBUF (Prop_ibuf_I_O)         1.482     1.482 r  clk100_IBUF_inst/O
                         net (fo=1, routed)           2.025     3.506    clk100_IBUF
    BUFGCTRL_X0Y16       BUFG (Prop_bufg_I_O)         0.096     3.602 r  clk100_IBUF_BUFG_inst/O
                         net (fo=1, routed)           2.239     5.842    clk100_IBUF_BUFG
    SLICE_X48Y32         LUT1 (Prop_lut1_I0_O)        0.124     5.966 r  clk100_inst/O
                         net (fo=9, routed)           1.941     7.906    soc_crg_clkin
    MMCME2_ADV_X0Y0      MMCME2_ADV (Prop_mmcme2_adv_CLKIN1_CLKOUT0)
                                                      0.088     7.994 r  MMCME2_ADV/CLKOUT0
                         net (fo=1, routed)           2.018    10.013    soc_crg_clkout0
    BUFGCTRL_X0Y0        BUFG (Prop_bufg_I_O)         0.096    10.109 r  BUFG/O
                         net (fo=4280, routed)        1.789    11.898    VexRiscv/stageB_flusher_counter_reg[0]
    SLICE_X57Y33         FDRE                                         r  VexRiscv/decode_to_execute_RS1_reg[1]/C
  -------------------------------------------------------------------    -------------------
    SLICE_X57Y33         FDRE (Prop_fdre_C_Q)         0.456    12.354 r  VexRiscv/decode_to_execute_RS1_reg[1]/Q
                         net (fo=21, routed)          1.392    13.746    VexRiscv/execute_RS1[1]
    SLICE_X57Y9          CARRY4 (Prop_carry4_DI[1]_CO[3])
                                                      0.507    14.253 r  VexRiscv/result2__13_i_4/CO[3]
                         net (fo=1, routed)           0.000    14.253    VexRiscv/result2__13_i_4_n_0
    SLICE_X57Y10         CARRY4 (Prop_carry4_CI_CO[3])
                                                      0.114    14.367 r  VexRiscv/result2__13_i_3/CO[3]
                         net (fo=1, routed)           0.000    14.367    VexRiscv/result2__13_i_3_n_0
    SLICE_X57Y11         CARRY4 (Prop_carry4_CI_CO[3])
                                                      0.114    14.481 r  VexRiscv/result2__13_i_2/CO[3]
                         net (fo=1, routed)           0.000    14.481    VexRiscv/result2__13_i_2_n_0
    SLICE_X57Y12         CARRY4 (Prop_carry4_CI_CO[3])
                                                      0.114    14.595 r  VexRiscv/result2__13_i_1/CO[3]
                         net (fo=1, routed)           0.000    14.595    VexRiscv/result2__13_i_1_n_0
    SLICE_X57Y13         CARRY4 (Prop_carry4_CI_O[0])
                                                      0.222    14.817 r  VexRiscv/result2__12_i_3/O[0]
                         net (fo=2, routed)           0.881    15.698    Cfu/exponential_softmax/result2__14_2[15]
    DSP48_X1Y0           DSP48E1 (Prop_dsp48e1_A[16]_PCOUT[47])
                                                      4.211    19.909 r  Cfu/exponential_softmax/result2__13/PCOUT[47]
                         net (fo=1, routed)           0.002    19.911    Cfu/exponential_softmax/result2__13_n_106
    DSP48_X1Y1           DSP48E1 (Prop_dsp48e1_PCIN[47]_P[0])
                                                      1.518    21.429 r  Cfu/exponential_softmax/result2__14/P[0]
                         net (fo=2, routed)           0.826    22.256    Cfu/exponential_softmax/result2__14_n_105
    SLICE_X58Y4          LUT2 (Prop_lut2_I0_O)        0.124    22.380 r  Cfu/exponential_softmax/i__carry_i_3/O
                         net (fo=1, routed)           0.000    22.380    Cfu/exponential_softmax/i__carry_i_3_n_0
    SLICE_X58Y4          CARRY4 (Prop_carry4_S[1]_CO[3])
                                                      0.533    22.913 r  Cfu/exponential_softmax/result2_inferred__0/i__carry/CO[3]
                         net (fo=1, routed)           0.000    22.913    Cfu/exponential_softmax/result2_inferred__0/i__carry_n_0
    SLICE_X58Y5          CARRY4 (Prop_carry4_CI_CO[3])
                                                      0.117    23.030 r  Cfu/exponential_softmax/result2_inferred__0/i__carry__0/CO[3]
                         net (fo=1, routed)           0.000    23.030    Cfu/exponential_softmax/result2_inferred__0/i__carry__0_n_0
    SLICE_X58Y6          CARRY4 (Prop_carry4_CI_O[3])
                                                      0.315    23.345 f  Cfu/exponential_softmax/result2_inferred__0/i__carry__1/O[3]
                         net (fo=6, routed)           1.337    24.681    Cfu/exponential_softmax/result2__14_0[1]
    SLICE_X58Y23         LUT6 (Prop_lut6_I5_O)        0.307    24.988 r  Cfu/exponential_softmax/rsp_payload_outputs_0[1]_i_5/O
                         net (fo=1, routed)           0.000    24.988    VexRiscv/rsp_payload_outputs_0_reg[1]_1
    SLICE_X58Y23         MUXF7 (Prop_muxf7_I0_O)      0.209    25.197 r  VexRiscv/rsp_payload_outputs_0_reg[1]_i_2/O
                         net (fo=1, routed)           0.452    25.650    VexRiscv/rsp_payload_outputs_0_reg[1]_i_2_n_0
    SLICE_X58Y23         LUT6 (Prop_lut6_I3_O)        0.297    25.947 r  VexRiscv/rsp_payload_outputs_0[1]_i_1/O
                         net (fo=1, routed)           0.000    25.947    Cfu/D[1]
    SLICE_X58Y23         FDRE                                         r  Cfu/rsp_payload_outputs_0_reg[1]/D
  -------------------------------------------------------------------    -------------------

                         (clock soc_crg_clkout0 rise edge)
                                                     13.333    13.333 r  
    E3                                                0.000    13.333 r  clk100 (IN)
                         net (fo=0)                   0.000    13.333    clk100
    E3                   IBUF (Prop_ibuf_I_O)         1.411    14.745 r  clk100_IBUF_inst/O
                         net (fo=1, routed)           1.920    16.665    clk100_IBUF
    BUFGCTRL_X0Y16       BUFG (Prop_bufg_I_O)         0.091    16.756 r  clk100_IBUF_BUFG_inst/O
                         net (fo=1, routed)           2.025    18.780    clk100_IBUF_BUFG
    SLICE_X48Y32         LUT1 (Prop_lut1_I0_O)        0.100    18.880 r  clk100_inst/O
                         net (fo=9, routed)           1.668    20.548    soc_crg_clkin
    MMCME2_ADV_X0Y0      MMCME2_ADV (Prop_mmcme2_adv_CLKIN1_CLKOUT0)
                                                      0.083    20.631 r  MMCME2_ADV/CLKOUT0
                         net (fo=1, routed)           1.923    22.554    soc_crg_clkout0
    BUFGCTRL_X0Y0        BUFG (Prop_bufg_I_O)         0.091    22.645 r  BUFG/O
                         net (fo=4280, routed)        1.656    24.301    Cfu/out
    SLICE_X58Y23         FDRE                                         r  Cfu/rsp_payload_outputs_0_reg[1]/C
                         clock pessimism              0.885    25.186    
                         clock uncertainty           -0.070    25.116    
    SLICE_X58Y23         FDRE (Setup_fdre_C_D)        0.079    25.195    Cfu/rsp_payload_outputs_0_reg[1]
  -------------------------------------------------------------------
                         required time                         25.195    
                         arrival time                         -25.947    
  -------------------------------------------------------------------
                         slack                                 -0.751    

Slack (VIOLATED) :        -0.688ns  (required time - arrival time)
  Source:                 VexRiscv/decode_to_execute_RS1_reg[1]/C
                            (rising edge-triggered cell FDRE clocked by soc_crg_clkout0  {rise@0.000ns fall@6.667ns period=13.333ns})
  Destination:            Cfu/rsp_payload_outputs_0_reg[2]/D
                            (rising edge-triggered cell FDRE clocked by soc_crg_clkout0  {rise@0.000ns fall@6.667ns period=13.333ns})
  Path Group:             soc_crg_clkout0
  Path Type:              Setup (Max at Slow Process Corner)
  Requirement:            13.333ns  (soc_crg_clkout0 rise@13.333ns - soc_crg_clkout0 rise@0.000ns)
  Data Path Delay:        13.998ns  (logic 9.175ns (65.546%)  route 4.823ns (34.454%))
  Logic Levels:           15  (CARRY4=7 DSP48E1=2 LUT1=1 LUT2=1 LUT6=4)
  Clock Path Skew:        -0.033ns (DCD - SCD + CPR)
    Destination Clock Delay (DCD):    10.980ns = ( 24.313 - 13.333 ) 
    Source Clock Delay      (SCD):    11.898ns
    Clock Pessimism Removal (CPR):    0.885ns
  Clock Uncertainty:      0.070ns  ((TSJ^2 + DJ^2)^1/2) / 2 + PE
    Total System Jitter     (TSJ):    0.071ns
    Discrete Jitter          (DJ):    0.121ns
    Phase Error              (PE):    0.000ns

    Location             Delay type                Incr(ns)  Path(ns)    Netlist Resource(s)
  -------------------------------------------------------------------    -------------------
                         (clock soc_crg_clkout0 rise edge)
                                                      0.000     0.000 r  
    E3                                                0.000     0.000 r  clk100 (IN)
                         net (fo=0)                   0.000     0.000    clk100
    E3                   IBUF (Prop_ibuf_I_O)         1.482     1.482 r  clk100_IBUF_inst/O
                         net (fo=1, routed)           2.025     3.506    clk100_IBUF
    BUFGCTRL_X0Y16       BUFG (Prop_bufg_I_O)         0.096     3.602 r  clk100_IBUF_BUFG_inst/O
                         net (fo=1, routed)           2.239     5.842    clk100_IBUF_BUFG
    SLICE_X48Y32         LUT1 (Prop_lut1_I0_O)        0.124     5.966 r  clk100_inst/O
                         net (fo=9, routed)           1.941     7.906    soc_crg_clkin
    MMCME2_ADV_X0Y0      MMCME2_ADV (Prop_mmcme2_adv_CLKIN1_CLKOUT0)
                                                      0.088     7.994 r  MMCME2_ADV/CLKOUT0
                         net (fo=1, routed)           2.018    10.013    soc_crg_clkout0
    BUFGCTRL_X0Y0        BUFG (Prop_bufg_I_O)         0.096    10.109 r  BUFG/O
                         net (fo=4280, routed)        1.789    11.898    VexRiscv/stageB_flusher_counter_reg[0]
    SLICE_X57Y33         FDRE                                         r  VexRiscv/decode_to_execute_RS1_reg[1]/C
  -------------------------------------------------------------------    -------------------
    SLICE_X57Y33         FDRE (Prop_fdre_C_Q)         0.456    12.354 f  VexRiscv/decode_to_execute_RS1_reg[1]/Q
                         net (fo=21, routed)          1.307    13.661    VexRiscv/execute_RS1[1]
    SLICE_X57Y17         LUT1 (Prop_lut1_I0_O)        0.124    13.785 r  VexRiscv/result2__37_i_12/O
                         net (fo=1, routed)           0.000    13.785    VexRiscv/result2__37_i_12_n_0
    SLICE_X57Y17         CARRY4 (Prop_carry4_S[0]_CO[3])
                                                      0.532    14.317 r  VexRiscv/result2__37_i_4/CO[3]
                         net (fo=1, routed)           0.000    14.317    VexRiscv/result2__37_i_4_n_0
    SLICE_X57Y18         CARRY4 (Prop_carry4_CI_CO[3])
                                                      0.114    14.431 r  VexRiscv/result2__37_i_3/CO[3]
                         net (fo=1, routed)           0.000    14.431    VexRiscv/result2__37_i_3_n_0
    SLICE_X57Y19         CARRY4 (Prop_carry4_CI_CO[3])
                                                      0.114    14.545 r  VexRiscv/result2__37_i_2/CO[3]
                         net (fo=1, routed)           0.000    14.545    VexRiscv/result2__37_i_2_n_0
    SLICE_X57Y20         CARRY4 (Prop_carry4_CI_O[1])
                                                      0.334    14.879 r  VexRiscv/result2__37_i_1/O[1]
                         net (fo=2, routed)           0.538    15.417    Cfu/exponential_softmax/result2__38_3[12]
    DSP48_X1Y7           DSP48E1 (Prop_dsp48e1_A[14]_PCOUT[47])
                                                      4.215    19.632 r  Cfu/exponential_softmax/result2__37/PCOUT[47]
                         net (fo=1, routed)           0.002    19.634    Cfu/exponential_softmax/result2__37_n_106
    DSP48_X1Y8           DSP48E1 (Prop_dsp48e1_PCIN[47]_P[0])
                                                      1.518    21.152 r  Cfu/exponential_softmax/result2__38/P[0]
                         net (fo=2, routed)           0.781    21.933    Cfu/exponential_softmax/result2__38_n_105
    SLICE_X56Y19         LUT2 (Prop_lut2_I0_O)        0.124    22.057 r  Cfu/exponential_softmax/i__carry_i_3__7/O
                         net (fo=1, routed)           0.000    22.057    Cfu/exponential_softmax/i__carry_i_3__7_n_0
    SLICE_X56Y19         CARRY4 (Prop_carry4_S[1]_CO[3])
                                                      0.533    22.590 r  Cfu/exponential_softmax/result2_inferred__8/i__carry/CO[3]
                         net (fo=1, routed)           0.000    22.590    Cfu/exponential_softmax/result2_inferred__8/i__carry_n_0
    SLICE_X56Y20         CARRY4 (Prop_carry4_CI_CO[3])
                                                      0.117    22.707 r  Cfu/exponential_softmax/result2_inferred__8/i__carry__0/CO[3]
                         net (fo=1, routed)           0.000    22.707    Cfu/exponential_softmax/result2_inferred__8/i__carry__0_n_0
    SLICE_X56Y21         CARRY4 (Prop_carry4_CI_O[3])
                                                      0.315    23.022 r  Cfu/exponential_softmax/result2_inferred__8/i__carry__1/O[3]
                         net (fo=4, routed)           0.868    23.889    VexRiscv/rsp_payload_outputs_0[2]_i_6_0[1]
    SLICE_X54Y26         LUT6 (Prop_lut6_I3_O)        0.307    24.196 f  VexRiscv/rsp_payload_outputs_0[2]_i_12/O
                         net (fo=1, routed)           0.286    24.483    VexRiscv/rsp_payload_outputs_0[2]_i_12_n_0
    SLICE_X54Y26         LUT6 (Prop_lut6_I5_O)        0.124    24.607 r  VexRiscv/rsp_payload_outputs_0[2]_i_6/O
                         net (fo=1, routed)           0.880    25.487    VexRiscv/rsp_payload_outputs_0[2]_i_6_n_0
    SLICE_X58Y38         LUT6 (Prop_lut6_I4_O)        0.124    25.611 f  VexRiscv/rsp_payload_outputs_0[2]_i_2/O
                         net (fo=1, routed)           0.161    25.772    VexRiscv/rsp_payload_outputs_0[2]_i_2_n_0
    SLICE_X58Y38         LUT6 (Prop_lut6_I2_O)        0.124    25.896 r  VexRiscv/rsp_payload_outputs_0[2]_i_1/O
                         net (fo=1, routed)           0.000    25.896    Cfu/D[2]
    SLICE_X58Y38         FDRE                                         r  Cfu/rsp_payload_outputs_0_reg[2]/D
  -------------------------------------------------------------------    -------------------

                         (clock soc_crg_clkout0 rise edge)
                                                     13.333    13.333 r  
    E3                                                0.000    13.333 r  clk100 (IN)
                         net (fo=0)                   0.000    13.333    clk100
    E3                   IBUF (Prop_ibuf_I_O)         1.411    14.745 r  clk100_IBUF_inst/O
                         net (fo=1, routed)           1.920    16.665    clk100_IBUF
    BUFGCTRL_X0Y16       BUFG (Prop_bufg_I_O)         0.091    16.756 r  clk100_IBUF_BUFG_inst/O
                         net (fo=1, routed)           2.025    18.780    clk100_IBUF_BUFG
    SLICE_X48Y32         LUT1 (Prop_lut1_I0_O)        0.100    18.880 r  clk100_inst/O
                         net (fo=9, routed)           1.668    20.548    soc_crg_clkin
    MMCME2_ADV_X0Y0      MMCME2_ADV (Prop_mmcme2_adv_CLKIN1_CLKOUT0)
                                                      0.083    20.631 r  MMCME2_ADV/CLKOUT0
                         net (fo=1, routed)           1.923    22.554    soc_crg_clkout0
    BUFGCTRL_X0Y0        BUFG (Prop_bufg_I_O)         0.091    22.645 r  BUFG/O
                         net (fo=4280, routed)        1.668    24.313    Cfu/out
    SLICE_X58Y38         FDRE                                         r  Cfu/rsp_payload_outputs_0_reg[2]/C
                         clock pessimism              0.885    25.198    
                         clock uncertainty           -0.070    25.128    
    SLICE_X58Y38         FDRE (Setup_fdre_C_D)        0.079    25.207    Cfu/rsp_payload_outputs_0_reg[2]
  -------------------------------------------------------------------
                         required time                         25.207    
                         arrival time                         -25.896    
  -------------------------------------------------------------------
                         slack                                 -0.688    

Slack (VIOLATED) :        -0.650ns  (required time - arrival time)
  Source:                 VexRiscv/decode_to_execute_RS1_reg[1]/C
                            (rising edge-triggered cell FDRE clocked by soc_crg_clkout0  {rise@0.000ns fall@6.667ns period=13.333ns})
  Destination:            Cfu/rsp_payload_outputs_0_reg[0]/D
                            (rising edge-triggered cell FDRE clocked by soc_crg_clkout0  {rise@0.000ns fall@6.667ns period=13.333ns})
  Path Group:             soc_crg_clkout0
  Path Type:              Setup (Max at Slow Process Corner)
  Requirement:            13.333ns  (soc_crg_clkout0 rise@13.333ns - soc_crg_clkout0 rise@0.000ns)
  Data Path Delay:        13.897ns  (logic 8.818ns (63.451%)  route 5.079ns (36.549%))
  Logic Levels:           14  (CARRY4=8 DSP48E1=2 LUT2=1 LUT6=3)
  Clock Path Skew:        -0.045ns (DCD - SCD + CPR)
    Destination Clock Delay (DCD):    10.968ns = ( 24.301 - 13.333 ) 
    Source Clock Delay      (SCD):    11.898ns
    Clock Pessimism Removal (CPR):    0.885ns
  Clock Uncertainty:      0.070ns  ((TSJ^2 + DJ^2)^1/2) / 2 + PE
    Total System Jitter     (TSJ):    0.071ns
    Discrete Jitter          (DJ):    0.121ns
    Phase Error              (PE):    0.000ns

    Location             Delay type                Incr(ns)  Path(ns)    Netlist Resource(s)
  -------------------------------------------------------------------    -------------------
                         (clock soc_crg_clkout0 rise edge)
                                                      0.000     0.000 r  
    E3                                                0.000     0.000 r  clk100 (IN)
                         net (fo=0)                   0.000     0.000    clk100
    E3                   IBUF (Prop_ibuf_I_O)         1.482     1.482 r  clk100_IBUF_inst/O
                         net (fo=1, routed)           2.025     3.506    clk100_IBUF
    BUFGCTRL_X0Y16       BUFG (Prop_bufg_I_O)         0.096     3.602 r  clk100_IBUF_BUFG_inst/O
                         net (fo=1, routed)           2.239     5.842    clk100_IBUF_BUFG
    SLICE_X48Y32         LUT1 (Prop_lut1_I0_O)        0.124     5.966 r  clk100_inst/O
                         net (fo=9, routed)           1.941     7.906    soc_crg_clkin
    MMCME2_ADV_X0Y0      MMCME2_ADV (Prop_mmcme2_adv_CLKIN1_CLKOUT0)
                                                      0.088     7.994 r  MMCME2_ADV/CLKOUT0
                         net (fo=1, routed)           2.018    10.013    soc_crg_clkout0
    BUFGCTRL_X0Y0        BUFG (Prop_bufg_I_O)         0.096    10.109 r  BUFG/O
                         net (fo=4280, routed)        1.789    11.898    VexRiscv/stageB_flusher_counter_reg[0]
    SLICE_X57Y33         FDRE                                         r  VexRiscv/decode_to_execute_RS1_reg[1]/C
  -------------------------------------------------------------------    -------------------
    SLICE_X57Y33         FDRE (Prop_fdre_C_Q)         0.456    12.354 r  VexRiscv/decode_to_execute_RS1_reg[1]/Q
                         net (fo=21, routed)          1.392    13.746    VexRiscv/execute_RS1[1]
    SLICE_X57Y9          CARRY4 (Prop_carry4_DI[1]_CO[3])
                                                      0.507    14.253 r  VexRiscv/result2__13_i_4/CO[3]
                         net (fo=1, routed)           0.000    14.253    VexRiscv/result2__13_i_4_n_0
    SLICE_X57Y10         CARRY4 (Prop_carry4_CI_CO[3])
                                                      0.114    14.367 r  VexRiscv/result2__13_i_3/CO[3]
                         net (fo=1, routed)           0.000    14.367    VexRiscv/result2__13_i_3_n_0
    SLICE_X57Y11         CARRY4 (Prop_carry4_CI_CO[3])
                                                      0.114    14.481 r  VexRiscv/result2__13_i_2/CO[3]
                         net (fo=1, routed)           0.000    14.481    VexRiscv/result2__13_i_2_n_0
    SLICE_X57Y12         CARRY4 (Prop_carry4_CI_CO[3])
                                                      0.114    14.595 r  VexRiscv/result2__13_i_1/CO[3]
                         net (fo=1, routed)           0.000    14.595    VexRiscv/result2__13_i_1_n_0
    SLICE_X57Y13         CARRY4 (Prop_carry4_CI_O[0])
                                                      0.222    14.817 r  VexRiscv/result2__12_i_3/O[0]
                         net (fo=2, routed)           0.881    15.698    Cfu/exponential_softmax/result2__14_2[15]
    DSP48_X1Y0           DSP48E1 (Prop_dsp48e1_A[16]_PCOUT[47])
                                                      4.211    19.909 r  Cfu/exponential_softmax/result2__13/PCOUT[47]
                         net (fo=1, routed)           0.002    19.911    Cfu/exponential_softmax/result2__13_n_106
    DSP48_X1Y1           DSP48E1 (Prop_dsp48e1_PCIN[47]_P[0])
                                                      1.518    21.429 r  Cfu/exponential_softmax/result2__14/P[0]
                         net (fo=2, routed)           0.826    22.256    Cfu/exponential_softmax/result2__14_n_105
    SLICE_X58Y4          LUT2 (Prop_lut2_I0_O)        0.124    22.380 r  Cfu/exponential_softmax/i__carry_i_3/O
                         net (fo=1, routed)           0.000    22.380    Cfu/exponential_softmax/i__carry_i_3_n_0
    SLICE_X58Y4          CARRY4 (Prop_carry4_S[1]_CO[3])
                                                      0.533    22.913 r  Cfu/exponential_softmax/result2_inferred__0/i__carry/CO[3]
                         net (fo=1, routed)           0.000    22.913    Cfu/exponential_softmax/result2_inferred__0/i__carry_n_0
    SLICE_X58Y5          CARRY4 (Prop_carry4_CI_CO[3])
                                                      0.117    23.030 r  Cfu/exponential_softmax/result2_inferred__0/i__carry__0/CO[3]
                         net (fo=1, routed)           0.000    23.030    Cfu/exponential_softmax/result2_inferred__0/i__carry__0_n_0
    SLICE_X58Y6          CARRY4 (Prop_carry4_CI_O[2])
                                                      0.239    23.269 r  Cfu/exponential_softmax/result2_inferred__0/i__carry__1/O[2]
                         net (fo=1, routed)           1.207    24.476    VexRiscv/rsp_payload_outputs_0_reg[2]_2[0]
    SLICE_X60Y25         LUT6 (Prop_lut6_I1_O)        0.301    24.777 r  VexRiscv/rsp_payload_outputs_0[0]_i_6/O
                         net (fo=1, routed)           0.466    25.243    VexRiscv/rsp_payload_outputs_0[0]_i_6_n_0
    SLICE_X60Y25         LUT6 (Prop_lut6_I5_O)        0.124    25.367 f  VexRiscv/rsp_payload_outputs_0[0]_i_2/O
                         net (fo=1, routed)           0.304    25.671    VexRiscv/rsp_payload_outputs_0[0]_i_2_n_0
    SLICE_X59Y26         LUT6 (Prop_lut6_I4_O)        0.124    25.795 r  VexRiscv/rsp_payload_outputs_0[0]_i_1/O
                         net (fo=1, routed)           0.000    25.795    Cfu/D[0]
    SLICE_X59Y26         FDRE                                         r  Cfu/rsp_payload_outputs_0_reg[0]/D
  -------------------------------------------------------------------    -------------------

                         (clock soc_crg_clkout0 rise edge)
                                                     13.333    13.333 r  
    E3                                                0.000    13.333 r  clk100 (IN)
                         net (fo=0)                   0.000    13.333    clk100
    E3                   IBUF (Prop_ibuf_I_O)         1.411    14.745 r  clk100_IBUF_inst/O
                         net (fo=1, routed)           1.920    16.665    clk100_IBUF
    BUFGCTRL_X0Y16       BUFG (Prop_bufg_I_O)         0.091    16.756 r  clk100_IBUF_BUFG_inst/O
                         net (fo=1, routed)           2.025    18.780    clk100_IBUF_BUFG
    SLICE_X48Y32         LUT1 (Prop_lut1_I0_O)        0.100    18.880 r  clk100_inst/O
                         net (fo=9, routed)           1.668    20.548    soc_crg_clkin
    MMCME2_ADV_X0Y0      MMCME2_ADV (Prop_mmcme2_adv_CLKIN1_CLKOUT0)
                                                      0.083    20.631 r  MMCME2_ADV/CLKOUT0
                         net (fo=1, routed)           1.923    22.554    soc_crg_clkout0
    BUFGCTRL_X0Y0        BUFG (Prop_bufg_I_O)         0.091    22.645 r  BUFG/O
                         net (fo=4280, routed)        1.656    24.301    Cfu/out
    SLICE_X59Y26         FDRE                                         r  Cfu/rsp_payload_outputs_0_reg[0]/C
                         clock pessimism              0.885    25.186    
                         clock uncertainty           -0.070    25.116    
    SLICE_X59Y26         FDRE (Setup_fdre_C_D)        0.029    25.145    Cfu/rsp_payload_outputs_0_reg[0]
  -------------------------------------------------------------------
                         required time                         25.145    
                         arrival time                         -25.795    
  -------------------------------------------------------------------
                         slack                                 -0.650    

Slack (MET) :             0.178ns  (required time - arrival time)
  Source:                 VexRiscv/decode_to_execute_RS1_reg[4]_replica/C
                            (rising edge-triggered cell FDRE clocked by soc_crg_clkout0  {rise@0.000ns fall@6.667ns period=13.333ns})
  Destination:            Cfu/rsp_payload_outputs_0_reg[9]/D
                            (rising edge-triggered cell FDRE clocked by soc_crg_clkout0  {rise@0.000ns fall@6.667ns period=13.333ns})
  Path Group:             soc_crg_clkout0
  Path Type:              Setup (Max at Slow Process Corner)
  Requirement:            13.333ns  (soc_crg_clkout0 rise@13.333ns - soc_crg_clkout0 rise@0.000ns)
  Data Path Delay:        13.073ns  (logic 8.913ns (68.176%)  route 4.160ns (31.824%))
  Logic Levels:           14  (CARRY4=7 DSP48E1=2 LUT1=1 LUT2=1 LUT5=1 LUT6=2)
  Clock Path Skew:        -0.041ns (DCD - SCD + CPR)
    Destination Clock Delay (DCD):    10.978ns = ( 24.311 - 13.333 ) 
    Source Clock Delay      (SCD):    11.904ns
    Clock Pessimism Removal (CPR):    0.885ns
  Clock Uncertainty:      0.070ns  ((TSJ^2 + DJ^2)^1/2) / 2 + PE
    Total System Jitter     (TSJ):    0.071ns
    Discrete Jitter          (DJ):    0.121ns
    Phase Error              (PE):    0.000ns

    Location             Delay type                Incr(ns)  Path(ns)    Netlist Resource(s)
  -------------------------------------------------------------------    -------------------
                         (clock soc_crg_clkout0 rise edge)
                                                      0.000     0.000 r  
    E3                                                0.000     0.000 r  clk100 (IN)
                         net (fo=0)                   0.000     0.000    clk100
    E3                   IBUF (Prop_ibuf_I_O)         1.482     1.482 r  clk100_IBUF_inst/O
                         net (fo=1, routed)           2.025     3.506    clk100_IBUF
    BUFGCTRL_X0Y16       BUFG (Prop_bufg_I_O)         0.096     3.602 r  clk100_IBUF_BUFG_inst/O
                         net (fo=1, routed)           2.239     5.842    clk100_IBUF_BUFG
    SLICE_X48Y32         LUT1 (Prop_lut1_I0_O)        0.124     5.966 r  clk100_inst/O
                         net (fo=9, routed)           1.941     7.906    soc_crg_clkin
    MMCME2_ADV_X0Y0      MMCME2_ADV (Prop_mmcme2_adv_CLKIN1_CLKOUT0)
                                                      0.088     7.994 r  MMCME2_ADV/CLKOUT0
                         net (fo=1, routed)           2.018    10.013    soc_crg_clkout0
    BUFGCTRL_X0Y0        BUFG (Prop_bufg_I_O)         0.096    10.109 r  BUFG/O
                         net (fo=4280, routed)        1.795    11.904    VexRiscv/stageB_flusher_counter_reg[0]
    SLICE_X56Y40         FDRE                                         r  VexRiscv/decode_to_execute_RS1_reg[4]_replica/C
  -------------------------------------------------------------------    -------------------
    SLICE_X56Y40         FDRE (Prop_fdre_C_Q)         0.518    12.422 f  VexRiscv/decode_to_execute_RS1_reg[4]_replica/Q
                         net (fo=11, routed)          0.909    13.331    VexRiscv/execute_RS1[4]_repN
    SLICE_X58Y31         LUT1 (Prop_lut1_I0_O)        0.124    13.455 r  VexRiscv/result2__16_i_10/O
                         net (fo=1, routed)           0.000    13.455    VexRiscv/result2__16_i_10_n_0
    SLICE_X58Y31         CARRY4 (Prop_carry4_S[0]_CO[3])
                                                      0.513    13.968 r  VexRiscv/result2__16_i_3/CO[3]
                         net (fo=1, routed)           0.000    13.968    VexRiscv/result2__16_i_3_n_0
    SLICE_X58Y32         CARRY4 (Prop_carry4_CI_CO[3])
                                                      0.117    14.085 r  VexRiscv/result2__16_i_2/CO[3]
                         net (fo=1, routed)           0.000    14.085    VexRiscv/result2__16_i_2_n_0
    SLICE_X58Y33         CARRY4 (Prop_carry4_CI_O[2])
                                                      0.239    14.324 r  VexRiscv/result2__16_i_1/O[2]
                         net (fo=1, routed)           0.595    14.919    Cfu/exponential_softmax/result2__16_0[14]
    DSP48_X1Y13          DSP48E1 (Prop_dsp48e1_A[14]_PCOUT[47])
                                                      4.213    19.132 r  Cfu/exponential_softmax/result2__16/PCOUT[47]
                         net (fo=1, routed)           0.002    19.134    Cfu/exponential_softmax/result2__16_n_106
    DSP48_X1Y14          DSP48E1 (Prop_dsp48e1_PCIN[47]_P[0])
                                                      1.518    20.652 r  Cfu/exponential_softmax/result2__17/P[0]
                         net (fo=2, routed)           0.758    21.409    Cfu/exponential_softmax/result2__17_n_105
    SLICE_X57Y34         LUT2 (Prop_lut2_I0_O)        0.124    21.533 r  Cfu/exponential_softmax/i__carry_i_3__0/O
                         net (fo=1, routed)           0.000    21.533    Cfu/exponential_softmax/i__carry_i_3__0_n_0
    SLICE_X57Y34         CARRY4 (Prop_carry4_S[1]_CO[3])
                                                      0.550    22.083 r  Cfu/exponential_softmax/result2_inferred__1/i__carry/CO[3]
                         net (fo=1, routed)           0.000    22.083    Cfu/exponential_softmax/result2_inferred__1/i__carry_n_0
    SLICE_X57Y35         CARRY4 (Prop_carry4_CI_CO[3])
                                                      0.114    22.197 r  Cfu/exponential_softmax/result2_inferred__1/i__carry__0/CO[3]
                         net (fo=1, routed)           0.000    22.197    Cfu/exponential_softmax/result2_inferred__1/i__carry__0_n_0
    SLICE_X57Y36         CARRY4 (Prop_carry4_CI_CO[3])
                                                      0.114    22.311 r  Cfu/exponential_softmax/result2_inferred__1/i__carry__1/CO[3]
                         net (fo=1, routed)           0.000    22.311    Cfu/exponential_softmax/result2_inferred__1/i__carry__1_n_0
    SLICE_X57Y37         CARRY4 (Prop_carry4_CI_O[0])
                                                      0.222    22.533 f  Cfu/exponential_softmax/result2_inferred__1/i__carry__2/O[0]
                         net (fo=6, routed)           1.162    23.696    Cfu/exponential_softmax/result2__17_1[0]
    SLICE_X61Y35         LUT6 (Prop_lut6_I3_O)        0.299    23.995 f  Cfu/exponential_softmax/rsp_payload_outputs_0[9]_i_3/O
                         net (fo=4, routed)           0.332    24.326    VexRiscv/rsp_payload_outputs_0_reg[8]
    SLICE_X61Y36         LUT5 (Prop_lut5_I2_O)        0.124    24.450 f  VexRiscv/rsp_payload_outputs_0[9]_i_2/O
                         net (fo=1, routed)           0.403    24.853    VexRiscv/rsp_payload_outputs_0[9]_i_2_n_0
    SLICE_X61Y36         LUT6 (Prop_lut6_I3_O)        0.124    24.977 r  VexRiscv/rsp_payload_outputs_0[9]_i_1/O
                         net (fo=1, routed)           0.000    24.977    Cfu/D[8]
    SLICE_X61Y36         FDRE                                         r  Cfu/rsp_payload_outputs_0_reg[9]/D
  -------------------------------------------------------------------    -------------------

                         (clock soc_crg_clkout0 rise edge)
                                                     13.333    13.333 r  
    E3                                                0.000    13.333 r  clk100 (IN)
                         net (fo=0)                   0.000    13.333    clk100
    E3                   IBUF (Prop_ibuf_I_O)         1.411    14.745 r  clk100_IBUF_inst/O
                         net (fo=1, routed)           1.920    16.665    clk100_IBUF
    BUFGCTRL_X0Y16       BUFG (Prop_bufg_I_O)         0.091    16.756 r  clk100_IBUF_BUFG_inst/O
                         net (fo=1, routed)           2.025    18.780    clk100_IBUF_BUFG
    SLICE_X48Y32         LUT1 (Prop_lut1_I0_O)        0.100    18.880 r  clk100_inst/O
                         net (fo=9, routed)           1.668    20.548    soc_crg_clkin
    MMCME2_ADV_X0Y0      MMCME2_ADV (Prop_mmcme2_adv_CLKIN1_CLKOUT0)
                                                      0.083    20.631 r  MMCME2_ADV/CLKOUT0
                         net (fo=1, routed)           1.923    22.554    soc_crg_clkout0
    BUFGCTRL_X0Y0        BUFG (Prop_bufg_I_O)         0.091    22.645 r  BUFG/O
                         net (fo=4280, routed)        1.666    24.311    Cfu/out
    SLICE_X61Y36         FDRE                                         r  Cfu/rsp_payload_outputs_0_reg[9]/C
                         clock pessimism              0.885    25.196    
                         clock uncertainty           -0.070    25.126    
    SLICE_X61Y36         FDRE (Setup_fdre_C_D)        0.029    25.155    Cfu/rsp_payload_outputs_0_reg[9]
  -------------------------------------------------------------------
                         required time                         25.155    
                         arrival time                         -24.977    
  -------------------------------------------------------------------
                         slack                                  0.178    

Slack (MET) :             0.281ns  (required time - arrival time)
  Source:                 VexRiscv/decode_to_execute_RS1_reg[4]_replica/C
                            (rising edge-triggered cell FDRE clocked by soc_crg_clkout0  {rise@0.000ns fall@6.667ns period=13.333ns})
  Destination:            Cfu/rsp_payload_outputs_0_reg[10]/D
                            (rising edge-triggered cell FDRE clocked by soc_crg_clkout0  {rise@0.000ns fall@6.667ns period=13.333ns})
  Path Group:             soc_crg_clkout0
  Path Type:              Setup (Max at Slow Process Corner)
  Requirement:            13.333ns  (soc_crg_clkout0 rise@13.333ns - soc_crg_clkout0 rise@0.000ns)
  Data Path Delay:        13.022ns  (logic 8.933ns (68.597%)  route 4.089ns (31.403%))
  Logic Levels:           14  (CARRY4=7 DSP48E1=2 LUT1=1 LUT2=1 LUT5=1 LUT6=2)
  Clock Path Skew:        -0.039ns (DCD - SCD + CPR)
    Destination Clock Delay (DCD):    10.980ns = ( 24.313 - 13.333 ) 
    Source Clock Delay      (SCD):    11.904ns
    Clock Pessimism Removal (CPR):    0.885ns
  Clock Uncertainty:      0.070ns  ((TSJ^2 + DJ^2)^1/2) / 2 + PE
    Total System Jitter     (TSJ):    0.071ns
    Discrete Jitter          (DJ):    0.121ns
    Phase Error              (PE):    0.000ns

    Location             Delay type                Incr(ns)  Path(ns)    Netlist Resource(s)
  -------------------------------------------------------------------    -------------------
                         (clock soc_crg_clkout0 rise edge)
                                                      0.000     0.000 r  
    E3                                                0.000     0.000 r  clk100 (IN)
                         net (fo=0)                   0.000     0.000    clk100
    E3                   IBUF (Prop_ibuf_I_O)         1.482     1.482 r  clk100_IBUF_inst/O
                         net (fo=1, routed)           2.025     3.506    clk100_IBUF
    BUFGCTRL_X0Y16       BUFG (Prop_bufg_I_O)         0.096     3.602 r  clk100_IBUF_BUFG_inst/O
                         net (fo=1, routed)           2.239     5.842    clk100_IBUF_BUFG
    SLICE_X48Y32         LUT1 (Prop_lut1_I0_O)        0.124     5.966 r  clk100_inst/O
                         net (fo=9, routed)           1.941     7.906    soc_crg_clkin
    MMCME2_ADV_X0Y0      MMCME2_ADV (Prop_mmcme2_adv_CLKIN1_CLKOUT0)
                                                      0.088     7.994 r  MMCME2_ADV/CLKOUT0
                         net (fo=1, routed)           2.018    10.013    soc_crg_clkout0
    BUFGCTRL_X0Y0        BUFG (Prop_bufg_I_O)         0.096    10.109 r  BUFG/O
                         net (fo=4280, routed)        1.795    11.904    VexRiscv/stageB_flusher_counter_reg[0]
    SLICE_X56Y40         FDRE                                         r  VexRiscv/decode_to_execute_RS1_reg[4]_replica/C
  -------------------------------------------------------------------    -------------------
    SLICE_X56Y40         FDRE (Prop_fdre_C_Q)         0.518    12.422 f  VexRiscv/decode_to_execute_RS1_reg[4]_replica/Q
                         net (fo=11, routed)          0.909    13.331    VexRiscv/execute_RS1[4]_repN
    SLICE_X58Y31         LUT1 (Prop_lut1_I0_O)        0.124    13.455 r  VexRiscv/result2__16_i_10/O
                         net (fo=1, routed)           0.000    13.455    VexRiscv/result2__16_i_10_n_0
    SLICE_X58Y31         CARRY4 (Prop_carry4_S[0]_CO[3])
                                                      0.513    13.968 r  VexRiscv/result2__16_i_3/CO[3]
                         net (fo=1, routed)           0.000    13.968    VexRiscv/result2__16_i_3_n_0
    SLICE_X58Y32         CARRY4 (Prop_carry4_CI_CO[3])
                                                      0.117    14.085 r  VexRiscv/result2__16_i_2/CO[3]
                         net (fo=1, routed)           0.000    14.085    VexRiscv/result2__16_i_2_n_0
    SLICE_X58Y33         CARRY4 (Prop_carry4_CI_O[2])
                                                      0.239    14.324 r  VexRiscv/result2__16_i_1/O[2]
                         net (fo=1, routed)           0.595    14.919    Cfu/exponential_softmax/result2__16_0[14]
    DSP48_X1Y13          DSP48E1 (Prop_dsp48e1_A[14]_PCOUT[47])
                                                      4.213    19.132 r  Cfu/exponential_softmax/result2__16/PCOUT[47]
                         net (fo=1, routed)           0.002    19.134    Cfu/exponential_softmax/result2__16_n_106
    DSP48_X1Y14          DSP48E1 (Prop_dsp48e1_PCIN[47]_P[0])
                                                      1.518    20.652 r  Cfu/exponential_softmax/result2__17/P[0]
                         net (fo=2, routed)           0.758    21.409    Cfu/exponential_softmax/result2__17_n_105
    SLICE_X57Y34         LUT2 (Prop_lut2_I0_O)        0.124    21.533 r  Cfu/exponential_softmax/i__carry_i_3__0/O
                         net (fo=1, routed)           0.000    21.533    Cfu/exponential_softmax/i__carry_i_3__0_n_0
    SLICE_X57Y34         CARRY4 (Prop_carry4_S[1]_CO[3])
                                                      0.550    22.083 r  Cfu/exponential_softmax/result2_inferred__1/i__carry/CO[3]
                         net (fo=1, routed)           0.000    22.083    Cfu/exponential_softmax/result2_inferred__1/i__carry_n_0
    SLICE_X57Y35         CARRY4 (Prop_carry4_CI_CO[3])
                                                      0.114    22.197 r  Cfu/exponential_softmax/result2_inferred__1/i__carry__0/CO[3]
                         net (fo=1, routed)           0.000    22.197    Cfu/exponential_softmax/result2_inferred__1/i__carry__0_n_0
    SLICE_X57Y36         CARRY4 (Prop_carry4_CI_CO[3])
                                                      0.114    22.311 r  Cfu/exponential_softmax/result2_inferred__1/i__carry__1/CO[3]
                         net (fo=1, routed)           0.000    22.311    Cfu/exponential_softmax/result2_inferred__1/i__carry__1_n_0
    SLICE_X57Y37         CARRY4 (Prop_carry4_CI_O[2])
                                                      0.239    22.550 r  Cfu/exponential_softmax/result2_inferred__1/i__carry__2/O[2]
                         net (fo=4, routed)           1.026    23.577    Cfu/exponential_softmax/result2_inferred__1/i__carry__2_n_5
    SLICE_X61Y36         LUT5 (Prop_lut5_I4_O)        0.302    23.879 r  Cfu/exponential_softmax/rsp_payload_outputs_0[10]_i_5/O
                         net (fo=1, routed)           0.292    24.171    VexRiscv/rsp_payload_outputs_0_reg[10]_0
    SLICE_X61Y37         LUT6 (Prop_lut6_I2_O)        0.124    24.295 r  VexRiscv/rsp_payload_outputs_0[10]_i_2/O
                         net (fo=1, routed)           0.508    24.802    VexRiscv/rsp_payload_outputs_0[10]_i_2_n_0
    SLICE_X58Y38         LUT6 (Prop_lut6_I2_O)        0.124    24.926 r  VexRiscv/rsp_payload_outputs_0[10]_i_1/O
                         net (fo=1, routed)           0.000    24.926    Cfu/D[9]
    SLICE_X58Y38         FDRE                                         r  Cfu/rsp_payload_outputs_0_reg[10]/D
  -------------------------------------------------------------------    -------------------

                         (clock soc_crg_clkout0 rise edge)
                                                     13.333    13.333 r  
    E3                                                0.000    13.333 r  clk100 (IN)
                         net (fo=0)                   0.000    13.333    clk100
    E3                   IBUF (Prop_ibuf_I_O)         1.411    14.745 r  clk100_IBUF_inst/O
                         net (fo=1, routed)           1.920    16.665    clk100_IBUF
    BUFGCTRL_X0Y16       BUFG (Prop_bufg_I_O)         0.091    16.756 r  clk100_IBUF_BUFG_inst/O
                         net (fo=1, routed)           2.025    18.780    clk100_IBUF_BUFG
    SLICE_X48Y32         LUT1 (Prop_lut1_I0_O)        0.100    18.880 r  clk100_inst/O
                         net (fo=9, routed)           1.668    20.548    soc_crg_clkin
    MMCME2_ADV_X0Y0      MMCME2_ADV (Prop_mmcme2_adv_CLKIN1_CLKOUT0)
                                                      0.083    20.631 r  MMCME2_ADV/CLKOUT0
                         net (fo=1, routed)           1.923    22.554    soc_crg_clkout0
    BUFGCTRL_X0Y0        BUFG (Prop_bufg_I_O)         0.091    22.645 r  BUFG/O
                         net (fo=4280, routed)        1.668    24.313    Cfu/out
    SLICE_X58Y38         FDRE                                         r  Cfu/rsp_payload_outputs_0_reg[10]/C
                         clock pessimism              0.885    25.198    
                         clock uncertainty           -0.070    25.128    
    SLICE_X58Y38         FDRE (Setup_fdre_C_D)        0.079    25.207    Cfu/rsp_payload_outputs_0_reg[10]
  -------------------------------------------------------------------
                         required time                         25.207    
                         arrival time                         -24.926    
  -------------------------------------------------------------------
                         slack                                  0.281    





Min Delay Paths
--------------------------------------------------------------------------------------
Slack (MET) :             0.024ns  (arrival time - required time)
  Source:                 soc_basesoc_uart_rx_fifo_produce_reg[0]/C
                            (rising edge-triggered cell FDRE clocked by soc_crg_clkout0  {rise@0.000ns fall@6.667ns period=13.333ns})
  Destination:            storage_1_reg_0_15_6_9/RAMA/WADR0
                            (rising edge-triggered cell RAMD32 clocked by soc_crg_clkout0  {rise@0.000ns fall@6.667ns period=13.333ns})
  Path Group:             soc_crg_clkout0
  Path Type:              Hold (Min at Fast Process Corner)
  Requirement:            0.000ns  (soc_crg_clkout0 rise@0.000ns - soc_crg_clkout0 rise@0.000ns)
  Data Path Delay:        0.347ns  (logic 0.141ns (40.606%)  route 0.206ns (59.394%))
  Logic Levels:           0  
  Clock Path Skew:        0.013ns (DCD - SCD - CPR)
    Destination Clock Delay (DCD):    4.963ns
    Source Clock Delay      (SCD):    3.951ns
    Clock Pessimism Removal (CPR):    0.999ns

    Location             Delay type                Incr(ns)  Path(ns)    Netlist Resource(s)
  -------------------------------------------------------------------    -------------------
                         (clock soc_crg_clkout0 rise edge)
                                                      0.000     0.000 r  
    E3                                                0.000     0.000 r  clk100 (IN)
                         net (fo=0)                   0.000     0.000    clk100
    E3                   IBUF (Prop_ibuf_I_O)         0.250     0.250 r  clk100_IBUF_inst/O
                         net (fo=1, routed)           0.644     0.894    clk100_IBUF
    BUFGCTRL_X0Y16       BUFG (Prop_bufg_I_O)         0.026     0.920 r  clk100_IBUF_BUFG_inst/O
                         net (fo=1, routed)           0.775     1.695    clk100_IBUF_BUFG
    SLICE_X48Y32         LUT1 (Prop_lut1_I0_O)        0.045     1.740 r  clk100_inst/O
                         net (fo=9, routed)           0.892     2.631    soc_crg_clkin
    MMCME2_ADV_X0Y0      MMCME2_ADV (Prop_mmcme2_adv_CLKIN1_CLKOUT0)
                                                      0.050     2.681 r  MMCME2_ADV/CLKOUT0
                         net (fo=1, routed)           0.648     3.329    soc_crg_clkout0
    BUFGCTRL_X0Y0        BUFG (Prop_bufg_I_O)         0.026     3.355 r  BUFG/O
                         net (fo=4280, routed)        0.596     3.951    sys_clk
    SLICE_X81Y86         FDRE                                         r  soc_basesoc_uart_rx_fifo_produce_reg[0]/C
  -------------------------------------------------------------------    -------------------
    SLICE_X81Y86         FDRE (Prop_fdre_C_Q)         0.141     4.092 r  soc_basesoc_uart_rx_fifo_produce_reg[0]/Q
                         net (fo=20, routed)          0.206     4.298    storage_1_reg_0_15_6_9/ADDRD0
    SLICE_X80Y86         RAMD32                                       r  storage_1_reg_0_15_6_9/RAMA/WADR0
  -------------------------------------------------------------------    -------------------

                         (clock soc_crg_clkout0 rise edge)
                                                      0.000     0.000 r  
    E3                                                0.000     0.000 r  clk100 (IN)
                         net (fo=0)                   0.000     0.000    clk100
    E3                   IBUF (Prop_ibuf_I_O)         0.438     0.438 r  clk100_IBUF_inst/O
                         net (fo=1, routed)           0.699     1.136    clk100_IBUF
    BUFGCTRL_X0Y16       BUFG (Prop_bufg_I_O)         0.029     1.165 r  clk100_IBUF_BUFG_inst/O
                         net (fo=1, routed)           1.077     2.243    clk100_IBUF_BUFG
    SLICE_X48Y32         LUT1 (Prop_lut1_I0_O)        0.056     2.299 r  clk100_inst/O
                         net (fo=9, routed)           1.016     3.314    soc_crg_clkin
    MMCME2_ADV_X0Y0      MMCME2_ADV (Prop_mmcme2_adv_CLKIN1_CLKOUT0)
                                                      0.053     3.367 r  MMCME2_ADV/CLKOUT0
                         net (fo=1, routed)           0.700     4.068    soc_crg_clkout0
    BUFGCTRL_X0Y0        BUFG (Prop_bufg_I_O)         0.029     4.097 r  BUFG/O
                         net (fo=4280, routed)        0.867     4.963    storage_1_reg_0_15_6_9/WCLK
    SLICE_X80Y86         RAMD32                                       r  storage_1_reg_0_15_6_9/RAMA/CLK
                         clock pessimism             -0.999     3.964    
    SLICE_X80Y86         RAMD32 (Hold_ramd32_CLK_WADR0)
                                                      0.310     4.274    storage_1_reg_0_15_6_9/RAMA
  -------------------------------------------------------------------
                         required time                         -4.274    
                         arrival time                           4.298    
  -------------------------------------------------------------------
                         slack                                  0.024    

Slack (MET) :             0.024ns  (arrival time - required time)
  Source:                 soc_basesoc_uart_rx_fifo_produce_reg[0]/C
                            (rising edge-triggered cell FDRE clocked by soc_crg_clkout0  {rise@0.000ns fall@6.667ns period=13.333ns})
  Destination:            storage_1_reg_0_15_6_9/RAMA_D1/WADR0
                            (rising edge-triggered cell RAMD32 clocked by soc_crg_clkout0  {rise@0.000ns fall@6.667ns period=13.333ns})
  Path Group:             soc_crg_clkout0
  Path Type:              Hold (Min at Fast Process Corner)
  Requirement:            0.000ns  (soc_crg_clkout0 rise@0.000ns - soc_crg_clkout0 rise@0.000ns)
  Data Path Delay:        0.347ns  (logic 0.141ns (40.606%)  route 0.206ns (59.394%))
  Logic Levels:           0  
  Clock Path Skew:        0.013ns (DCD - SCD - CPR)
    Destination Clock Delay (DCD):    4.963ns
    Source Clock Delay      (SCD):    3.951ns
    Clock Pessimism Removal (CPR):    0.999ns

    Location             Delay type                Incr(ns)  Path(ns)    Netlist Resource(s)
  -------------------------------------------------------------------    -------------------
                         (clock soc_crg_clkout0 rise edge)
                                                      0.000     0.000 r  
    E3                                                0.000     0.000 r  clk100 (IN)
                         net (fo=0)                   0.000     0.000    clk100
    E3                   IBUF (Prop_ibuf_I_O)         0.250     0.250 r  clk100_IBUF_inst/O
                         net (fo=1, routed)           0.644     0.894    clk100_IBUF
    BUFGCTRL_X0Y16       BUFG (Prop_bufg_I_O)         0.026     0.920 r  clk100_IBUF_BUFG_inst/O
                         net (fo=1, routed)           0.775     1.695    clk100_IBUF_BUFG
    SLICE_X48Y32         LUT1 (Prop_lut1_I0_O)        0.045     1.740 r  clk100_inst/O
                         net (fo=9, routed)           0.892     2.631    soc_crg_clkin
    MMCME2_ADV_X0Y0      MMCME2_ADV (Prop_mmcme2_adv_CLKIN1_CLKOUT0)
                                                      0.050     2.681 r  MMCME2_ADV/CLKOUT0
                         net (fo=1, routed)           0.648     3.329    soc_crg_clkout0
    BUFGCTRL_X0Y0        BUFG (Prop_bufg_I_O)         0.026     3.355 r  BUFG/O
                         net (fo=4280, routed)        0.596     3.951    sys_clk
    SLICE_X81Y86         FDRE                                         r  soc_basesoc_uart_rx_fifo_produce_reg[0]/C
  -------------------------------------------------------------------    -------------------
    SLICE_X81Y86         FDRE (Prop_fdre_C_Q)         0.141     4.092 r  soc_basesoc_uart_rx_fifo_produce_reg[0]/Q
                         net (fo=20, routed)          0.206     4.298    storage_1_reg_0_15_6_9/ADDRD0
    SLICE_X80Y86         RAMD32                                       r  storage_1_reg_0_15_6_9/RAMA_D1/WADR0
  -------------------------------------------------------------------    -------------------

                         (clock soc_crg_clkout0 rise edge)
                                                      0.000     0.000 r  
    E3                                                0.000     0.000 r  clk100 (IN)
                         net (fo=0)                   0.000     0.000    clk100
    E3                   IBUF (Prop_ibuf_I_O)         0.438     0.438 r  clk100_IBUF_inst/O
                         net (fo=1, routed)           0.699     1.136    clk100_IBUF
    BUFGCTRL_X0Y16       BUFG (Prop_bufg_I_O)         0.029     1.165 r  clk100_IBUF_BUFG_inst/O
                         net (fo=1, routed)           1.077     2.243    clk100_IBUF_BUFG
    SLICE_X48Y32         LUT1 (Prop_lut1_I0_O)        0.056     2.299 r  clk100_inst/O
                         net (fo=9, routed)           1.016     3.314    soc_crg_clkin
    MMCME2_ADV_X0Y0      MMCME2_ADV (Prop_mmcme2_adv_CLKIN1_CLKOUT0)
                                                      0.053     3.367 r  MMCME2_ADV/CLKOUT0
                         net (fo=1, routed)           0.700     4.068    soc_crg_clkout0
    BUFGCTRL_X0Y0        BUFG (Prop_bufg_I_O)         0.029     4.097 r  BUFG/O
                         net (fo=4280, routed)        0.867     4.963    storage_1_reg_0_15_6_9/WCLK
    SLICE_X80Y86         RAMD32                                       r  storage_1_reg_0_15_6_9/RAMA_D1/CLK
                         clock pessimism             -0.999     3.964    
    SLICE_X80Y86         RAMD32 (Hold_ramd32_CLK_WADR0)
                                                      0.310     4.274    storage_1_reg_0_15_6_9/RAMA_D1
  -------------------------------------------------------------------
                         required time                         -4.274    
                         arrival time                           4.298    
  -------------------------------------------------------------------
                         slack                                  0.024    

Slack (MET) :             0.024ns  (arrival time - required time)
  Source:                 soc_basesoc_uart_rx_fifo_produce_reg[0]/C
                            (rising edge-triggered cell FDRE clocked by soc_crg_clkout0  {rise@0.000ns fall@6.667ns period=13.333ns})
  Destination:            storage_1_reg_0_15_6_9/RAMB/WADR0
                            (rising edge-triggered cell RAMD32 clocked by soc_crg_clkout0  {rise@0.000ns fall@6.667ns period=13.333ns})
  Path Group:             soc_crg_clkout0
  Path Type:              Hold (Min at Fast Process Corner)
  Requirement:            0.000ns  (soc_crg_clkout0 rise@0.000ns - soc_crg_clkout0 rise@0.000ns)
  Data Path Delay:        0.347ns  (logic 0.141ns (40.606%)  route 0.206ns (59.394%))
  Logic Levels:           0  
  Clock Path Skew:        0.013ns (DCD - SCD - CPR)
    Destination Clock Delay (DCD):    4.963ns
    Source Clock Delay      (SCD):    3.951ns
    Clock Pessimism Removal (CPR):    0.999ns

    Location             Delay type                Incr(ns)  Path(ns)    Netlist Resource(s)
  -------------------------------------------------------------------    -------------------
                         (clock soc_crg_clkout0 rise edge)
                                                      0.000     0.000 r  
    E3                                                0.000     0.000 r  clk100 (IN)
                         net (fo=0)                   0.000     0.000    clk100
    E3                   IBUF (Prop_ibuf_I_O)         0.250     0.250 r  clk100_IBUF_inst/O
                         net (fo=1, routed)           0.644     0.894    clk100_IBUF
    BUFGCTRL_X0Y16       BUFG (Prop_bufg_I_O)         0.026     0.920 r  clk100_IBUF_BUFG_inst/O
                         net (fo=1, routed)           0.775     1.695    clk100_IBUF_BUFG
    SLICE_X48Y32         LUT1 (Prop_lut1_I0_O)        0.045     1.740 r  clk100_inst/O
                         net (fo=9, routed)           0.892     2.631    soc_crg_clkin
    MMCME2_ADV_X0Y0      MMCME2_ADV (Prop_mmcme2_adv_CLKIN1_CLKOUT0)
                                                      0.050     2.681 r  MMCME2_ADV/CLKOUT0
                         net (fo=1, routed)           0.648     3.329    soc_crg_clkout0
    BUFGCTRL_X0Y0        BUFG (Prop_bufg_I_O)         0.026     3.355 r  BUFG/O
                         net (fo=4280, routed)        0.596     3.951    sys_clk
    SLICE_X81Y86         FDRE                                         r  soc_basesoc_uart_rx_fifo_produce_reg[0]/C
  -------------------------------------------------------------------    -------------------
    SLICE_X81Y86         FDRE (Prop_fdre_C_Q)         0.141     4.092 r  soc_basesoc_uart_rx_fifo_produce_reg[0]/Q
                         net (fo=20, routed)          0.206     4.298    storage_1_reg_0_15_6_9/ADDRD0
    SLICE_X80Y86         RAMD32                                       r  storage_1_reg_0_15_6_9/RAMB/WADR0
  -------------------------------------------------------------------    -------------------

                         (clock soc_crg_clkout0 rise edge)
                                                      0.000     0.000 r  
    E3                                                0.000     0.000 r  clk100 (IN)
                         net (fo=0)                   0.000     0.000    clk100
    E3                   IBUF (Prop_ibuf_I_O)         0.438     0.438 r  clk100_IBUF_inst/O
                         net (fo=1, routed)           0.699     1.136    clk100_IBUF
    BUFGCTRL_X0Y16       BUFG (Prop_bufg_I_O)         0.029     1.165 r  clk100_IBUF_BUFG_inst/O
                         net (fo=1, routed)           1.077     2.243    clk100_IBUF_BUFG
    SLICE_X48Y32         LUT1 (Prop_lut1_I0_O)        0.056     2.299 r  clk100_inst/O
                         net (fo=9, routed)           1.016     3.314    soc_crg_clkin
    MMCME2_ADV_X0Y0      MMCME2_ADV (Prop_mmcme2_adv_CLKIN1_CLKOUT0)
                                                      0.053     3.367 r  MMCME2_ADV/CLKOUT0
                         net (fo=1, routed)           0.700     4.068    soc_crg_clkout0
    BUFGCTRL_X0Y0        BUFG (Prop_bufg_I_O)         0.029     4.097 r  BUFG/O
                         net (fo=4280, routed)        0.867     4.963    storage_1_reg_0_15_6_9/WCLK
    SLICE_X80Y86         RAMD32                                       r  storage_1_reg_0_15_6_9/RAMB/CLK
                         clock pessimism             -0.999     3.964    
    SLICE_X80Y86         RAMD32 (Hold_ramd32_CLK_WADR0)
                                                      0.310     4.274    storage_1_reg_0_15_6_9/RAMB
  -------------------------------------------------------------------
                         required time                         -4.274    
                         arrival time                           4.298    
  -------------------------------------------------------------------
                         slack                                  0.024    

Slack (MET) :             0.024ns  (arrival time - required time)
  Source:                 soc_basesoc_uart_rx_fifo_produce_reg[0]/C
                            (rising edge-triggered cell FDRE clocked by soc_crg_clkout0  {rise@0.000ns fall@6.667ns period=13.333ns})
  Destination:            storage_1_reg_0_15_6_9/RAMB_D1/WADR0
                            (rising edge-triggered cell RAMD32 clocked by soc_crg_clkout0  {rise@0.000ns fall@6.667ns period=13.333ns})
  Path Group:             soc_crg_clkout0
  Path Type:              Hold (Min at Fast Process Corner)
  Requirement:            0.000ns  (soc_crg_clkout0 rise@0.000ns - soc_crg_clkout0 rise@0.000ns)
  Data Path Delay:        0.347ns  (logic 0.141ns (40.606%)  route 0.206ns (59.394%))
  Logic Levels:           0  
  Clock Path Skew:        0.013ns (DCD - SCD - CPR)
    Destination Clock Delay (DCD):    4.963ns
    Source Clock Delay      (SCD):    3.951ns
    Clock Pessimism Removal (CPR):    0.999ns

    Location             Delay type                Incr(ns)  Path(ns)    Netlist Resource(s)
  -------------------------------------------------------------------    -------------------
                         (clock soc_crg_clkout0 rise edge)
                                                      0.000     0.000 r  
    E3                                                0.000     0.000 r  clk100 (IN)
                         net (fo=0)                   0.000     0.000    clk100
    E3                   IBUF (Prop_ibuf_I_O)         0.250     0.250 r  clk100_IBUF_inst/O
                         net (fo=1, routed)           0.644     0.894    clk100_IBUF
    BUFGCTRL_X0Y16       BUFG (Prop_bufg_I_O)         0.026     0.920 r  clk100_IBUF_BUFG_inst/O
                         net (fo=1, routed)           0.775     1.695    clk100_IBUF_BUFG
    SLICE_X48Y32         LUT1 (Prop_lut1_I0_O)        0.045     1.740 r  clk100_inst/O
                         net (fo=9, routed)           0.892     2.631    soc_crg_clkin
    MMCME2_ADV_X0Y0      MMCME2_ADV (Prop_mmcme2_adv_CLKIN1_CLKOUT0)
                                                      0.050     2.681 r  MMCME2_ADV/CLKOUT0
                         net (fo=1, routed)           0.648     3.329    soc_crg_clkout0
    BUFGCTRL_X0Y0        BUFG (Prop_bufg_I_O)         0.026     3.355 r  BUFG/O
                         net (fo=4280, routed)        0.596     3.951    sys_clk
    SLICE_X81Y86         FDRE                                         r  soc_basesoc_uart_rx_fifo_produce_reg[0]/C
  -------------------------------------------------------------------    -------------------
    SLICE_X81Y86         FDRE (Prop_fdre_C_Q)         0.141     4.092 r  soc_basesoc_uart_rx_fifo_produce_reg[0]/Q
                         net (fo=20, routed)          0.206     4.298    storage_1_reg_0_15_6_9/ADDRD0
    SLICE_X80Y86         RAMD32                                       r  storage_1_reg_0_15_6_9/RAMB_D1/WADR0
  -------------------------------------------------------------------    -------------------

                         (clock soc_crg_clkout0 rise edge)
                                                      0.000     0.000 r  
    E3                                                0.000     0.000 r  clk100 (IN)
                         net (fo=0)                   0.000     0.000    clk100
    E3                   IBUF (Prop_ibuf_I_O)         0.438     0.438 r  clk100_IBUF_inst/O
                         net (fo=1, routed)           0.699     1.136    clk100_IBUF
    BUFGCTRL_X0Y16       BUFG (Prop_bufg_I_O)         0.029     1.165 r  clk100_IBUF_BUFG_inst/O
                         net (fo=1, routed)           1.077     2.243    clk100_IBUF_BUFG
    SLICE_X48Y32         LUT1 (Prop_lut1_I0_O)        0.056     2.299 r  clk100_inst/O
                         net (fo=9, routed)           1.016     3.314    soc_crg_clkin
    MMCME2_ADV_X0Y0      MMCME2_ADV (Prop_mmcme2_adv_CLKIN1_CLKOUT0)
                                                      0.053     3.367 r  MMCME2_ADV/CLKOUT0
                         net (fo=1, routed)           0.700     4.068    soc_crg_clkout0
    BUFGCTRL_X0Y0        BUFG (Prop_bufg_I_O)         0.029     4.097 r  BUFG/O
                         net (fo=4280, routed)        0.867     4.963    storage_1_reg_0_15_6_9/WCLK
    SLICE_X80Y86         RAMD32                                       r  storage_1_reg_0_15_6_9/RAMB_D1/CLK
                         clock pessimism             -0.999     3.964    
    SLICE_X80Y86         RAMD32 (Hold_ramd32_CLK_WADR0)
                                                      0.310     4.274    storage_1_reg_0_15_6_9/RAMB_D1
  -------------------------------------------------------------------
                         required time                         -4.274    
                         arrival time                           4.298    
  -------------------------------------------------------------------
                         slack                                  0.024    

Slack (MET) :             0.024ns  (arrival time - required time)
  Source:                 soc_basesoc_uart_rx_fifo_produce_reg[0]/C
                            (rising edge-triggered cell FDRE clocked by soc_crg_clkout0  {rise@0.000ns fall@6.667ns period=13.333ns})
  Destination:            storage_1_reg_0_15_6_9/RAMC/WADR0
                            (rising edge-triggered cell RAMD32 clocked by soc_crg_clkout0  {rise@0.000ns fall@6.667ns period=13.333ns})
  Path Group:             soc_crg_clkout0
  Path Type:              Hold (Min at Fast Process Corner)
  Requirement:            0.000ns  (soc_crg_clkout0 rise@0.000ns - soc_crg_clkout0 rise@0.000ns)
  Data Path Delay:        0.347ns  (logic 0.141ns (40.606%)  route 0.206ns (59.394%))
  Logic Levels:           0  
  Clock Path Skew:        0.013ns (DCD - SCD - CPR)
    Destination Clock Delay (DCD):    4.963ns
    Source Clock Delay      (SCD):    3.951ns
    Clock Pessimism Removal (CPR):    0.999ns

    Location             Delay type                Incr(ns)  Path(ns)    Netlist Resource(s)
  -------------------------------------------------------------------    -------------------
                         (clock soc_crg_clkout0 rise edge)
                                                      0.000     0.000 r  
    E3                                                0.000     0.000 r  clk100 (IN)
                         net (fo=0)                   0.000     0.000    clk100
    E3                   IBUF (Prop_ibuf_I_O)         0.250     0.250 r  clk100_IBUF_inst/O
                         net (fo=1, routed)           0.644     0.894    clk100_IBUF
    BUFGCTRL_X0Y16       BUFG (Prop_bufg_I_O)         0.026     0.920 r  clk100_IBUF_BUFG_inst/O
                         net (fo=1, routed)           0.775     1.695    clk100_IBUF_BUFG
    SLICE_X48Y32         LUT1 (Prop_lut1_I0_O)        0.045     1.740 r  clk100_inst/O
                         net (fo=9, routed)           0.892     2.631    soc_crg_clkin
    MMCME2_ADV_X0Y0      MMCME2_ADV (Prop_mmcme2_adv_CLKIN1_CLKOUT0)
                                                      0.050     2.681 r  MMCME2_ADV/CLKOUT0
                         net (fo=1, routed)           0.648     3.329    soc_crg_clkout0
    BUFGCTRL_X0Y0        BUFG (Prop_bufg_I_O)         0.026     3.355 r  BUFG/O
                         net (fo=4280, routed)        0.596     3.951    sys_clk
    SLICE_X81Y86         FDRE                                         r  soc_basesoc_uart_rx_fifo_produce_reg[0]/C
  -------------------------------------------------------------------    -------------------
    SLICE_X81Y86         FDRE (Prop_fdre_C_Q)         0.141     4.092 r  soc_basesoc_uart_rx_fifo_produce_reg[0]/Q
                         net (fo=20, routed)          0.206     4.298    storage_1_reg_0_15_6_9/ADDRD0
    SLICE_X80Y86         RAMD32                                       r  storage_1_reg_0_15_6_9/RAMC/WADR0
  -------------------------------------------------------------------    -------------------

                         (clock soc_crg_clkout0 rise edge)
                                                      0.000     0.000 r  
    E3                                                0.000     0.000 r  clk100 (IN)
                         net (fo=0)                   0.000     0.000    clk100
    E3                   IBUF (Prop_ibuf_I_O)         0.438     0.438 r  clk100_IBUF_inst/O
                         net (fo=1, routed)           0.699     1.136    clk100_IBUF
    BUFGCTRL_X0Y16       BUFG (Prop_bufg_I_O)         0.029     1.165 r  clk100_IBUF_BUFG_inst/O
                         net (fo=1, routed)           1.077     2.243    clk100_IBUF_BUFG
    SLICE_X48Y32         LUT1 (Prop_lut1_I0_O)        0.056     2.299 r  clk100_inst/O
                         net (fo=9, routed)           1.016     3.314    soc_crg_clkin
    MMCME2_ADV_X0Y0      MMCME2_ADV (Prop_mmcme2_adv_CLKIN1_CLKOUT0)
                                                      0.053     3.367 r  MMCME2_ADV/CLKOUT0
                         net (fo=1, routed)           0.700     4.068    soc_crg_clkout0
    BUFGCTRL_X0Y0        BUFG (Prop_bufg_I_O)         0.029     4.097 r  BUFG/O
                         net (fo=4280, routed)        0.867     4.963    storage_1_reg_0_15_6_9/WCLK
    SLICE_X80Y86         RAMD32                                       r  storage_1_reg_0_15_6_9/RAMC/CLK
                         clock pessimism             -0.999     3.964    
    SLICE_X80Y86         RAMD32 (Hold_ramd32_CLK_WADR0)
                                                      0.310     4.274    storage_1_reg_0_15_6_9/RAMC
  -------------------------------------------------------------------
                         required time                         -4.274    
                         arrival time                           4.298    
  -------------------------------------------------------------------
                         slack                                  0.024    

Slack (MET) :             0.024ns  (arrival time - required time)
  Source:                 soc_basesoc_uart_rx_fifo_produce_reg[0]/C
                            (rising edge-triggered cell FDRE clocked by soc_crg_clkout0  {rise@0.000ns fall@6.667ns period=13.333ns})
  Destination:            storage_1_reg_0_15_6_9/RAMC_D1/WADR0
                            (rising edge-triggered cell RAMD32 clocked by soc_crg_clkout0  {rise@0.000ns fall@6.667ns period=13.333ns})
  Path Group:             soc_crg_clkout0
  Path Type:              Hold (Min at Fast Process Corner)
  Requirement:            0.000ns  (soc_crg_clkout0 rise@0.000ns - soc_crg_clkout0 rise@0.000ns)
  Data Path Delay:        0.347ns  (logic 0.141ns (40.606%)  route 0.206ns (59.394%))
  Logic Levels:           0  
  Clock Path Skew:        0.013ns (DCD - SCD - CPR)
    Destination Clock Delay (DCD):    4.963ns
    Source Clock Delay      (SCD):    3.951ns
    Clock Pessimism Removal (CPR):    0.999ns

    Location             Delay type                Incr(ns)  Path(ns)    Netlist Resource(s)
  -------------------------------------------------------------------    -------------------
                         (clock soc_crg_clkout0 rise edge)
                                                      0.000     0.000 r  
    E3                                                0.000     0.000 r  clk100 (IN)
                         net (fo=0)                   0.000     0.000    clk100
    E3                   IBUF (Prop_ibuf_I_O)         0.250     0.250 r  clk100_IBUF_inst/O
                         net (fo=1, routed)           0.644     0.894    clk100_IBUF
    BUFGCTRL_X0Y16       BUFG (Prop_bufg_I_O)         0.026     0.920 r  clk100_IBUF_BUFG_inst/O
                         net (fo=1, routed)           0.775     1.695    clk100_IBUF_BUFG
    SLICE_X48Y32         LUT1 (Prop_lut1_I0_O)        0.045     1.740 r  clk100_inst/O
                         net (fo=9, routed)           0.892     2.631    soc_crg_clkin
    MMCME2_ADV_X0Y0      MMCME2_ADV (Prop_mmcme2_adv_CLKIN1_CLKOUT0)
                                                      0.050     2.681 r  MMCME2_ADV/CLKOUT0
                         net (fo=1, routed)           0.648     3.329    soc_crg_clkout0
    BUFGCTRL_X0Y0        BUFG (Prop_bufg_I_O)         0.026     3.355 r  BUFG/O
                         net (fo=4280, routed)        0.596     3.951    sys_clk
    SLICE_X81Y86         FDRE                                         r  soc_basesoc_uart_rx_fifo_produce_reg[0]/C
  -------------------------------------------------------------------    -------------------
    SLICE_X81Y86         FDRE (Prop_fdre_C_Q)         0.141     4.092 r  soc_basesoc_uart_rx_fifo_produce_reg[0]/Q
                         net (fo=20, routed)          0.206     4.298    storage_1_reg_0_15_6_9/ADDRD0
    SLICE_X80Y86         RAMD32                                       r  storage_1_reg_0_15_6_9/RAMC_D1/WADR0
  -------------------------------------------------------------------    -------------------

                         (clock soc_crg_clkout0 rise edge)
                                                      0.000     0.000 r  
    E3                                                0.000     0.000 r  clk100 (IN)
                         net (fo=0)                   0.000     0.000    clk100
    E3                   IBUF (Prop_ibuf_I_O)         0.438     0.438 r  clk100_IBUF_inst/O
                         net (fo=1, routed)           0.699     1.136    clk100_IBUF
    BUFGCTRL_X0Y16       BUFG (Prop_bufg_I_O)         0.029     1.165 r  clk100_IBUF_BUFG_inst/O
                         net (fo=1, routed)           1.077     2.243    clk100_IBUF_BUFG
    SLICE_X48Y32         LUT1 (Prop_lut1_I0_O)        0.056     2.299 r  clk100_inst/O
                         net (fo=9, routed)           1.016     3.314    soc_crg_clkin
    MMCME2_ADV_X0Y0      MMCME2_ADV (Prop_mmcme2_adv_CLKIN1_CLKOUT0)
                                                      0.053     3.367 r  MMCME2_ADV/CLKOUT0
                         net (fo=1, routed)           0.700     4.068    soc_crg_clkout0
    BUFGCTRL_X0Y0        BUFG (Prop_bufg_I_O)         0.029     4.097 r  BUFG/O
                         net (fo=4280, routed)        0.867     4.963    storage_1_reg_0_15_6_9/WCLK
    SLICE_X80Y86         RAMD32                                       r  storage_1_reg_0_15_6_9/RAMC_D1/CLK
                         clock pessimism             -0.999     3.964    
    SLICE_X80Y86         RAMD32 (Hold_ramd32_CLK_WADR0)
                                                      0.310     4.274    storage_1_reg_0_15_6_9/RAMC_D1
  -------------------------------------------------------------------
                         required time                         -4.274    
                         arrival time                           4.298    
  -------------------------------------------------------------------
                         slack                                  0.024    

Slack (MET) :             0.024ns  (arrival time - required time)
  Source:                 soc_basesoc_uart_rx_fifo_produce_reg[0]/C
                            (rising edge-triggered cell FDRE clocked by soc_crg_clkout0  {rise@0.000ns fall@6.667ns period=13.333ns})
  Destination:            storage_1_reg_0_15_6_9/RAMD/ADR0
                            (rising edge-triggered cell RAMS32 clocked by soc_crg_clkout0  {rise@0.000ns fall@6.667ns period=13.333ns})
  Path Group:             soc_crg_clkout0
  Path Type:              Hold (Min at Fast Process Corner)
  Requirement:            0.000ns  (soc_crg_clkout0 rise@0.000ns - soc_crg_clkout0 rise@0.000ns)
  Data Path Delay:        0.347ns  (logic 0.141ns (40.606%)  route 0.206ns (59.394%))
  Logic Levels:           0  
  Clock Path Skew:        0.013ns (DCD - SCD - CPR)
    Destination Clock Delay (DCD):    4.963ns
    Source Clock Delay      (SCD):    3.951ns
    Clock Pessimism Removal (CPR):    0.999ns

    Location             Delay type                Incr(ns)  Path(ns)    Netlist Resource(s)
  -------------------------------------------------------------------    -------------------
                         (clock soc_crg_clkout0 rise edge)
                                                      0.000     0.000 r  
    E3                                                0.000     0.000 r  clk100 (IN)
                         net (fo=0)                   0.000     0.000    clk100
    E3                   IBUF (Prop_ibuf_I_O)         0.250     0.250 r  clk100_IBUF_inst/O
                         net (fo=1, routed)           0.644     0.894    clk100_IBUF
    BUFGCTRL_X0Y16       BUFG (Prop_bufg_I_O)         0.026     0.920 r  clk100_IBUF_BUFG_inst/O
                         net (fo=1, routed)           0.775     1.695    clk100_IBUF_BUFG
    SLICE_X48Y32         LUT1 (Prop_lut1_I0_O)        0.045     1.740 r  clk100_inst/O
                         net (fo=9, routed)           0.892     2.631    soc_crg_clkin
    MMCME2_ADV_X0Y0      MMCME2_ADV (Prop_mmcme2_adv_CLKIN1_CLKOUT0)
                                                      0.050     2.681 r  MMCME2_ADV/CLKOUT0
                         net (fo=1, routed)           0.648     3.329    soc_crg_clkout0
    BUFGCTRL_X0Y0        BUFG (Prop_bufg_I_O)         0.026     3.355 r  BUFG/O
                         net (fo=4280, routed)        0.596     3.951    sys_clk
    SLICE_X81Y86         FDRE                                         r  soc_basesoc_uart_rx_fifo_produce_reg[0]/C
  -------------------------------------------------------------------    -------------------
    SLICE_X81Y86         FDRE (Prop_fdre_C_Q)         0.141     4.092 r  soc_basesoc_uart_rx_fifo_produce_reg[0]/Q
                         net (fo=20, routed)          0.206     4.298    storage_1_reg_0_15_6_9/ADDRD0
    SLICE_X80Y86         RAMS32                                       r  storage_1_reg_0_15_6_9/RAMD/ADR0
  -------------------------------------------------------------------    -------------------

                         (clock soc_crg_clkout0 rise edge)
                                                      0.000     0.000 r  
    E3                                                0.000     0.000 r  clk100 (IN)
                         net (fo=0)                   0.000     0.000    clk100
    E3                   IBUF (Prop_ibuf_I_O)         0.438     0.438 r  clk100_IBUF_inst/O
                         net (fo=1, routed)           0.699     1.136    clk100_IBUF
    BUFGCTRL_X0Y16       BUFG (Prop_bufg_I_O)         0.029     1.165 r  clk100_IBUF_BUFG_inst/O
                         net (fo=1, routed)           1.077     2.243    clk100_IBUF_BUFG
    SLICE_X48Y32         LUT1 (Prop_lut1_I0_O)        0.056     2.299 r  clk100_inst/O
                         net (fo=9, routed)           1.016     3.314    soc_crg_clkin
    MMCME2_ADV_X0Y0      MMCME2_ADV (Prop_mmcme2_adv_CLKIN1_CLKOUT0)
                                                      0.053     3.367 r  MMCME2_ADV/CLKOUT0
                         net (fo=1, routed)           0.700     4.068    soc_crg_clkout0
    BUFGCTRL_X0Y0        BUFG (Prop_bufg_I_O)         0.029     4.097 r  BUFG/O
                         net (fo=4280, routed)        0.867     4.963    storage_1_reg_0_15_6_9/WCLK
    SLICE_X80Y86         RAMS32                                       r  storage_1_reg_0_15_6_9/RAMD/CLK
                         clock pessimism             -0.999     3.964    
    SLICE_X80Y86         RAMS32 (Hold_rams32_CLK_ADR0)
                                                      0.310     4.274    storage_1_reg_0_15_6_9/RAMD
  -------------------------------------------------------------------
                         required time                         -4.274    
                         arrival time                           4.298    
  -------------------------------------------------------------------
                         slack                                  0.024    

Slack (MET) :             0.024ns  (arrival time - required time)
  Source:                 soc_basesoc_uart_rx_fifo_produce_reg[0]/C
                            (rising edge-triggered cell FDRE clocked by soc_crg_clkout0  {rise@0.000ns fall@6.667ns period=13.333ns})
  Destination:            storage_1_reg_0_15_6_9/RAMD_D1/ADR0
                            (rising edge-triggered cell RAMS32 clocked by soc_crg_clkout0  {rise@0.000ns fall@6.667ns period=13.333ns})
  Path Group:             soc_crg_clkout0
  Path Type:              Hold (Min at Fast Process Corner)
  Requirement:            0.000ns  (soc_crg_clkout0 rise@0.000ns - soc_crg_clkout0 rise@0.000ns)
  Data Path Delay:        0.347ns  (logic 0.141ns (40.606%)  route 0.206ns (59.394%))
  Logic Levels:           0  
  Clock Path Skew:        0.013ns (DCD - SCD - CPR)
    Destination Clock Delay (DCD):    4.963ns
    Source Clock Delay      (SCD):    3.951ns
    Clock Pessimism Removal (CPR):    0.999ns

    Location             Delay type                Incr(ns)  Path(ns)    Netlist Resource(s)
  -------------------------------------------------------------------    -------------------
                         (clock soc_crg_clkout0 rise edge)
                                                      0.000     0.000 r  
    E3                                                0.000     0.000 r  clk100 (IN)
                         net (fo=0)                   0.000     0.000    clk100
    E3                   IBUF (Prop_ibuf_I_O)         0.250     0.250 r  clk100_IBUF_inst/O
                         net (fo=1, routed)           0.644     0.894    clk100_IBUF
    BUFGCTRL_X0Y16       BUFG (Prop_bufg_I_O)         0.026     0.920 r  clk100_IBUF_BUFG_inst/O
                         net (fo=1, routed)           0.775     1.695    clk100_IBUF_BUFG
    SLICE_X48Y32         LUT1 (Prop_lut1_I0_O)        0.045     1.740 r  clk100_inst/O
                         net (fo=9, routed)           0.892     2.631    soc_crg_clkin
    MMCME2_ADV_X0Y0      MMCME2_ADV (Prop_mmcme2_adv_CLKIN1_CLKOUT0)
                                                      0.050     2.681 r  MMCME2_ADV/CLKOUT0
                         net (fo=1, routed)           0.648     3.329    soc_crg_clkout0
    BUFGCTRL_X0Y0        BUFG (Prop_bufg_I_O)         0.026     3.355 r  BUFG/O
                         net (fo=4280, routed)        0.596     3.951    sys_clk
    SLICE_X81Y86         FDRE                                         r  soc_basesoc_uart_rx_fifo_produce_reg[0]/C
  -------------------------------------------------------------------    -------------------
    SLICE_X81Y86         FDRE (Prop_fdre_C_Q)         0.141     4.092 r  soc_basesoc_uart_rx_fifo_produce_reg[0]/Q
                         net (fo=20, routed)          0.206     4.298    storage_1_reg_0_15_6_9/ADDRD0
    SLICE_X80Y86         RAMS32                                       r  storage_1_reg_0_15_6_9/RAMD_D1/ADR0
  -------------------------------------------------------------------    -------------------

                         (clock soc_crg_clkout0 rise edge)
                                                      0.000     0.000 r  
    E3                                                0.000     0.000 r  clk100 (IN)
                         net (fo=0)                   0.000     0.000    clk100
    E3                   IBUF (Prop_ibuf_I_O)         0.438     0.438 r  clk100_IBUF_inst/O
                         net (fo=1, routed)           0.699     1.136    clk100_IBUF
    BUFGCTRL_X0Y16       BUFG (Prop_bufg_I_O)         0.029     1.165 r  clk100_IBUF_BUFG_inst/O
                         net (fo=1, routed)           1.077     2.243    clk100_IBUF_BUFG
    SLICE_X48Y32         LUT1 (Prop_lut1_I0_O)        0.056     2.299 r  clk100_inst/O
                         net (fo=9, routed)           1.016     3.314    soc_crg_clkin
    MMCME2_ADV_X0Y0      MMCME2_ADV (Prop_mmcme2_adv_CLKIN1_CLKOUT0)
                                                      0.053     3.367 r  MMCME2_ADV/CLKOUT0
                         net (fo=1, routed)           0.700     4.068    soc_crg_clkout0
    BUFGCTRL_X0Y0        BUFG (Prop_bufg_I_O)         0.029     4.097 r  BUFG/O
                         net (fo=4280, routed)        0.867     4.963    storage_1_reg_0_15_6_9/WCLK
    SLICE_X80Y86         RAMS32                                       r  storage_1_reg_0_15_6_9/RAMD_D1/CLK
                         clock pessimism             -0.999     3.964    
    SLICE_X80Y86         RAMS32 (Hold_rams32_CLK_ADR0)
                                                      0.310     4.274    storage_1_reg_0_15_6_9/RAMD_D1
  -------------------------------------------------------------------
                         required time                         -4.274    
                         arrival time                           4.298    
  -------------------------------------------------------------------
                         slack                                  0.024    

Slack (MET) :             0.024ns  (arrival time - required time)
  Source:                 soc_basesoc_uart_tx_fifo_produce_reg[0]/C
                            (rising edge-triggered cell FDRE clocked by soc_crg_clkout0  {rise@0.000ns fall@6.667ns period=13.333ns})
  Destination:            storage_reg_0_15_6_9/RAMA/WADR0
                            (rising edge-triggered cell RAMD32 clocked by soc_crg_clkout0  {rise@0.000ns fall@6.667ns period=13.333ns})
  Path Group:             soc_crg_clkout0
  Path Type:              Hold (Min at Fast Process Corner)
  Requirement:            0.000ns  (soc_crg_clkout0 rise@0.000ns - soc_crg_clkout0 rise@0.000ns)
  Data Path Delay:        0.347ns  (logic 0.141ns (40.599%)  route 0.206ns (59.401%))
  Logic Levels:           0  
  Clock Path Skew:        0.013ns (DCD - SCD - CPR)
    Destination Clock Delay (DCD):    4.959ns
    Source Clock Delay      (SCD):    3.948ns
    Clock Pessimism Removal (CPR):    0.998ns

    Location             Delay type                Incr(ns)  Path(ns)    Netlist Resource(s)
  -------------------------------------------------------------------    -------------------
                         (clock soc_crg_clkout0 rise edge)
                                                      0.000     0.000 r  
    E3                                                0.000     0.000 r  clk100 (IN)
                         net (fo=0)                   0.000     0.000    clk100
    E3                   IBUF (Prop_ibuf_I_O)         0.250     0.250 r  clk100_IBUF_inst/O
                         net (fo=1, routed)           0.644     0.894    clk100_IBUF
    BUFGCTRL_X0Y16       BUFG (Prop_bufg_I_O)         0.026     0.920 r  clk100_IBUF_BUFG_inst/O
                         net (fo=1, routed)           0.775     1.695    clk100_IBUF_BUFG
    SLICE_X48Y32         LUT1 (Prop_lut1_I0_O)        0.045     1.740 r  clk100_inst/O
                         net (fo=9, routed)           0.892     2.631    soc_crg_clkin
    MMCME2_ADV_X0Y0      MMCME2_ADV (Prop_mmcme2_adv_CLKIN1_CLKOUT0)
                                                      0.050     2.681 r  MMCME2_ADV/CLKOUT0
                         net (fo=1, routed)           0.648     3.329    soc_crg_clkout0
    BUFGCTRL_X0Y0        BUFG (Prop_bufg_I_O)         0.026     3.355 r  BUFG/O
                         net (fo=4280, routed)        0.593     3.948    sys_clk
    SLICE_X81Y81         FDRE                                         r  soc_basesoc_uart_tx_fifo_produce_reg[0]/C
  -------------------------------------------------------------------    -------------------
    SLICE_X81Y81         FDRE (Prop_fdre_C_Q)         0.141     4.089 r  soc_basesoc_uart_tx_fifo_produce_reg[0]/Q
                         net (fo=20, routed)          0.206     4.295    storage_reg_0_15_6_9/ADDRD0
    SLICE_X80Y81         RAMD32                                       r  storage_reg_0_15_6_9/RAMA/WADR0
  -------------------------------------------------------------------    -------------------

                         (clock soc_crg_clkout0 rise edge)
                                                      0.000     0.000 r  
    E3                                                0.000     0.000 r  clk100 (IN)
                         net (fo=0)                   0.000     0.000    clk100
    E3                   IBUF (Prop_ibuf_I_O)         0.438     0.438 r  clk100_IBUF_inst/O
                         net (fo=1, routed)           0.699     1.136    clk100_IBUF
    BUFGCTRL_X0Y16       BUFG (Prop_bufg_I_O)         0.029     1.165 r  clk100_IBUF_BUFG_inst/O
                         net (fo=1, routed)           1.077     2.243    clk100_IBUF_BUFG
    SLICE_X48Y32         LUT1 (Prop_lut1_I0_O)        0.056     2.299 r  clk100_inst/O
                         net (fo=9, routed)           1.016     3.314    soc_crg_clkin
    MMCME2_ADV_X0Y0      MMCME2_ADV (Prop_mmcme2_adv_CLKIN1_CLKOUT0)
                                                      0.053     3.367 r  MMCME2_ADV/CLKOUT0
                         net (fo=1, routed)           0.700     4.068    soc_crg_clkout0
    BUFGCTRL_X0Y0        BUFG (Prop_bufg_I_O)         0.029     4.097 r  BUFG/O
                         net (fo=4280, routed)        0.863     4.959    storage_reg_0_15_6_9/WCLK
    SLICE_X80Y81         RAMD32                                       r  storage_reg_0_15_6_9/RAMA/CLK
                         clock pessimism             -0.998     3.961    
    SLICE_X80Y81         RAMD32 (Hold_ramd32_CLK_WADR0)
                                                      0.310     4.271    storage_reg_0_15_6_9/RAMA
  -------------------------------------------------------------------
                         required time                         -4.271    
                         arrival time                           4.295    
  -------------------------------------------------------------------
                         slack                                  0.024    

Slack (MET) :             0.024ns  (arrival time - required time)
  Source:                 soc_basesoc_uart_tx_fifo_produce_reg[0]/C
                            (rising edge-triggered cell FDRE clocked by soc_crg_clkout0  {rise@0.000ns fall@6.667ns period=13.333ns})
  Destination:            storage_reg_0_15_6_9/RAMA_D1/WADR0
                            (rising edge-triggered cell RAMD32 clocked by soc_crg_clkout0  {rise@0.000ns fall@6.667ns period=13.333ns})
  Path Group:             soc_crg_clkout0
  Path Type:              Hold (Min at Fast Process Corner)
  Requirement:            0.000ns  (soc_crg_clkout0 rise@0.000ns - soc_crg_clkout0 rise@0.000ns)
  Data Path Delay:        0.347ns  (logic 0.141ns (40.599%)  route 0.206ns (59.401%))
  Logic Levels:           0  
  Clock Path Skew:        0.013ns (DCD - SCD - CPR)
    Destination Clock Delay (DCD):    4.959ns
    Source Clock Delay      (SCD):    3.948ns
    Clock Pessimism Removal (CPR):    0.998ns

    Location             Delay type                Incr(ns)  Path(ns)    Netlist Resource(s)
  -------------------------------------------------------------------    -------------------
                         (clock soc_crg_clkout0 rise edge)
                                                      0.000     0.000 r  
    E3                                                0.000     0.000 r  clk100 (IN)
                         net (fo=0)                   0.000     0.000    clk100
    E3                   IBUF (Prop_ibuf_I_O)         0.250     0.250 r  clk100_IBUF_inst/O
                         net (fo=1, routed)           0.644     0.894    clk100_IBUF
    BUFGCTRL_X0Y16       BUFG (Prop_bufg_I_O)         0.026     0.920 r  clk100_IBUF_BUFG_inst/O
                         net (fo=1, routed)           0.775     1.695    clk100_IBUF_BUFG
    SLICE_X48Y32         LUT1 (Prop_lut1_I0_O)        0.045     1.740 r  clk100_inst/O
                         net (fo=9, routed)           0.892     2.631    soc_crg_clkin
    MMCME2_ADV_X0Y0      MMCME2_ADV (Prop_mmcme2_adv_CLKIN1_CLKOUT0)
                                                      0.050     2.681 r  MMCME2_ADV/CLKOUT0
                         net (fo=1, routed)           0.648     3.329    soc_crg_clkout0
    BUFGCTRL_X0Y0        BUFG (Prop_bufg_I_O)         0.026     3.355 r  BUFG/O
                         net (fo=4280, routed)        0.593     3.948    sys_clk
    SLICE_X81Y81         FDRE                                         r  soc_basesoc_uart_tx_fifo_produce_reg[0]/C
  -------------------------------------------------------------------    -------------------
    SLICE_X81Y81         FDRE (Prop_fdre_C_Q)         0.141     4.089 r  soc_basesoc_uart_tx_fifo_produce_reg[0]/Q
                         net (fo=20, routed)          0.206     4.295    storage_reg_0_15_6_9/ADDRD0
    SLICE_X80Y81         RAMD32                                       r  storage_reg_0_15_6_9/RAMA_D1/WADR0
  -------------------------------------------------------------------    -------------------

                         (clock soc_crg_clkout0 rise edge)
                                                      0.000     0.000 r  
    E3                                                0.000     0.000 r  clk100 (IN)
                         net (fo=0)                   0.000     0.000    clk100
    E3                   IBUF (Prop_ibuf_I_O)         0.438     0.438 r  clk100_IBUF_inst/O
                         net (fo=1, routed)           0.699     1.136    clk100_IBUF
    BUFGCTRL_X0Y16       BUFG (Prop_bufg_I_O)         0.029     1.165 r  clk100_IBUF_BUFG_inst/O
                         net (fo=1, routed)           1.077     2.243    clk100_IBUF_BUFG
    SLICE_X48Y32         LUT1 (Prop_lut1_I0_O)        0.056     2.299 r  clk100_inst/O
                         net (fo=9, routed)           1.016     3.314    soc_crg_clkin
    MMCME2_ADV_X0Y0      MMCME2_ADV (Prop_mmcme2_adv_CLKIN1_CLKOUT0)
                                                      0.053     3.367 r  MMCME2_ADV/CLKOUT0
                         net (fo=1, routed)           0.700     4.068    soc_crg_clkout0
    BUFGCTRL_X0Y0        BUFG (Prop_bufg_I_O)         0.029     4.097 r  BUFG/O
                         net (fo=4280, routed)        0.863     4.959    storage_reg_0_15_6_9/WCLK
    SLICE_X80Y81         RAMD32                                       r  storage_reg_0_15_6_9/RAMA_D1/CLK
                         clock pessimism             -0.998     3.961    
    SLICE_X80Y81         RAMD32 (Hold_ramd32_CLK_WADR0)
                                                      0.310     4.271    storage_reg_0_15_6_9/RAMA_D1
  -------------------------------------------------------------------
                         required time                         -4.271    
                         arrival time                           4.295    
  -------------------------------------------------------------------
                         slack                                  0.024    





Pulse Width Checks
--------------------------------------------------------------------------------------
Clock Name:         soc_crg_clkout0
Waveform(ns):       { 0.000 6.667 }
Period(ns):         13.333
Sources:            { MMCME2_ADV/CLKOUT0 }

Check Type        Corner  Lib Pin             Reference Pin  Required(ns)  Actual(ns)  Slack(ns)  Location         Pin
Min Period        n/a     RAMB18E1/CLKARDCLK  n/a            2.944         13.333      10.389     RAMB18_X1Y22     VexRiscv/RegFilePlugin_regFile_reg_1/CLKARDCLK
Min Period        n/a     RAMB18E1/CLKBWRCLK  n/a            2.944         13.333      10.389     RAMB18_X1Y22     VexRiscv/RegFilePlugin_regFile_reg_1/CLKBWRCLK
Min Period        n/a     RAMB18E1/CLKARDCLK  n/a            2.944         13.333      10.389     RAMB18_X1Y23     VexRiscv/RegFilePlugin_regFile_reg_2/CLKARDCLK
Min Period        n/a     RAMB18E1/CLKBWRCLK  n/a            2.944         13.333      10.389     RAMB18_X1Y23     VexRiscv/RegFilePlugin_regFile_reg_2/CLKBWRCLK
Min Period        n/a     RAMB36E1/CLKARDCLK  n/a            2.944         13.333      10.389     RAMB36_X1Y13     VexRiscv/IBusCachedPlugin_cache/banks_0_reg_0/CLKARDCLK
Min Period        n/a     RAMB36E1/CLKARDCLK  n/a            2.944         13.333      10.389     RAMB36_X1Y15     VexRiscv/IBusCachedPlugin_cache/banks_0_reg_1/CLKARDCLK
Min Period        n/a     RAMB18E1/CLKARDCLK  n/a            2.944         13.333      10.389     RAMB18_X1Y28     VexRiscv/IBusCachedPlugin_cache/ways_0_tags_reg/CLKARDCLK
Min Period        n/a     RAMB18E1/CLKBWRCLK  n/a            2.944         13.333      10.389     RAMB18_X1Y28     VexRiscv/IBusCachedPlugin_cache/ways_0_tags_reg/CLKBWRCLK
Min Period        n/a     RAMB18E1/CLKARDCLK  n/a            2.944         13.333      10.389     RAMB18_X1Y24     VexRiscv/dataCache_1/ways_0_data_symbol0_reg/CLKARDCLK
Min Period        n/a     RAMB18E1/CLKARDCLK  n/a            2.944         13.333      10.389     RAMB18_X2Y28     VexRiscv/dataCache_1/ways_0_data_symbol1_reg/CLKARDCLK
Max Period        n/a     MMCME2_ADV/CLKOUT0  n/a            213.360       13.333      200.027    MMCME2_ADV_X0Y0  MMCME2_ADV/CLKOUT0
Low Pulse Width   Slow    RAMD32/CLK          n/a            1.250         6.667       5.417      SLICE_X80Y85     storage_1_reg_0_15_0_5/RAMA/CLK
Low Pulse Width   Fast    RAMD32/CLK          n/a            1.250         6.667       5.417      SLICE_X80Y85     storage_1_reg_0_15_0_5/RAMA/CLK
Low Pulse Width   Slow    RAMD32/CLK          n/a            1.250         6.667       5.417      SLICE_X80Y85     storage_1_reg_0_15_0_5/RAMA_D1/CLK
Low Pulse Width   Fast    RAMD32/CLK          n/a            1.250         6.667       5.417      SLICE_X80Y85     storage_1_reg_0_15_0_5/RAMA_D1/CLK
Low Pulse Width   Slow    RAMD32/CLK          n/a            1.250         6.667       5.417      SLICE_X80Y85     storage_1_reg_0_15_0_5/RAMB/CLK
Low Pulse Width   Fast    RAMD32/CLK          n/a            1.250         6.667       5.417      SLICE_X80Y85     storage_1_reg_0_15_0_5/RAMB/CLK
Low Pulse Width   Slow    RAMD32/CLK          n/a            1.250         6.667       5.417      SLICE_X80Y85     storage_1_reg_0_15_0_5/RAMB_D1/CLK
Low Pulse Width   Fast    RAMD32/CLK          n/a            1.250         6.667       5.417      SLICE_X80Y85     storage_1_reg_0_15_0_5/RAMB_D1/CLK
Low Pulse Width   Slow    RAMD32/CLK          n/a            1.250         6.667       5.417      SLICE_X80Y85     storage_1_reg_0_15_0_5/RAMC/CLK
Low Pulse Width   Fast    RAMD32/CLK          n/a            1.250         6.667       5.417      SLICE_X80Y85     storage_1_reg_0_15_0_5/RAMC/CLK
High Pulse Width  Slow    RAMD32/CLK          n/a            1.250         6.667       5.417      SLICE_X80Y85     storage_1_reg_0_15_0_5/RAMA/CLK
High Pulse Width  Fast    RAMD32/CLK          n/a            1.250         6.667       5.417      SLICE_X80Y85     storage_1_reg_0_15_0_5/RAMA/CLK
High Pulse Width  Slow    RAMD32/CLK          n/a            1.250         6.667       5.417      SLICE_X80Y85     storage_1_reg_0_15_0_5/RAMA_D1/CLK
High Pulse Width  Fast    RAMD32/CLK          n/a            1.250         6.667       5.417      SLICE_X80Y85     storage_1_reg_0_15_0_5/RAMA_D1/CLK
High Pulse Width  Slow    RAMD32/CLK          n/a            1.250         6.667       5.417      SLICE_X80Y85     storage_1_reg_0_15_0_5/RAMB/CLK
High Pulse Width  Fast    RAMD32/CLK          n/a            1.250         6.667       5.417      SLICE_X80Y85     storage_1_reg_0_15_0_5/RAMB/CLK
High Pulse Width  Slow    RAMD32/CLK          n/a            1.250         6.667       5.417      SLICE_X80Y85     storage_1_reg_0_15_0_5/RAMB_D1/CLK
High Pulse Width  Fast    RAMD32/CLK          n/a            1.250         6.667       5.417      SLICE_X80Y85     storage_1_reg_0_15_0_5/RAMB_D1/CLK
High Pulse Width  Slow    RAMD32/CLK          n/a            1.250         6.667       5.417      SLICE_X80Y85     storage_1_reg_0_15_0_5/RAMC/CLK
High Pulse Width  Fast    RAMD32/CLK          n/a            1.250         6.667       5.417      SLICE_X80Y85     storage_1_reg_0_15_0_5/RAMC/CLK



---------------------------------------------------------------------------------------------------
From Clock:  soc_crg_clkout1
  To Clock:  soc_crg_clkout1

Setup :           NA  Failing Endpoints,  Worst Slack           NA  ,  Total Violation           NA
Hold  :           NA  Failing Endpoints,  Worst Slack           NA  ,  Total Violation           NA
PW    :            0  Failing Endpoints,  Worst Slack        4.511ns,  Total Violation        0.000ns
---------------------------------------------------------------------------------------------------


Pulse Width Checks
--------------------------------------------------------------------------------------
Clock Name:         soc_crg_clkout1
Waveform(ns):       { 0.000 3.333 }
Period(ns):         6.667
Sources:            { MMCME2_ADV/CLKOUT1 }

Check Type  Corner  Lib Pin             Reference Pin  Required(ns)  Actual(ns)  Slack(ns)  Location         Pin
Min Period  n/a     BUFG/I              n/a            2.155         6.667       4.511      BUFGCTRL_X0Y1    BUFG_1/I
Min Period  n/a     ISERDESE2/CLK       n/a            1.667         6.667       5.000      ILOGIC_X1Y54     ISERDESE2/CLK
Min Period  n/a     ISERDESE2/CLKB      n/a            1.667         6.667       5.000      ILOGIC_X1Y54     ISERDESE2/CLKB
Min Period  n/a     ISERDESE2/CLK       n/a            1.667         6.667       5.000      ILOGIC_X1Y59     ISERDESE2_1/CLK
Min Period  n/a     ISERDESE2/CLKB      n/a            1.667         6.667       5.000      ILOGIC_X1Y59     ISERDESE2_1/CLKB
Min Period  n/a     ISERDESE2/CLK       n/a            1.667         6.667       5.000      ILOGIC_X1Y80     ISERDESE2_10/CLK
Min Period  n/a     ISERDESE2/CLKB      n/a            1.667         6.667       5.000      ILOGIC_X1Y80     ISERDESE2_10/CLKB
Min Period  n/a     ISERDESE2/CLK       n/a            1.667         6.667       5.000      ILOGIC_X1Y84     ISERDESE2_11/CLK
Min Period  n/a     ISERDESE2/CLKB      n/a            1.667         6.667       5.000      ILOGIC_X1Y84     ISERDESE2_11/CLKB
Min Period  n/a     ISERDESE2/CLK       n/a            1.667         6.667       5.000      ILOGIC_X1Y79     ISERDESE2_12/CLK
Max Period  n/a     MMCME2_ADV/CLKOUT1  n/a            213.360       6.667       206.693    MMCME2_ADV_X0Y0  MMCME2_ADV/CLKOUT1



---------------------------------------------------------------------------------------------------
From Clock:  soc_crg_clkout2
  To Clock:  soc_crg_clkout2

Setup :           NA  Failing Endpoints,  Worst Slack           NA  ,  Total Violation           NA
Hold  :           NA  Failing Endpoints,  Worst Slack           NA  ,  Total Violation           NA
PW    :            0  Failing Endpoints,  Worst Slack        4.511ns,  Total Violation        0.000ns
---------------------------------------------------------------------------------------------------


Pulse Width Checks
--------------------------------------------------------------------------------------
Clock Name:         soc_crg_clkout2
Waveform(ns):       { 1.667 5.000 }
Period(ns):         6.667
Sources:            { MMCME2_ADV/CLKOUT2 }

Check Type  Corner  Lib Pin             Reference Pin  Required(ns)  Actual(ns)  Slack(ns)  Location         Pin
Min Period  n/a     BUFG/I              n/a            2.155         6.667       4.511      BUFGCTRL_X0Y3    BUFG_2/I
Min Period  n/a     OSERDESE2/CLK       n/a            1.667         6.667       5.000      OLOGIC_X1Y58     OSERDESE2_23/CLK
Min Period  n/a     OSERDESE2/CLK       n/a            1.667         6.667       5.000      OLOGIC_X1Y82     OSERDESE2_24/CLK
Min Period  n/a     MMCME2_ADV/CLKOUT2  n/a            1.249         6.667       5.418      MMCME2_ADV_X0Y0  MMCME2_ADV/CLKOUT2
Max Period  n/a     MMCME2_ADV/CLKOUT2  n/a            213.360       6.667       206.693    MMCME2_ADV_X0Y0  MMCME2_ADV/CLKOUT2



---------------------------------------------------------------------------------------------------
From Clock:  soc_crg_clkout3
  To Clock:  soc_crg_clkout3

Setup :            0  Failing Endpoints,  Worst Slack        1.215ns,  Total Violation        0.000ns
Hold  :            0  Failing Endpoints,  Worst Slack        0.160ns,  Total Violation        0.000ns
PW    :            0  Failing Endpoints,  Worst Slack        0.264ns,  Total Violation        0.000ns
---------------------------------------------------------------------------------------------------


Max Delay Paths
--------------------------------------------------------------------------------------
Slack (MET) :             1.215ns  (required time - arrival time)
  Source:                 FDPE_6/C
                            (rising edge-triggered cell FDPE clocked by soc_crg_clkout3  {rise@0.000ns fall@2.500ns period=5.000ns})
  Destination:            FDPE_7/D
                            (rising edge-triggered cell FDPE clocked by soc_crg_clkout3  {rise@0.000ns fall@2.500ns period=5.000ns})
  Path Group:             soc_crg_clkout3
  Path Type:              Setup (Max at Slow Process Corner)
  Requirement:            2.000ns  (MaxDelay Path 2.000ns)
  Data Path Delay:        0.708ns  (logic 0.518ns (73.174%)  route 0.190ns (26.826%))
  Logic Levels:           0  
  Clock Path Skew:        0.000ns (DCD - SCD + CPR)
    Destination Clock Delay (DCD):    10.910ns
    Source Clock Delay      (SCD):    11.826ns
    Clock Pessimism Removal (CPR):    0.916ns
  Clock Uncertainty:      0.061ns  ((TSJ^2 + DJ^2)^1/2) / 2 + PE
    Total System Jitter     (TSJ):    0.071ns
    Discrete Jitter          (DJ):    0.100ns
    Phase Error              (PE):    0.000ns
  Timing Exception:       MaxDelay Path 2.000ns

    Location             Delay type                Incr(ns)  Path(ns)    Netlist Resource(s)
  -------------------------------------------------------------------    -------------------
                         (clock soc_crg_clkout3 rise edge)
                                                      0.000     0.000 r  
    E3                                                0.000     0.000 r  clk100 (IN)
                         net (fo=0)                   0.000     0.000    clk100
    E3                   IBUF (Prop_ibuf_I_O)         1.482     1.482 r  clk100_IBUF_inst/O
                         net (fo=1, routed)           2.025     3.506    clk100_IBUF
    BUFGCTRL_X0Y16       BUFG (Prop_bufg_I_O)         0.096     3.602 r  clk100_IBUF_BUFG_inst/O
                         net (fo=1, routed)           2.239     5.842    clk100_IBUF_BUFG
    SLICE_X48Y32         LUT1 (Prop_lut1_I0_O)        0.124     5.966 r  clk100_inst/O
                         net (fo=9, routed)           1.941     7.906    soc_crg_clkin
    MMCME2_ADV_X0Y0      MMCME2_ADV (Prop_mmcme2_adv_CLKIN1_CLKOUT3)
                                                      0.088     7.994 r  MMCME2_ADV/CLKOUT3
                         net (fo=1, routed)           2.018    10.013    soc_crg_clkout3
    BUFGCTRL_X0Y2        BUFG (Prop_bufg_I_O)         0.096    10.109 r  BUFG_3/O
                         net (fo=8, routed)           1.717    11.826    idelay_clk
    SLICE_X88Y70         FDPE                                         r  FDPE_6/C
  -------------------------------------------------------------------    -------------------
    SLICE_X88Y70         FDPE (Prop_fdpe_C_Q)         0.518    12.344 r  FDPE_6/Q
                         net (fo=1, routed)           0.190    12.534    soc_builder_xilinxasyncresetsynchronizerimpl3_rst_meta
    SLICE_X88Y70         FDPE                                         r  FDPE_7/D
  -------------------------------------------------------------------    -------------------

                         max delay                    2.000     2.000    
    E3                                                0.000     2.000 r  clk100 (IN)
                         net (fo=0)                   0.000     2.000    clk100
    E3                   IBUF (Prop_ibuf_I_O)         1.411     3.411 r  clk100_IBUF_inst/O
                         net (fo=1, routed)           1.920     5.331    clk100_IBUF
    BUFGCTRL_X0Y16       BUFG (Prop_bufg_I_O)         0.091     5.422 r  clk100_IBUF_BUFG_inst/O
                         net (fo=1, routed)           2.025     7.447    clk100_IBUF_BUFG
    SLICE_X48Y32         LUT1 (Prop_lut1_I0_O)        0.100     7.547 r  clk100_inst/O
                         net (fo=9, routed)           1.668     9.215    soc_crg_clkin
    MMCME2_ADV_X0Y0      MMCME2_ADV (Prop_mmcme2_adv_CLKIN1_CLKOUT3)
                                                      0.083     9.298 r  MMCME2_ADV/CLKOUT3
                         net (fo=1, routed)           1.923    11.221    soc_crg_clkout3
    BUFGCTRL_X0Y2        BUFG (Prop_bufg_I_O)         0.091    11.312 r  BUFG_3/O
                         net (fo=8, routed)           1.598    12.910    idelay_clk
    SLICE_X88Y70         FDPE                                         r  FDPE_7/C
                         clock pessimism              0.916    13.826    
                         clock uncertainty           -0.061    13.765    
    SLICE_X88Y70         FDPE (Setup_fdpe_C_D)       -0.016    13.749    FDPE_7
  -------------------------------------------------------------------
                         required time                         13.749    
                         arrival time                         -12.534    
  -------------------------------------------------------------------
                         slack                                  1.215    

Slack (MET) :             2.687ns  (required time - arrival time)
  Source:                 soc_crg_reset_counter_reg[2]/C
                            (rising edge-triggered cell FDSE clocked by soc_crg_clkout3  {rise@0.000ns fall@2.500ns period=5.000ns})
  Destination:            soc_crg_ic_reset_reg/D
                            (rising edge-triggered cell FDRE clocked by soc_crg_clkout3  {rise@0.000ns fall@2.500ns period=5.000ns})
  Path Group:             soc_crg_clkout3
  Path Type:              Setup (Max at Slow Process Corner)
  Requirement:            5.000ns  (soc_crg_clkout3 rise@5.000ns - soc_crg_clkout3 rise@0.000ns)
  Data Path Delay:        2.259ns  (logic 0.766ns (33.914%)  route 1.493ns (66.086%))
  Logic Levels:           2  (LUT3=1 LUT4=1)
  Clock Path Skew:        -0.022ns (DCD - SCD + CPR)
    Destination Clock Delay (DCD):    10.904ns = ( 15.904 - 5.000 ) 
    Source Clock Delay      (SCD):    11.819ns
    Clock Pessimism Removal (CPR):    0.893ns
  Clock Uncertainty:      0.061ns  ((TSJ^2 + DJ^2)^1/2) / 2 + PE
    Total System Jitter     (TSJ):    0.071ns
    Discrete Jitter          (DJ):    0.100ns
    Phase Error              (PE):    0.000ns

    Location             Delay type                Incr(ns)  Path(ns)    Netlist Resource(s)
  -------------------------------------------------------------------    -------------------
                         (clock soc_crg_clkout3 rise edge)
                                                      0.000     0.000 r  
    E3                                                0.000     0.000 r  clk100 (IN)
                         net (fo=0)                   0.000     0.000    clk100
    E3                   IBUF (Prop_ibuf_I_O)         1.482     1.482 r  clk100_IBUF_inst/O
                         net (fo=1, routed)           2.025     3.506    clk100_IBUF
    BUFGCTRL_X0Y16       BUFG (Prop_bufg_I_O)         0.096     3.602 r  clk100_IBUF_BUFG_inst/O
                         net (fo=1, routed)           2.239     5.842    clk100_IBUF_BUFG
    SLICE_X48Y32         LUT1 (Prop_lut1_I0_O)        0.124     5.966 r  clk100_inst/O
                         net (fo=9, routed)           1.941     7.906    soc_crg_clkin
    MMCME2_ADV_X0Y0      MMCME2_ADV (Prop_mmcme2_adv_CLKIN1_CLKOUT3)
                                                      0.088     7.994 r  MMCME2_ADV/CLKOUT3
                         net (fo=1, routed)           2.018    10.013    soc_crg_clkout3
    BUFGCTRL_X0Y2        BUFG (Prop_bufg_I_O)         0.096    10.109 r  BUFG_3/O
                         net (fo=8, routed)           1.710    11.819    idelay_clk
    SLICE_X88Y74         FDSE                                         r  soc_crg_reset_counter_reg[2]/C
  -------------------------------------------------------------------    -------------------
    SLICE_X88Y74         FDSE (Prop_fdse_C_Q)         0.518    12.337 r  soc_crg_reset_counter_reg[2]/Q
                         net (fo=3, routed)           0.870    13.207    soc_crg_reset_counter[2]
    SLICE_X88Y74         LUT4 (Prop_lut4_I2_O)        0.124    13.331 r  soc_crg_reset_counter[3]_i_1/O
                         net (fo=5, routed)           0.622    13.954    soc_crg_reset_counter[3]_i_1_n_0
    SLICE_X89Y74         LUT3 (Prop_lut3_I0_O)        0.124    14.078 r  soc_crg_ic_reset_i_1/O
                         net (fo=1, routed)           0.000    14.078    soc_crg_ic_reset_i_1_n_0
    SLICE_X89Y74         FDRE                                         r  soc_crg_ic_reset_reg/D
  -------------------------------------------------------------------    -------------------

                         (clock soc_crg_clkout3 rise edge)
                                                      5.000     5.000 r  
    E3                                                0.000     5.000 r  clk100 (IN)
                         net (fo=0)                   0.000     5.000    clk100
    E3                   IBUF (Prop_ibuf_I_O)         1.411     6.411 r  clk100_IBUF_inst/O
                         net (fo=1, routed)           1.920     8.331    clk100_IBUF
    BUFGCTRL_X0Y16       BUFG (Prop_bufg_I_O)         0.091     8.422 r  clk100_IBUF_BUFG_inst/O
                         net (fo=1, routed)           2.025    10.447    clk100_IBUF_BUFG
    SLICE_X48Y32         LUT1 (Prop_lut1_I0_O)        0.100    10.547 r  clk100_inst/O
                         net (fo=9, routed)           1.668    12.215    soc_crg_clkin
    MMCME2_ADV_X0Y0      MMCME2_ADV (Prop_mmcme2_adv_CLKIN1_CLKOUT3)
                                                      0.083    12.298 r  MMCME2_ADV/CLKOUT3
                         net (fo=1, routed)           1.923    14.221    soc_crg_clkout3
    BUFGCTRL_X0Y2        BUFG (Prop_bufg_I_O)         0.091    14.312 r  BUFG_3/O
                         net (fo=8, routed)           1.592    15.904    idelay_clk
    SLICE_X89Y74         FDRE                                         r  soc_crg_ic_reset_reg/C
                         clock pessimism              0.893    16.797    
                         clock uncertainty           -0.061    16.736    
    SLICE_X89Y74         FDRE (Setup_fdre_C_D)        0.029    16.765    soc_crg_ic_reset_reg
  -------------------------------------------------------------------
                         required time                         16.765    
                         arrival time                         -14.078    
  -------------------------------------------------------------------
                         slack                                  2.687    

Slack (MET) :             2.737ns  (required time - arrival time)
  Source:                 soc_crg_reset_counter_reg[0]/C
                            (rising edge-triggered cell FDSE clocked by soc_crg_clkout3  {rise@0.000ns fall@2.500ns period=5.000ns})
  Destination:            soc_crg_reset_counter_reg[0]/D
                            (rising edge-triggered cell FDSE clocked by soc_crg_clkout3  {rise@0.000ns fall@2.500ns period=5.000ns})
  Path Group:             soc_crg_clkout3
  Path Type:              Setup (Max at Slow Process Corner)
  Requirement:            5.000ns  (soc_crg_clkout3 rise@5.000ns - soc_crg_clkout3 rise@0.000ns)
  Data Path Delay:        2.278ns  (logic 0.642ns (28.179%)  route 1.636ns (71.821%))
  Logic Levels:           1  (LUT1=1)
  Clock Path Skew:        0.000ns (DCD - SCD + CPR)
    Destination Clock Delay (DCD):    10.904ns = ( 15.904 - 5.000 ) 
    Source Clock Delay      (SCD):    11.819ns
    Clock Pessimism Removal (CPR):    0.915ns
  Clock Uncertainty:      0.061ns  ((TSJ^2 + DJ^2)^1/2) / 2 + PE
    Total System Jitter     (TSJ):    0.071ns
    Discrete Jitter          (DJ):    0.100ns
    Phase Error              (PE):    0.000ns

    Location             Delay type                Incr(ns)  Path(ns)    Netlist Resource(s)
  -------------------------------------------------------------------    -------------------
                         (clock soc_crg_clkout3 rise edge)
                                                      0.000     0.000 r  
    E3                                                0.000     0.000 r  clk100 (IN)
                         net (fo=0)                   0.000     0.000    clk100
    E3                   IBUF (Prop_ibuf_I_O)         1.482     1.482 r  clk100_IBUF_inst/O
                         net (fo=1, routed)           2.025     3.506    clk100_IBUF
    BUFGCTRL_X0Y16       BUFG (Prop_bufg_I_O)         0.096     3.602 r  clk100_IBUF_BUFG_inst/O
                         net (fo=1, routed)           2.239     5.842    clk100_IBUF_BUFG
    SLICE_X48Y32         LUT1 (Prop_lut1_I0_O)        0.124     5.966 r  clk100_inst/O
                         net (fo=9, routed)           1.941     7.906    soc_crg_clkin
    MMCME2_ADV_X0Y0      MMCME2_ADV (Prop_mmcme2_adv_CLKIN1_CLKOUT3)
                                                      0.088     7.994 r  MMCME2_ADV/CLKOUT3
                         net (fo=1, routed)           2.018    10.013    soc_crg_clkout3
    BUFGCTRL_X0Y2        BUFG (Prop_bufg_I_O)         0.096    10.109 r  BUFG_3/O
                         net (fo=8, routed)           1.710    11.819    idelay_clk
    SLICE_X88Y74         FDSE                                         r  soc_crg_reset_counter_reg[0]/C
  -------------------------------------------------------------------    -------------------
    SLICE_X88Y74         FDSE (Prop_fdse_C_Q)         0.518    12.337 f  soc_crg_reset_counter_reg[0]/Q
                         net (fo=5, routed)           1.636    13.973    soc_crg_reset_counter[0]
    SLICE_X88Y74         LUT1 (Prop_lut1_I0_O)        0.124    14.097 r  soc_crg_reset_counter[0]_i_1/O
                         net (fo=1, routed)           0.000    14.097    soc_crg_reset_counter0[0]
    SLICE_X88Y74         FDSE                                         r  soc_crg_reset_counter_reg[0]/D
  -------------------------------------------------------------------    -------------------

                         (clock soc_crg_clkout3 rise edge)
                                                      5.000     5.000 r  
    E3                                                0.000     5.000 r  clk100 (IN)
                         net (fo=0)                   0.000     5.000    clk100
    E3                   IBUF (Prop_ibuf_I_O)         1.411     6.411 r  clk100_IBUF_inst/O
                         net (fo=1, routed)           1.920     8.331    clk100_IBUF
    BUFGCTRL_X0Y16       BUFG (Prop_bufg_I_O)         0.091     8.422 r  clk100_IBUF_BUFG_inst/O
                         net (fo=1, routed)           2.025    10.447    clk100_IBUF_BUFG
    SLICE_X48Y32         LUT1 (Prop_lut1_I0_O)        0.100    10.547 r  clk100_inst/O
                         net (fo=9, routed)           1.668    12.215    soc_crg_clkin
    MMCME2_ADV_X0Y0      MMCME2_ADV (Prop_mmcme2_adv_CLKIN1_CLKOUT3)
                                                      0.083    12.298 r  MMCME2_ADV/CLKOUT3
                         net (fo=1, routed)           1.923    14.221    soc_crg_clkout3
    BUFGCTRL_X0Y2        BUFG (Prop_bufg_I_O)         0.091    14.312 r  BUFG_3/O
                         net (fo=8, routed)           1.592    15.904    idelay_clk
    SLICE_X88Y74         FDSE                                         r  soc_crg_reset_counter_reg[0]/C
                         clock pessimism              0.915    16.819    
                         clock uncertainty           -0.061    16.758    
    SLICE_X88Y74         FDSE (Setup_fdse_C_D)        0.077    16.835    soc_crg_reset_counter_reg[0]
  -------------------------------------------------------------------
                         required time                         16.835    
                         arrival time                         -14.097    
  -------------------------------------------------------------------
                         slack                                  2.737    

Slack (MET) :             2.756ns  (required time - arrival time)
  Source:                 soc_crg_reset_counter_reg[0]/C
                            (rising edge-triggered cell FDSE clocked by soc_crg_clkout3  {rise@0.000ns fall@2.500ns period=5.000ns})
  Destination:            soc_crg_reset_counter_reg[1]/D
                            (rising edge-triggered cell FDSE clocked by soc_crg_clkout3  {rise@0.000ns fall@2.500ns period=5.000ns})
  Path Group:             soc_crg_clkout3
  Path Type:              Setup (Max at Slow Process Corner)
  Requirement:            5.000ns  (soc_crg_clkout3 rise@5.000ns - soc_crg_clkout3 rise@0.000ns)
  Data Path Delay:        2.300ns  (logic 0.664ns (28.866%)  route 1.636ns (71.134%))
  Logic Levels:           1  (LUT2=1)
  Clock Path Skew:        0.000ns (DCD - SCD + CPR)
    Destination Clock Delay (DCD):    10.904ns = ( 15.904 - 5.000 ) 
    Source Clock Delay      (SCD):    11.819ns
    Clock Pessimism Removal (CPR):    0.915ns
  Clock Uncertainty:      0.061ns  ((TSJ^2 + DJ^2)^1/2) / 2 + PE
    Total System Jitter     (TSJ):    0.071ns
    Discrete Jitter          (DJ):    0.100ns
    Phase Error              (PE):    0.000ns

    Location             Delay type                Incr(ns)  Path(ns)    Netlist Resource(s)
  -------------------------------------------------------------------    -------------------
                         (clock soc_crg_clkout3 rise edge)
                                                      0.000     0.000 r  
    E3                                                0.000     0.000 r  clk100 (IN)
                         net (fo=0)                   0.000     0.000    clk100
    E3                   IBUF (Prop_ibuf_I_O)         1.482     1.482 r  clk100_IBUF_inst/O
                         net (fo=1, routed)           2.025     3.506    clk100_IBUF
    BUFGCTRL_X0Y16       BUFG (Prop_bufg_I_O)         0.096     3.602 r  clk100_IBUF_BUFG_inst/O
                         net (fo=1, routed)           2.239     5.842    clk100_IBUF_BUFG
    SLICE_X48Y32         LUT1 (Prop_lut1_I0_O)        0.124     5.966 r  clk100_inst/O
                         net (fo=9, routed)           1.941     7.906    soc_crg_clkin
    MMCME2_ADV_X0Y0      MMCME2_ADV (Prop_mmcme2_adv_CLKIN1_CLKOUT3)
                                                      0.088     7.994 r  MMCME2_ADV/CLKOUT3
                         net (fo=1, routed)           2.018    10.013    soc_crg_clkout3
    BUFGCTRL_X0Y2        BUFG (Prop_bufg_I_O)         0.096    10.109 r  BUFG_3/O
                         net (fo=8, routed)           1.710    11.819    idelay_clk
    SLICE_X88Y74         FDSE                                         r  soc_crg_reset_counter_reg[0]/C
  -------------------------------------------------------------------    -------------------
    SLICE_X88Y74         FDSE (Prop_fdse_C_Q)         0.518    12.337 r  soc_crg_reset_counter_reg[0]/Q
                         net (fo=5, routed)           1.636    13.973    soc_crg_reset_counter[0]
    SLICE_X88Y74         LUT2 (Prop_lut2_I0_O)        0.146    14.119 r  soc_crg_reset_counter[1]_i_1/O
                         net (fo=1, routed)           0.000    14.119    soc_crg_reset_counter[1]_i_1_n_0
    SLICE_X88Y74         FDSE                                         r  soc_crg_reset_counter_reg[1]/D
  -------------------------------------------------------------------    -------------------

                         (clock soc_crg_clkout3 rise edge)
                                                      5.000     5.000 r  
    E3                                                0.000     5.000 r  clk100 (IN)
                         net (fo=0)                   0.000     5.000    clk100
    E3                   IBUF (Prop_ibuf_I_O)         1.411     6.411 r  clk100_IBUF_inst/O
                         net (fo=1, routed)           1.920     8.331    clk100_IBUF
    BUFGCTRL_X0Y16       BUFG (Prop_bufg_I_O)         0.091     8.422 r  clk100_IBUF_BUFG_inst/O
                         net (fo=1, routed)           2.025    10.447    clk100_IBUF_BUFG
    SLICE_X48Y32         LUT1 (Prop_lut1_I0_O)        0.100    10.547 r  clk100_inst/O
                         net (fo=9, routed)           1.668    12.215    soc_crg_clkin
    MMCME2_ADV_X0Y0      MMCME2_ADV (Prop_mmcme2_adv_CLKIN1_CLKOUT3)
                                                      0.083    12.298 r  MMCME2_ADV/CLKOUT3
                         net (fo=1, routed)           1.923    14.221    soc_crg_clkout3
    BUFGCTRL_X0Y2        BUFG (Prop_bufg_I_O)         0.091    14.312 r  BUFG_3/O
                         net (fo=8, routed)           1.592    15.904    idelay_clk
    SLICE_X88Y74         FDSE                                         r  soc_crg_reset_counter_reg[1]/C
                         clock pessimism              0.915    16.819    
                         clock uncertainty           -0.061    16.758    
    SLICE_X88Y74         FDSE (Setup_fdse_C_D)        0.118    16.876    soc_crg_reset_counter_reg[1]
  -------------------------------------------------------------------
                         required time                         16.876    
                         arrival time                         -14.119    
  -------------------------------------------------------------------
                         slack                                  2.756    

Slack (MET) :             2.883ns  (required time - arrival time)
  Source:                 soc_crg_reset_counter_reg[0]/C
                            (rising edge-triggered cell FDSE clocked by soc_crg_clkout3  {rise@0.000ns fall@2.500ns period=5.000ns})
  Destination:            soc_crg_reset_counter_reg[2]/D
                            (rising edge-triggered cell FDSE clocked by soc_crg_clkout3  {rise@0.000ns fall@2.500ns period=5.000ns})
  Path Group:             soc_crg_clkout3
  Path Type:              Setup (Max at Slow Process Corner)
  Requirement:            5.000ns  (soc_crg_clkout3 rise@5.000ns - soc_crg_clkout3 rise@0.000ns)
  Data Path Delay:        2.136ns  (logic 0.642ns (30.053%)  route 1.494ns (69.947%))
  Logic Levels:           1  (LUT3=1)
  Clock Path Skew:        0.000ns (DCD - SCD + CPR)
    Destination Clock Delay (DCD):    10.904ns = ( 15.904 - 5.000 ) 
    Source Clock Delay      (SCD):    11.819ns
    Clock Pessimism Removal (CPR):    0.915ns
  Clock Uncertainty:      0.061ns  ((TSJ^2 + DJ^2)^1/2) / 2 + PE
    Total System Jitter     (TSJ):    0.071ns
    Discrete Jitter          (DJ):    0.100ns
    Phase Error              (PE):    0.000ns

    Location             Delay type                Incr(ns)  Path(ns)    Netlist Resource(s)
  -------------------------------------------------------------------    -------------------
                         (clock soc_crg_clkout3 rise edge)
                                                      0.000     0.000 r  
    E3                                                0.000     0.000 r  clk100 (IN)
                         net (fo=0)                   0.000     0.000    clk100
    E3                   IBUF (Prop_ibuf_I_O)         1.482     1.482 r  clk100_IBUF_inst/O
                         net (fo=1, routed)           2.025     3.506    clk100_IBUF
    BUFGCTRL_X0Y16       BUFG (Prop_bufg_I_O)         0.096     3.602 r  clk100_IBUF_BUFG_inst/O
                         net (fo=1, routed)           2.239     5.842    clk100_IBUF_BUFG
    SLICE_X48Y32         LUT1 (Prop_lut1_I0_O)        0.124     5.966 r  clk100_inst/O
                         net (fo=9, routed)           1.941     7.906    soc_crg_clkin
    MMCME2_ADV_X0Y0      MMCME2_ADV (Prop_mmcme2_adv_CLKIN1_CLKOUT3)
                                                      0.088     7.994 r  MMCME2_ADV/CLKOUT3
                         net (fo=1, routed)           2.018    10.013    soc_crg_clkout3
    BUFGCTRL_X0Y2        BUFG (Prop_bufg_I_O)         0.096    10.109 r  BUFG_3/O
                         net (fo=8, routed)           1.710    11.819    idelay_clk
    SLICE_X88Y74         FDSE                                         r  soc_crg_reset_counter_reg[0]/C
  -------------------------------------------------------------------    -------------------
    SLICE_X88Y74         FDSE (Prop_fdse_C_Q)         0.518    12.337 r  soc_crg_reset_counter_reg[0]/Q
                         net (fo=5, routed)           1.494    13.831    soc_crg_reset_counter[0]
    SLICE_X88Y74         LUT3 (Prop_lut3_I1_O)        0.124    13.955 r  soc_crg_reset_counter[2]_i_1/O
                         net (fo=1, routed)           0.000    13.955    soc_crg_reset_counter[2]_i_1_n_0
    SLICE_X88Y74         FDSE                                         r  soc_crg_reset_counter_reg[2]/D
  -------------------------------------------------------------------    -------------------

                         (clock soc_crg_clkout3 rise edge)
                                                      5.000     5.000 r  
    E3                                                0.000     5.000 r  clk100 (IN)
                         net (fo=0)                   0.000     5.000    clk100
    E3                   IBUF (Prop_ibuf_I_O)         1.411     6.411 r  clk100_IBUF_inst/O
                         net (fo=1, routed)           1.920     8.331    clk100_IBUF
    BUFGCTRL_X0Y16       BUFG (Prop_bufg_I_O)         0.091     8.422 r  clk100_IBUF_BUFG_inst/O
                         net (fo=1, routed)           2.025    10.447    clk100_IBUF_BUFG
    SLICE_X48Y32         LUT1 (Prop_lut1_I0_O)        0.100    10.547 r  clk100_inst/O
                         net (fo=9, routed)           1.668    12.215    soc_crg_clkin
    MMCME2_ADV_X0Y0      MMCME2_ADV (Prop_mmcme2_adv_CLKIN1_CLKOUT3)
                                                      0.083    12.298 r  MMCME2_ADV/CLKOUT3
                         net (fo=1, routed)           1.923    14.221    soc_crg_clkout3
    BUFGCTRL_X0Y2        BUFG (Prop_bufg_I_O)         0.091    14.312 r  BUFG_3/O
                         net (fo=8, routed)           1.592    15.904    idelay_clk
    SLICE_X88Y74         FDSE                                         r  soc_crg_reset_counter_reg[2]/C
                         clock pessimism              0.915    16.819    
                         clock uncertainty           -0.061    16.758    
    SLICE_X88Y74         FDSE (Setup_fdse_C_D)        0.081    16.839    soc_crg_reset_counter_reg[2]
  -------------------------------------------------------------------
                         required time                         16.839    
                         arrival time                         -13.955    
  -------------------------------------------------------------------
                         slack                                  2.883    

Slack (MET) :             2.894ns  (required time - arrival time)
  Source:                 soc_crg_reset_counter_reg[0]/C
                            (rising edge-triggered cell FDSE clocked by soc_crg_clkout3  {rise@0.000ns fall@2.500ns period=5.000ns})
  Destination:            soc_crg_reset_counter_reg[3]/D
                            (rising edge-triggered cell FDSE clocked by soc_crg_clkout3  {rise@0.000ns fall@2.500ns period=5.000ns})
  Path Group:             soc_crg_clkout3
  Path Type:              Setup (Max at Slow Process Corner)
  Requirement:            5.000ns  (soc_crg_clkout3 rise@5.000ns - soc_crg_clkout3 rise@0.000ns)
  Data Path Delay:        2.162ns  (logic 0.668ns (30.894%)  route 1.494ns (69.106%))
  Logic Levels:           1  (LUT4=1)
  Clock Path Skew:        0.000ns (DCD - SCD + CPR)
    Destination Clock Delay (DCD):    10.904ns = ( 15.904 - 5.000 ) 
    Source Clock Delay      (SCD):    11.819ns
    Clock Pessimism Removal (CPR):    0.915ns
  Clock Uncertainty:      0.061ns  ((TSJ^2 + DJ^2)^1/2) / 2 + PE
    Total System Jitter     (TSJ):    0.071ns
    Discrete Jitter          (DJ):    0.100ns
    Phase Error              (PE):    0.000ns

    Location             Delay type                Incr(ns)  Path(ns)    Netlist Resource(s)
  -------------------------------------------------------------------    -------------------
                         (clock soc_crg_clkout3 rise edge)
                                                      0.000     0.000 r  
    E3                                                0.000     0.000 r  clk100 (IN)
                         net (fo=0)                   0.000     0.000    clk100
    E3                   IBUF (Prop_ibuf_I_O)         1.482     1.482 r  clk100_IBUF_inst/O
                         net (fo=1, routed)           2.025     3.506    clk100_IBUF
    BUFGCTRL_X0Y16       BUFG (Prop_bufg_I_O)         0.096     3.602 r  clk100_IBUF_BUFG_inst/O
                         net (fo=1, routed)           2.239     5.842    clk100_IBUF_BUFG
    SLICE_X48Y32         LUT1 (Prop_lut1_I0_O)        0.124     5.966 r  clk100_inst/O
                         net (fo=9, routed)           1.941     7.906    soc_crg_clkin
    MMCME2_ADV_X0Y0      MMCME2_ADV (Prop_mmcme2_adv_CLKIN1_CLKOUT3)
                                                      0.088     7.994 r  MMCME2_ADV/CLKOUT3
                         net (fo=1, routed)           2.018    10.013    soc_crg_clkout3
    BUFGCTRL_X0Y2        BUFG (Prop_bufg_I_O)         0.096    10.109 r  BUFG_3/O
                         net (fo=8, routed)           1.710    11.819    idelay_clk
    SLICE_X88Y74         FDSE                                         r  soc_crg_reset_counter_reg[0]/C
  -------------------------------------------------------------------    -------------------
    SLICE_X88Y74         FDSE (Prop_fdse_C_Q)         0.518    12.337 r  soc_crg_reset_counter_reg[0]/Q
                         net (fo=5, routed)           1.494    13.831    soc_crg_reset_counter[0]
    SLICE_X88Y74         LUT4 (Prop_lut4_I1_O)        0.150    13.981 r  soc_crg_reset_counter[3]_i_2/O
                         net (fo=1, routed)           0.000    13.981    soc_crg_reset_counter[3]_i_2_n_0
    SLICE_X88Y74         FDSE                                         r  soc_crg_reset_counter_reg[3]/D
  -------------------------------------------------------------------    -------------------

                         (clock soc_crg_clkout3 rise edge)
                                                      5.000     5.000 r  
    E3                                                0.000     5.000 r  clk100 (IN)
                         net (fo=0)                   0.000     5.000    clk100
    E3                   IBUF (Prop_ibuf_I_O)         1.411     6.411 r  clk100_IBUF_inst/O
                         net (fo=1, routed)           1.920     8.331    clk100_IBUF
    BUFGCTRL_X0Y16       BUFG (Prop_bufg_I_O)         0.091     8.422 r  clk100_IBUF_BUFG_inst/O
                         net (fo=1, routed)           2.025    10.447    clk100_IBUF_BUFG
    SLICE_X48Y32         LUT1 (Prop_lut1_I0_O)        0.100    10.547 r  clk100_inst/O
                         net (fo=9, routed)           1.668    12.215    soc_crg_clkin
    MMCME2_ADV_X0Y0      MMCME2_ADV (Prop_mmcme2_adv_CLKIN1_CLKOUT3)
                                                      0.083    12.298 r  MMCME2_ADV/CLKOUT3
                         net (fo=1, routed)           1.923    14.221    soc_crg_clkout3
    BUFGCTRL_X0Y2        BUFG (Prop_bufg_I_O)         0.091    14.312 r  BUFG_3/O
                         net (fo=8, routed)           1.592    15.904    idelay_clk
    SLICE_X88Y74         FDSE                                         r  soc_crg_reset_counter_reg[3]/C
                         clock pessimism              0.915    16.819    
                         clock uncertainty           -0.061    16.758    
    SLICE_X88Y74         FDSE (Setup_fdse_C_D)        0.118    16.876    soc_crg_reset_counter_reg[3]
  -------------------------------------------------------------------
                         required time                         16.876    
                         arrival time                         -13.981    
  -------------------------------------------------------------------
                         slack                                  2.894    

Slack (MET) :             3.067ns  (required time - arrival time)
  Source:                 soc_crg_reset_counter_reg[2]/C
                            (rising edge-triggered cell FDSE clocked by soc_crg_clkout3  {rise@0.000ns fall@2.500ns period=5.000ns})
  Destination:            soc_crg_reset_counter_reg[0]/CE
                            (rising edge-triggered cell FDSE clocked by soc_crg_clkout3  {rise@0.000ns fall@2.500ns period=5.000ns})
  Path Group:             soc_crg_clkout3
  Path Type:              Setup (Max at Slow Process Corner)
  Requirement:            5.000ns  (soc_crg_clkout3 rise@5.000ns - soc_crg_clkout3 rise@0.000ns)
  Data Path Delay:        1.702ns  (logic 0.642ns (37.716%)  route 1.060ns (62.284%))
  Logic Levels:           1  (LUT4=1)
  Clock Path Skew:        0.000ns (DCD - SCD + CPR)
    Destination Clock Delay (DCD):    10.904ns = ( 15.904 - 5.000 ) 
    Source Clock Delay      (SCD):    11.819ns
    Clock Pessimism Removal (CPR):    0.915ns
  Clock Uncertainty:      0.061ns  ((TSJ^2 + DJ^2)^1/2) / 2 + PE
    Total System Jitter     (TSJ):    0.071ns
    Discrete Jitter          (DJ):    0.100ns
    Phase Error              (PE):    0.000ns

    Location             Delay type                Incr(ns)  Path(ns)    Netlist Resource(s)
  -------------------------------------------------------------------    -------------------
                         (clock soc_crg_clkout3 rise edge)
                                                      0.000     0.000 r  
    E3                                                0.000     0.000 r  clk100 (IN)
                         net (fo=0)                   0.000     0.000    clk100
    E3                   IBUF (Prop_ibuf_I_O)         1.482     1.482 r  clk100_IBUF_inst/O
                         net (fo=1, routed)           2.025     3.506    clk100_IBUF
    BUFGCTRL_X0Y16       BUFG (Prop_bufg_I_O)         0.096     3.602 r  clk100_IBUF_BUFG_inst/O
                         net (fo=1, routed)           2.239     5.842    clk100_IBUF_BUFG
    SLICE_X48Y32         LUT1 (Prop_lut1_I0_O)        0.124     5.966 r  clk100_inst/O
                         net (fo=9, routed)           1.941     7.906    soc_crg_clkin
    MMCME2_ADV_X0Y0      MMCME2_ADV (Prop_mmcme2_adv_CLKIN1_CLKOUT3)
                                                      0.088     7.994 r  MMCME2_ADV/CLKOUT3
                         net (fo=1, routed)           2.018    10.013    soc_crg_clkout3
    BUFGCTRL_X0Y2        BUFG (Prop_bufg_I_O)         0.096    10.109 r  BUFG_3/O
                         net (fo=8, routed)           1.710    11.819    idelay_clk
    SLICE_X88Y74         FDSE                                         r  soc_crg_reset_counter_reg[2]/C
  -------------------------------------------------------------------    -------------------
    SLICE_X88Y74         FDSE (Prop_fdse_C_Q)         0.518    12.337 r  soc_crg_reset_counter_reg[2]/Q
                         net (fo=3, routed)           0.870    13.207    soc_crg_reset_counter[2]
    SLICE_X88Y74         LUT4 (Prop_lut4_I2_O)        0.124    13.331 r  soc_crg_reset_counter[3]_i_1/O
                         net (fo=5, routed)           0.190    13.521    soc_crg_reset_counter[3]_i_1_n_0
    SLICE_X88Y74         FDSE                                         r  soc_crg_reset_counter_reg[0]/CE
  -------------------------------------------------------------------    -------------------

                         (clock soc_crg_clkout3 rise edge)
                                                      5.000     5.000 r  
    E3                                                0.000     5.000 r  clk100 (IN)
                         net (fo=0)                   0.000     5.000    clk100
    E3                   IBUF (Prop_ibuf_I_O)         1.411     6.411 r  clk100_IBUF_inst/O
                         net (fo=1, routed)           1.920     8.331    clk100_IBUF
    BUFGCTRL_X0Y16       BUFG (Prop_bufg_I_O)         0.091     8.422 r  clk100_IBUF_BUFG_inst/O
                         net (fo=1, routed)           2.025    10.447    clk100_IBUF_BUFG
    SLICE_X48Y32         LUT1 (Prop_lut1_I0_O)        0.100    10.547 r  clk100_inst/O
                         net (fo=9, routed)           1.668    12.215    soc_crg_clkin
    MMCME2_ADV_X0Y0      MMCME2_ADV (Prop_mmcme2_adv_CLKIN1_CLKOUT3)
                                                      0.083    12.298 r  MMCME2_ADV/CLKOUT3
                         net (fo=1, routed)           1.923    14.221    soc_crg_clkout3
    BUFGCTRL_X0Y2        BUFG (Prop_bufg_I_O)         0.091    14.312 r  BUFG_3/O
                         net (fo=8, routed)           1.592    15.904    idelay_clk
    SLICE_X88Y74         FDSE                                         r  soc_crg_reset_counter_reg[0]/C
                         clock pessimism              0.915    16.819    
                         clock uncertainty           -0.061    16.758    
    SLICE_X88Y74         FDSE (Setup_fdse_C_CE)      -0.169    16.589    soc_crg_reset_counter_reg[0]
  -------------------------------------------------------------------
                         required time                         16.589    
                         arrival time                         -13.521    
  -------------------------------------------------------------------
                         slack                                  3.067    

Slack (MET) :             3.067ns  (required time - arrival time)
  Source:                 soc_crg_reset_counter_reg[2]/C
                            (rising edge-triggered cell FDSE clocked by soc_crg_clkout3  {rise@0.000ns fall@2.500ns period=5.000ns})
  Destination:            soc_crg_reset_counter_reg[1]/CE
                            (rising edge-triggered cell FDSE clocked by soc_crg_clkout3  {rise@0.000ns fall@2.500ns period=5.000ns})
  Path Group:             soc_crg_clkout3
  Path Type:              Setup (Max at Slow Process Corner)
  Requirement:            5.000ns  (soc_crg_clkout3 rise@5.000ns - soc_crg_clkout3 rise@0.000ns)
  Data Path Delay:        1.702ns  (logic 0.642ns (37.716%)  route 1.060ns (62.284%))
  Logic Levels:           1  (LUT4=1)
  Clock Path Skew:        0.000ns (DCD - SCD + CPR)
    Destination Clock Delay (DCD):    10.904ns = ( 15.904 - 5.000 ) 
    Source Clock Delay      (SCD):    11.819ns
    Clock Pessimism Removal (CPR):    0.915ns
  Clock Uncertainty:      0.061ns  ((TSJ^2 + DJ^2)^1/2) / 2 + PE
    Total System Jitter     (TSJ):    0.071ns
    Discrete Jitter          (DJ):    0.100ns
    Phase Error              (PE):    0.000ns

    Location             Delay type                Incr(ns)  Path(ns)    Netlist Resource(s)
  -------------------------------------------------------------------    -------------------
                         (clock soc_crg_clkout3 rise edge)
                                                      0.000     0.000 r  
    E3                                                0.000     0.000 r  clk100 (IN)
                         net (fo=0)                   0.000     0.000    clk100
    E3                   IBUF (Prop_ibuf_I_O)         1.482     1.482 r  clk100_IBUF_inst/O
                         net (fo=1, routed)           2.025     3.506    clk100_IBUF
    BUFGCTRL_X0Y16       BUFG (Prop_bufg_I_O)         0.096     3.602 r  clk100_IBUF_BUFG_inst/O
                         net (fo=1, routed)           2.239     5.842    clk100_IBUF_BUFG
    SLICE_X48Y32         LUT1 (Prop_lut1_I0_O)        0.124     5.966 r  clk100_inst/O
                         net (fo=9, routed)           1.941     7.906    soc_crg_clkin
    MMCME2_ADV_X0Y0      MMCME2_ADV (Prop_mmcme2_adv_CLKIN1_CLKOUT3)
                                                      0.088     7.994 r  MMCME2_ADV/CLKOUT3
                         net (fo=1, routed)           2.018    10.013    soc_crg_clkout3
    BUFGCTRL_X0Y2        BUFG (Prop_bufg_I_O)         0.096    10.109 r  BUFG_3/O
                         net (fo=8, routed)           1.710    11.819    idelay_clk
    SLICE_X88Y74         FDSE                                         r  soc_crg_reset_counter_reg[2]/C
  -------------------------------------------------------------------    -------------------
    SLICE_X88Y74         FDSE (Prop_fdse_C_Q)         0.518    12.337 r  soc_crg_reset_counter_reg[2]/Q
                         net (fo=3, routed)           0.870    13.207    soc_crg_reset_counter[2]
    SLICE_X88Y74         LUT4 (Prop_lut4_I2_O)        0.124    13.331 r  soc_crg_reset_counter[3]_i_1/O
                         net (fo=5, routed)           0.190    13.521    soc_crg_reset_counter[3]_i_1_n_0
    SLICE_X88Y74         FDSE                                         r  soc_crg_reset_counter_reg[1]/CE
  -------------------------------------------------------------------    -------------------

                         (clock soc_crg_clkout3 rise edge)
                                                      5.000     5.000 r  
    E3                                                0.000     5.000 r  clk100 (IN)
                         net (fo=0)                   0.000     5.000    clk100
    E3                   IBUF (Prop_ibuf_I_O)         1.411     6.411 r  clk100_IBUF_inst/O
                         net (fo=1, routed)           1.920     8.331    clk100_IBUF
    BUFGCTRL_X0Y16       BUFG (Prop_bufg_I_O)         0.091     8.422 r  clk100_IBUF_BUFG_inst/O
                         net (fo=1, routed)           2.025    10.447    clk100_IBUF_BUFG
    SLICE_X48Y32         LUT1 (Prop_lut1_I0_O)        0.100    10.547 r  clk100_inst/O
                         net (fo=9, routed)           1.668    12.215    soc_crg_clkin
    MMCME2_ADV_X0Y0      MMCME2_ADV (Prop_mmcme2_adv_CLKIN1_CLKOUT3)
                                                      0.083    12.298 r  MMCME2_ADV/CLKOUT3
                         net (fo=1, routed)           1.923    14.221    soc_crg_clkout3
    BUFGCTRL_X0Y2        BUFG (Prop_bufg_I_O)         0.091    14.312 r  BUFG_3/O
                         net (fo=8, routed)           1.592    15.904    idelay_clk
    SLICE_X88Y74         FDSE                                         r  soc_crg_reset_counter_reg[1]/C
                         clock pessimism              0.915    16.819    
                         clock uncertainty           -0.061    16.758    
    SLICE_X88Y74         FDSE (Setup_fdse_C_CE)      -0.169    16.589    soc_crg_reset_counter_reg[1]
  -------------------------------------------------------------------
                         required time                         16.589    
                         arrival time                         -13.521    
  -------------------------------------------------------------------
                         slack                                  3.067    

Slack (MET) :             3.067ns  (required time - arrival time)
  Source:                 soc_crg_reset_counter_reg[2]/C
                            (rising edge-triggered cell FDSE clocked by soc_crg_clkout3  {rise@0.000ns fall@2.500ns period=5.000ns})
  Destination:            soc_crg_reset_counter_reg[2]/CE
                            (rising edge-triggered cell FDSE clocked by soc_crg_clkout3  {rise@0.000ns fall@2.500ns period=5.000ns})
  Path Group:             soc_crg_clkout3
  Path Type:              Setup (Max at Slow Process Corner)
  Requirement:            5.000ns  (soc_crg_clkout3 rise@5.000ns - soc_crg_clkout3 rise@0.000ns)
  Data Path Delay:        1.702ns  (logic 0.642ns (37.716%)  route 1.060ns (62.284%))
  Logic Levels:           1  (LUT4=1)
  Clock Path Skew:        0.000ns (DCD - SCD + CPR)
    Destination Clock Delay (DCD):    10.904ns = ( 15.904 - 5.000 ) 
    Source Clock Delay      (SCD):    11.819ns
    Clock Pessimism Removal (CPR):    0.915ns
  Clock Uncertainty:      0.061ns  ((TSJ^2 + DJ^2)^1/2) / 2 + PE
    Total System Jitter     (TSJ):    0.071ns
    Discrete Jitter          (DJ):    0.100ns
    Phase Error              (PE):    0.000ns

    Location             Delay type                Incr(ns)  Path(ns)    Netlist Resource(s)
  -------------------------------------------------------------------    -------------------
                         (clock soc_crg_clkout3 rise edge)
                                                      0.000     0.000 r  
    E3                                                0.000     0.000 r  clk100 (IN)
                         net (fo=0)                   0.000     0.000    clk100
    E3                   IBUF (Prop_ibuf_I_O)         1.482     1.482 r  clk100_IBUF_inst/O
                         net (fo=1, routed)           2.025     3.506    clk100_IBUF
    BUFGCTRL_X0Y16       BUFG (Prop_bufg_I_O)         0.096     3.602 r  clk100_IBUF_BUFG_inst/O
                         net (fo=1, routed)           2.239     5.842    clk100_IBUF_BUFG
    SLICE_X48Y32         LUT1 (Prop_lut1_I0_O)        0.124     5.966 r  clk100_inst/O
                         net (fo=9, routed)           1.941     7.906    soc_crg_clkin
    MMCME2_ADV_X0Y0      MMCME2_ADV (Prop_mmcme2_adv_CLKIN1_CLKOUT3)
                                                      0.088     7.994 r  MMCME2_ADV/CLKOUT3
                         net (fo=1, routed)           2.018    10.013    soc_crg_clkout3
    BUFGCTRL_X0Y2        BUFG (Prop_bufg_I_O)         0.096    10.109 r  BUFG_3/O
                         net (fo=8, routed)           1.710    11.819    idelay_clk
    SLICE_X88Y74         FDSE                                         r  soc_crg_reset_counter_reg[2]/C
  -------------------------------------------------------------------    -------------------
    SLICE_X88Y74         FDSE (Prop_fdse_C_Q)         0.518    12.337 r  soc_crg_reset_counter_reg[2]/Q
                         net (fo=3, routed)           0.870    13.207    soc_crg_reset_counter[2]
    SLICE_X88Y74         LUT4 (Prop_lut4_I2_O)        0.124    13.331 r  soc_crg_reset_counter[3]_i_1/O
                         net (fo=5, routed)           0.190    13.521    soc_crg_reset_counter[3]_i_1_n_0
    SLICE_X88Y74         FDSE                                         r  soc_crg_reset_counter_reg[2]/CE
  -------------------------------------------------------------------    -------------------

                         (clock soc_crg_clkout3 rise edge)
                                                      5.000     5.000 r  
    E3                                                0.000     5.000 r  clk100 (IN)
                         net (fo=0)                   0.000     5.000    clk100
    E3                   IBUF (Prop_ibuf_I_O)         1.411     6.411 r  clk100_IBUF_inst/O
                         net (fo=1, routed)           1.920     8.331    clk100_IBUF
    BUFGCTRL_X0Y16       BUFG (Prop_bufg_I_O)         0.091     8.422 r  clk100_IBUF_BUFG_inst/O
                         net (fo=1, routed)           2.025    10.447    clk100_IBUF_BUFG
    SLICE_X48Y32         LUT1 (Prop_lut1_I0_O)        0.100    10.547 r  clk100_inst/O
                         net (fo=9, routed)           1.668    12.215    soc_crg_clkin
    MMCME2_ADV_X0Y0      MMCME2_ADV (Prop_mmcme2_adv_CLKIN1_CLKOUT3)
                                                      0.083    12.298 r  MMCME2_ADV/CLKOUT3
                         net (fo=1, routed)           1.923    14.221    soc_crg_clkout3
    BUFGCTRL_X0Y2        BUFG (Prop_bufg_I_O)         0.091    14.312 r  BUFG_3/O
                         net (fo=8, routed)           1.592    15.904    idelay_clk
    SLICE_X88Y74         FDSE                                         r  soc_crg_reset_counter_reg[2]/C
                         clock pessimism              0.915    16.819    
                         clock uncertainty           -0.061    16.758    
    SLICE_X88Y74         FDSE (Setup_fdse_C_CE)      -0.169    16.589    soc_crg_reset_counter_reg[2]
  -------------------------------------------------------------------
                         required time                         16.589    
                         arrival time                         -13.521    
  -------------------------------------------------------------------
                         slack                                  3.067    

Slack (MET) :             3.067ns  (required time - arrival time)
  Source:                 soc_crg_reset_counter_reg[2]/C
                            (rising edge-triggered cell FDSE clocked by soc_crg_clkout3  {rise@0.000ns fall@2.500ns period=5.000ns})
  Destination:            soc_crg_reset_counter_reg[3]/CE
                            (rising edge-triggered cell FDSE clocked by soc_crg_clkout3  {rise@0.000ns fall@2.500ns period=5.000ns})
  Path Group:             soc_crg_clkout3
  Path Type:              Setup (Max at Slow Process Corner)
  Requirement:            5.000ns  (soc_crg_clkout3 rise@5.000ns - soc_crg_clkout3 rise@0.000ns)
  Data Path Delay:        1.702ns  (logic 0.642ns (37.716%)  route 1.060ns (62.284%))
  Logic Levels:           1  (LUT4=1)
  Clock Path Skew:        0.000ns (DCD - SCD + CPR)
    Destination Clock Delay (DCD):    10.904ns = ( 15.904 - 5.000 ) 
    Source Clock Delay      (SCD):    11.819ns
    Clock Pessimism Removal (CPR):    0.915ns
  Clock Uncertainty:      0.061ns  ((TSJ^2 + DJ^2)^1/2) / 2 + PE
    Total System Jitter     (TSJ):    0.071ns
    Discrete Jitter          (DJ):    0.100ns
    Phase Error              (PE):    0.000ns

    Location             Delay type                Incr(ns)  Path(ns)    Netlist Resource(s)
  -------------------------------------------------------------------    -------------------
                         (clock soc_crg_clkout3 rise edge)
                                                      0.000     0.000 r  
    E3                                                0.000     0.000 r  clk100 (IN)
                         net (fo=0)                   0.000     0.000    clk100
    E3                   IBUF (Prop_ibuf_I_O)         1.482     1.482 r  clk100_IBUF_inst/O
                         net (fo=1, routed)           2.025     3.506    clk100_IBUF
    BUFGCTRL_X0Y16       BUFG (Prop_bufg_I_O)         0.096     3.602 r  clk100_IBUF_BUFG_inst/O
                         net (fo=1, routed)           2.239     5.842    clk100_IBUF_BUFG
    SLICE_X48Y32         LUT1 (Prop_lut1_I0_O)        0.124     5.966 r  clk100_inst/O
                         net (fo=9, routed)           1.941     7.906    soc_crg_clkin
    MMCME2_ADV_X0Y0      MMCME2_ADV (Prop_mmcme2_adv_CLKIN1_CLKOUT3)
                                                      0.088     7.994 r  MMCME2_ADV/CLKOUT3
                         net (fo=1, routed)           2.018    10.013    soc_crg_clkout3
    BUFGCTRL_X0Y2        BUFG (Prop_bufg_I_O)         0.096    10.109 r  BUFG_3/O
                         net (fo=8, routed)           1.710    11.819    idelay_clk
    SLICE_X88Y74         FDSE                                         r  soc_crg_reset_counter_reg[2]/C
  -------------------------------------------------------------------    -------------------
    SLICE_X88Y74         FDSE (Prop_fdse_C_Q)         0.518    12.337 r  soc_crg_reset_counter_reg[2]/Q
                         net (fo=3, routed)           0.870    13.207    soc_crg_reset_counter[2]
    SLICE_X88Y74         LUT4 (Prop_lut4_I2_O)        0.124    13.331 r  soc_crg_reset_counter[3]_i_1/O
                         net (fo=5, routed)           0.190    13.521    soc_crg_reset_counter[3]_i_1_n_0
    SLICE_X88Y74         FDSE                                         r  soc_crg_reset_counter_reg[3]/CE
  -------------------------------------------------------------------    -------------------

                         (clock soc_crg_clkout3 rise edge)
                                                      5.000     5.000 r  
    E3                                                0.000     5.000 r  clk100 (IN)
                         net (fo=0)                   0.000     5.000    clk100
    E3                   IBUF (Prop_ibuf_I_O)         1.411     6.411 r  clk100_IBUF_inst/O
                         net (fo=1, routed)           1.920     8.331    clk100_IBUF
    BUFGCTRL_X0Y16       BUFG (Prop_bufg_I_O)         0.091     8.422 r  clk100_IBUF_BUFG_inst/O
                         net (fo=1, routed)           2.025    10.447    clk100_IBUF_BUFG
    SLICE_X48Y32         LUT1 (Prop_lut1_I0_O)        0.100    10.547 r  clk100_inst/O
                         net (fo=9, routed)           1.668    12.215    soc_crg_clkin
    MMCME2_ADV_X0Y0      MMCME2_ADV (Prop_mmcme2_adv_CLKIN1_CLKOUT3)
                                                      0.083    12.298 r  MMCME2_ADV/CLKOUT3
                         net (fo=1, routed)           1.923    14.221    soc_crg_clkout3
    BUFGCTRL_X0Y2        BUFG (Prop_bufg_I_O)         0.091    14.312 r  BUFG_3/O
                         net (fo=8, routed)           1.592    15.904    idelay_clk
    SLICE_X88Y74         FDSE                                         r  soc_crg_reset_counter_reg[3]/C
                         clock pessimism              0.915    16.819    
                         clock uncertainty           -0.061    16.758    
    SLICE_X88Y74         FDSE (Setup_fdse_C_CE)      -0.169    16.589    soc_crg_reset_counter_reg[3]
  -------------------------------------------------------------------
                         required time                         16.589    
                         arrival time                         -13.521    
  -------------------------------------------------------------------
                         slack                                  3.067    





Min Delay Paths
--------------------------------------------------------------------------------------
Slack (MET) :             0.160ns  (arrival time - required time)
  Source:                 FDPE_6/C
                            (rising edge-triggered cell FDPE clocked by soc_crg_clkout3  {rise@0.000ns fall@2.500ns period=5.000ns})
  Destination:            FDPE_7/D
                            (rising edge-triggered cell FDPE clocked by soc_crg_clkout3  {rise@0.000ns fall@2.500ns period=5.000ns})
  Path Group:             soc_crg_clkout3
  Path Type:              Hold (Min at Fast Process Corner)
  Requirement:            0.000ns  (soc_crg_clkout3 rise@0.000ns - soc_crg_clkout3 rise@0.000ns)
  Data Path Delay:        0.220ns  (logic 0.164ns (74.580%)  route 0.056ns (25.420%))
  Logic Levels:           0  
  Clock Path Skew:        0.000ns (DCD - SCD - CPR)
    Destination Clock Delay (DCD):    4.962ns
    Source Clock Delay      (SCD):    3.951ns
    Clock Pessimism Removal (CPR):    1.011ns

    Location             Delay type                Incr(ns)  Path(ns)    Netlist Resource(s)
  -------------------------------------------------------------------    -------------------
                         (clock soc_crg_clkout3 rise edge)
                                                      0.000     0.000 r  
    E3                                                0.000     0.000 r  clk100 (IN)
                         net (fo=0)                   0.000     0.000    clk100
    E3                   IBUF (Prop_ibuf_I_O)         0.250     0.250 r  clk100_IBUF_inst/O
                         net (fo=1, routed)           0.644     0.894    clk100_IBUF
    BUFGCTRL_X0Y16       BUFG (Prop_bufg_I_O)         0.026     0.920 r  clk100_IBUF_BUFG_inst/O
                         net (fo=1, routed)           0.775     1.695    clk100_IBUF_BUFG
    SLICE_X48Y32         LUT1 (Prop_lut1_I0_O)        0.045     1.740 r  clk100_inst/O
                         net (fo=9, routed)           0.892     2.631    soc_crg_clkin
    MMCME2_ADV_X0Y0      MMCME2_ADV (Prop_mmcme2_adv_CLKIN1_CLKOUT3)
                                                      0.050     2.681 r  MMCME2_ADV/CLKOUT3
                         net (fo=1, routed)           0.648     3.329    soc_crg_clkout3
    BUFGCTRL_X0Y2        BUFG (Prop_bufg_I_O)         0.026     3.355 r  BUFG_3/O
                         net (fo=8, routed)           0.596     3.951    idelay_clk
    SLICE_X88Y70         FDPE                                         r  FDPE_6/C
  -------------------------------------------------------------------    -------------------
    SLICE_X88Y70         FDPE (Prop_fdpe_C_Q)         0.164     4.115 r  FDPE_6/Q
                         net (fo=1, routed)           0.056     4.171    soc_builder_xilinxasyncresetsynchronizerimpl3_rst_meta
    SLICE_X88Y70         FDPE                                         r  FDPE_7/D
  -------------------------------------------------------------------    -------------------

                         (clock soc_crg_clkout3 rise edge)
                                                      0.000     0.000 r  
    E3                                                0.000     0.000 r  clk100 (IN)
                         net (fo=0)                   0.000     0.000    clk100
    E3                   IBUF (Prop_ibuf_I_O)         0.438     0.438 r  clk100_IBUF_inst/O
                         net (fo=1, routed)           0.699     1.136    clk100_IBUF
    BUFGCTRL_X0Y16       BUFG (Prop_bufg_I_O)         0.029     1.165 r  clk100_IBUF_BUFG_inst/O
                         net (fo=1, routed)           1.077     2.243    clk100_IBUF_BUFG
    SLICE_X48Y32         LUT1 (Prop_lut1_I0_O)        0.056     2.299 r  clk100_inst/O
                         net (fo=9, routed)           1.016     3.314    soc_crg_clkin
    MMCME2_ADV_X0Y0      MMCME2_ADV (Prop_mmcme2_adv_CLKIN1_CLKOUT3)
                                                      0.053     3.367 r  MMCME2_ADV/CLKOUT3
                         net (fo=1, routed)           0.700     4.068    soc_crg_clkout3
    BUFGCTRL_X0Y2        BUFG (Prop_bufg_I_O)         0.029     4.097 r  BUFG_3/O
                         net (fo=8, routed)           0.866     4.962    idelay_clk
    SLICE_X88Y70         FDPE                                         r  FDPE_7/C
                         clock pessimism             -1.011     3.951    
    SLICE_X88Y70         FDPE (Hold_fdpe_C_D)         0.060     4.011    FDPE_7
  -------------------------------------------------------------------
                         required time                         -4.011    
                         arrival time                           4.171    
  -------------------------------------------------------------------
                         slack                                  0.160    

Slack (MET) :             0.263ns  (arrival time - required time)
  Source:                 soc_crg_ic_reset_reg/C
                            (rising edge-triggered cell FDRE clocked by soc_crg_clkout3  {rise@0.000ns fall@2.500ns period=5.000ns})
  Destination:            soc_crg_ic_reset_reg/D
                            (rising edge-triggered cell FDRE clocked by soc_crg_clkout3  {rise@0.000ns fall@2.500ns period=5.000ns})
  Path Group:             soc_crg_clkout3
  Path Type:              Hold (Min at Fast Process Corner)
  Requirement:            0.000ns  (soc_crg_clkout3 rise@0.000ns - soc_crg_clkout3 rise@0.000ns)
  Data Path Delay:        0.354ns  (logic 0.186ns (52.498%)  route 0.168ns (47.502%))
  Logic Levels:           1  (LUT3=1)
  Clock Path Skew:        0.000ns (DCD - SCD - CPR)
    Destination Clock Delay (DCD):    4.957ns
    Source Clock Delay      (SCD):    3.947ns
    Clock Pessimism Removal (CPR):    1.010ns

    Location             Delay type                Incr(ns)  Path(ns)    Netlist Resource(s)
  -------------------------------------------------------------------    -------------------
                         (clock soc_crg_clkout3 rise edge)
                                                      0.000     0.000 r  
    E3                                                0.000     0.000 r  clk100 (IN)
                         net (fo=0)                   0.000     0.000    clk100
    E3                   IBUF (Prop_ibuf_I_O)         0.250     0.250 r  clk100_IBUF_inst/O
                         net (fo=1, routed)           0.644     0.894    clk100_IBUF
    BUFGCTRL_X0Y16       BUFG (Prop_bufg_I_O)         0.026     0.920 r  clk100_IBUF_BUFG_inst/O
                         net (fo=1, routed)           0.775     1.695    clk100_IBUF_BUFG
    SLICE_X48Y32         LUT1 (Prop_lut1_I0_O)        0.045     1.740 r  clk100_inst/O
                         net (fo=9, routed)           0.892     2.631    soc_crg_clkin
    MMCME2_ADV_X0Y0      MMCME2_ADV (Prop_mmcme2_adv_CLKIN1_CLKOUT3)
                                                      0.050     2.681 r  MMCME2_ADV/CLKOUT3
                         net (fo=1, routed)           0.648     3.329    soc_crg_clkout3
    BUFGCTRL_X0Y2        BUFG (Prop_bufg_I_O)         0.026     3.355 r  BUFG_3/O
                         net (fo=8, routed)           0.592     3.947    idelay_clk
    SLICE_X89Y74         FDRE                                         r  soc_crg_ic_reset_reg/C
  -------------------------------------------------------------------    -------------------
    SLICE_X89Y74         FDRE (Prop_fdre_C_Q)         0.141     4.088 r  soc_crg_ic_reset_reg/Q
                         net (fo=2, routed)           0.168     4.256    soc_crg_ic_reset
    SLICE_X89Y74         LUT3 (Prop_lut3_I1_O)        0.045     4.301 r  soc_crg_ic_reset_i_1/O
                         net (fo=1, routed)           0.000     4.301    soc_crg_ic_reset_i_1_n_0
    SLICE_X89Y74         FDRE                                         r  soc_crg_ic_reset_reg/D
  -------------------------------------------------------------------    -------------------

                         (clock soc_crg_clkout3 rise edge)
                                                      0.000     0.000 r  
    E3                                                0.000     0.000 r  clk100 (IN)
                         net (fo=0)                   0.000     0.000    clk100
    E3                   IBUF (Prop_ibuf_I_O)         0.438     0.438 r  clk100_IBUF_inst/O
                         net (fo=1, routed)           0.699     1.136    clk100_IBUF
    BUFGCTRL_X0Y16       BUFG (Prop_bufg_I_O)         0.029     1.165 r  clk100_IBUF_BUFG_inst/O
                         net (fo=1, routed)           1.077     2.243    clk100_IBUF_BUFG
    SLICE_X48Y32         LUT1 (Prop_lut1_I0_O)        0.056     2.299 r  clk100_inst/O
                         net (fo=9, routed)           1.016     3.314    soc_crg_clkin
    MMCME2_ADV_X0Y0      MMCME2_ADV (Prop_mmcme2_adv_CLKIN1_CLKOUT3)
                                                      0.053     3.367 r  MMCME2_ADV/CLKOUT3
                         net (fo=1, routed)           0.700     4.068    soc_crg_clkout3
    BUFGCTRL_X0Y2        BUFG (Prop_bufg_I_O)         0.029     4.097 r  BUFG_3/O
                         net (fo=8, routed)           0.861     4.957    idelay_clk
    SLICE_X89Y74         FDRE                                         r  soc_crg_ic_reset_reg/C
                         clock pessimism             -1.010     3.947    
    SLICE_X89Y74         FDRE (Hold_fdre_C_D)         0.091     4.038    soc_crg_ic_reset_reg
  -------------------------------------------------------------------
                         required time                         -4.038    
                         arrival time                           4.301    
  -------------------------------------------------------------------
                         slack                                  0.263    

Slack (MET) :             0.289ns  (arrival time - required time)
  Source:                 soc_crg_reset_counter_reg[1]/C
                            (rising edge-triggered cell FDSE clocked by soc_crg_clkout3  {rise@0.000ns fall@2.500ns period=5.000ns})
  Destination:            soc_crg_reset_counter_reg[1]/D
                            (rising edge-triggered cell FDSE clocked by soc_crg_clkout3  {rise@0.000ns fall@2.500ns period=5.000ns})
  Path Group:             soc_crg_clkout3
  Path Type:              Hold (Min at Fast Process Corner)
  Requirement:            0.000ns  (soc_crg_clkout3 rise@0.000ns - soc_crg_clkout3 rise@0.000ns)
  Data Path Delay:        0.420ns  (logic 0.249ns (59.298%)  route 0.171ns (40.702%))
  Logic Levels:           1  (LUT2=1)
  Clock Path Skew:        0.000ns (DCD - SCD - CPR)
    Destination Clock Delay (DCD):    4.957ns
    Source Clock Delay      (SCD):    3.947ns
    Clock Pessimism Removal (CPR):    1.010ns

    Location             Delay type                Incr(ns)  Path(ns)    Netlist Resource(s)
  -------------------------------------------------------------------    -------------------
                         (clock soc_crg_clkout3 rise edge)
                                                      0.000     0.000 r  
    E3                                                0.000     0.000 r  clk100 (IN)
                         net (fo=0)                   0.000     0.000    clk100
    E3                   IBUF (Prop_ibuf_I_O)         0.250     0.250 r  clk100_IBUF_inst/O
                         net (fo=1, routed)           0.644     0.894    clk100_IBUF
    BUFGCTRL_X0Y16       BUFG (Prop_bufg_I_O)         0.026     0.920 r  clk100_IBUF_BUFG_inst/O
                         net (fo=1, routed)           0.775     1.695    clk100_IBUF_BUFG
    SLICE_X48Y32         LUT1 (Prop_lut1_I0_O)        0.045     1.740 r  clk100_inst/O
                         net (fo=9, routed)           0.892     2.631    soc_crg_clkin
    MMCME2_ADV_X0Y0      MMCME2_ADV (Prop_mmcme2_adv_CLKIN1_CLKOUT3)
                                                      0.050     2.681 r  MMCME2_ADV/CLKOUT3
                         net (fo=1, routed)           0.648     3.329    soc_crg_clkout3
    BUFGCTRL_X0Y2        BUFG (Prop_bufg_I_O)         0.026     3.355 r  BUFG_3/O
                         net (fo=8, routed)           0.592     3.947    idelay_clk
    SLICE_X88Y74         FDSE                                         r  soc_crg_reset_counter_reg[1]/C
  -------------------------------------------------------------------    -------------------
    SLICE_X88Y74         FDSE (Prop_fdse_C_Q)         0.148     4.095 r  soc_crg_reset_counter_reg[1]/Q
                         net (fo=4, routed)           0.171     4.266    soc_crg_reset_counter[1]
    SLICE_X88Y74         LUT2 (Prop_lut2_I1_O)        0.101     4.367 r  soc_crg_reset_counter[1]_i_1/O
                         net (fo=1, routed)           0.000     4.367    soc_crg_reset_counter[1]_i_1_n_0
    SLICE_X88Y74         FDSE                                         r  soc_crg_reset_counter_reg[1]/D
  -------------------------------------------------------------------    -------------------

                         (clock soc_crg_clkout3 rise edge)
                                                      0.000     0.000 r  
    E3                                                0.000     0.000 r  clk100 (IN)
                         net (fo=0)                   0.000     0.000    clk100
    E3                   IBUF (Prop_ibuf_I_O)         0.438     0.438 r  clk100_IBUF_inst/O
                         net (fo=1, routed)           0.699     1.136    clk100_IBUF
    BUFGCTRL_X0Y16       BUFG (Prop_bufg_I_O)         0.029     1.165 r  clk100_IBUF_BUFG_inst/O
                         net (fo=1, routed)           1.077     2.243    clk100_IBUF_BUFG
    SLICE_X48Y32         LUT1 (Prop_lut1_I0_O)        0.056     2.299 r  clk100_inst/O
                         net (fo=9, routed)           1.016     3.314    soc_crg_clkin
    MMCME2_ADV_X0Y0      MMCME2_ADV (Prop_mmcme2_adv_CLKIN1_CLKOUT3)
                                                      0.053     3.367 r  MMCME2_ADV/CLKOUT3
                         net (fo=1, routed)           0.700     4.068    soc_crg_clkout3
    BUFGCTRL_X0Y2        BUFG (Prop_bufg_I_O)         0.029     4.097 r  BUFG_3/O
                         net (fo=8, routed)           0.861     4.957    idelay_clk
    SLICE_X88Y74         FDSE                                         r  soc_crg_reset_counter_reg[1]/C
                         clock pessimism             -1.010     3.947    
    SLICE_X88Y74         FDSE (Hold_fdse_C_D)         0.131     4.078    soc_crg_reset_counter_reg[1]
  -------------------------------------------------------------------
                         required time                         -4.078    
                         arrival time                           4.367    
  -------------------------------------------------------------------
                         slack                                  0.289    

Slack (MET) :             0.293ns  (arrival time - required time)
  Source:                 soc_crg_reset_counter_reg[1]/C
                            (rising edge-triggered cell FDSE clocked by soc_crg_clkout3  {rise@0.000ns fall@2.500ns period=5.000ns})
  Destination:            soc_crg_reset_counter_reg[3]/D
                            (rising edge-triggered cell FDSE clocked by soc_crg_clkout3  {rise@0.000ns fall@2.500ns period=5.000ns})
  Path Group:             soc_crg_clkout3
  Path Type:              Hold (Min at Fast Process Corner)
  Requirement:            0.000ns  (soc_crg_clkout3 rise@0.000ns - soc_crg_clkout3 rise@0.000ns)
  Data Path Delay:        0.424ns  (logic 0.249ns (58.739%)  route 0.175ns (41.261%))
  Logic Levels:           1  (LUT4=1)
  Clock Path Skew:        0.000ns (DCD - SCD - CPR)
    Destination Clock Delay (DCD):    4.957ns
    Source Clock Delay      (SCD):    3.947ns
    Clock Pessimism Removal (CPR):    1.010ns

    Location             Delay type                Incr(ns)  Path(ns)    Netlist Resource(s)
  -------------------------------------------------------------------    -------------------
                         (clock soc_crg_clkout3 rise edge)
                                                      0.000     0.000 r  
    E3                                                0.000     0.000 r  clk100 (IN)
                         net (fo=0)                   0.000     0.000    clk100
    E3                   IBUF (Prop_ibuf_I_O)         0.250     0.250 r  clk100_IBUF_inst/O
                         net (fo=1, routed)           0.644     0.894    clk100_IBUF
    BUFGCTRL_X0Y16       BUFG (Prop_bufg_I_O)         0.026     0.920 r  clk100_IBUF_BUFG_inst/O
                         net (fo=1, routed)           0.775     1.695    clk100_IBUF_BUFG
    SLICE_X48Y32         LUT1 (Prop_lut1_I0_O)        0.045     1.740 r  clk100_inst/O
                         net (fo=9, routed)           0.892     2.631    soc_crg_clkin
    MMCME2_ADV_X0Y0      MMCME2_ADV (Prop_mmcme2_adv_CLKIN1_CLKOUT3)
                                                      0.050     2.681 r  MMCME2_ADV/CLKOUT3
                         net (fo=1, routed)           0.648     3.329    soc_crg_clkout3
    BUFGCTRL_X0Y2        BUFG (Prop_bufg_I_O)         0.026     3.355 r  BUFG_3/O
                         net (fo=8, routed)           0.592     3.947    idelay_clk
    SLICE_X88Y74         FDSE                                         r  soc_crg_reset_counter_reg[1]/C
  -------------------------------------------------------------------    -------------------
    SLICE_X88Y74         FDSE (Prop_fdse_C_Q)         0.148     4.095 r  soc_crg_reset_counter_reg[1]/Q
                         net (fo=4, routed)           0.175     4.270    soc_crg_reset_counter[1]
    SLICE_X88Y74         LUT4 (Prop_lut4_I2_O)        0.101     4.371 r  soc_crg_reset_counter[3]_i_2/O
                         net (fo=1, routed)           0.000     4.371    soc_crg_reset_counter[3]_i_2_n_0
    SLICE_X88Y74         FDSE                                         r  soc_crg_reset_counter_reg[3]/D
  -------------------------------------------------------------------    -------------------

                         (clock soc_crg_clkout3 rise edge)
                                                      0.000     0.000 r  
    E3                                                0.000     0.000 r  clk100 (IN)
                         net (fo=0)                   0.000     0.000    clk100
    E3                   IBUF (Prop_ibuf_I_O)         0.438     0.438 r  clk100_IBUF_inst/O
                         net (fo=1, routed)           0.699     1.136    clk100_IBUF
    BUFGCTRL_X0Y16       BUFG (Prop_bufg_I_O)         0.029     1.165 r  clk100_IBUF_BUFG_inst/O
                         net (fo=1, routed)           1.077     2.243    clk100_IBUF_BUFG
    SLICE_X48Y32         LUT1 (Prop_lut1_I0_O)        0.056     2.299 r  clk100_inst/O
                         net (fo=9, routed)           1.016     3.314    soc_crg_clkin
    MMCME2_ADV_X0Y0      MMCME2_ADV (Prop_mmcme2_adv_CLKIN1_CLKOUT3)
                                                      0.053     3.367 r  MMCME2_ADV/CLKOUT3
                         net (fo=1, routed)           0.700     4.068    soc_crg_clkout3
    BUFGCTRL_X0Y2        BUFG (Prop_bufg_I_O)         0.029     4.097 r  BUFG_3/O
                         net (fo=8, routed)           0.861     4.957    idelay_clk
    SLICE_X88Y74         FDSE                                         r  soc_crg_reset_counter_reg[3]/C
                         clock pessimism             -1.010     3.947    
    SLICE_X88Y74         FDSE (Hold_fdse_C_D)         0.131     4.078    soc_crg_reset_counter_reg[3]
  -------------------------------------------------------------------
                         required time                         -4.078    
                         arrival time                           4.371    
  -------------------------------------------------------------------
                         slack                                  0.293    

Slack (MET) :             0.300ns  (arrival time - required time)
  Source:                 soc_crg_reset_counter_reg[1]/C
                            (rising edge-triggered cell FDSE clocked by soc_crg_clkout3  {rise@0.000ns fall@2.500ns period=5.000ns})
  Destination:            soc_crg_reset_counter_reg[2]/D
                            (rising edge-triggered cell FDSE clocked by soc_crg_clkout3  {rise@0.000ns fall@2.500ns period=5.000ns})
  Path Group:             soc_crg_clkout3
  Path Type:              Hold (Min at Fast Process Corner)
  Requirement:            0.000ns  (soc_crg_clkout3 rise@0.000ns - soc_crg_clkout3 rise@0.000ns)
  Data Path Delay:        0.421ns  (logic 0.246ns (58.445%)  route 0.175ns (41.555%))
  Logic Levels:           1  (LUT3=1)
  Clock Path Skew:        0.000ns (DCD - SCD - CPR)
    Destination Clock Delay (DCD):    4.957ns
    Source Clock Delay      (SCD):    3.947ns
    Clock Pessimism Removal (CPR):    1.010ns

    Location             Delay type                Incr(ns)  Path(ns)    Netlist Resource(s)
  -------------------------------------------------------------------    -------------------
                         (clock soc_crg_clkout3 rise edge)
                                                      0.000     0.000 r  
    E3                                                0.000     0.000 r  clk100 (IN)
                         net (fo=0)                   0.000     0.000    clk100
    E3                   IBUF (Prop_ibuf_I_O)         0.250     0.250 r  clk100_IBUF_inst/O
                         net (fo=1, routed)           0.644     0.894    clk100_IBUF
    BUFGCTRL_X0Y16       BUFG (Prop_bufg_I_O)         0.026     0.920 r  clk100_IBUF_BUFG_inst/O
                         net (fo=1, routed)           0.775     1.695    clk100_IBUF_BUFG
    SLICE_X48Y32         LUT1 (Prop_lut1_I0_O)        0.045     1.740 r  clk100_inst/O
                         net (fo=9, routed)           0.892     2.631    soc_crg_clkin
    MMCME2_ADV_X0Y0      MMCME2_ADV (Prop_mmcme2_adv_CLKIN1_CLKOUT3)
                                                      0.050     2.681 r  MMCME2_ADV/CLKOUT3
                         net (fo=1, routed)           0.648     3.329    soc_crg_clkout3
    BUFGCTRL_X0Y2        BUFG (Prop_bufg_I_O)         0.026     3.355 r  BUFG_3/O
                         net (fo=8, routed)           0.592     3.947    idelay_clk
    SLICE_X88Y74         FDSE                                         r  soc_crg_reset_counter_reg[1]/C
  -------------------------------------------------------------------    -------------------
    SLICE_X88Y74         FDSE (Prop_fdse_C_Q)         0.148     4.095 r  soc_crg_reset_counter_reg[1]/Q
                         net (fo=4, routed)           0.175     4.270    soc_crg_reset_counter[1]
    SLICE_X88Y74         LUT3 (Prop_lut3_I0_O)        0.098     4.368 r  soc_crg_reset_counter[2]_i_1/O
                         net (fo=1, routed)           0.000     4.368    soc_crg_reset_counter[2]_i_1_n_0
    SLICE_X88Y74         FDSE                                         r  soc_crg_reset_counter_reg[2]/D
  -------------------------------------------------------------------    -------------------

                         (clock soc_crg_clkout3 rise edge)
                                                      0.000     0.000 r  
    E3                                                0.000     0.000 r  clk100 (IN)
                         net (fo=0)                   0.000     0.000    clk100
    E3                   IBUF (Prop_ibuf_I_O)         0.438     0.438 r  clk100_IBUF_inst/O
                         net (fo=1, routed)           0.699     1.136    clk100_IBUF
    BUFGCTRL_X0Y16       BUFG (Prop_bufg_I_O)         0.029     1.165 r  clk100_IBUF_BUFG_inst/O
                         net (fo=1, routed)           1.077     2.243    clk100_IBUF_BUFG
    SLICE_X48Y32         LUT1 (Prop_lut1_I0_O)        0.056     2.299 r  clk100_inst/O
                         net (fo=9, routed)           1.016     3.314    soc_crg_clkin
    MMCME2_ADV_X0Y0      MMCME2_ADV (Prop_mmcme2_adv_CLKIN1_CLKOUT3)
                                                      0.053     3.367 r  MMCME2_ADV/CLKOUT3
                         net (fo=1, routed)           0.700     4.068    soc_crg_clkout3
    BUFGCTRL_X0Y2        BUFG (Prop_bufg_I_O)         0.029     4.097 r  BUFG_3/O
                         net (fo=8, routed)           0.861     4.957    idelay_clk
    SLICE_X88Y74         FDSE                                         r  soc_crg_reset_counter_reg[2]/C
                         clock pessimism             -1.010     3.947    
    SLICE_X88Y74         FDSE (Hold_fdse_C_D)         0.121     4.068    soc_crg_reset_counter_reg[2]
  -------------------------------------------------------------------
                         required time                         -4.068    
                         arrival time                           4.368    
  -------------------------------------------------------------------
                         slack                                  0.300    

Slack (MET) :             0.426ns  (arrival time - required time)
  Source:                 soc_crg_reset_counter_reg[3]/C
                            (rising edge-triggered cell FDSE clocked by soc_crg_clkout3  {rise@0.000ns fall@2.500ns period=5.000ns})
  Destination:            soc_crg_reset_counter_reg[0]/CE
                            (rising edge-triggered cell FDSE clocked by soc_crg_clkout3  {rise@0.000ns fall@2.500ns period=5.000ns})
  Path Group:             soc_crg_clkout3
  Path Type:              Hold (Min at Fast Process Corner)
  Requirement:            0.000ns  (soc_crg_clkout3 rise@0.000ns - soc_crg_clkout3 rise@0.000ns)
  Data Path Delay:        0.410ns  (logic 0.247ns (60.211%)  route 0.163ns (39.789%))
  Logic Levels:           1  (LUT4=1)
  Clock Path Skew:        0.000ns (DCD - SCD - CPR)
    Destination Clock Delay (DCD):    4.957ns
    Source Clock Delay      (SCD):    3.947ns
    Clock Pessimism Removal (CPR):    1.010ns

    Location             Delay type                Incr(ns)  Path(ns)    Netlist Resource(s)
  -------------------------------------------------------------------    -------------------
                         (clock soc_crg_clkout3 rise edge)
                                                      0.000     0.000 r  
    E3                                                0.000     0.000 r  clk100 (IN)
                         net (fo=0)                   0.000     0.000    clk100
    E3                   IBUF (Prop_ibuf_I_O)         0.250     0.250 r  clk100_IBUF_inst/O
                         net (fo=1, routed)           0.644     0.894    clk100_IBUF
    BUFGCTRL_X0Y16       BUFG (Prop_bufg_I_O)         0.026     0.920 r  clk100_IBUF_BUFG_inst/O
                         net (fo=1, routed)           0.775     1.695    clk100_IBUF_BUFG
    SLICE_X48Y32         LUT1 (Prop_lut1_I0_O)        0.045     1.740 r  clk100_inst/O
                         net (fo=9, routed)           0.892     2.631    soc_crg_clkin
    MMCME2_ADV_X0Y0      MMCME2_ADV (Prop_mmcme2_adv_CLKIN1_CLKOUT3)
                                                      0.050     2.681 r  MMCME2_ADV/CLKOUT3
                         net (fo=1, routed)           0.648     3.329    soc_crg_clkout3
    BUFGCTRL_X0Y2        BUFG (Prop_bufg_I_O)         0.026     3.355 r  BUFG_3/O
                         net (fo=8, routed)           0.592     3.947    idelay_clk
    SLICE_X88Y74         FDSE                                         r  soc_crg_reset_counter_reg[3]/C
  -------------------------------------------------------------------    -------------------
    SLICE_X88Y74         FDSE (Prop_fdse_C_Q)         0.148     4.095 r  soc_crg_reset_counter_reg[3]/Q
                         net (fo=2, routed)           0.108     4.202    soc_crg_reset_counter[3]
    SLICE_X88Y74         LUT4 (Prop_lut4_I3_O)        0.099     4.301 r  soc_crg_reset_counter[3]_i_1/O
                         net (fo=5, routed)           0.056     4.357    soc_crg_reset_counter[3]_i_1_n_0
    SLICE_X88Y74         FDSE                                         r  soc_crg_reset_counter_reg[0]/CE
  -------------------------------------------------------------------    -------------------

                         (clock soc_crg_clkout3 rise edge)
                                                      0.000     0.000 r  
    E3                                                0.000     0.000 r  clk100 (IN)
                         net (fo=0)                   0.000     0.000    clk100
    E3                   IBUF (Prop_ibuf_I_O)         0.438     0.438 r  clk100_IBUF_inst/O
                         net (fo=1, routed)           0.699     1.136    clk100_IBUF
    BUFGCTRL_X0Y16       BUFG (Prop_bufg_I_O)         0.029     1.165 r  clk100_IBUF_BUFG_inst/O
                         net (fo=1, routed)           1.077     2.243    clk100_IBUF_BUFG
    SLICE_X48Y32         LUT1 (Prop_lut1_I0_O)        0.056     2.299 r  clk100_inst/O
                         net (fo=9, routed)           1.016     3.314    soc_crg_clkin
    MMCME2_ADV_X0Y0      MMCME2_ADV (Prop_mmcme2_adv_CLKIN1_CLKOUT3)
                                                      0.053     3.367 r  MMCME2_ADV/CLKOUT3
                         net (fo=1, routed)           0.700     4.068    soc_crg_clkout3
    BUFGCTRL_X0Y2        BUFG (Prop_bufg_I_O)         0.029     4.097 r  BUFG_3/O
                         net (fo=8, routed)           0.861     4.957    idelay_clk
    SLICE_X88Y74         FDSE                                         r  soc_crg_reset_counter_reg[0]/C
                         clock pessimism             -1.010     3.947    
    SLICE_X88Y74         FDSE (Hold_fdse_C_CE)       -0.016     3.931    soc_crg_reset_counter_reg[0]
  -------------------------------------------------------------------
                         required time                         -3.931    
                         arrival time                           4.357    
  -------------------------------------------------------------------
                         slack                                  0.426    

Slack (MET) :             0.426ns  (arrival time - required time)
  Source:                 soc_crg_reset_counter_reg[3]/C
                            (rising edge-triggered cell FDSE clocked by soc_crg_clkout3  {rise@0.000ns fall@2.500ns period=5.000ns})
  Destination:            soc_crg_reset_counter_reg[1]/CE
                            (rising edge-triggered cell FDSE clocked by soc_crg_clkout3  {rise@0.000ns fall@2.500ns period=5.000ns})
  Path Group:             soc_crg_clkout3
  Path Type:              Hold (Min at Fast Process Corner)
  Requirement:            0.000ns  (soc_crg_clkout3 rise@0.000ns - soc_crg_clkout3 rise@0.000ns)
  Data Path Delay:        0.410ns  (logic 0.247ns (60.211%)  route 0.163ns (39.789%))
  Logic Levels:           1  (LUT4=1)
  Clock Path Skew:        0.000ns (DCD - SCD - CPR)
    Destination Clock Delay (DCD):    4.957ns
    Source Clock Delay      (SCD):    3.947ns
    Clock Pessimism Removal (CPR):    1.010ns

    Location             Delay type                Incr(ns)  Path(ns)    Netlist Resource(s)
  -------------------------------------------------------------------    -------------------
                         (clock soc_crg_clkout3 rise edge)
                                                      0.000     0.000 r  
    E3                                                0.000     0.000 r  clk100 (IN)
                         net (fo=0)                   0.000     0.000    clk100
    E3                   IBUF (Prop_ibuf_I_O)         0.250     0.250 r  clk100_IBUF_inst/O
                         net (fo=1, routed)           0.644     0.894    clk100_IBUF
    BUFGCTRL_X0Y16       BUFG (Prop_bufg_I_O)         0.026     0.920 r  clk100_IBUF_BUFG_inst/O
                         net (fo=1, routed)           0.775     1.695    clk100_IBUF_BUFG
    SLICE_X48Y32         LUT1 (Prop_lut1_I0_O)        0.045     1.740 r  clk100_inst/O
                         net (fo=9, routed)           0.892     2.631    soc_crg_clkin
    MMCME2_ADV_X0Y0      MMCME2_ADV (Prop_mmcme2_adv_CLKIN1_CLKOUT3)
                                                      0.050     2.681 r  MMCME2_ADV/CLKOUT3
                         net (fo=1, routed)           0.648     3.329    soc_crg_clkout3
    BUFGCTRL_X0Y2        BUFG (Prop_bufg_I_O)         0.026     3.355 r  BUFG_3/O
                         net (fo=8, routed)           0.592     3.947    idelay_clk
    SLICE_X88Y74         FDSE                                         r  soc_crg_reset_counter_reg[3]/C
  -------------------------------------------------------------------    -------------------
    SLICE_X88Y74         FDSE (Prop_fdse_C_Q)         0.148     4.095 r  soc_crg_reset_counter_reg[3]/Q
                         net (fo=2, routed)           0.108     4.202    soc_crg_reset_counter[3]
    SLICE_X88Y74         LUT4 (Prop_lut4_I3_O)        0.099     4.301 r  soc_crg_reset_counter[3]_i_1/O
                         net (fo=5, routed)           0.056     4.357    soc_crg_reset_counter[3]_i_1_n_0
    SLICE_X88Y74         FDSE                                         r  soc_crg_reset_counter_reg[1]/CE
  -------------------------------------------------------------------    -------------------

                         (clock soc_crg_clkout3 rise edge)
                                                      0.000     0.000 r  
    E3                                                0.000     0.000 r  clk100 (IN)
                         net (fo=0)                   0.000     0.000    clk100
    E3                   IBUF (Prop_ibuf_I_O)         0.438     0.438 r  clk100_IBUF_inst/O
                         net (fo=1, routed)           0.699     1.136    clk100_IBUF
    BUFGCTRL_X0Y16       BUFG (Prop_bufg_I_O)         0.029     1.165 r  clk100_IBUF_BUFG_inst/O
                         net (fo=1, routed)           1.077     2.243    clk100_IBUF_BUFG
    SLICE_X48Y32         LUT1 (Prop_lut1_I0_O)        0.056     2.299 r  clk100_inst/O
                         net (fo=9, routed)           1.016     3.314    soc_crg_clkin
    MMCME2_ADV_X0Y0      MMCME2_ADV (Prop_mmcme2_adv_CLKIN1_CLKOUT3)
                                                      0.053     3.367 r  MMCME2_ADV/CLKOUT3
                         net (fo=1, routed)           0.700     4.068    soc_crg_clkout3
    BUFGCTRL_X0Y2        BUFG (Prop_bufg_I_O)         0.029     4.097 r  BUFG_3/O
                         net (fo=8, routed)           0.861     4.957    idelay_clk
    SLICE_X88Y74         FDSE                                         r  soc_crg_reset_counter_reg[1]/C
                         clock pessimism             -1.010     3.947    
    SLICE_X88Y74         FDSE (Hold_fdse_C_CE)       -0.016     3.931    soc_crg_reset_counter_reg[1]
  -------------------------------------------------------------------
                         required time                         -3.931    
                         arrival time                           4.357    
  -------------------------------------------------------------------
                         slack                                  0.426    

Slack (MET) :             0.426ns  (arrival time - required time)
  Source:                 soc_crg_reset_counter_reg[3]/C
                            (rising edge-triggered cell FDSE clocked by soc_crg_clkout3  {rise@0.000ns fall@2.500ns period=5.000ns})
  Destination:            soc_crg_reset_counter_reg[2]/CE
                            (rising edge-triggered cell FDSE clocked by soc_crg_clkout3  {rise@0.000ns fall@2.500ns period=5.000ns})
  Path Group:             soc_crg_clkout3
  Path Type:              Hold (Min at Fast Process Corner)
  Requirement:            0.000ns  (soc_crg_clkout3 rise@0.000ns - soc_crg_clkout3 rise@0.000ns)
  Data Path Delay:        0.410ns  (logic 0.247ns (60.211%)  route 0.163ns (39.789%))
  Logic Levels:           1  (LUT4=1)
  Clock Path Skew:        0.000ns (DCD - SCD - CPR)
    Destination Clock Delay (DCD):    4.957ns
    Source Clock Delay      (SCD):    3.947ns
    Clock Pessimism Removal (CPR):    1.010ns

    Location             Delay type                Incr(ns)  Path(ns)    Netlist Resource(s)
  -------------------------------------------------------------------    -------------------
                         (clock soc_crg_clkout3 rise edge)
                                                      0.000     0.000 r  
    E3                                                0.000     0.000 r  clk100 (IN)
                         net (fo=0)                   0.000     0.000    clk100
    E3                   IBUF (Prop_ibuf_I_O)         0.250     0.250 r  clk100_IBUF_inst/O
                         net (fo=1, routed)           0.644     0.894    clk100_IBUF
    BUFGCTRL_X0Y16       BUFG (Prop_bufg_I_O)         0.026     0.920 r  clk100_IBUF_BUFG_inst/O
                         net (fo=1, routed)           0.775     1.695    clk100_IBUF_BUFG
    SLICE_X48Y32         LUT1 (Prop_lut1_I0_O)        0.045     1.740 r  clk100_inst/O
                         net (fo=9, routed)           0.892     2.631    soc_crg_clkin
    MMCME2_ADV_X0Y0      MMCME2_ADV (Prop_mmcme2_adv_CLKIN1_CLKOUT3)
                                                      0.050     2.681 r  MMCME2_ADV/CLKOUT3
                         net (fo=1, routed)           0.648     3.329    soc_crg_clkout3
    BUFGCTRL_X0Y2        BUFG (Prop_bufg_I_O)         0.026     3.355 r  BUFG_3/O
                         net (fo=8, routed)           0.592     3.947    idelay_clk
    SLICE_X88Y74         FDSE                                         r  soc_crg_reset_counter_reg[3]/C
  -------------------------------------------------------------------    -------------------
    SLICE_X88Y74         FDSE (Prop_fdse_C_Q)         0.148     4.095 r  soc_crg_reset_counter_reg[3]/Q
                         net (fo=2, routed)           0.108     4.202    soc_crg_reset_counter[3]
    SLICE_X88Y74         LUT4 (Prop_lut4_I3_O)        0.099     4.301 r  soc_crg_reset_counter[3]_i_1/O
                         net (fo=5, routed)           0.056     4.357    soc_crg_reset_counter[3]_i_1_n_0
    SLICE_X88Y74         FDSE                                         r  soc_crg_reset_counter_reg[2]/CE
  -------------------------------------------------------------------    -------------------

                         (clock soc_crg_clkout3 rise edge)
                                                      0.000     0.000 r  
    E3                                                0.000     0.000 r  clk100 (IN)
                         net (fo=0)                   0.000     0.000    clk100
    E3                   IBUF (Prop_ibuf_I_O)         0.438     0.438 r  clk100_IBUF_inst/O
                         net (fo=1, routed)           0.699     1.136    clk100_IBUF
    BUFGCTRL_X0Y16       BUFG (Prop_bufg_I_O)         0.029     1.165 r  clk100_IBUF_BUFG_inst/O
                         net (fo=1, routed)           1.077     2.243    clk100_IBUF_BUFG
    SLICE_X48Y32         LUT1 (Prop_lut1_I0_O)        0.056     2.299 r  clk100_inst/O
                         net (fo=9, routed)           1.016     3.314    soc_crg_clkin
    MMCME2_ADV_X0Y0      MMCME2_ADV (Prop_mmcme2_adv_CLKIN1_CLKOUT3)
                                                      0.053     3.367 r  MMCME2_ADV/CLKOUT3
                         net (fo=1, routed)           0.700     4.068    soc_crg_clkout3
    BUFGCTRL_X0Y2        BUFG (Prop_bufg_I_O)         0.029     4.097 r  BUFG_3/O
                         net (fo=8, routed)           0.861     4.957    idelay_clk
    SLICE_X88Y74         FDSE                                         r  soc_crg_reset_counter_reg[2]/C
                         clock pessimism             -1.010     3.947    
    SLICE_X88Y74         FDSE (Hold_fdse_C_CE)       -0.016     3.931    soc_crg_reset_counter_reg[2]
  -------------------------------------------------------------------
                         required time                         -3.931    
                         arrival time                           4.357    
  -------------------------------------------------------------------
                         slack                                  0.426    

Slack (MET) :             0.426ns  (arrival time - required time)
  Source:                 soc_crg_reset_counter_reg[3]/C
                            (rising edge-triggered cell FDSE clocked by soc_crg_clkout3  {rise@0.000ns fall@2.500ns period=5.000ns})
  Destination:            soc_crg_reset_counter_reg[3]/CE
                            (rising edge-triggered cell FDSE clocked by soc_crg_clkout3  {rise@0.000ns fall@2.500ns period=5.000ns})
  Path Group:             soc_crg_clkout3
  Path Type:              Hold (Min at Fast Process Corner)
  Requirement:            0.000ns  (soc_crg_clkout3 rise@0.000ns - soc_crg_clkout3 rise@0.000ns)
  Data Path Delay:        0.410ns  (logic 0.247ns (60.211%)  route 0.163ns (39.789%))
  Logic Levels:           1  (LUT4=1)
  Clock Path Skew:        0.000ns (DCD - SCD - CPR)
    Destination Clock Delay (DCD):    4.957ns
    Source Clock Delay      (SCD):    3.947ns
    Clock Pessimism Removal (CPR):    1.010ns

    Location             Delay type                Incr(ns)  Path(ns)    Netlist Resource(s)
  -------------------------------------------------------------------    -------------------
                         (clock soc_crg_clkout3 rise edge)
                                                      0.000     0.000 r  
    E3                                                0.000     0.000 r  clk100 (IN)
                         net (fo=0)                   0.000     0.000    clk100
    E3                   IBUF (Prop_ibuf_I_O)         0.250     0.250 r  clk100_IBUF_inst/O
                         net (fo=1, routed)           0.644     0.894    clk100_IBUF
    BUFGCTRL_X0Y16       BUFG (Prop_bufg_I_O)         0.026     0.920 r  clk100_IBUF_BUFG_inst/O
                         net (fo=1, routed)           0.775     1.695    clk100_IBUF_BUFG
    SLICE_X48Y32         LUT1 (Prop_lut1_I0_O)        0.045     1.740 r  clk100_inst/O
                         net (fo=9, routed)           0.892     2.631    soc_crg_clkin
    MMCME2_ADV_X0Y0      MMCME2_ADV (Prop_mmcme2_adv_CLKIN1_CLKOUT3)
                                                      0.050     2.681 r  MMCME2_ADV/CLKOUT3
                         net (fo=1, routed)           0.648     3.329    soc_crg_clkout3
    BUFGCTRL_X0Y2        BUFG (Prop_bufg_I_O)         0.026     3.355 r  BUFG_3/O
                         net (fo=8, routed)           0.592     3.947    idelay_clk
    SLICE_X88Y74         FDSE                                         r  soc_crg_reset_counter_reg[3]/C
  -------------------------------------------------------------------    -------------------
    SLICE_X88Y74         FDSE (Prop_fdse_C_Q)         0.148     4.095 r  soc_crg_reset_counter_reg[3]/Q
                         net (fo=2, routed)           0.108     4.202    soc_crg_reset_counter[3]
    SLICE_X88Y74         LUT4 (Prop_lut4_I3_O)        0.099     4.301 r  soc_crg_reset_counter[3]_i_1/O
                         net (fo=5, routed)           0.056     4.357    soc_crg_reset_counter[3]_i_1_n_0
    SLICE_X88Y74         FDSE                                         r  soc_crg_reset_counter_reg[3]/CE
  -------------------------------------------------------------------    -------------------

                         (clock soc_crg_clkout3 rise edge)
                                                      0.000     0.000 r  
    E3                                                0.000     0.000 r  clk100 (IN)
                         net (fo=0)                   0.000     0.000    clk100
    E3                   IBUF (Prop_ibuf_I_O)         0.438     0.438 r  clk100_IBUF_inst/O
                         net (fo=1, routed)           0.699     1.136    clk100_IBUF
    BUFGCTRL_X0Y16       BUFG (Prop_bufg_I_O)         0.029     1.165 r  clk100_IBUF_BUFG_inst/O
                         net (fo=1, routed)           1.077     2.243    clk100_IBUF_BUFG
    SLICE_X48Y32         LUT1 (Prop_lut1_I0_O)        0.056     2.299 r  clk100_inst/O
                         net (fo=9, routed)           1.016     3.314    soc_crg_clkin
    MMCME2_ADV_X0Y0      MMCME2_ADV (Prop_mmcme2_adv_CLKIN1_CLKOUT3)
                                                      0.053     3.367 r  MMCME2_ADV/CLKOUT3
                         net (fo=1, routed)           0.700     4.068    soc_crg_clkout3
    BUFGCTRL_X0Y2        BUFG (Prop_bufg_I_O)         0.029     4.097 r  BUFG_3/O
                         net (fo=8, routed)           0.861     4.957    idelay_clk
    SLICE_X88Y74         FDSE                                         r  soc_crg_reset_counter_reg[3]/C
                         clock pessimism             -1.010     3.947    
    SLICE_X88Y74         FDSE (Hold_fdse_C_CE)       -0.016     3.931    soc_crg_reset_counter_reg[3]
  -------------------------------------------------------------------
                         required time                         -3.931    
                         arrival time                           4.357    
  -------------------------------------------------------------------
                         slack                                  0.426    

Slack (MET) :             0.428ns  (arrival time - required time)
  Source:                 FDPE_7/C
                            (rising edge-triggered cell FDPE clocked by soc_crg_clkout3  {rise@0.000ns fall@2.500ns period=5.000ns})
  Destination:            soc_crg_reset_counter_reg[0]/S
                            (rising edge-triggered cell FDSE clocked by soc_crg_clkout3  {rise@0.000ns fall@2.500ns period=5.000ns})
  Path Group:             soc_crg_clkout3
  Path Type:              Hold (Min at Fast Process Corner)
  Requirement:            0.000ns  (soc_crg_clkout3 rise@0.000ns - soc_crg_clkout3 rise@0.000ns)
  Data Path Delay:        0.393ns  (logic 0.148ns (37.645%)  route 0.245ns (62.355%))
  Logic Levels:           0  
  Clock Path Skew:        0.009ns (DCD - SCD - CPR)
    Destination Clock Delay (DCD):    4.957ns
    Source Clock Delay      (SCD):    3.951ns
    Clock Pessimism Removal (CPR):    0.997ns

    Location             Delay type                Incr(ns)  Path(ns)    Netlist Resource(s)
  -------------------------------------------------------------------    -------------------
                         (clock soc_crg_clkout3 rise edge)
                                                      0.000     0.000 r  
    E3                                                0.000     0.000 r  clk100 (IN)
                         net (fo=0)                   0.000     0.000    clk100
    E3                   IBUF (Prop_ibuf_I_O)         0.250     0.250 r  clk100_IBUF_inst/O
                         net (fo=1, routed)           0.644     0.894    clk100_IBUF
    BUFGCTRL_X0Y16       BUFG (Prop_bufg_I_O)         0.026     0.920 r  clk100_IBUF_BUFG_inst/O
                         net (fo=1, routed)           0.775     1.695    clk100_IBUF_BUFG
    SLICE_X48Y32         LUT1 (Prop_lut1_I0_O)        0.045     1.740 r  clk100_inst/O
                         net (fo=9, routed)           0.892     2.631    soc_crg_clkin
    MMCME2_ADV_X0Y0      MMCME2_ADV (Prop_mmcme2_adv_CLKIN1_CLKOUT3)
                                                      0.050     2.681 r  MMCME2_ADV/CLKOUT3
                         net (fo=1, routed)           0.648     3.329    soc_crg_clkout3
    BUFGCTRL_X0Y2        BUFG (Prop_bufg_I_O)         0.026     3.355 r  BUFG_3/O
                         net (fo=8, routed)           0.596     3.951    idelay_clk
    SLICE_X88Y70         FDPE                                         r  FDPE_7/C
  -------------------------------------------------------------------    -------------------
    SLICE_X88Y70         FDPE (Prop_fdpe_C_Q)         0.148     4.099 r  FDPE_7/Q
                         net (fo=5, routed)           0.245     4.344    idelay_rst
    SLICE_X88Y74         FDSE                                         r  soc_crg_reset_counter_reg[0]/S
  -------------------------------------------------------------------    -------------------

                         (clock soc_crg_clkout3 rise edge)
                                                      0.000     0.000 r  
    E3                                                0.000     0.000 r  clk100 (IN)
                         net (fo=0)                   0.000     0.000    clk100
    E3                   IBUF (Prop_ibuf_I_O)         0.438     0.438 r  clk100_IBUF_inst/O
                         net (fo=1, routed)           0.699     1.136    clk100_IBUF
    BUFGCTRL_X0Y16       BUFG (Prop_bufg_I_O)         0.029     1.165 r  clk100_IBUF_BUFG_inst/O
                         net (fo=1, routed)           1.077     2.243    clk100_IBUF_BUFG
    SLICE_X48Y32         LUT1 (Prop_lut1_I0_O)        0.056     2.299 r  clk100_inst/O
                         net (fo=9, routed)           1.016     3.314    soc_crg_clkin
    MMCME2_ADV_X0Y0      MMCME2_ADV (Prop_mmcme2_adv_CLKIN1_CLKOUT3)
                                                      0.053     3.367 r  MMCME2_ADV/CLKOUT3
                         net (fo=1, routed)           0.700     4.068    soc_crg_clkout3
    BUFGCTRL_X0Y2        BUFG (Prop_bufg_I_O)         0.029     4.097 r  BUFG_3/O
                         net (fo=8, routed)           0.861     4.957    idelay_clk
    SLICE_X88Y74         FDSE                                         r  soc_crg_reset_counter_reg[0]/C
                         clock pessimism             -0.997     3.960    
    SLICE_X88Y74         FDSE (Hold_fdse_C_S)        -0.044     3.916    soc_crg_reset_counter_reg[0]
  -------------------------------------------------------------------
                         required time                         -3.916    
                         arrival time                           4.344    
  -------------------------------------------------------------------
                         slack                                  0.428    





Pulse Width Checks
--------------------------------------------------------------------------------------
Clock Name:         soc_crg_clkout3
Waveform(ns):       { 0.000 2.500 }
Period(ns):         5.000
Sources:            { MMCME2_ADV/CLKOUT3 }

Check Type        Corner  Lib Pin             Reference Pin  Required(ns)  Actual(ns)  Slack(ns)  Location         Pin
Min Period        n/a     IDELAYCTRL/REFCLK   n/a            3.225         5.000       1.775      IDELAYCTRL_X1Y1  IDELAYCTRL/REFCLK
Min Period        n/a     BUFG/I              n/a            2.155         5.000       2.845      BUFGCTRL_X0Y2    BUFG_3/I
Min Period        n/a     MMCME2_ADV/CLKOUT3  n/a            1.249         5.000       3.751      MMCME2_ADV_X0Y0  MMCME2_ADV/CLKOUT3
Min Period        n/a     FDPE/C              n/a            1.000         5.000       4.000      SLICE_X88Y70     FDPE_6/C
Min Period        n/a     FDPE/C              n/a            1.000         5.000       4.000      SLICE_X88Y70     FDPE_7/C
Min Period        n/a     FDRE/C              n/a            1.000         5.000       4.000      SLICE_X89Y74     soc_crg_ic_reset_reg/C
Min Period        n/a     FDSE/C              n/a            1.000         5.000       4.000      SLICE_X88Y74     soc_crg_reset_counter_reg[0]/C
Min Period        n/a     FDSE/C              n/a            1.000         5.000       4.000      SLICE_X88Y74     soc_crg_reset_counter_reg[1]/C
Min Period        n/a     FDSE/C              n/a            1.000         5.000       4.000      SLICE_X88Y74     soc_crg_reset_counter_reg[2]/C
Min Period        n/a     FDSE/C              n/a            1.000         5.000       4.000      SLICE_X88Y74     soc_crg_reset_counter_reg[3]/C
Max Period        n/a     IDELAYCTRL/REFCLK   n/a            5.264         5.000       0.264      IDELAYCTRL_X1Y1  IDELAYCTRL/REFCLK
Max Period        n/a     MMCME2_ADV/CLKOUT3  n/a            213.360       5.000       208.360    MMCME2_ADV_X0Y0  MMCME2_ADV/CLKOUT3
Low Pulse Width   Slow    FDPE/C              n/a            0.500         2.500       2.000      SLICE_X88Y70     FDPE_6/C
Low Pulse Width   Fast    FDPE/C              n/a            0.500         2.500       2.000      SLICE_X88Y70     FDPE_6/C
Low Pulse Width   Slow    FDPE/C              n/a            0.500         2.500       2.000      SLICE_X88Y70     FDPE_7/C
Low Pulse Width   Fast    FDPE/C              n/a            0.500         2.500       2.000      SLICE_X88Y70     FDPE_7/C
Low Pulse Width   Slow    FDRE/C              n/a            0.500         2.500       2.000      SLICE_X89Y74     soc_crg_ic_reset_reg/C
Low Pulse Width   Fast    FDRE/C              n/a            0.500         2.500       2.000      SLICE_X89Y74     soc_crg_ic_reset_reg/C
Low Pulse Width   Slow    FDSE/C              n/a            0.500         2.500       2.000      SLICE_X88Y74     soc_crg_reset_counter_reg[0]/C
Low Pulse Width   Fast    FDSE/C              n/a            0.500         2.500       2.000      SLICE_X88Y74     soc_crg_reset_counter_reg[0]/C
Low Pulse Width   Slow    FDSE/C              n/a            0.500         2.500       2.000      SLICE_X88Y74     soc_crg_reset_counter_reg[1]/C
Low Pulse Width   Fast    FDSE/C              n/a            0.500         2.500       2.000      SLICE_X88Y74     soc_crg_reset_counter_reg[1]/C
High Pulse Width  Slow    FDPE/C              n/a            0.500         2.500       2.000      SLICE_X88Y70     FDPE_6/C
High Pulse Width  Fast    FDPE/C              n/a            0.500         2.500       2.000      SLICE_X88Y70     FDPE_6/C
High Pulse Width  Slow    FDPE/C              n/a            0.500         2.500       2.000      SLICE_X88Y70     FDPE_7/C
High Pulse Width  Fast    FDPE/C              n/a            0.500         2.500       2.000      SLICE_X88Y70     FDPE_7/C
High Pulse Width  Slow    FDRE/C              n/a            0.500         2.500       2.000      SLICE_X89Y74     soc_crg_ic_reset_reg/C
High Pulse Width  Fast    FDRE/C              n/a            0.500         2.500       2.000      SLICE_X89Y74     soc_crg_ic_reset_reg/C
High Pulse Width  Slow    FDSE/C              n/a            0.500         2.500       2.000      SLICE_X88Y74     soc_crg_reset_counter_reg[0]/C
High Pulse Width  Fast    FDSE/C              n/a            0.500         2.500       2.000      SLICE_X88Y74     soc_crg_reset_counter_reg[0]/C
High Pulse Width  Slow    FDSE/C              n/a            0.500         2.500       2.000      SLICE_X88Y74     soc_crg_reset_counter_reg[1]/C
High Pulse Width  Fast    FDSE/C              n/a            0.500         2.500       2.000      SLICE_X88Y74     soc_crg_reset_counter_reg[1]/C



------------------------------------------------------------------------------------------------
| Data sheet
| ----------
------------------------------------------------------------------------------------------------

Input Ports Setup/Hold

----------+--------------+----------------+----------+---------------+---------+---------------+---------+-----------------+
Reference | Input        | IO Reg         | Delay    |     Setup(ns) | Process |      Hold(ns) | Process | Internal        |
Clock     | Port         | Type           | Type     | to Clk (Edge) | Corner  | to Clk (Edge) | Corner  | Clock           |
----------+--------------+----------------+----------+---------------+---------+---------------+---------+-----------------+
clk100    | cpu_reset    | FDCE           | -        |     0.085 (r) | FAST    |     3.291 (r) | SLOW    |                 |
clk100    | serial_rx    | FDRE           | -        |    -2.347 (r) | FAST    |     8.815 (r) | SLOW    | soc_crg_clkout0 |
clk100    | ddram_dq[0]  | ISERDESE2 (IO) | VARIABLE |    -3.110 (r) | FAST    |    10.383 (r) | SLOW    | soc_crg_clkout1 |
clk100    | ddram_dq[0]  | ISERDESE2 (IO) | VARIABLE |    -3.038 (f) | FAST    |    10.383 (f) | SLOW    | soc_crg_clkout1 |
clk100    | ddram_dq[1]  | ISERDESE2 (IO) | VARIABLE |    -3.109 (r) | FAST    |    10.381 (r) | SLOW    | soc_crg_clkout1 |
clk100    | ddram_dq[1]  | ISERDESE2 (IO) | VARIABLE |    -3.037 (f) | FAST    |    10.381 (f) | SLOW    | soc_crg_clkout1 |
clk100    | ddram_dq[2]  | ISERDESE2 (IO) | VARIABLE |    -3.127 (r) | FAST    |    10.399 (r) | SLOW    | soc_crg_clkout1 |
clk100    | ddram_dq[2]  | ISERDESE2 (IO) | VARIABLE |    -3.055 (f) | FAST    |    10.399 (f) | SLOW    | soc_crg_clkout1 |
clk100    | ddram_dq[3]  | ISERDESE2 (IO) | VARIABLE |    -3.110 (r) | FAST    |    10.382 (r) | SLOW    | soc_crg_clkout1 |
clk100    | ddram_dq[3]  | ISERDESE2 (IO) | VARIABLE |    -3.038 (f) | FAST    |    10.382 (f) | SLOW    | soc_crg_clkout1 |
clk100    | ddram_dq[4]  | ISERDESE2 (IO) | VARIABLE |    -3.103 (r) | FAST    |    10.375 (r) | SLOW    | soc_crg_clkout1 |
clk100    | ddram_dq[4]  | ISERDESE2 (IO) | VARIABLE |    -3.031 (f) | FAST    |    10.375 (f) | SLOW    | soc_crg_clkout1 |
clk100    | ddram_dq[5]  | ISERDESE2 (IO) | VARIABLE |    -3.118 (r) | FAST    |    10.390 (r) | SLOW    | soc_crg_clkout1 |
clk100    | ddram_dq[5]  | ISERDESE2 (IO) | VARIABLE |    -3.046 (f) | FAST    |    10.390 (f) | SLOW    | soc_crg_clkout1 |
clk100    | ddram_dq[6]  | ISERDESE2 (IO) | VARIABLE |    -3.106 (r) | FAST    |    10.379 (r) | SLOW    | soc_crg_clkout1 |
clk100    | ddram_dq[6]  | ISERDESE2 (IO) | VARIABLE |    -3.034 (f) | FAST    |    10.379 (f) | SLOW    | soc_crg_clkout1 |
clk100    | ddram_dq[7]  | ISERDESE2 (IO) | VARIABLE |    -3.128 (r) | FAST    |    10.399 (r) | SLOW    | soc_crg_clkout1 |
clk100    | ddram_dq[7]  | ISERDESE2 (IO) | VARIABLE |    -3.056 (f) | FAST    |    10.399 (f) | SLOW    | soc_crg_clkout1 |
clk100    | ddram_dq[8]  | ISERDESE2 (IO) | VARIABLE |    -3.105 (r) | FAST    |    10.370 (r) | SLOW    | soc_crg_clkout1 |
clk100    | ddram_dq[8]  | ISERDESE2 (IO) | VARIABLE |    -3.033 (f) | FAST    |    10.370 (f) | SLOW    | soc_crg_clkout1 |
clk100    | ddram_dq[9]  | ISERDESE2 (IO) | VARIABLE |    -3.095 (r) | FAST    |    10.365 (r) | SLOW    | soc_crg_clkout1 |
clk100    | ddram_dq[9]  | ISERDESE2 (IO) | VARIABLE |    -3.023 (f) | FAST    |    10.365 (f) | SLOW    | soc_crg_clkout1 |
clk100    | ddram_dq[10] | ISERDESE2 (IO) | VARIABLE |    -3.098 (r) | FAST    |    10.364 (r) | SLOW    | soc_crg_clkout1 |
clk100    | ddram_dq[10] | ISERDESE2 (IO) | VARIABLE |    -3.026 (f) | FAST    |    10.364 (f) | SLOW    | soc_crg_clkout1 |
clk100    | ddram_dq[11] | ISERDESE2 (IO) | VARIABLE |    -3.091 (r) | FAST    |    10.361 (r) | SLOW    | soc_crg_clkout1 |
clk100    | ddram_dq[11] | ISERDESE2 (IO) | VARIABLE |    -3.019 (f) | FAST    |    10.361 (f) | SLOW    | soc_crg_clkout1 |
clk100    | ddram_dq[12] | ISERDESE2 (IO) | VARIABLE |    -3.086 (r) | FAST    |    10.352 (r) | SLOW    | soc_crg_clkout1 |
clk100    | ddram_dq[12] | ISERDESE2 (IO) | VARIABLE |    -3.014 (f) | FAST    |    10.352 (f) | SLOW    | soc_crg_clkout1 |
clk100    | ddram_dq[13] | ISERDESE2 (IO) | VARIABLE |    -3.110 (r) | FAST    |    10.375 (r) | SLOW    | soc_crg_clkout1 |
clk100    | ddram_dq[13] | ISERDESE2 (IO) | VARIABLE |    -3.038 (f) | FAST    |    10.375 (f) | SLOW    | soc_crg_clkout1 |
clk100    | ddram_dq[14] | ISERDESE2 (IO) | VARIABLE |    -3.098 (r) | FAST    |    10.369 (r) | SLOW    | soc_crg_clkout1 |
clk100    | ddram_dq[14] | ISERDESE2 (IO) | VARIABLE |    -3.026 (f) | FAST    |    10.369 (f) | SLOW    | soc_crg_clkout1 |
clk100    | ddram_dq[15] | ISERDESE2 (IO) | VARIABLE |    -3.110 (r) | FAST    |    10.376 (r) | SLOW    | soc_crg_clkout1 |
clk100    | ddram_dq[15] | ISERDESE2 (IO) | VARIABLE |    -3.038 (f) | FAST    |    10.376 (f) | SLOW    | soc_crg_clkout1 |
----------+--------------+----------------+----------+---------------+---------+---------------+---------+-----------------+


Output Ports Clock-to-out

----------+----------------+----------------+-------+----------------+---------+----------------+---------+-----------------+
Reference | Output         | IO Reg         | Delay | Max Clk (Edge) | Process | Min Clk (Edge) | Process | Internal        |
Clock     | Port           | Type           | Type  |    to port(ns) | Corner  |    to port(ns) | Corner  | Clock           |
----------+----------------+----------------+-------+----------------+---------+----------------+---------+-----------------+
clk100    | ddram_dq[0]    | FDRE           | -     |     18.579 (r) | SLOW    |      5.707 (r) | FAST    | soc_crg_clkout0 |
clk100    | ddram_dq[1]    | FDRE           | -     |     18.128 (r) | SLOW    |      5.507 (r) | FAST    | soc_crg_clkout0 |
clk100    | ddram_dq[2]    | FDRE           | -     |     18.719 (r) | SLOW    |      5.750 (r) | FAST    | soc_crg_clkout0 |
clk100    | ddram_dq[3]    | FDRE           | -     |     18.569 (r) | SLOW    |      5.699 (r) | FAST    | soc_crg_clkout0 |
clk100    | ddram_dq[4]    | FDRE           | -     |     18.268 (r) | SLOW    |      5.568 (r) | FAST    | soc_crg_clkout0 |
clk100    | ddram_dq[5]    | FDRE           | -     |     18.107 (r) | SLOW    |      5.475 (r) | FAST    | soc_crg_clkout0 |
clk100    | ddram_dq[6]    | FDRE           | -     |     18.429 (r) | SLOW    |      5.647 (r) | FAST    | soc_crg_clkout0 |
clk100    | ddram_dq[7]    | FDRE           | -     |     17.967 (r) | SLOW    |      5.410 (r) | FAST    | soc_crg_clkout0 |
clk100    | ddram_dq[8]    | FDRE           | -     |     17.511 (r) | SLOW    |      5.202 (r) | FAST    | soc_crg_clkout0 |
clk100    | ddram_dq[9]    | FDRE           | -     |     16.642 (r) | SLOW    |      4.859 (r) | FAST    | soc_crg_clkout0 |
clk100    | ddram_dq[10]   | FDRE           | -     |     17.718 (r) | SLOW    |      5.295 (r) | FAST    | soc_crg_clkout0 |
clk100    | ddram_dq[11]   | FDRE           | -     |     16.676 (r) | SLOW    |      4.885 (r) | FAST    | soc_crg_clkout0 |
clk100    | ddram_dq[12]   | FDRE           | -     |     17.032 (r) | SLOW    |      5.039 (r) | FAST    | soc_crg_clkout0 |
clk100    | ddram_dq[13]   | FDRE           | -     |     17.371 (r) | SLOW    |      5.142 (r) | FAST    | soc_crg_clkout0 |
clk100    | ddram_dq[14]   | FDRE           | -     |     16.825 (r) | SLOW    |      4.926 (r) | FAST    | soc_crg_clkout0 |
clk100    | ddram_dq[15]   | FDRE           | -     |     17.042 (r) | SLOW    |      5.022 (r) | FAST    | soc_crg_clkout0 |
clk100    | ddram_dqs_n[0] | FDRE           | -     |     17.487 (r) | SLOW    |      5.212 (r) | FAST    | soc_crg_clkout0 |
clk100    | ddram_dqs_n[1] | FDRE           | -     |     16.641 (r) | SLOW    |      4.839 (r) | FAST    | soc_crg_clkout0 |
clk100    | ddram_dqs_p[0] | FDRE           | -     |     17.488 (r) | SLOW    |      5.214 (r) | FAST    | soc_crg_clkout0 |
clk100    | ddram_dqs_p[1] | FDRE           | -     |     16.642 (r) | SLOW    |      4.839 (r) | FAST    | soc_crg_clkout0 |
clk100    | serial_tx      | FDSE           | -     |     19.033 (r) | SLOW    |      6.100 (r) | FAST    | soc_crg_clkout0 |
clk100    | user_led0      | FDRE           | -     |     21.947 (r) | SLOW    |      7.100 (r) | FAST    | soc_crg_clkout0 |
clk100    | user_led1      | FDRE           | -     |     21.029 (r) | SLOW    |      6.569 (r) | FAST    | soc_crg_clkout0 |
clk100    | user_led10     | FDRE           | -     |     21.644 (r) | SLOW    |      6.995 (r) | FAST    | soc_crg_clkout0 |
clk100    | user_led11     | FDRE           | -     |     21.381 (r) | SLOW    |      7.131 (r) | FAST    | soc_crg_clkout0 |
clk100    | user_led12     | FDRE           | -     |     21.758 (r) | SLOW    |      7.056 (r) | FAST    | soc_crg_clkout0 |
clk100    | user_led13     | FDRE           | -     |     21.984 (r) | SLOW    |      7.097 (r) | FAST    | soc_crg_clkout0 |
clk100    | user_led14     | FDRE           | -     |     21.319 (r) | SLOW    |      6.623 (r) | FAST    | soc_crg_clkout0 |
clk100    | user_led15     | FDRE           | -     |     22.205 (r) | SLOW    |      7.147 (r) | FAST    | soc_crg_clkout0 |
clk100    | user_led2      | FDRE           | -     |     22.440 (r) | SLOW    |      6.979 (r) | FAST    | soc_crg_clkout0 |
clk100    | user_led3      | FDRE           | -     |     21.421 (r) | SLOW    |      6.715 (r) | FAST    | soc_crg_clkout0 |
clk100    | user_led4      | FDRE           | -     |     21.703 (r) | SLOW    |      6.877 (r) | FAST    | soc_crg_clkout0 |
clk100    | user_led5      | FDRE           | -     |     21.356 (r) | SLOW    |      6.936 (r) | FAST    | soc_crg_clkout0 |
clk100    | user_led6      | FDRE           | -     |     21.643 (r) | SLOW    |      6.977 (r) | FAST    | soc_crg_clkout0 |
clk100    | user_led7      | FDRE           | -     |     21.031 (r) | SLOW    |      6.588 (r) | FAST    | soc_crg_clkout0 |
clk100    | user_led8      | FDRE           | -     |     21.775 (r) | SLOW    |      6.919 (r) | FAST    | soc_crg_clkout0 |
clk100    | user_led9      | FDRE           | -     |     21.908 (r) | SLOW    |      6.931 (r) | FAST    | soc_crg_clkout0 |
clk100    | ddram_a[0]     | OSERDESE2 (IO) | -     |     13.993 (r) | SLOW    |      4.491 (r) | FAST    | soc_crg_clkout1 |
clk100    | ddram_a[1]     | OSERDESE2 (IO) | -     |     14.008 (r) | SLOW    |      4.508 (r) | FAST    | soc_crg_clkout1 |
clk100    | ddram_a[2]     | OSERDESE2 (IO) | -     |     14.019 (r) | SLOW    |      4.515 (r) | FAST    | soc_crg_clkout1 |
clk100    | ddram_a[3]     | OSERDESE2 (IO) | -     |     14.019 (r) | SLOW    |      4.516 (r) | FAST    | soc_crg_clkout1 |
clk100    | ddram_a[4]     | OSERDESE2 (IO) | -     |     14.015 (r) | SLOW    |      4.509 (r) | FAST    | soc_crg_clkout1 |
clk100    | ddram_a[5]     | OSERDESE2 (IO) | -     |     14.010 (r) | SLOW    |      4.511 (r) | FAST    | soc_crg_clkout1 |
clk100    | ddram_a[6]     | OSERDESE2 (IO) | -     |     14.024 (r) | SLOW    |      4.518 (r) | FAST    | soc_crg_clkout1 |
clk100    | ddram_a[7]     | OSERDESE2 (IO) | -     |     14.025 (r) | SLOW    |      4.519 (r) | FAST    | soc_crg_clkout1 |
clk100    | ddram_a[8]     | OSERDESE2 (IO) | -     |     14.015 (r) | SLOW    |      4.510 (r) | FAST    | soc_crg_clkout1 |
clk100    | ddram_a[9]     | OSERDESE2 (IO) | -     |     14.009 (r) | SLOW    |      4.510 (r) | FAST    | soc_crg_clkout1 |
clk100    | ddram_a[10]    | OSERDESE2 (IO) | -     |     14.010 (r) | SLOW    |      4.511 (r) | FAST    | soc_crg_clkout1 |
clk100    | ddram_a[11]    | OSERDESE2 (IO) | -     |     14.003 (r) | SLOW    |      4.498 (r) | FAST    | soc_crg_clkout1 |
clk100    | ddram_a[12]    | OSERDESE2 (IO) | -     |     14.015 (r) | SLOW    |      4.511 (r) | FAST    | soc_crg_clkout1 |
clk100    | ddram_ba[0]    | OSERDESE2 (IO) | -     |     14.013 (r) | SLOW    |      4.514 (r) | FAST    | soc_crg_clkout1 |
clk100    | ddram_ba[1]    | OSERDESE2 (IO) | -     |     14.006 (r) | SLOW    |      4.507 (r) | FAST    | soc_crg_clkout1 |
clk100    | ddram_ba[2]    | OSERDESE2 (IO) | -     |     14.018 (r) | SLOW    |      4.515 (r) | FAST    | soc_crg_clkout1 |
clk100    | ddram_cas_n    | OSERDESE2 (IO) | -     |     14.034 (r) | SLOW    |      4.528 (r) | FAST    | soc_crg_clkout1 |
clk100    | ddram_cke      | OSERDESE2 (IO) | -     |     14.026 (r) | SLOW    |      4.520 (r) | FAST    | soc_crg_clkout1 |
clk100    | ddram_clk_n    | OSERDESE2 (IO) | -     |     14.096 (r) | SLOW    |      4.490 (r) | FAST    | soc_crg_clkout1 |
clk100    | ddram_clk_p    | OSERDESE2 (IO) | -     |     14.109 (r) | SLOW    |      4.503 (r) | FAST    | soc_crg_clkout1 |
clk100    | ddram_cs_n     | OSERDESE2 (IO) | -     |     13.984 (r) | SLOW    |      4.478 (r) | FAST    | soc_crg_clkout1 |
clk100    | ddram_dm[0]    | OSERDESE2 (IO) | -     |     14.048 (r) | SLOW    |      4.542 (r) | FAST    | soc_crg_clkout1 |
clk100    | ddram_dm[1]    | OSERDESE2 (IO) | -     |     14.050 (r) | SLOW    |      4.546 (r) | FAST    | soc_crg_clkout1 |
clk100    | ddram_dq[0]    | OSERDESE2 (IO) | -     |     14.905 (r) | SLOW    |      4.231 (r) | FAST    | soc_crg_clkout1 |
clk100    | ddram_dq[1]    | OSERDESE2 (IO) | -     |     14.903 (r) | SLOW    |      4.230 (r) | FAST    | soc_crg_clkout1 |
clk100    | ddram_dq[2]    | OSERDESE2 (IO) | -     |     14.906 (r) | SLOW    |      4.217 (r) | FAST    | soc_crg_clkout1 |
clk100    | ddram_dq[3]    | OSERDESE2 (IO) | -     |     14.904 (r) | SLOW    |      4.230 (r) | FAST    | soc_crg_clkout1 |
clk100    | ddram_dq[4]    | OSERDESE2 (IO) | -     |     14.903 (r) | SLOW    |      4.236 (r) | FAST    | soc_crg_clkout1 |
clk100    | ddram_dq[5]    | OSERDESE2 (IO) | -     |     14.903 (r) | SLOW    |      4.222 (r) | FAST    | soc_crg_clkout1 |
clk100    | ddram_dq[6]    | OSERDESE2 (IO) | -     |     14.904 (r) | SLOW    |      4.234 (r) | FAST    | soc_crg_clkout1 |
clk100    | ddram_dq[7]    | OSERDESE2 (IO) | -     |     14.903 (r) | SLOW    |      4.212 (r) | FAST    | soc_crg_clkout1 |
clk100    | ddram_dq[8]    | OSERDESE2 (IO) | -     |     14.889 (r) | SLOW    |      4.221 (r) | FAST    | soc_crg_clkout1 |
clk100    | ddram_dq[9]    | OSERDESE2 (IO) | -     |     14.899 (r) | SLOW    |      4.240 (r) | FAST    | soc_crg_clkout1 |
clk100    | ddram_dq[10]   | OSERDESE2 (IO) | -     |     14.892 (r) | SLOW    |      4.232 (r) | FAST    | soc_crg_clkout1 |
clk100    | ddram_dq[11]   | OSERDESE2 (IO) | -     |     14.899 (r) | SLOW    |      4.245 (r) | FAST    | soc_crg_clkout1 |
clk100    | ddram_dq[12]   | OSERDESE2 (IO) | -     |     14.892 (r) | SLOW    |      4.243 (r) | FAST    | soc_crg_clkout1 |
clk100    | ddram_dq[13]   | OSERDESE2 (IO) | -     |     14.889 (r) | SLOW    |      4.216 (r) | FAST    | soc_crg_clkout1 |
clk100    | ddram_dq[14]   | OSERDESE2 (IO) | -     |     14.900 (r) | SLOW    |      4.238 (r) | FAST    | soc_crg_clkout1 |
clk100    | ddram_dq[15]   | OSERDESE2 (IO) | -     |     14.891 (r) | SLOW    |      4.217 (r) | FAST    | soc_crg_clkout1 |
clk100    | ddram_odt      | OSERDESE2 (IO) | -     |     14.019 (r) | SLOW    |      4.513 (r) | FAST    | soc_crg_clkout1 |
clk100    | ddram_ras_n    | OSERDESE2 (IO) | -     |     14.004 (r) | SLOW    |      4.502 (r) | FAST    | soc_crg_clkout1 |
clk100    | ddram_we_n     | OSERDESE2 (IO) | -     |     14.036 (r) | SLOW    |      4.530 (r) | FAST    | soc_crg_clkout1 |
clk100    | ddram_dqs_n[0] | OSERDESE2 (IO) | -     |     16.570 (r) | SLOW    |      5.897 (r) | FAST    | soc_crg_clkout2 |
clk100    | ddram_dqs_n[1] | OSERDESE2 (IO) | -     |     16.563 (r) | SLOW    |      5.895 (r) | FAST    | soc_crg_clkout2 |
clk100    | ddram_dqs_p[0] | OSERDESE2 (IO) | -     |     16.571 (r) | SLOW    |      5.899 (r) | FAST    | soc_crg_clkout2 |
clk100    | ddram_dqs_p[1] | OSERDESE2 (IO) | -     |     16.564 (r) | SLOW    |      5.896 (r) | FAST    | soc_crg_clkout2 |
----------+----------------+----------------+-------+----------------+---------+----------------+---------+-----------------+


Setup between Clocks

-------+-------------+---------------+---------+---------------+---------+---------------+---------+---------------+---------+
Source | Destination |  Src:Rise     | Process |  Src:Rise     | Process |  Src:Fall     | Process |  Src:Fall     | Process |
Clock  | Clock       | Dest:Rise(ns) | Corner  | Dest:Fall(ns) | Corner  | Dest:Rise(ns) | Corner  | Dest:Fall(ns) | Corner  |
-------+-------------+---------------+---------+---------------+---------+---------------+---------+---------------+---------+
clk100 | clk100      |        15.052 | SLOW    |               |         |               |         |               |         |
-------+-------------+---------------+---------+---------------+---------+---------------+---------+---------------+---------+


Setup / Hold times for input bus
Clocked by: clk100
Worst Case Data Window: 7.385 ns
Ideal Clock Offset to Actual Clock: 6.707 ns
-------------------+-------------+---------+--------------+---------+-----------+-----------+---------------+
                   |             | Process |              | Process | Setup     |  Hold     | Source Offset |
Source             |   Setup(ns) | Corner  |     Hold(ns) | Corner  | Slack(ns) | Slack(ns) | to Center(ns) |
-------------------+-------------+---------+--------------+---------+-----------+-----------+---------------+
ddram_dq[0]        |  -3.110 (r) | FAST    |   10.383 (r) | SLOW    |       inf |       inf |             - |
ddram_dq[0]        |  -3.038 (f) | FAST    |   10.383 (f) | SLOW    |       inf |       inf |             - |
ddram_dq[1]        |  -3.109 (r) | FAST    |   10.381 (r) | SLOW    |       inf |       inf |             - |
ddram_dq[1]        |  -3.037 (f) | FAST    |   10.381 (f) | SLOW    |       inf |       inf |             - |
ddram_dq[2]        |  -3.127 (r) | FAST    |   10.399 (r) | SLOW    |       inf |       inf |             - |
ddram_dq[2]        |  -3.055 (f) | FAST    |   10.399 (f) | SLOW    |       inf |       inf |             - |
ddram_dq[3]        |  -3.110 (r) | FAST    |   10.382 (r) | SLOW    |       inf |       inf |             - |
ddram_dq[3]        |  -3.038 (f) | FAST    |   10.382 (f) | SLOW    |       inf |       inf |             - |
ddram_dq[4]        |  -3.103 (r) | FAST    |   10.375 (r) | SLOW    |       inf |       inf |             - |
ddram_dq[4]        |  -3.031 (f) | FAST    |   10.375 (f) | SLOW    |       inf |       inf |             - |
ddram_dq[5]        |  -3.118 (r) | FAST    |   10.390 (r) | SLOW    |       inf |       inf |             - |
ddram_dq[5]        |  -3.046 (f) | FAST    |   10.390 (f) | SLOW    |       inf |       inf |             - |
ddram_dq[6]        |  -3.106 (r) | FAST    |   10.379 (r) | SLOW    |       inf |       inf |             - |
ddram_dq[6]        |  -3.034 (f) | FAST    |   10.379 (f) | SLOW    |       inf |       inf |             - |
ddram_dq[7]        |  -3.128 (r) | FAST    |   10.399 (r) | SLOW    |       inf |       inf |             - |
ddram_dq[7]        |  -3.056 (f) | FAST    |   10.399 (f) | SLOW    |       inf |       inf |             - |
ddram_dq[8]        |  -3.105 (r) | FAST    |   10.370 (r) | SLOW    |       inf |       inf |             - |
ddram_dq[8]        |  -3.033 (f) | FAST    |   10.370 (f) | SLOW    |       inf |       inf |             - |
ddram_dq[9]        |  -3.095 (r) | FAST    |   10.365 (r) | SLOW    |       inf |       inf |             - |
ddram_dq[9]        |  -3.023 (f) | FAST    |   10.365 (f) | SLOW    |       inf |       inf |             - |
ddram_dq[10]       |  -3.098 (r) | FAST    |   10.364 (r) | SLOW    |       inf |       inf |             - |
ddram_dq[10]       |  -3.026 (f) | FAST    |   10.364 (f) | SLOW    |       inf |       inf |             - |
ddram_dq[11]       |  -3.091 (r) | FAST    |   10.361 (r) | SLOW    |       inf |       inf |             - |
ddram_dq[11]       |  -3.019 (f) | FAST    |   10.361 (f) | SLOW    |       inf |       inf |             - |
ddram_dq[12]       |  -3.086 (r) | FAST    |   10.352 (r) | SLOW    |       inf |       inf |             - |
ddram_dq[12]       |  -3.014 (f) | FAST    |   10.352 (f) | SLOW    |       inf |       inf |             - |
ddram_dq[13]       |  -3.110 (r) | FAST    |   10.375 (r) | SLOW    |       inf |       inf |             - |
ddram_dq[13]       |  -3.038 (f) | FAST    |   10.375 (f) | SLOW    |       inf |       inf |             - |
ddram_dq[14]       |  -3.098 (r) | FAST    |   10.369 (r) | SLOW    |       inf |       inf |             - |
ddram_dq[14]       |  -3.026 (f) | FAST    |   10.369 (f) | SLOW    |       inf |       inf |             - |
ddram_dq[15]       |  -3.110 (r) | FAST    |   10.376 (r) | SLOW    |       inf |       inf |             - |
ddram_dq[15]       |  -3.038 (f) | FAST    |   10.376 (f) | SLOW    |       inf |       inf |             - |
-------------------+-------------+---------+--------------+---------+-----------+-----------+---------------+
Worst Case Summary |  -3.014 (f) | FAST    |   10.399 (r) | SLOW    |       inf |       inf |             - |
-------------------+-------------+---------+--------------+---------+-----------+-----------+---------------+



Max / Min delays for output bus
Clocked by: clk100
Bus Skew: 0.032 ns
-------------------+--------------+---------+-------------+---------+----------+
                   |      Max     | Process |     Min     | Process | Edge     |
Pad                |    Delay(ns) | Corner  |   Delay(ns) | Corner  | Skew(ns) |
-------------------+--------------+---------+-------------+---------+----------+
ddram_a[0]         |   13.993 (r) | SLOW    |   4.491 (r) | FAST    |    0.000 |
ddram_a[1]         |   14.008 (r) | SLOW    |   4.508 (r) | FAST    |    0.017 |
ddram_a[2]         |   14.019 (r) | SLOW    |   4.515 (r) | FAST    |    0.026 |
ddram_a[3]         |   14.019 (r) | SLOW    |   4.516 (r) | FAST    |    0.026 |
ddram_a[4]         |   14.015 (r) | SLOW    |   4.509 (r) | FAST    |    0.022 |
ddram_a[5]         |   14.010 (r) | SLOW    |   4.511 (r) | FAST    |    0.020 |
ddram_a[6]         |   14.024 (r) | SLOW    |   4.518 (r) | FAST    |    0.031 |
ddram_a[7]         |   14.025 (r) | SLOW    |   4.519 (r) | FAST    |    0.032 |
ddram_a[8]         |   14.015 (r) | SLOW    |   4.510 (r) | FAST    |    0.022 |
ddram_a[9]         |   14.009 (r) | SLOW    |   4.510 (r) | FAST    |    0.019 |
ddram_a[10]        |   14.010 (r) | SLOW    |   4.511 (r) | FAST    |    0.020 |
ddram_a[11]        |   14.003 (r) | SLOW    |   4.498 (r) | FAST    |    0.010 |
ddram_a[12]        |   14.015 (r) | SLOW    |   4.511 (r) | FAST    |    0.022 |
-------------------+--------------+---------+-------------+---------+----------+
Worst Case Summary |   14.025 (r) | SLOW    |   4.491 (r) | FAST    |    0.032 |
-------------------+--------------+---------+-------------+---------+----------+



Max / Min delays for output bus
Clocked by: clk100
Bus Skew: 0.012 ns
-------------------+--------------+---------+-------------+---------+----------+
                   |      Max     | Process |     Min     | Process | Edge     |
Pad                |    Delay(ns) | Corner  |   Delay(ns) | Corner  | Skew(ns) |
-------------------+--------------+---------+-------------+---------+----------+
ddram_ba[0]        |   14.013 (r) | SLOW    |   4.514 (r) | FAST    |    0.008 |
ddram_ba[1]        |   14.006 (r) | SLOW    |   4.507 (r) | FAST    |    0.000 |
ddram_ba[2]        |   14.018 (r) | SLOW    |   4.515 (r) | FAST    |    0.012 |
-------------------+--------------+---------+-------------+---------+----------+
Worst Case Summary |   14.018 (r) | SLOW    |   4.507 (r) | FAST    |    0.012 |
-------------------+--------------+---------+-------------+---------+----------+



Max / Min delays for output bus
Clocked by: clk100
Bus Skew: 0.004 ns
-------------------+--------------+---------+-------------+---------+----------+
                   |      Max     | Process |     Min     | Process | Edge     |
Pad                |    Delay(ns) | Corner  |   Delay(ns) | Corner  | Skew(ns) |
-------------------+--------------+---------+-------------+---------+----------+
ddram_dm[0]        |   14.048 (r) | SLOW    |   4.542 (r) | FAST    |    0.000 |
ddram_dm[1]        |   14.050 (r) | SLOW    |   4.546 (r) | FAST    |    0.004 |
-------------------+--------------+---------+-------------+---------+----------+
Worst Case Summary |   14.050 (r) | SLOW    |   4.542 (r) | FAST    |    0.004 |
-------------------+--------------+---------+-------------+---------+----------+



Max / Min delays for output bus
Clocked by: clk100
Bus Skew: 2.077 ns
-------------------+--------------+---------+-------------+---------+----------+
                   |      Max     | Process |     Min     | Process | Edge     |
Pad                |    Delay(ns) | Corner  |   Delay(ns) | Corner  | Skew(ns) |
-------------------+--------------+---------+-------------+---------+----------+
ddram_dq[0]        |   18.579 (r) | SLOW    |   4.231 (r) | FAST    |    1.937 |
ddram_dq[1]        |   18.128 (r) | SLOW    |   4.230 (r) | FAST    |    1.486 |
ddram_dq[2]        |   18.719 (r) | SLOW    |   4.217 (r) | FAST    |    2.077 |
ddram_dq[3]        |   18.569 (r) | SLOW    |   4.230 (r) | FAST    |    1.927 |
ddram_dq[4]        |   18.268 (r) | SLOW    |   4.236 (r) | FAST    |    1.626 |
ddram_dq[5]        |   18.107 (r) | SLOW    |   4.222 (r) | FAST    |    1.465 |
ddram_dq[6]        |   18.429 (r) | SLOW    |   4.234 (r) | FAST    |    1.787 |
ddram_dq[7]        |   17.967 (r) | SLOW    |   4.212 (r) | FAST    |    1.325 |
ddram_dq[8]        |   17.511 (r) | SLOW    |   4.221 (r) | FAST    |    0.869 |
ddram_dq[9]        |   16.642 (r) | SLOW    |   4.240 (r) | FAST    |    0.028 |
ddram_dq[10]       |   17.718 (r) | SLOW    |   4.232 (r) | FAST    |    1.076 |
ddram_dq[11]       |   16.676 (r) | SLOW    |   4.245 (r) | FAST    |    0.034 |
ddram_dq[12]       |   17.032 (r) | SLOW    |   4.243 (r) | FAST    |    0.390 |
ddram_dq[13]       |   17.371 (r) | SLOW    |   4.216 (r) | FAST    |    0.729 |
ddram_dq[14]       |   16.825 (r) | SLOW    |   4.238 (r) | FAST    |    0.183 |
ddram_dq[15]       |   17.042 (r) | SLOW    |   4.217 (r) | FAST    |    0.400 |
-------------------+--------------+---------+-------------+---------+----------+
Worst Case Summary |   18.719 (r) | SLOW    |   4.212 (r) | FAST    |    2.077 |
-------------------+--------------+---------+-------------+---------+----------+



Max / Min delays for output bus
Clocked by: clk100
Bus Skew: 0.847 ns
-------------------+--------------+---------+-------------+---------+----------+
                   |      Max     | Process |     Min     | Process | Edge     |
Pad                |    Delay(ns) | Corner  |   Delay(ns) | Corner  | Skew(ns) |
-------------------+--------------+---------+-------------+---------+----------+
ddram_dqs_n[0]     |   17.487 (r) | SLOW    |   5.212 (r) | FAST    |    0.846 |
ddram_dqs_n[1]     |   16.641 (r) | SLOW    |   4.839 (r) | FAST    |    0.000 |
ddram_dqs_p[0]     |   17.488 (r) | SLOW    |   5.214 (r) | FAST    |    0.847 |
ddram_dqs_p[1]     |   16.642 (r) | SLOW    |   4.839 (r) | FAST    |    0.001 |
-------------------+--------------+---------+-------------+---------+----------+
Worst Case Summary |   17.488 (r) | SLOW    |   4.839 (r) | FAST    |    0.847 |
-------------------+--------------+---------+-------------+---------+----------+




