#-----------------------------------------------------------
# Vivado v2023.2 (64-bit)
# SW Build 4029153 on Fri Oct 13 20:13:54 MDT 2023
# IP Build 4028589 on Sat Oct 14 00:45:43 MDT 2023
# SharedData Build 4025554 on Tue Oct 10 17:18:54 MDT 2023
# Start of session at: Thu Nov  6 12:19:23 2025
# Process ID: 12149
# Current directory: /home/masamuneprog/AAML/CFU-Playground/soc/build/digilent_nexys4ddr.lab4_template/gateware
# Command line: vivado -mode batch -source digilent_nexys4ddr.tcl
# Log file: /home/masamuneprog/AAML/CFU-Playground/soc/build/digilent_nexys4ddr.lab4_template/gateware/vivado.log
# Journal file: /home/masamuneprog/AAML/CFU-Playground/soc/build/digilent_nexys4ddr.lab4_template/gateware/vivado.jou
# Running On: DESKTOP-8IM51LT, OS: Linux, CPU Frequency: 3187.200 MHz, CPU Physical cores: 8, Host memory: 12545 MB
#-----------------------------------------------------------
source digilent_nexys4ddr.tcl
# create_project -force -name digilent_nexys4ddr -part xc7a100t-CSG324-1
create_project: Time (s): cpu = 00:00:07 ; elapsed = 00:00:08 . Memory (MB): peak = 1288.520 ; gain = 25.809 ; free physical = 7647 ; free virtual = 12945
# set_msg_config -id {Common 17-55} -new_severity {Warning}
# read_verilog {/home/masamuneprog/AAML/CFU-Playground/proj/lab4_template/cfu.v}
# read_verilog {/home/masamuneprog/AAML/CFU-Playground/third_party/python/pythondata_cpu_vexriscv/pythondata_cpu_vexriscv/verilog/VexRiscv_PerfCfu.v}
# read_verilog {/home/masamuneprog/AAML/CFU-Playground/soc/build/digilent_nexys4ddr.lab4_template/gateware/digilent_nexys4ddr.v}
# read_xdc digilent_nexys4ddr.xdc
# set_property PROCESSING_ORDER EARLY [get_files digilent_nexys4ddr.xdc]
# synth_design -directive default -top digilent_nexys4ddr -part xc7a100t-CSG324-1
Command: synth_design -directive default -top digilent_nexys4ddr -part xc7a100t-CSG324-1
Starting synth_design
Attempting to get a license for feature 'Synthesis' and/or device 'xc7a100t'
INFO: [Common 17-349] Got license for feature 'Synthesis' and/or device 'xc7a100t'
INFO: [Device 21-403] Loading part xc7a100tcsg324-1
INFO: [Synth 8-7079] Multithreading enabled for synth_design using a maximum of 4 processes.
INFO: [Synth 8-7078] Launching helper process for spawning children vivado processes
INFO: [Synth 8-7075] Helper process launched with PID 12482
---------------------------------------------------------------------------------
Starting RTL Elaboration : Time (s): cpu = 00:00:05 ; elapsed = 00:00:06 . Memory (MB): peak = 2040.180 ; gain = 402.715 ; free physical = 6541 ; free virtual = 11879
---------------------------------------------------------------------------------
INFO: [Synth 8-6157] synthesizing module 'digilent_nexys4ddr' [/home/masamuneprog/AAML/CFU-Playground/soc/build/digilent_nexys4ddr.lab4_template/gateware/digilent_nexys4ddr.v:20]
INFO: [Synth 8-3876] $readmem data file 'digilent_nexys4ddr_rom.init' is read successfully [/home/masamuneprog/AAML/CFU-Playground/soc/build/digilent_nexys4ddr.lab4_template/gateware/digilent_nexys4ddr.v:9717]
INFO: [Synth 8-3876] $readmem data file 'digilent_nexys4ddr_sram.init' is read successfully [/home/masamuneprog/AAML/CFU-Playground/soc/build/digilent_nexys4ddr.lab4_template/gateware/digilent_nexys4ddr.v:9732]
INFO: [Synth 8-3876] $readmem data file 'digilent_nexys4ddr_mem.init' is read successfully [/home/masamuneprog/AAML/CFU-Playground/soc/build/digilent_nexys4ddr.lab4_template/gateware/digilent_nexys4ddr.v:9755]
INFO: [Synth 8-155] case statement is not full and has no default [/home/masamuneprog/AAML/CFU-Playground/soc/build/digilent_nexys4ddr.lab4_template/gateware/digilent_nexys4ddr.v:9098]
INFO: [Synth 8-155] case statement is not full and has no default [/home/masamuneprog/AAML/CFU-Playground/soc/build/digilent_nexys4ddr.lab4_template/gateware/digilent_nexys4ddr.v:9121]
INFO: [Synth 8-155] case statement is not full and has no default [/home/masamuneprog/AAML/CFU-Playground/soc/build/digilent_nexys4ddr.lab4_template/gateware/digilent_nexys4ddr.v:9190]
INFO: [Synth 8-155] case statement is not full and has no default [/home/masamuneprog/AAML/CFU-Playground/soc/build/digilent_nexys4ddr.lab4_template/gateware/digilent_nexys4ddr.v:9202]
INFO: [Synth 8-155] case statement is not full and has no default [/home/masamuneprog/AAML/CFU-Playground/soc/build/digilent_nexys4ddr.lab4_template/gateware/digilent_nexys4ddr.v:9284]
INFO: [Synth 8-155] case statement is not full and has no default [/home/masamuneprog/AAML/CFU-Playground/soc/build/digilent_nexys4ddr.lab4_template/gateware/digilent_nexys4ddr.v:9339]
INFO: [Synth 8-6157] synthesizing module 'BUFG' [/tools/Xilinx/Vivado/2023.2/scripts/rt/data/unisim_comp.v:1951]
INFO: [Synth 8-6155] done synthesizing module 'BUFG' (0#1) [/tools/Xilinx/Vivado/2023.2/scripts/rt/data/unisim_comp.v:1951]
WARNING: [Synth 8-4446] all outputs are unconnected for this instance and logic may be removed [/home/masamuneprog/AAML/CFU-Playground/soc/build/digilent_nexys4ddr.lab4_template/gateware/digilent_nexys4ddr.v:9706]
INFO: [Synth 8-6157] synthesizing module 'IDELAYCTRL' [/tools/Xilinx/Vivado/2023.2/scripts/rt/data/unisim_comp.v:75727]
INFO: [Synth 8-6155] done synthesizing module 'IDELAYCTRL' (0#1) [/tools/Xilinx/Vivado/2023.2/scripts/rt/data/unisim_comp.v:75727]
WARNING: [Synth 8-7071] port 'RDY' of module 'IDELAYCTRL' is unconnected for instance 'IDELAYCTRL' [/home/masamuneprog/AAML/CFU-Playground/soc/build/digilent_nexys4ddr.lab4_template/gateware/digilent_nexys4ddr.v:9706]
WARNING: [Synth 8-7023] instance 'IDELAYCTRL' of module 'IDELAYCTRL' has 3 connections declared, but only 2 given [/home/masamuneprog/AAML/CFU-Playground/soc/build/digilent_nexys4ddr.lab4_template/gateware/digilent_nexys4ddr.v:9706]
INFO: [Synth 8-6157] synthesizing module 'OSERDESE2' [/tools/Xilinx/Vivado/2023.2/scripts/rt/data/unisim_comp.v:97310]
	Parameter DATA_RATE_OQ bound to: DDR - type: string 
	Parameter DATA_RATE_TQ bound to: BUF - type: string 
	Parameter DATA_WIDTH bound to: 4 - type: integer 
	Parameter SERDES_MODE bound to: MASTER - type: string 
	Parameter TRISTATE_WIDTH bound to: 1 - type: integer 
INFO: [Synth 8-6155] done synthesizing module 'OSERDESE2' (0#1) [/tools/Xilinx/Vivado/2023.2/scripts/rt/data/unisim_comp.v:97310]
WARNING: [Synth 8-7071] port 'OFB' of module 'OSERDESE2' is unconnected for instance 'OSERDESE2' [/home/masamuneprog/AAML/CFU-Playground/soc/build/digilent_nexys4ddr.lab4_template/gateware/digilent_nexys4ddr.v:9812]
WARNING: [Synth 8-7071] port 'SHIFTOUT1' of module 'OSERDESE2' is unconnected for instance 'OSERDESE2' [/home/masamuneprog/AAML/CFU-Playground/soc/build/digilent_nexys4ddr.lab4_template/gateware/digilent_nexys4ddr.v:9812]
WARNING: [Synth 8-7071] port 'SHIFTOUT2' of module 'OSERDESE2' is unconnected for instance 'OSERDESE2' [/home/masamuneprog/AAML/CFU-Playground/soc/build/digilent_nexys4ddr.lab4_template/gateware/digilent_nexys4ddr.v:9812]
WARNING: [Synth 8-7071] port 'TBYTEOUT' of module 'OSERDESE2' is unconnected for instance 'OSERDESE2' [/home/masamuneprog/AAML/CFU-Playground/soc/build/digilent_nexys4ddr.lab4_template/gateware/digilent_nexys4ddr.v:9812]
WARNING: [Synth 8-7071] port 'TFB' of module 'OSERDESE2' is unconnected for instance 'OSERDESE2' [/home/masamuneprog/AAML/CFU-Playground/soc/build/digilent_nexys4ddr.lab4_template/gateware/digilent_nexys4ddr.v:9812]
WARNING: [Synth 8-7071] port 'TQ' of module 'OSERDESE2' is unconnected for instance 'OSERDESE2' [/home/masamuneprog/AAML/CFU-Playground/soc/build/digilent_nexys4ddr.lab4_template/gateware/digilent_nexys4ddr.v:9812]
WARNING: [Synth 8-7071] port 'SHIFTIN1' of module 'OSERDESE2' is unconnected for instance 'OSERDESE2' [/home/masamuneprog/AAML/CFU-Playground/soc/build/digilent_nexys4ddr.lab4_template/gateware/digilent_nexys4ddr.v:9812]
WARNING: [Synth 8-7071] port 'SHIFTIN2' of module 'OSERDESE2' is unconnected for instance 'OSERDESE2' [/home/masamuneprog/AAML/CFU-Playground/soc/build/digilent_nexys4ddr.lab4_template/gateware/digilent_nexys4ddr.v:9812]
WARNING: [Synth 8-7071] port 'T1' of module 'OSERDESE2' is unconnected for instance 'OSERDESE2' [/home/masamuneprog/AAML/CFU-Playground/soc/build/digilent_nexys4ddr.lab4_template/gateware/digilent_nexys4ddr.v:9812]
WARNING: [Synth 8-7071] port 'T2' of module 'OSERDESE2' is unconnected for instance 'OSERDESE2' [/home/masamuneprog/AAML/CFU-Playground/soc/build/digilent_nexys4ddr.lab4_template/gateware/digilent_nexys4ddr.v:9812]
WARNING: [Synth 8-7071] port 'T3' of module 'OSERDESE2' is unconnected for instance 'OSERDESE2' [/home/masamuneprog/AAML/CFU-Playground/soc/build/digilent_nexys4ddr.lab4_template/gateware/digilent_nexys4ddr.v:9812]
WARNING: [Synth 8-7071] port 'T4' of module 'OSERDESE2' is unconnected for instance 'OSERDESE2' [/home/masamuneprog/AAML/CFU-Playground/soc/build/digilent_nexys4ddr.lab4_template/gateware/digilent_nexys4ddr.v:9812]
WARNING: [Synth 8-7071] port 'TBYTEIN' of module 'OSERDESE2' is unconnected for instance 'OSERDESE2' [/home/masamuneprog/AAML/CFU-Playground/soc/build/digilent_nexys4ddr.lab4_template/gateware/digilent_nexys4ddr.v:9812]
WARNING: [Synth 8-7071] port 'TCE' of module 'OSERDESE2' is unconnected for instance 'OSERDESE2' [/home/masamuneprog/AAML/CFU-Playground/soc/build/digilent_nexys4ddr.lab4_template/gateware/digilent_nexys4ddr.v:9812]
WARNING: [Synth 8-7023] instance 'OSERDESE2' of module 'OSERDESE2' has 27 connections declared, but only 13 given [/home/masamuneprog/AAML/CFU-Playground/soc/build/digilent_nexys4ddr.lab4_template/gateware/digilent_nexys4ddr.v:9812]
INFO: [Synth 8-6157] synthesizing module 'OBUFDS' [/tools/Xilinx/Vivado/2023.2/scripts/rt/data/unisim_comp.v:93073]
INFO: [Synth 8-6155] done synthesizing module 'OBUFDS' (0#1) [/tools/Xilinx/Vivado/2023.2/scripts/rt/data/unisim_comp.v:93073]
WARNING: [Synth 8-7071] port 'OFB' of module 'OSERDESE2' is unconnected for instance 'OSERDESE2_1' [/home/masamuneprog/AAML/CFU-Playground/soc/build/digilent_nexys4ddr.lab4_template/gateware/digilent_nexys4ddr.v:9840]
WARNING: [Synth 8-7071] port 'SHIFTOUT1' of module 'OSERDESE2' is unconnected for instance 'OSERDESE2_1' [/home/masamuneprog/AAML/CFU-Playground/soc/build/digilent_nexys4ddr.lab4_template/gateware/digilent_nexys4ddr.v:9840]
WARNING: [Synth 8-7071] port 'SHIFTOUT2' of module 'OSERDESE2' is unconnected for instance 'OSERDESE2_1' [/home/masamuneprog/AAML/CFU-Playground/soc/build/digilent_nexys4ddr.lab4_template/gateware/digilent_nexys4ddr.v:9840]
WARNING: [Synth 8-7071] port 'TBYTEOUT' of module 'OSERDESE2' is unconnected for instance 'OSERDESE2_1' [/home/masamuneprog/AAML/CFU-Playground/soc/build/digilent_nexys4ddr.lab4_template/gateware/digilent_nexys4ddr.v:9840]
WARNING: [Synth 8-7071] port 'TFB' of module 'OSERDESE2' is unconnected for instance 'OSERDESE2_1' [/home/masamuneprog/AAML/CFU-Playground/soc/build/digilent_nexys4ddr.lab4_template/gateware/digilent_nexys4ddr.v:9840]
WARNING: [Synth 8-7071] port 'TQ' of module 'OSERDESE2' is unconnected for instance 'OSERDESE2_1' [/home/masamuneprog/AAML/CFU-Playground/soc/build/digilent_nexys4ddr.lab4_template/gateware/digilent_nexys4ddr.v:9840]
WARNING: [Synth 8-7071] port 'SHIFTIN1' of module 'OSERDESE2' is unconnected for instance 'OSERDESE2_1' [/home/masamuneprog/AAML/CFU-Playground/soc/build/digilent_nexys4ddr.lab4_template/gateware/digilent_nexys4ddr.v:9840]
WARNING: [Synth 8-7071] port 'SHIFTIN2' of module 'OSERDESE2' is unconnected for instance 'OSERDESE2_1' [/home/masamuneprog/AAML/CFU-Playground/soc/build/digilent_nexys4ddr.lab4_template/gateware/digilent_nexys4ddr.v:9840]
WARNING: [Synth 8-7071] port 'T1' of module 'OSERDESE2' is unconnected for instance 'OSERDESE2_1' [/home/masamuneprog/AAML/CFU-Playground/soc/build/digilent_nexys4ddr.lab4_template/gateware/digilent_nexys4ddr.v:9840]
WARNING: [Synth 8-7071] port 'T2' of module 'OSERDESE2' is unconnected for instance 'OSERDESE2_1' [/home/masamuneprog/AAML/CFU-Playground/soc/build/digilent_nexys4ddr.lab4_template/gateware/digilent_nexys4ddr.v:9840]
WARNING: [Synth 8-7071] port 'T3' of module 'OSERDESE2' is unconnected for instance 'OSERDESE2_1' [/home/masamuneprog/AAML/CFU-Playground/soc/build/digilent_nexys4ddr.lab4_template/gateware/digilent_nexys4ddr.v:9840]
WARNING: [Synth 8-7071] port 'T4' of module 'OSERDESE2' is unconnected for instance 'OSERDESE2_1' [/home/masamuneprog/AAML/CFU-Playground/soc/build/digilent_nexys4ddr.lab4_template/gateware/digilent_nexys4ddr.v:9840]
WARNING: [Synth 8-7071] port 'TBYTEIN' of module 'OSERDESE2' is unconnected for instance 'OSERDESE2_1' [/home/masamuneprog/AAML/CFU-Playground/soc/build/digilent_nexys4ddr.lab4_template/gateware/digilent_nexys4ddr.v:9840]
WARNING: [Synth 8-7071] port 'TCE' of module 'OSERDESE2' is unconnected for instance 'OSERDESE2_1' [/home/masamuneprog/AAML/CFU-Playground/soc/build/digilent_nexys4ddr.lab4_template/gateware/digilent_nexys4ddr.v:9840]
WARNING: [Synth 8-7023] instance 'OSERDESE2_1' of module 'OSERDESE2' has 27 connections declared, but only 13 given [/home/masamuneprog/AAML/CFU-Playground/soc/build/digilent_nexys4ddr.lab4_template/gateware/digilent_nexys4ddr.v:9840]
WARNING: [Synth 8-7071] port 'OFB' of module 'OSERDESE2' is unconnected for instance 'OSERDESE2_2' [/home/masamuneprog/AAML/CFU-Playground/soc/build/digilent_nexys4ddr.lab4_template/gateware/digilent_nexys4ddr.v:9862]
WARNING: [Synth 8-7071] port 'SHIFTOUT1' of module 'OSERDESE2' is unconnected for instance 'OSERDESE2_2' [/home/masamuneprog/AAML/CFU-Playground/soc/build/digilent_nexys4ddr.lab4_template/gateware/digilent_nexys4ddr.v:9862]
WARNING: [Synth 8-7071] port 'SHIFTOUT2' of module 'OSERDESE2' is unconnected for instance 'OSERDESE2_2' [/home/masamuneprog/AAML/CFU-Playground/soc/build/digilent_nexys4ddr.lab4_template/gateware/digilent_nexys4ddr.v:9862]
WARNING: [Synth 8-7071] port 'TBYTEOUT' of module 'OSERDESE2' is unconnected for instance 'OSERDESE2_2' [/home/masamuneprog/AAML/CFU-Playground/soc/build/digilent_nexys4ddr.lab4_template/gateware/digilent_nexys4ddr.v:9862]
WARNING: [Synth 8-7071] port 'TFB' of module 'OSERDESE2' is unconnected for instance 'OSERDESE2_2' [/home/masamuneprog/AAML/CFU-Playground/soc/build/digilent_nexys4ddr.lab4_template/gateware/digilent_nexys4ddr.v:9862]
WARNING: [Synth 8-7071] port 'TQ' of module 'OSERDESE2' is unconnected for instance 'OSERDESE2_2' [/home/masamuneprog/AAML/CFU-Playground/soc/build/digilent_nexys4ddr.lab4_template/gateware/digilent_nexys4ddr.v:9862]
WARNING: [Synth 8-7071] port 'SHIFTIN1' of module 'OSERDESE2' is unconnected for instance 'OSERDESE2_2' [/home/masamuneprog/AAML/CFU-Playground/soc/build/digilent_nexys4ddr.lab4_template/gateware/digilent_nexys4ddr.v:9862]
WARNING: [Synth 8-7071] port 'SHIFTIN2' of module 'OSERDESE2' is unconnected for instance 'OSERDESE2_2' [/home/masamuneprog/AAML/CFU-Playground/soc/build/digilent_nexys4ddr.lab4_template/gateware/digilent_nexys4ddr.v:9862]
WARNING: [Synth 8-7071] port 'T1' of module 'OSERDESE2' is unconnected for instance 'OSERDESE2_2' [/home/masamuneprog/AAML/CFU-Playground/soc/build/digilent_nexys4ddr.lab4_template/gateware/digilent_nexys4ddr.v:9862]
WARNING: [Synth 8-7071] port 'T2' of module 'OSERDESE2' is unconnected for instance 'OSERDESE2_2' [/home/masamuneprog/AAML/CFU-Playground/soc/build/digilent_nexys4ddr.lab4_template/gateware/digilent_nexys4ddr.v:9862]
WARNING: [Synth 8-7071] port 'T3' of module 'OSERDESE2' is unconnected for instance 'OSERDESE2_2' [/home/masamuneprog/AAML/CFU-Playground/soc/build/digilent_nexys4ddr.lab4_template/gateware/digilent_nexys4ddr.v:9862]
WARNING: [Synth 8-7071] port 'T4' of module 'OSERDESE2' is unconnected for instance 'OSERDESE2_2' [/home/masamuneprog/AAML/CFU-Playground/soc/build/digilent_nexys4ddr.lab4_template/gateware/digilent_nexys4ddr.v:9862]
WARNING: [Synth 8-7071] port 'TBYTEIN' of module 'OSERDESE2' is unconnected for instance 'OSERDESE2_2' [/home/masamuneprog/AAML/CFU-Playground/soc/build/digilent_nexys4ddr.lab4_template/gateware/digilent_nexys4ddr.v:9862]
WARNING: [Synth 8-7071] port 'TCE' of module 'OSERDESE2' is unconnected for instance 'OSERDESE2_2' [/home/masamuneprog/AAML/CFU-Playground/soc/build/digilent_nexys4ddr.lab4_template/gateware/digilent_nexys4ddr.v:9862]
WARNING: [Synth 8-7023] instance 'OSERDESE2_2' of module 'OSERDESE2' has 27 connections declared, but only 13 given [/home/masamuneprog/AAML/CFU-Playground/soc/build/digilent_nexys4ddr.lab4_template/gateware/digilent_nexys4ddr.v:9862]
WARNING: [Synth 8-7071] port 'OFB' of module 'OSERDESE2' is unconnected for instance 'OSERDESE2_3' [/home/masamuneprog/AAML/CFU-Playground/soc/build/digilent_nexys4ddr.lab4_template/gateware/digilent_nexys4ddr.v:9884]
WARNING: [Synth 8-7071] port 'SHIFTOUT1' of module 'OSERDESE2' is unconnected for instance 'OSERDESE2_3' [/home/masamuneprog/AAML/CFU-Playground/soc/build/digilent_nexys4ddr.lab4_template/gateware/digilent_nexys4ddr.v:9884]
WARNING: [Synth 8-7071] port 'SHIFTOUT2' of module 'OSERDESE2' is unconnected for instance 'OSERDESE2_3' [/home/masamuneprog/AAML/CFU-Playground/soc/build/digilent_nexys4ddr.lab4_template/gateware/digilent_nexys4ddr.v:9884]
WARNING: [Synth 8-7071] port 'TBYTEOUT' of module 'OSERDESE2' is unconnected for instance 'OSERDESE2_3' [/home/masamuneprog/AAML/CFU-Playground/soc/build/digilent_nexys4ddr.lab4_template/gateware/digilent_nexys4ddr.v:9884]
WARNING: [Synth 8-7071] port 'TFB' of module 'OSERDESE2' is unconnected for instance 'OSERDESE2_3' [/home/masamuneprog/AAML/CFU-Playground/soc/build/digilent_nexys4ddr.lab4_template/gateware/digilent_nexys4ddr.v:9884]
WARNING: [Synth 8-7071] port 'TQ' of module 'OSERDESE2' is unconnected for instance 'OSERDESE2_3' [/home/masamuneprog/AAML/CFU-Playground/soc/build/digilent_nexys4ddr.lab4_template/gateware/digilent_nexys4ddr.v:9884]
WARNING: [Synth 8-7071] port 'SHIFTIN1' of module 'OSERDESE2' is unconnected for instance 'OSERDESE2_3' [/home/masamuneprog/AAML/CFU-Playground/soc/build/digilent_nexys4ddr.lab4_template/gateware/digilent_nexys4ddr.v:9884]
WARNING: [Synth 8-7071] port 'SHIFTIN2' of module 'OSERDESE2' is unconnected for instance 'OSERDESE2_3' [/home/masamuneprog/AAML/CFU-Playground/soc/build/digilent_nexys4ddr.lab4_template/gateware/digilent_nexys4ddr.v:9884]
WARNING: [Synth 8-7071] port 'T1' of module 'OSERDESE2' is unconnected for instance 'OSERDESE2_3' [/home/masamuneprog/AAML/CFU-Playground/soc/build/digilent_nexys4ddr.lab4_template/gateware/digilent_nexys4ddr.v:9884]
WARNING: [Synth 8-7071] port 'T2' of module 'OSERDESE2' is unconnected for instance 'OSERDESE2_3' [/home/masamuneprog/AAML/CFU-Playground/soc/build/digilent_nexys4ddr.lab4_template/gateware/digilent_nexys4ddr.v:9884]
WARNING: [Synth 8-7071] port 'T3' of module 'OSERDESE2' is unconnected for instance 'OSERDESE2_3' [/home/masamuneprog/AAML/CFU-Playground/soc/build/digilent_nexys4ddr.lab4_template/gateware/digilent_nexys4ddr.v:9884]
WARNING: [Synth 8-7071] port 'T4' of module 'OSERDESE2' is unconnected for instance 'OSERDESE2_3' [/home/masamuneprog/AAML/CFU-Playground/soc/build/digilent_nexys4ddr.lab4_template/gateware/digilent_nexys4ddr.v:9884]
WARNING: [Synth 8-7071] port 'TBYTEIN' of module 'OSERDESE2' is unconnected for instance 'OSERDESE2_3' [/home/masamuneprog/AAML/CFU-Playground/soc/build/digilent_nexys4ddr.lab4_template/gateware/digilent_nexys4ddr.v:9884]
WARNING: [Synth 8-7071] port 'TCE' of module 'OSERDESE2' is unconnected for instance 'OSERDESE2_3' [/home/masamuneprog/AAML/CFU-Playground/soc/build/digilent_nexys4ddr.lab4_template/gateware/digilent_nexys4ddr.v:9884]
WARNING: [Synth 8-7023] instance 'OSERDESE2_3' of module 'OSERDESE2' has 27 connections declared, but only 13 given [/home/masamuneprog/AAML/CFU-Playground/soc/build/digilent_nexys4ddr.lab4_template/gateware/digilent_nexys4ddr.v:9884]
WARNING: [Synth 8-7071] port 'OFB' of module 'OSERDESE2' is unconnected for instance 'OSERDESE2_4' [/home/masamuneprog/AAML/CFU-Playground/soc/build/digilent_nexys4ddr.lab4_template/gateware/digilent_nexys4ddr.v:9906]
WARNING: [Synth 8-7071] port 'SHIFTOUT1' of module 'OSERDESE2' is unconnected for instance 'OSERDESE2_4' [/home/masamuneprog/AAML/CFU-Playground/soc/build/digilent_nexys4ddr.lab4_template/gateware/digilent_nexys4ddr.v:9906]
WARNING: [Synth 8-7071] port 'SHIFTOUT2' of module 'OSERDESE2' is unconnected for instance 'OSERDESE2_4' [/home/masamuneprog/AAML/CFU-Playground/soc/build/digilent_nexys4ddr.lab4_template/gateware/digilent_nexys4ddr.v:9906]
WARNING: [Synth 8-7071] port 'TBYTEOUT' of module 'OSERDESE2' is unconnected for instance 'OSERDESE2_4' [/home/masamuneprog/AAML/CFU-Playground/soc/build/digilent_nexys4ddr.lab4_template/gateware/digilent_nexys4ddr.v:9906]
WARNING: [Synth 8-7071] port 'TFB' of module 'OSERDESE2' is unconnected for instance 'OSERDESE2_4' [/home/masamuneprog/AAML/CFU-Playground/soc/build/digilent_nexys4ddr.lab4_template/gateware/digilent_nexys4ddr.v:9906]
WARNING: [Synth 8-7071] port 'TQ' of module 'OSERDESE2' is unconnected for instance 'OSERDESE2_4' [/home/masamuneprog/AAML/CFU-Playground/soc/build/digilent_nexys4ddr.lab4_template/gateware/digilent_nexys4ddr.v:9906]
WARNING: [Synth 8-7071] port 'SHIFTIN1' of module 'OSERDESE2' is unconnected for instance 'OSERDESE2_4' [/home/masamuneprog/AAML/CFU-Playground/soc/build/digilent_nexys4ddr.lab4_template/gateware/digilent_nexys4ddr.v:9906]
WARNING: [Synth 8-7071] port 'SHIFTIN2' of module 'OSERDESE2' is unconnected for instance 'OSERDESE2_4' [/home/masamuneprog/AAML/CFU-Playground/soc/build/digilent_nexys4ddr.lab4_template/gateware/digilent_nexys4ddr.v:9906]
WARNING: [Synth 8-7071] port 'T1' of module 'OSERDESE2' is unconnected for instance 'OSERDESE2_4' [/home/masamuneprog/AAML/CFU-Playground/soc/build/digilent_nexys4ddr.lab4_template/gateware/digilent_nexys4ddr.v:9906]
WARNING: [Synth 8-7071] port 'T2' of module 'OSERDESE2' is unconnected for instance 'OSERDESE2_4' [/home/masamuneprog/AAML/CFU-Playground/soc/build/digilent_nexys4ddr.lab4_template/gateware/digilent_nexys4ddr.v:9906]
WARNING: [Synth 8-7071] port 'T3' of module 'OSERDESE2' is unconnected for instance 'OSERDESE2_4' [/home/masamuneprog/AAML/CFU-Playground/soc/build/digilent_nexys4ddr.lab4_template/gateware/digilent_nexys4ddr.v:9906]
WARNING: [Synth 8-7071] port 'T4' of module 'OSERDESE2' is unconnected for instance 'OSERDESE2_4' [/home/masamuneprog/AAML/CFU-Playground/soc/build/digilent_nexys4ddr.lab4_template/gateware/digilent_nexys4ddr.v:9906]
WARNING: [Synth 8-7071] port 'TBYTEIN' of module 'OSERDESE2' is unconnected for instance 'OSERDESE2_4' [/home/masamuneprog/AAML/CFU-Playground/soc/build/digilent_nexys4ddr.lab4_template/gateware/digilent_nexys4ddr.v:9906]
WARNING: [Synth 8-7071] port 'TCE' of module 'OSERDESE2' is unconnected for instance 'OSERDESE2_4' [/home/masamuneprog/AAML/CFU-Playground/soc/build/digilent_nexys4ddr.lab4_template/gateware/digilent_nexys4ddr.v:9906]
WARNING: [Synth 8-7023] instance 'OSERDESE2_4' of module 'OSERDESE2' has 27 connections declared, but only 13 given [/home/masamuneprog/AAML/CFU-Playground/soc/build/digilent_nexys4ddr.lab4_template/gateware/digilent_nexys4ddr.v:9906]
WARNING: [Synth 8-7071] port 'OFB' of module 'OSERDESE2' is unconnected for instance 'OSERDESE2_5' [/home/masamuneprog/AAML/CFU-Playground/soc/build/digilent_nexys4ddr.lab4_template/gateware/digilent_nexys4ddr.v:9928]
WARNING: [Synth 8-7071] port 'SHIFTOUT1' of module 'OSERDESE2' is unconnected for instance 'OSERDESE2_5' [/home/masamuneprog/AAML/CFU-Playground/soc/build/digilent_nexys4ddr.lab4_template/gateware/digilent_nexys4ddr.v:9928]
WARNING: [Synth 8-7071] port 'SHIFTOUT2' of module 'OSERDESE2' is unconnected for instance 'OSERDESE2_5' [/home/masamuneprog/AAML/CFU-Playground/soc/build/digilent_nexys4ddr.lab4_template/gateware/digilent_nexys4ddr.v:9928]
WARNING: [Synth 8-7071] port 'TBYTEOUT' of module 'OSERDESE2' is unconnected for instance 'OSERDESE2_5' [/home/masamuneprog/AAML/CFU-Playground/soc/build/digilent_nexys4ddr.lab4_template/gateware/digilent_nexys4ddr.v:9928]
WARNING: [Synth 8-7071] port 'TFB' of module 'OSERDESE2' is unconnected for instance 'OSERDESE2_5' [/home/masamuneprog/AAML/CFU-Playground/soc/build/digilent_nexys4ddr.lab4_template/gateware/digilent_nexys4ddr.v:9928]
WARNING: [Synth 8-7071] port 'TQ' of module 'OSERDESE2' is unconnected for instance 'OSERDESE2_5' [/home/masamuneprog/AAML/CFU-Playground/soc/build/digilent_nexys4ddr.lab4_template/gateware/digilent_nexys4ddr.v:9928]
WARNING: [Synth 8-7071] port 'SHIFTIN1' of module 'OSERDESE2' is unconnected for instance 'OSERDESE2_5' [/home/masamuneprog/AAML/CFU-Playground/soc/build/digilent_nexys4ddr.lab4_template/gateware/digilent_nexys4ddr.v:9928]
WARNING: [Synth 8-7071] port 'SHIFTIN2' of module 'OSERDESE2' is unconnected for instance 'OSERDESE2_5' [/home/masamuneprog/AAML/CFU-Playground/soc/build/digilent_nexys4ddr.lab4_template/gateware/digilent_nexys4ddr.v:9928]
WARNING: [Synth 8-7071] port 'T1' of module 'OSERDESE2' is unconnected for instance 'OSERDESE2_5' [/home/masamuneprog/AAML/CFU-Playground/soc/build/digilent_nexys4ddr.lab4_template/gateware/digilent_nexys4ddr.v:9928]
WARNING: [Synth 8-7071] port 'T2' of module 'OSERDESE2' is unconnected for instance 'OSERDESE2_5' [/home/masamuneprog/AAML/CFU-Playground/soc/build/digilent_nexys4ddr.lab4_template/gateware/digilent_nexys4ddr.v:9928]
WARNING: [Synth 8-7071] port 'T3' of module 'OSERDESE2' is unconnected for instance 'OSERDESE2_5' [/home/masamuneprog/AAML/CFU-Playground/soc/build/digilent_nexys4ddr.lab4_template/gateware/digilent_nexys4ddr.v:9928]
WARNING: [Synth 8-7071] port 'T4' of module 'OSERDESE2' is unconnected for instance 'OSERDESE2_5' [/home/masamuneprog/AAML/CFU-Playground/soc/build/digilent_nexys4ddr.lab4_template/gateware/digilent_nexys4ddr.v:9928]
WARNING: [Synth 8-7071] port 'TBYTEIN' of module 'OSERDESE2' is unconnected for instance 'OSERDESE2_5' [/home/masamuneprog/AAML/CFU-Playground/soc/build/digilent_nexys4ddr.lab4_template/gateware/digilent_nexys4ddr.v:9928]
WARNING: [Synth 8-7071] port 'TCE' of module 'OSERDESE2' is unconnected for instance 'OSERDESE2_5' [/home/masamuneprog/AAML/CFU-Playground/soc/build/digilent_nexys4ddr.lab4_template/gateware/digilent_nexys4ddr.v:9928]
WARNING: [Synth 8-7023] instance 'OSERDESE2_5' of module 'OSERDESE2' has 27 connections declared, but only 13 given [/home/masamuneprog/AAML/CFU-Playground/soc/build/digilent_nexys4ddr.lab4_template/gateware/digilent_nexys4ddr.v:9928]
WARNING: [Synth 8-7071] port 'OFB' of module 'OSERDESE2' is unconnected for instance 'OSERDESE2_6' [/home/masamuneprog/AAML/CFU-Playground/soc/build/digilent_nexys4ddr.lab4_template/gateware/digilent_nexys4ddr.v:9950]
WARNING: [Synth 8-7071] port 'SHIFTOUT1' of module 'OSERDESE2' is unconnected for instance 'OSERDESE2_6' [/home/masamuneprog/AAML/CFU-Playground/soc/build/digilent_nexys4ddr.lab4_template/gateware/digilent_nexys4ddr.v:9950]
WARNING: [Synth 8-7071] port 'SHIFTOUT2' of module 'OSERDESE2' is unconnected for instance 'OSERDESE2_6' [/home/masamuneprog/AAML/CFU-Playground/soc/build/digilent_nexys4ddr.lab4_template/gateware/digilent_nexys4ddr.v:9950]
WARNING: [Synth 8-7071] port 'TBYTEOUT' of module 'OSERDESE2' is unconnected for instance 'OSERDESE2_6' [/home/masamuneprog/AAML/CFU-Playground/soc/build/digilent_nexys4ddr.lab4_template/gateware/digilent_nexys4ddr.v:9950]
WARNING: [Synth 8-7071] port 'TFB' of module 'OSERDESE2' is unconnected for instance 'OSERDESE2_6' [/home/masamuneprog/AAML/CFU-Playground/soc/build/digilent_nexys4ddr.lab4_template/gateware/digilent_nexys4ddr.v:9950]
WARNING: [Synth 8-7071] port 'TQ' of module 'OSERDESE2' is unconnected for instance 'OSERDESE2_6' [/home/masamuneprog/AAML/CFU-Playground/soc/build/digilent_nexys4ddr.lab4_template/gateware/digilent_nexys4ddr.v:9950]
WARNING: [Synth 8-7071] port 'SHIFTIN1' of module 'OSERDESE2' is unconnected for instance 'OSERDESE2_6' [/home/masamuneprog/AAML/CFU-Playground/soc/build/digilent_nexys4ddr.lab4_template/gateware/digilent_nexys4ddr.v:9950]
WARNING: [Synth 8-7071] port 'SHIFTIN2' of module 'OSERDESE2' is unconnected for instance 'OSERDESE2_6' [/home/masamuneprog/AAML/CFU-Playground/soc/build/digilent_nexys4ddr.lab4_template/gateware/digilent_nexys4ddr.v:9950]
WARNING: [Synth 8-7071] port 'T1' of module 'OSERDESE2' is unconnected for instance 'OSERDESE2_6' [/home/masamuneprog/AAML/CFU-Playground/soc/build/digilent_nexys4ddr.lab4_template/gateware/digilent_nexys4ddr.v:9950]
WARNING: [Synth 8-7071] port 'T2' of module 'OSERDESE2' is unconnected for instance 'OSERDESE2_6' [/home/masamuneprog/AAML/CFU-Playground/soc/build/digilent_nexys4ddr.lab4_template/gateware/digilent_nexys4ddr.v:9950]
WARNING: [Synth 8-7071] port 'T3' of module 'OSERDESE2' is unconnected for instance 'OSERDESE2_6' [/home/masamuneprog/AAML/CFU-Playground/soc/build/digilent_nexys4ddr.lab4_template/gateware/digilent_nexys4ddr.v:9950]
WARNING: [Synth 8-7071] port 'T4' of module 'OSERDESE2' is unconnected for instance 'OSERDESE2_6' [/home/masamuneprog/AAML/CFU-Playground/soc/build/digilent_nexys4ddr.lab4_template/gateware/digilent_nexys4ddr.v:9950]
WARNING: [Synth 8-7071] port 'TBYTEIN' of module 'OSERDESE2' is unconnected for instance 'OSERDESE2_6' [/home/masamuneprog/AAML/CFU-Playground/soc/build/digilent_nexys4ddr.lab4_template/gateware/digilent_nexys4ddr.v:9950]
WARNING: [Synth 8-7071] port 'TCE' of module 'OSERDESE2' is unconnected for instance 'OSERDESE2_6' [/home/masamuneprog/AAML/CFU-Playground/soc/build/digilent_nexys4ddr.lab4_template/gateware/digilent_nexys4ddr.v:9950]
WARNING: [Synth 8-7023] instance 'OSERDESE2_6' of module 'OSERDESE2' has 27 connections declared, but only 13 given [/home/masamuneprog/AAML/CFU-Playground/soc/build/digilent_nexys4ddr.lab4_template/gateware/digilent_nexys4ddr.v:9950]
WARNING: [Synth 8-7071] port 'OFB' of module 'OSERDESE2' is unconnected for instance 'OSERDESE2_7' [/home/masamuneprog/AAML/CFU-Playground/soc/build/digilent_nexys4ddr.lab4_template/gateware/digilent_nexys4ddr.v:9972]
INFO: [Common 17-14] Message 'Synth 8-7071' appears 100 times and further instances of the messages will be disabled. Use the Tcl command set_msg_config to change the current settings.
WARNING: [Synth 8-7023] instance 'OSERDESE2_7' of module 'OSERDESE2' has 27 connections declared, but only 13 given [/home/masamuneprog/AAML/CFU-Playground/soc/build/digilent_nexys4ddr.lab4_template/gateware/digilent_nexys4ddr.v:9972]
WARNING: [Synth 8-7023] instance 'OSERDESE2_8' of module 'OSERDESE2' has 27 connections declared, but only 13 given [/home/masamuneprog/AAML/CFU-Playground/soc/build/digilent_nexys4ddr.lab4_template/gateware/digilent_nexys4ddr.v:9994]
WARNING: [Synth 8-7023] instance 'OSERDESE2_9' of module 'OSERDESE2' has 27 connections declared, but only 13 given [/home/masamuneprog/AAML/CFU-Playground/soc/build/digilent_nexys4ddr.lab4_template/gateware/digilent_nexys4ddr.v:10016]
WARNING: [Synth 8-7023] instance 'OSERDESE2_10' of module 'OSERDESE2' has 27 connections declared, but only 13 given [/home/masamuneprog/AAML/CFU-Playground/soc/build/digilent_nexys4ddr.lab4_template/gateware/digilent_nexys4ddr.v:10038]
WARNING: [Synth 8-7023] instance 'OSERDESE2_11' of module 'OSERDESE2' has 27 connections declared, but only 13 given [/home/masamuneprog/AAML/CFU-Playground/soc/build/digilent_nexys4ddr.lab4_template/gateware/digilent_nexys4ddr.v:10060]
WARNING: [Synth 8-7023] instance 'OSERDESE2_12' of module 'OSERDESE2' has 27 connections declared, but only 13 given [/home/masamuneprog/AAML/CFU-Playground/soc/build/digilent_nexys4ddr.lab4_template/gateware/digilent_nexys4ddr.v:10082]
WARNING: [Synth 8-7023] instance 'OSERDESE2_13' of module 'OSERDESE2' has 27 connections declared, but only 13 given [/home/masamuneprog/AAML/CFU-Playground/soc/build/digilent_nexys4ddr.lab4_template/gateware/digilent_nexys4ddr.v:10104]
WARNING: [Synth 8-7023] instance 'OSERDESE2_14' of module 'OSERDESE2' has 27 connections declared, but only 13 given [/home/masamuneprog/AAML/CFU-Playground/soc/build/digilent_nexys4ddr.lab4_template/gateware/digilent_nexys4ddr.v:10126]
WARNING: [Synth 8-7023] instance 'OSERDESE2_15' of module 'OSERDESE2' has 27 connections declared, but only 13 given [/home/masamuneprog/AAML/CFU-Playground/soc/build/digilent_nexys4ddr.lab4_template/gateware/digilent_nexys4ddr.v:10148]
WARNING: [Synth 8-7023] instance 'OSERDESE2_16' of module 'OSERDESE2' has 27 connections declared, but only 13 given [/home/masamuneprog/AAML/CFU-Playground/soc/build/digilent_nexys4ddr.lab4_template/gateware/digilent_nexys4ddr.v:10170]
WARNING: [Synth 8-7023] instance 'OSERDESE2_17' of module 'OSERDESE2' has 27 connections declared, but only 13 given [/home/masamuneprog/AAML/CFU-Playground/soc/build/digilent_nexys4ddr.lab4_template/gateware/digilent_nexys4ddr.v:10192]
WARNING: [Synth 8-7023] instance 'OSERDESE2_18' of module 'OSERDESE2' has 27 connections declared, but only 13 given [/home/masamuneprog/AAML/CFU-Playground/soc/build/digilent_nexys4ddr.lab4_template/gateware/digilent_nexys4ddr.v:10214]
WARNING: [Synth 8-7023] instance 'OSERDESE2_19' of module 'OSERDESE2' has 27 connections declared, but only 13 given [/home/masamuneprog/AAML/CFU-Playground/soc/build/digilent_nexys4ddr.lab4_template/gateware/digilent_nexys4ddr.v:10236]
WARNING: [Synth 8-7023] instance 'OSERDESE2_20' of module 'OSERDESE2' has 27 connections declared, but only 13 given [/home/masamuneprog/AAML/CFU-Playground/soc/build/digilent_nexys4ddr.lab4_template/gateware/digilent_nexys4ddr.v:10258]
WARNING: [Synth 8-7023] instance 'OSERDESE2_21' of module 'OSERDESE2' has 27 connections declared, but only 13 given [/home/masamuneprog/AAML/CFU-Playground/soc/build/digilent_nexys4ddr.lab4_template/gateware/digilent_nexys4ddr.v:10280]
WARNING: [Synth 8-7023] instance 'OSERDESE2_22' of module 'OSERDESE2' has 27 connections declared, but only 13 given [/home/masamuneprog/AAML/CFU-Playground/soc/build/digilent_nexys4ddr.lab4_template/gateware/digilent_nexys4ddr.v:10302]
WARNING: [Synth 8-7023] instance 'OSERDESE2_23' of module 'OSERDESE2' has 27 connections declared, but only 17 given [/home/masamuneprog/AAML/CFU-Playground/soc/build/digilent_nexys4ddr.lab4_template/gateware/digilent_nexys4ddr.v:10324]
INFO: [Synth 8-6157] synthesizing module 'IOBUFDS' [/tools/Xilinx/Vivado/2023.2/scripts/rt/data/unisim_comp.v:78214]
INFO: [Synth 8-6155] done synthesizing module 'IOBUFDS' (0#1) [/tools/Xilinx/Vivado/2023.2/scripts/rt/data/unisim_comp.v:78214]
WARNING: [Synth 8-7023] instance 'IOBUFDS' of module 'IOBUFDS' has 5 connections declared, but only 4 given [/home/masamuneprog/AAML/CFU-Playground/soc/build/digilent_nexys4ddr.lab4_template/gateware/digilent_nexys4ddr.v:10344]
WARNING: [Synth 8-7023] instance 'OSERDESE2_24' of module 'OSERDESE2' has 27 connections declared, but only 17 given [/home/masamuneprog/AAML/CFU-Playground/soc/build/digilent_nexys4ddr.lab4_template/gateware/digilent_nexys4ddr.v:10357]
WARNING: [Synth 8-7023] instance 'IOBUFDS_1' of module 'IOBUFDS' has 5 connections declared, but only 4 given [/home/masamuneprog/AAML/CFU-Playground/soc/build/digilent_nexys4ddr.lab4_template/gateware/digilent_nexys4ddr.v:10377]
WARNING: [Synth 8-7023] instance 'OSERDESE2_25' of module 'OSERDESE2' has 27 connections declared, but only 13 given [/home/masamuneprog/AAML/CFU-Playground/soc/build/digilent_nexys4ddr.lab4_template/gateware/digilent_nexys4ddr.v:10390]
WARNING: [Synth 8-7023] instance 'OSERDESE2_26' of module 'OSERDESE2' has 27 connections declared, but only 13 given [/home/masamuneprog/AAML/CFU-Playground/soc/build/digilent_nexys4ddr.lab4_template/gateware/digilent_nexys4ddr.v:10412]
WARNING: [Synth 8-7023] instance 'OSERDESE2_27' of module 'OSERDESE2' has 27 connections declared, but only 16 given [/home/masamuneprog/AAML/CFU-Playground/soc/build/digilent_nexys4ddr.lab4_template/gateware/digilent_nexys4ddr.v:10434]
INFO: [Synth 8-6157] synthesizing module 'ISERDESE2' [/tools/Xilinx/Vivado/2023.2/scripts/rt/data/unisim_comp.v:80759]
	Parameter DATA_RATE bound to: DDR - type: string 
	Parameter DATA_WIDTH bound to: 4 - type: integer 
	Parameter INTERFACE_TYPE bound to: NETWORKING - type: string 
	Parameter IOBDELAY bound to: IFD - type: string 
	Parameter NUM_CE bound to: 1 - type: integer 
	Parameter SERDES_MODE bound to: MASTER - type: string 
INFO: [Synth 8-6155] done synthesizing module 'ISERDESE2' (0#1) [/tools/Xilinx/Vivado/2023.2/scripts/rt/data/unisim_comp.v:80759]
WARNING: [Synth 8-7023] instance 'ISERDESE2' of module 'ISERDESE2' has 28 connections declared, but only 15 given [/home/masamuneprog/AAML/CFU-Playground/soc/build/digilent_nexys4ddr.lab4_template/gateware/digilent_nexys4ddr.v:10460]
INFO: [Synth 8-6157] synthesizing module 'IDELAYE2' [/tools/Xilinx/Vivado/2023.2/scripts/rt/data/unisim_comp.v:75740]
	Parameter CINVCTRL_SEL bound to: FALSE - type: string 
	Parameter DELAY_SRC bound to: IDATAIN - type: string 
	Parameter HIGH_PERFORMANCE_MODE bound to: TRUE - type: string 
	Parameter IDELAY_TYPE bound to: VARIABLE - type: string 
	Parameter IDELAY_VALUE bound to: 0 - type: integer 
	Parameter PIPE_SEL bound to: FALSE - type: string 
	Parameter REFCLK_FREQUENCY bound to: 200.000000 - type: double 
	Parameter SIGNAL_PATTERN bound to: DATA - type: string 
INFO: [Synth 8-6155] done synthesizing module 'IDELAYE2' (0#1) [/tools/Xilinx/Vivado/2023.2/scripts/rt/data/unisim_comp.v:75740]
WARNING: [Synth 8-7023] instance 'IDELAYE2' of module 'IDELAYE2' has 12 connections declared, but only 7 given [/home/masamuneprog/AAML/CFU-Playground/soc/build/digilent_nexys4ddr.lab4_template/gateware/digilent_nexys4ddr.v:10487]
INFO: [Synth 8-6157] synthesizing module 'IOBUF' [/tools/Xilinx/Vivado/2023.2/scripts/rt/data/unisim_comp.v:78197]
INFO: [Synth 8-6155] done synthesizing module 'IOBUF' (0#1) [/tools/Xilinx/Vivado/2023.2/scripts/rt/data/unisim_comp.v:78197]
WARNING: [Synth 8-7023] instance 'OSERDESE2_28' of module 'OSERDESE2' has 27 connections declared, but only 16 given [/home/masamuneprog/AAML/CFU-Playground/soc/build/digilent_nexys4ddr.lab4_template/gateware/digilent_nexys4ddr.v:10510]
WARNING: [Synth 8-7023] instance 'ISERDESE2_1' of module 'ISERDESE2' has 28 connections declared, but only 15 given [/home/masamuneprog/AAML/CFU-Playground/soc/build/digilent_nexys4ddr.lab4_template/gateware/digilent_nexys4ddr.v:10536]
WARNING: [Synth 8-7023] instance 'IDELAYE2_1' of module 'IDELAYE2' has 12 connections declared, but only 7 given [/home/masamuneprog/AAML/CFU-Playground/soc/build/digilent_nexys4ddr.lab4_template/gateware/digilent_nexys4ddr.v:10563]
WARNING: [Synth 8-7023] instance 'OSERDESE2_29' of module 'OSERDESE2' has 27 connections declared, but only 16 given [/home/masamuneprog/AAML/CFU-Playground/soc/build/digilent_nexys4ddr.lab4_template/gateware/digilent_nexys4ddr.v:10586]
WARNING: [Synth 8-7023] instance 'ISERDESE2_2' of module 'ISERDESE2' has 28 connections declared, but only 15 given [/home/masamuneprog/AAML/CFU-Playground/soc/build/digilent_nexys4ddr.lab4_template/gateware/digilent_nexys4ddr.v:10612]
WARNING: [Synth 8-7023] instance 'IDELAYE2_2' of module 'IDELAYE2' has 12 connections declared, but only 7 given [/home/masamuneprog/AAML/CFU-Playground/soc/build/digilent_nexys4ddr.lab4_template/gateware/digilent_nexys4ddr.v:10639]
WARNING: [Synth 8-7023] instance 'OSERDESE2_30' of module 'OSERDESE2' has 27 connections declared, but only 16 given [/home/masamuneprog/AAML/CFU-Playground/soc/build/digilent_nexys4ddr.lab4_template/gateware/digilent_nexys4ddr.v:10662]
WARNING: [Synth 8-7023] instance 'ISERDESE2_3' of module 'ISERDESE2' has 28 connections declared, but only 15 given [/home/masamuneprog/AAML/CFU-Playground/soc/build/digilent_nexys4ddr.lab4_template/gateware/digilent_nexys4ddr.v:10688]
WARNING: [Synth 8-7023] instance 'IDELAYE2_3' of module 'IDELAYE2' has 12 connections declared, but only 7 given [/home/masamuneprog/AAML/CFU-Playground/soc/build/digilent_nexys4ddr.lab4_template/gateware/digilent_nexys4ddr.v:10715]
WARNING: [Synth 8-7023] instance 'OSERDESE2_31' of module 'OSERDESE2' has 27 connections declared, but only 16 given [/home/masamuneprog/AAML/CFU-Playground/soc/build/digilent_nexys4ddr.lab4_template/gateware/digilent_nexys4ddr.v:10738]
WARNING: [Synth 8-7023] instance 'ISERDESE2_4' of module 'ISERDESE2' has 28 connections declared, but only 15 given [/home/masamuneprog/AAML/CFU-Playground/soc/build/digilent_nexys4ddr.lab4_template/gateware/digilent_nexys4ddr.v:10764]
WARNING: [Synth 8-7023] instance 'IDELAYE2_4' of module 'IDELAYE2' has 12 connections declared, but only 7 given [/home/masamuneprog/AAML/CFU-Playground/soc/build/digilent_nexys4ddr.lab4_template/gateware/digilent_nexys4ddr.v:10791]
WARNING: [Synth 8-7023] instance 'OSERDESE2_32' of module 'OSERDESE2' has 27 connections declared, but only 16 given [/home/masamuneprog/AAML/CFU-Playground/soc/build/digilent_nexys4ddr.lab4_template/gateware/digilent_nexys4ddr.v:10814]
WARNING: [Synth 8-7023] instance 'ISERDESE2_5' of module 'ISERDESE2' has 28 connections declared, but only 15 given [/home/masamuneprog/AAML/CFU-Playground/soc/build/digilent_nexys4ddr.lab4_template/gateware/digilent_nexys4ddr.v:10840]
WARNING: [Synth 8-7023] instance 'IDELAYE2_5' of module 'IDELAYE2' has 12 connections declared, but only 7 given [/home/masamuneprog/AAML/CFU-Playground/soc/build/digilent_nexys4ddr.lab4_template/gateware/digilent_nexys4ddr.v:10867]
WARNING: [Synth 8-7023] instance 'OSERDESE2_33' of module 'OSERDESE2' has 27 connections declared, but only 16 given [/home/masamuneprog/AAML/CFU-Playground/soc/build/digilent_nexys4ddr.lab4_template/gateware/digilent_nexys4ddr.v:10890]
WARNING: [Synth 8-7023] instance 'ISERDESE2_6' of module 'ISERDESE2' has 28 connections declared, but only 15 given [/home/masamuneprog/AAML/CFU-Playground/soc/build/digilent_nexys4ddr.lab4_template/gateware/digilent_nexys4ddr.v:10916]
WARNING: [Synth 8-7023] instance 'IDELAYE2_6' of module 'IDELAYE2' has 12 connections declared, but only 7 given [/home/masamuneprog/AAML/CFU-Playground/soc/build/digilent_nexys4ddr.lab4_template/gateware/digilent_nexys4ddr.v:10943]
WARNING: [Synth 8-7023] instance 'OSERDESE2_34' of module 'OSERDESE2' has 27 connections declared, but only 16 given [/home/masamuneprog/AAML/CFU-Playground/soc/build/digilent_nexys4ddr.lab4_template/gateware/digilent_nexys4ddr.v:10966]
WARNING: [Synth 8-7023] instance 'ISERDESE2_7' of module 'ISERDESE2' has 28 connections declared, but only 15 given [/home/masamuneprog/AAML/CFU-Playground/soc/build/digilent_nexys4ddr.lab4_template/gateware/digilent_nexys4ddr.v:10992]
WARNING: [Synth 8-7023] instance 'IDELAYE2_7' of module 'IDELAYE2' has 12 connections declared, but only 7 given [/home/masamuneprog/AAML/CFU-Playground/soc/build/digilent_nexys4ddr.lab4_template/gateware/digilent_nexys4ddr.v:11019]
WARNING: [Synth 8-7023] instance 'OSERDESE2_35' of module 'OSERDESE2' has 27 connections declared, but only 16 given [/home/masamuneprog/AAML/CFU-Playground/soc/build/digilent_nexys4ddr.lab4_template/gateware/digilent_nexys4ddr.v:11042]
WARNING: [Synth 8-7023] instance 'ISERDESE2_8' of module 'ISERDESE2' has 28 connections declared, but only 15 given [/home/masamuneprog/AAML/CFU-Playground/soc/build/digilent_nexys4ddr.lab4_template/gateware/digilent_nexys4ddr.v:11068]
WARNING: [Synth 8-7023] instance 'IDELAYE2_8' of module 'IDELAYE2' has 12 connections declared, but only 7 given [/home/masamuneprog/AAML/CFU-Playground/soc/build/digilent_nexys4ddr.lab4_template/gateware/digilent_nexys4ddr.v:11095]
WARNING: [Synth 8-7023] instance 'OSERDESE2_36' of module 'OSERDESE2' has 27 connections declared, but only 16 given [/home/masamuneprog/AAML/CFU-Playground/soc/build/digilent_nexys4ddr.lab4_template/gateware/digilent_nexys4ddr.v:11118]
WARNING: [Synth 8-7023] instance 'ISERDESE2_9' of module 'ISERDESE2' has 28 connections declared, but only 15 given [/home/masamuneprog/AAML/CFU-Playground/soc/build/digilent_nexys4ddr.lab4_template/gateware/digilent_nexys4ddr.v:11144]
WARNING: [Synth 8-7023] instance 'IDELAYE2_9' of module 'IDELAYE2' has 12 connections declared, but only 7 given [/home/masamuneprog/AAML/CFU-Playground/soc/build/digilent_nexys4ddr.lab4_template/gateware/digilent_nexys4ddr.v:11171]
WARNING: [Synth 8-7023] instance 'OSERDESE2_37' of module 'OSERDESE2' has 27 connections declared, but only 16 given [/home/masamuneprog/AAML/CFU-Playground/soc/build/digilent_nexys4ddr.lab4_template/gateware/digilent_nexys4ddr.v:11194]
WARNING: [Synth 8-7023] instance 'ISERDESE2_10' of module 'ISERDESE2' has 28 connections declared, but only 15 given [/home/masamuneprog/AAML/CFU-Playground/soc/build/digilent_nexys4ddr.lab4_template/gateware/digilent_nexys4ddr.v:11220]
WARNING: [Synth 8-7023] instance 'IDELAYE2_10' of module 'IDELAYE2' has 12 connections declared, but only 7 given [/home/masamuneprog/AAML/CFU-Playground/soc/build/digilent_nexys4ddr.lab4_template/gateware/digilent_nexys4ddr.v:11247]
WARNING: [Synth 8-7023] instance 'OSERDESE2_38' of module 'OSERDESE2' has 27 connections declared, but only 16 given [/home/masamuneprog/AAML/CFU-Playground/soc/build/digilent_nexys4ddr.lab4_template/gateware/digilent_nexys4ddr.v:11270]
WARNING: [Synth 8-7023] instance 'ISERDESE2_11' of module 'ISERDESE2' has 28 connections declared, but only 15 given [/home/masamuneprog/AAML/CFU-Playground/soc/build/digilent_nexys4ddr.lab4_template/gateware/digilent_nexys4ddr.v:11296]
WARNING: [Synth 8-7023] instance 'IDELAYE2_11' of module 'IDELAYE2' has 12 connections declared, but only 7 given [/home/masamuneprog/AAML/CFU-Playground/soc/build/digilent_nexys4ddr.lab4_template/gateware/digilent_nexys4ddr.v:11323]
WARNING: [Synth 8-7023] instance 'OSERDESE2_39' of module 'OSERDESE2' has 27 connections declared, but only 16 given [/home/masamuneprog/AAML/CFU-Playground/soc/build/digilent_nexys4ddr.lab4_template/gateware/digilent_nexys4ddr.v:11346]
WARNING: [Synth 8-7023] instance 'ISERDESE2_12' of module 'ISERDESE2' has 28 connections declared, but only 15 given [/home/masamuneprog/AAML/CFU-Playground/soc/build/digilent_nexys4ddr.lab4_template/gateware/digilent_nexys4ddr.v:11372]
WARNING: [Synth 8-7023] instance 'IDELAYE2_12' of module 'IDELAYE2' has 12 connections declared, but only 7 given [/home/masamuneprog/AAML/CFU-Playground/soc/build/digilent_nexys4ddr.lab4_template/gateware/digilent_nexys4ddr.v:11399]
WARNING: [Synth 8-7023] instance 'OSERDESE2_40' of module 'OSERDESE2' has 27 connections declared, but only 16 given [/home/masamuneprog/AAML/CFU-Playground/soc/build/digilent_nexys4ddr.lab4_template/gateware/digilent_nexys4ddr.v:11422]
WARNING: [Synth 8-7023] instance 'ISERDESE2_13' of module 'ISERDESE2' has 28 connections declared, but only 15 given [/home/masamuneprog/AAML/CFU-Playground/soc/build/digilent_nexys4ddr.lab4_template/gateware/digilent_nexys4ddr.v:11448]
WARNING: [Synth 8-7023] instance 'IDELAYE2_13' of module 'IDELAYE2' has 12 connections declared, but only 7 given [/home/masamuneprog/AAML/CFU-Playground/soc/build/digilent_nexys4ddr.lab4_template/gateware/digilent_nexys4ddr.v:11475]
WARNING: [Synth 8-7023] instance 'OSERDESE2_41' of module 'OSERDESE2' has 27 connections declared, but only 16 given [/home/masamuneprog/AAML/CFU-Playground/soc/build/digilent_nexys4ddr.lab4_template/gateware/digilent_nexys4ddr.v:11498]
WARNING: [Synth 8-7023] instance 'ISERDESE2_14' of module 'ISERDESE2' has 28 connections declared, but only 15 given [/home/masamuneprog/AAML/CFU-Playground/soc/build/digilent_nexys4ddr.lab4_template/gateware/digilent_nexys4ddr.v:11524]
WARNING: [Synth 8-7023] instance 'IDELAYE2_14' of module 'IDELAYE2' has 12 connections declared, but only 7 given [/home/masamuneprog/AAML/CFU-Playground/soc/build/digilent_nexys4ddr.lab4_template/gateware/digilent_nexys4ddr.v:11551]
WARNING: [Synth 8-7023] instance 'OSERDESE2_42' of module 'OSERDESE2' has 27 connections declared, but only 16 given [/home/masamuneprog/AAML/CFU-Playground/soc/build/digilent_nexys4ddr.lab4_template/gateware/digilent_nexys4ddr.v:11574]
WARNING: [Synth 8-7023] instance 'ISERDESE2_15' of module 'ISERDESE2' has 28 connections declared, but only 15 given [/home/masamuneprog/AAML/CFU-Playground/soc/build/digilent_nexys4ddr.lab4_template/gateware/digilent_nexys4ddr.v:11600]
WARNING: [Synth 8-7023] instance 'IDELAYE2_15' of module 'IDELAYE2' has 12 connections declared, but only 7 given [/home/masamuneprog/AAML/CFU-Playground/soc/build/digilent_nexys4ddr.lab4_template/gateware/digilent_nexys4ddr.v:11627]
INFO: [Synth 8-6157] synthesizing module 'FDCE' [/tools/Xilinx/Vivado/2023.2/scripts/rt/data/unisim_comp.v:40789]
INFO: [Synth 8-6155] done synthesizing module 'FDCE' (0#1) [/tools/Xilinx/Vivado/2023.2/scripts/rt/data/unisim_comp.v:40789]
INFO: [Synth 8-6157] synthesizing module 'MMCME2_ADV' [/tools/Xilinx/Vivado/2023.2/scripts/rt/data/unisim_comp.v:82174]
	Parameter BANDWIDTH bound to: OPTIMIZED - type: string 
	Parameter CLKFBOUT_MULT_F bound to: 12.000000 - type: double 
	Parameter CLKIN1_PERIOD bound to: 10.000000 - type: double 
	Parameter CLKOUT0_DIVIDE_F bound to: 16.000000 - type: double 
	Parameter CLKOUT0_PHASE bound to: 0.000000 - type: double 
	Parameter CLKOUT1_DIVIDE bound to: 8 - type: integer 
	Parameter CLKOUT1_PHASE bound to: 0.000000 - type: double 
	Parameter CLKOUT2_DIVIDE bound to: 8 - type: integer 
	Parameter CLKOUT2_PHASE bound to: 90.000000 - type: double 
	Parameter CLKOUT3_DIVIDE bound to: 6 - type: integer 
	Parameter CLKOUT3_PHASE bound to: 0.000000 - type: double 
	Parameter CLKOUT4_DIVIDE bound to: 24 - type: integer 
	Parameter CLKOUT4_PHASE bound to: 0.000000 - type: double 
	Parameter CLKOUT5_DIVIDE bound to: 30 - type: integer 
	Parameter CLKOUT5_PHASE bound to: 0.000000 - type: double 
	Parameter DIVCLK_DIVIDE bound to: 1 - type: integer 
	Parameter REF_JITTER1 bound to: 0.010000 - type: double 
INFO: [Synth 8-6155] done synthesizing module 'MMCME2_ADV' (0#1) [/tools/Xilinx/Vivado/2023.2/scripts/rt/data/unisim_comp.v:82174]
WARNING: [Synth 8-7023] instance 'MMCME2_ADV' of module 'MMCME2_ADV' has 33 connections declared, but only 12 given [/home/masamuneprog/AAML/CFU-Playground/soc/build/digilent_nexys4ddr.lab4_template/gateware/digilent_nexys4ddr.v:11884]
INFO: [Synth 8-6157] synthesizing module 'VexRiscv' [/home/masamuneprog/AAML/CFU-Playground/third_party/python/pythondata_cpu_vexriscv/pythondata_cpu_vexriscv/verilog/VexRiscv_PerfCfu.v:7]
INFO: [Synth 8-6157] synthesizing module 'InstructionCache' [/home/masamuneprog/AAML/CFU-Playground/third_party/python/pythondata_cpu_vexriscv/pythondata_cpu_vexriscv/verilog/VexRiscv_PerfCfu.v:7008]
INFO: [Synth 8-6155] done synthesizing module 'InstructionCache' (0#1) [/home/masamuneprog/AAML/CFU-Playground/third_party/python/pythondata_cpu_vexriscv/pythondata_cpu_vexriscv/verilog/VexRiscv_PerfCfu.v:7008]
INFO: [Synth 8-6157] synthesizing module 'DataCache' [/home/masamuneprog/AAML/CFU-Playground/third_party/python/pythondata_cpu_vexriscv/pythondata_cpu_vexriscv/verilog/VexRiscv_PerfCfu.v:6167]
INFO: [Synth 8-6155] done synthesizing module 'DataCache' (0#1) [/home/masamuneprog/AAML/CFU-Playground/third_party/python/pythondata_cpu_vexriscv/pythondata_cpu_vexriscv/verilog/VexRiscv_PerfCfu.v:6167]
INFO: [Synth 8-6155] done synthesizing module 'VexRiscv' (0#1) [/home/masamuneprog/AAML/CFU-Playground/third_party/python/pythondata_cpu_vexriscv/pythondata_cpu_vexriscv/verilog/VexRiscv_PerfCfu.v:7]
INFO: [Synth 8-6157] synthesizing module 'Cfu' [/home/masamuneprog/AAML/CFU-Playground/proj/lab4_template/cfu.v:121]
INFO: [Synth 8-6157] synthesizing module 'reciprocal' [/home/masamuneprog/AAML/CFU-Playground/proj/lab4_template/cfu.v:2]
INFO: [Synth 8-6155] done synthesizing module 'reciprocal' (0#1) [/home/masamuneprog/AAML/CFU-Playground/proj/lab4_template/cfu.v:2]
INFO: [Synth 8-6157] synthesizing module 'exponential' [/home/masamuneprog/AAML/CFU-Playground/proj/lab4_template/cfu.v:30]
INFO: [Synth 8-6155] done synthesizing module 'exponential' (0#1) [/home/masamuneprog/AAML/CFU-Playground/proj/lab4_template/cfu.v:30]
INFO: [Synth 8-6157] synthesizing module 'exp_inter' [/home/masamuneprog/AAML/CFU-Playground/proj/lab4_template/cfu.v:47]
INFO: [Synth 8-6155] done synthesizing module 'exp_inter' (0#1) [/home/masamuneprog/AAML/CFU-Playground/proj/lab4_template/cfu.v:47]
INFO: [Synth 8-6155] done synthesizing module 'Cfu' (0#1) [/home/masamuneprog/AAML/CFU-Playground/proj/lab4_template/cfu.v:121]
INFO: [Synth 8-6157] synthesizing module 'FDPE' [/tools/Xilinx/Vivado/2023.2/scripts/rt/data/unisim_comp.v:40945]
	Parameter INIT bound to: 1'b1 
INFO: [Synth 8-6155] done synthesizing module 'FDPE' (0#1) [/tools/Xilinx/Vivado/2023.2/scripts/rt/data/unisim_comp.v:40945]
INFO: [Synth 8-6155] done synthesizing module 'digilent_nexys4ddr' (0#1) [/home/masamuneprog/AAML/CFU-Playground/soc/build/digilent_nexys4ddr.lab4_template/gateware/digilent_nexys4ddr.v:20]
WARNING: [Synth 8-6014] Unused sequential element decodeStage_mmuRsp_isIoAccess_reg was removed.  [/home/masamuneprog/AAML/CFU-Playground/third_party/python/pythondata_cpu_vexriscv/pythondata_cpu_vexriscv/verilog/VexRiscv_PerfCfu.v:7286]
WARNING: [Synth 8-6014] Unused sequential element decodeStage_mmuRsp_allowRead_reg was removed.  [/home/masamuneprog/AAML/CFU-Playground/third_party/python/pythondata_cpu_vexriscv/pythondata_cpu_vexriscv/verilog/VexRiscv_PerfCfu.v:7288]
WARNING: [Synth 8-6014] Unused sequential element decodeStage_mmuRsp_allowWrite_reg was removed.  [/home/masamuneprog/AAML/CFU-Playground/third_party/python/pythondata_cpu_vexriscv/pythondata_cpu_vexriscv/verilog/VexRiscv_PerfCfu.v:7289]
WARNING: [Synth 8-6014] Unused sequential element decodeStage_mmuRsp_bypassTranslation_reg was removed.  [/home/masamuneprog/AAML/CFU-Playground/third_party/python/pythondata_cpu_vexriscv/pythondata_cpu_vexriscv/verilog/VexRiscv_PerfCfu.v:7293]
WARNING: [Synth 8-6014] Unused sequential element tagsWriteLastCmd_valid_reg was removed.  [/home/masamuneprog/AAML/CFU-Playground/third_party/python/pythondata_cpu_vexriscv/pythondata_cpu_vexriscv/verilog/VexRiscv_PerfCfu.v:6876]
WARNING: [Synth 8-6014] Unused sequential element tagsWriteLastCmd_payload_way_reg was removed.  [/home/masamuneprog/AAML/CFU-Playground/third_party/python/pythondata_cpu_vexriscv/pythondata_cpu_vexriscv/verilog/VexRiscv_PerfCfu.v:6877]
WARNING: [Synth 8-6014] Unused sequential element tagsWriteLastCmd_payload_address_reg was removed.  [/home/masamuneprog/AAML/CFU-Playground/third_party/python/pythondata_cpu_vexriscv/pythondata_cpu_vexriscv/verilog/VexRiscv_PerfCfu.v:6878]
WARNING: [Synth 8-6014] Unused sequential element tagsWriteLastCmd_payload_data_valid_reg was removed.  [/home/masamuneprog/AAML/CFU-Playground/third_party/python/pythondata_cpu_vexriscv/pythondata_cpu_vexriscv/verilog/VexRiscv_PerfCfu.v:6879]
WARNING: [Synth 8-6014] Unused sequential element tagsWriteLastCmd_payload_data_error_reg was removed.  [/home/masamuneprog/AAML/CFU-Playground/third_party/python/pythondata_cpu_vexriscv/pythondata_cpu_vexriscv/verilog/VexRiscv_PerfCfu.v:6880]
WARNING: [Synth 8-6014] Unused sequential element tagsWriteLastCmd_payload_data_address_reg was removed.  [/home/masamuneprog/AAML/CFU-Playground/third_party/python/pythondata_cpu_vexriscv/pythondata_cpu_vexriscv/verilog/VexRiscv_PerfCfu.v:6881]
WARNING: [Synth 8-6014] Unused sequential element stageA_request_totalyConsistent_reg was removed.  [/home/masamuneprog/AAML/CFU-Playground/third_party/python/pythondata_cpu_vexriscv/pythondata_cpu_vexriscv/verilog/VexRiscv_PerfCfu.v:6885]
WARNING: [Synth 8-6014] Unused sequential element stageB_request_totalyConsistent_reg was removed.  [/home/masamuneprog/AAML/CFU-Playground/third_party/python/pythondata_cpu_vexriscv/pythondata_cpu_vexriscv/verilog/VexRiscv_PerfCfu.v:6899]
WARNING: [Synth 8-6014] Unused sequential element stageB_mmuRsp_allowExecute_reg was removed.  [/home/masamuneprog/AAML/CFU-Playground/third_party/python/pythondata_cpu_vexriscv/pythondata_cpu_vexriscv/verilog/VexRiscv_PerfCfu.v:6907]
WARNING: [Synth 8-6014] Unused sequential element stageB_mmuRsp_bypassTranslation_reg was removed.  [/home/masamuneprog/AAML/CFU-Playground/third_party/python/pythondata_cpu_vexriscv/pythondata_cpu_vexriscv/verilog/VexRiscv_PerfCfu.v:6910]
WARNING: [Synth 8-6014] Unused sequential element stageB_tagsReadRsp_0_valid_reg was removed.  [/home/masamuneprog/AAML/CFU-Playground/third_party/python/pythondata_cpu_vexriscv/pythondata_cpu_vexriscv/verilog/VexRiscv_PerfCfu.v:6913]
WARNING: [Synth 8-6014] Unused sequential element stageB_tagsReadRsp_0_address_reg was removed.  [/home/masamuneprog/AAML/CFU-Playground/third_party/python/pythondata_cpu_vexriscv/pythondata_cpu_vexriscv/verilog/VexRiscv_PerfCfu.v:6915]
WARNING: [Synth 8-3848] Net io_cpu_writeBack_exclusiveOk in module/entity DataCache does not have driver. [/home/masamuneprog/AAML/CFU-Playground/third_party/python/pythondata_cpu_vexriscv/pythondata_cpu_vexriscv/verilog/VexRiscv_PerfCfu.v:6210]
WARNING: [Synth 8-6014] Unused sequential element IBusCachedPlugin_fetchPc_correctionReg_reg was removed.  [/home/masamuneprog/AAML/CFU-Playground/third_party/python/pythondata_cpu_vexriscv/pythondata_cpu_vexriscv/verilog/VexRiscv_PerfCfu.v:3239]
WARNING: [Synth 8-6014] Unused sequential element IBusCachedPlugin_injector_nextPcCalc_valids_2_reg was removed.  [/home/masamuneprog/AAML/CFU-Playground/third_party/python/pythondata_cpu_vexriscv/pythondata_cpu_vexriscv/verilog/VexRiscv_PerfCfu.v:3347]
WARNING: [Synth 8-6014] Unused sequential element IBusCachedPlugin_injector_nextPcCalc_valids_3_reg was removed.  [/home/masamuneprog/AAML/CFU-Playground/third_party/python/pythondata_cpu_vexriscv/pythondata_cpu_vexriscv/verilog/VexRiscv_PerfCfu.v:3348]
WARNING: [Synth 8-6014] Unused sequential element IBusCachedPlugin_injector_nextPcCalc_valids_4_reg was removed.  [/home/masamuneprog/AAML/CFU-Playground/third_party/python/pythondata_cpu_vexriscv/pythondata_cpu_vexriscv/verilog/VexRiscv_PerfCfu.v:3349]
WARNING: [Synth 8-6014] Unused sequential element IBusCachedPlugin_rspCounter_reg was removed.  [/home/masamuneprog/AAML/CFU-Playground/third_party/python/pythondata_cpu_vexriscv/pythondata_cpu_vexriscv/verilog/VexRiscv_PerfCfu.v:5290]
WARNING: [Synth 8-6014] Unused sequential element DBusCachedPlugin_rspCounter_reg was removed.  [/home/masamuneprog/AAML/CFU-Playground/third_party/python/pythondata_cpu_vexriscv/pythondata_cpu_vexriscv/verilog/VexRiscv_PerfCfu.v:5293]
WARNING: [Synth 8-6014] Unused sequential element CsrPlugin_lastStageWasWfi_reg was removed.  [/home/masamuneprog/AAML/CFU-Playground/third_party/python/pythondata_cpu_vexriscv/pythondata_cpu_vexriscv/verilog/VexRiscv_PerfCfu.v:5311]
WARNING: [Synth 8-6014] Unused sequential element dataCache_1_io_mem_cmd_rData_uncached_reg was removed.  [/home/masamuneprog/AAML/CFU-Playground/third_party/python/pythondata_cpu_vexriscv/pythondata_cpu_vexriscv/verilog/VexRiscv_PerfCfu.v:3549]
WARNING: [Synth 8-6014] Unused sequential element dataCache_1_io_mem_cmd_rData_last_reg was removed.  [/home/masamuneprog/AAML/CFU-Playground/third_party/python/pythondata_cpu_vexriscv/pythondata_cpu_vexriscv/verilog/VexRiscv_PerfCfu.v:3554]
WARNING: [Synth 8-6014] Unused sequential element dataCache_1_io_mem_cmd_s2mPipe_rData_uncached_reg was removed.  [/home/masamuneprog/AAML/CFU-Playground/third_party/python/pythondata_cpu_vexriscv/pythondata_cpu_vexriscv/verilog/VexRiscv_PerfCfu.v:3565]
WARNING: [Synth 8-6014] Unused sequential element dataCache_1_io_mem_cmd_s2mPipe_rData_last_reg was removed.  [/home/masamuneprog/AAML/CFU-Playground/third_party/python/pythondata_cpu_vexriscv/pythondata_cpu_vexriscv/verilog/VexRiscv_PerfCfu.v:3570]
WARNING: [Synth 8-6014] Unused sequential element decode_to_execute_FORMAL_PC_NEXT_reg was removed.  [/home/masamuneprog/AAML/CFU-Playground/third_party/python/pythondata_cpu_vexriscv/pythondata_cpu_vexriscv/verilog/VexRiscv_PerfCfu.v:2741]
WARNING: [Synth 8-6014] Unused sequential element execute_to_memory_FORMAL_PC_NEXT_reg was removed.  [/home/masamuneprog/AAML/CFU-Playground/third_party/python/pythondata_cpu_vexriscv/pythondata_cpu_vexriscv/verilog/VexRiscv_PerfCfu.v:2740]
WARNING: [Synth 8-6014] Unused sequential element memory_to_writeBack_FORMAL_PC_NEXT_reg was removed.  [/home/masamuneprog/AAML/CFU-Playground/third_party/python/pythondata_cpu_vexriscv/pythondata_cpu_vexriscv/verilog/VexRiscv_PerfCfu.v:2739]
WARNING: [Synth 8-6014] Unused sequential element memory_to_writeBack_CfuPlugin_CFU_IN_FLIGHT_reg was removed.  [/home/masamuneprog/AAML/CFU-Playground/third_party/python/pythondata_cpu_vexriscv/pythondata_cpu_vexriscv/verilog/VexRiscv_PerfCfu.v:2688]
WARNING: [Synth 8-3848] Net IBusCachedPlugin_cache_io_cpu_fetch_isRemoved in module/entity VexRiscv does not have driver. [/home/masamuneprog/AAML/CFU-Playground/third_party/python/pythondata_cpu_vexriscv/pythondata_cpu_vexriscv/verilog/VexRiscv_PerfCfu.v:78]
WARNING: [Synth 8-3848] Net IBusCachedPlugin_mmuBus_rsp_bypassTranslation in module/entity VexRiscv does not have driver. [/home/masamuneprog/AAML/CFU-Playground/third_party/python/pythondata_cpu_vexriscv/pythondata_cpu_vexriscv/verilog/VexRiscv_PerfCfu.v:664]
WARNING: [Synth 8-3848] Net DBusCachedPlugin_mmuBus_rsp_bypassTranslation in module/entity VexRiscv does not have driver. [/home/masamuneprog/AAML/CFU-Playground/third_party/python/pythondata_cpu_vexriscv/pythondata_cpu_vexriscv/verilog/VexRiscv_PerfCfu.v:692]
WARNING: [Synth 8-3848] Net dataCache_1_io_cpu_writeBack_fence_SW in module/entity VexRiscv does not have driver. [/home/masamuneprog/AAML/CFU-Playground/third_party/python/pythondata_cpu_vexriscv/pythondata_cpu_vexriscv/verilog/VexRiscv_PerfCfu.v:92]
WARNING: [Synth 8-3848] Net dataCache_1_io_cpu_writeBack_fence_SR in module/entity VexRiscv does not have driver. [/home/masamuneprog/AAML/CFU-Playground/third_party/python/pythondata_cpu_vexriscv/pythondata_cpu_vexriscv/verilog/VexRiscv_PerfCfu.v:93]
WARNING: [Synth 8-3848] Net dataCache_1_io_cpu_writeBack_fence_SO in module/entity VexRiscv does not have driver. [/home/masamuneprog/AAML/CFU-Playground/third_party/python/pythondata_cpu_vexriscv/pythondata_cpu_vexriscv/verilog/VexRiscv_PerfCfu.v:94]
WARNING: [Synth 8-3848] Net dataCache_1_io_cpu_writeBack_fence_SI in module/entity VexRiscv does not have driver. [/home/masamuneprog/AAML/CFU-Playground/third_party/python/pythondata_cpu_vexriscv/pythondata_cpu_vexriscv/verilog/VexRiscv_PerfCfu.v:95]
WARNING: [Synth 8-3848] Net dataCache_1_io_cpu_writeBack_fence_PW in module/entity VexRiscv does not have driver. [/home/masamuneprog/AAML/CFU-Playground/third_party/python/pythondata_cpu_vexriscv/pythondata_cpu_vexriscv/verilog/VexRiscv_PerfCfu.v:96]
WARNING: [Synth 8-3848] Net dataCache_1_io_cpu_writeBack_fence_PR in module/entity VexRiscv does not have driver. [/home/masamuneprog/AAML/CFU-Playground/third_party/python/pythondata_cpu_vexriscv/pythondata_cpu_vexriscv/verilog/VexRiscv_PerfCfu.v:97]
WARNING: [Synth 8-3848] Net dataCache_1_io_cpu_writeBack_fence_PO in module/entity VexRiscv does not have driver. [/home/masamuneprog/AAML/CFU-Playground/third_party/python/pythondata_cpu_vexriscv/pythondata_cpu_vexriscv/verilog/VexRiscv_PerfCfu.v:98]
WARNING: [Synth 8-3848] Net dataCache_1_io_cpu_writeBack_fence_PI in module/entity VexRiscv does not have driver. [/home/masamuneprog/AAML/CFU-Playground/third_party/python/pythondata_cpu_vexriscv/pythondata_cpu_vexriscv/verilog/VexRiscv_PerfCfu.v:99]
WARNING: [Synth 8-3848] Net dataCache_1_io_cpu_writeBack_fence_FM in module/entity VexRiscv does not have driver. [/home/masamuneprog/AAML/CFU-Playground/third_party/python/pythondata_cpu_vexriscv/pythondata_cpu_vexriscv/verilog/VexRiscv_PerfCfu.v:100]
WARNING: [Synth 8-3848] Net dBus_rsp_payload_last in module/entity VexRiscv does not have driver. [/home/masamuneprog/AAML/CFU-Playground/third_party/python/pythondata_cpu_vexriscv/pythondata_cpu_vexriscv/verilog/VexRiscv_PerfCfu.v:677]
WARNING: [Synth 8-6014] Unused sequential element recip_reg_reg was removed.  [/home/masamuneprog/AAML/CFU-Playground/proj/lab4_template/cfu.v:167]
WARNING: [Synth 8-6014] Unused sequential element exp_reg_reg was removed.  [/home/masamuneprog/AAML/CFU-Playground/proj/lab4_template/cfu.v:179]
WARNING: [Synth 8-6014] Unused sequential element soc_basesoc_sdram_bankmachine0_cmd_buffer_source_first_reg was removed.  [/home/masamuneprog/AAML/CFU-Playground/soc/build/digilent_nexys4ddr.lab4_template/gateware/digilent_nexys4ddr.v:8108]
WARNING: [Synth 8-6014] Unused sequential element soc_basesoc_sdram_bankmachine0_cmd_buffer_source_last_reg was removed.  [/home/masamuneprog/AAML/CFU-Playground/soc/build/digilent_nexys4ddr.lab4_template/gateware/digilent_nexys4ddr.v:8109]
WARNING: [Synth 8-6014] Unused sequential element soc_basesoc_sdram_bankmachine1_cmd_buffer_source_first_reg was removed.  [/home/masamuneprog/AAML/CFU-Playground/soc/build/digilent_nexys4ddr.lab4_template/gateware/digilent_nexys4ddr.v:8154]
WARNING: [Synth 8-6014] Unused sequential element soc_basesoc_sdram_bankmachine1_cmd_buffer_source_last_reg was removed.  [/home/masamuneprog/AAML/CFU-Playground/soc/build/digilent_nexys4ddr.lab4_template/gateware/digilent_nexys4ddr.v:8155]
WARNING: [Synth 8-6014] Unused sequential element soc_basesoc_sdram_bankmachine2_cmd_buffer_source_first_reg was removed.  [/home/masamuneprog/AAML/CFU-Playground/soc/build/digilent_nexys4ddr.lab4_template/gateware/digilent_nexys4ddr.v:8200]
WARNING: [Synth 8-6014] Unused sequential element soc_basesoc_sdram_bankmachine2_cmd_buffer_source_last_reg was removed.  [/home/masamuneprog/AAML/CFU-Playground/soc/build/digilent_nexys4ddr.lab4_template/gateware/digilent_nexys4ddr.v:8201]
WARNING: [Synth 8-6014] Unused sequential element soc_basesoc_sdram_bankmachine3_cmd_buffer_source_first_reg was removed.  [/home/masamuneprog/AAML/CFU-Playground/soc/build/digilent_nexys4ddr.lab4_template/gateware/digilent_nexys4ddr.v:8246]
WARNING: [Synth 8-6014] Unused sequential element soc_basesoc_sdram_bankmachine3_cmd_buffer_source_last_reg was removed.  [/home/masamuneprog/AAML/CFU-Playground/soc/build/digilent_nexys4ddr.lab4_template/gateware/digilent_nexys4ddr.v:8247]
WARNING: [Synth 8-6014] Unused sequential element soc_basesoc_sdram_bankmachine4_cmd_buffer_source_first_reg was removed.  [/home/masamuneprog/AAML/CFU-Playground/soc/build/digilent_nexys4ddr.lab4_template/gateware/digilent_nexys4ddr.v:8292]
WARNING: [Synth 8-6014] Unused sequential element soc_basesoc_sdram_bankmachine4_cmd_buffer_source_last_reg was removed.  [/home/masamuneprog/AAML/CFU-Playground/soc/build/digilent_nexys4ddr.lab4_template/gateware/digilent_nexys4ddr.v:8293]
WARNING: [Synth 8-6014] Unused sequential element soc_basesoc_sdram_bankmachine5_cmd_buffer_source_first_reg was removed.  [/home/masamuneprog/AAML/CFU-Playground/soc/build/digilent_nexys4ddr.lab4_template/gateware/digilent_nexys4ddr.v:8338]
WARNING: [Synth 8-6014] Unused sequential element soc_basesoc_sdram_bankmachine5_cmd_buffer_source_last_reg was removed.  [/home/masamuneprog/AAML/CFU-Playground/soc/build/digilent_nexys4ddr.lab4_template/gateware/digilent_nexys4ddr.v:8339]
WARNING: [Synth 8-6014] Unused sequential element soc_basesoc_sdram_bankmachine6_cmd_buffer_source_first_reg was removed.  [/home/masamuneprog/AAML/CFU-Playground/soc/build/digilent_nexys4ddr.lab4_template/gateware/digilent_nexys4ddr.v:8384]
WARNING: [Synth 8-6014] Unused sequential element soc_basesoc_sdram_bankmachine6_cmd_buffer_source_last_reg was removed.  [/home/masamuneprog/AAML/CFU-Playground/soc/build/digilent_nexys4ddr.lab4_template/gateware/digilent_nexys4ddr.v:8385]
WARNING: [Synth 8-6014] Unused sequential element soc_basesoc_sdram_bankmachine7_cmd_buffer_source_first_reg was removed.  [/home/masamuneprog/AAML/CFU-Playground/soc/build/digilent_nexys4ddr.lab4_template/gateware/digilent_nexys4ddr.v:8430]
WARNING: [Synth 8-6014] Unused sequential element soc_basesoc_sdram_bankmachine7_cmd_buffer_source_last_reg was removed.  [/home/masamuneprog/AAML/CFU-Playground/soc/build/digilent_nexys4ddr.lab4_template/gateware/digilent_nexys4ddr.v:8431]
WARNING: [Synth 8-6014] Unused sequential element soc_basesoc_wishbone_bridge_rdata_converter_converter_source_first_reg was removed.  [/home/masamuneprog/AAML/CFU-Playground/soc/build/digilent_nexys4ddr.lab4_template/gateware/digilent_nexys4ddr.v:5854]
WARNING: [Synth 8-6014] Unused sequential element soc_basesoc_wishbone_bridge_rdata_converter_converter_source_last_reg was removed.  [/home/masamuneprog/AAML/CFU-Playground/soc/build/digilent_nexys4ddr.lab4_template/gateware/digilent_nexys4ddr.v:5855]
WARNING: [Synth 8-6014] Unused sequential element soc_basesoc_wishbone_bridge_rdata_converter_converter_source_payload_valid_token_count_reg was removed.  [/home/masamuneprog/AAML/CFU-Playground/soc/build/digilent_nexys4ddr.lab4_template/gateware/digilent_nexys4ddr.v:9043]
WARNING: [Synth 8-6014] Unused sequential element soc_basesoc_scratch_re_reg was removed.  [/home/masamuneprog/AAML/CFU-Playground/soc/build/digilent_nexys4ddr.lab4_template/gateware/digilent_nexys4ddr.v:9117]
WARNING: [Synth 8-6014] Unused sequential element soc_basesoc_bus_errors_re_reg was removed.  [/home/masamuneprog/AAML/CFU-Playground/soc/build/digilent_nexys4ddr.lab4_template/gateware/digilent_nexys4ddr.v:9118]
WARNING: [Synth 8-6014] Unused sequential element soc_a7ddrphy_rst_re_reg was removed.  [/home/masamuneprog/AAML/CFU-Playground/soc/build/digilent_nexys4ddr.lab4_template/gateware/digilent_nexys4ddr.v:9166]
WARNING: [Synth 8-6014] Unused sequential element soc_a7ddrphy_dly_sel_re_reg was removed.  [/home/masamuneprog/AAML/CFU-Playground/soc/build/digilent_nexys4ddr.lab4_template/gateware/digilent_nexys4ddr.v:9170]
WARNING: [Synth 8-6014] Unused sequential element soc_a7ddrphy_half_sys8x_taps_re_reg was removed.  [/home/masamuneprog/AAML/CFU-Playground/soc/build/digilent_nexys4ddr.lab4_template/gateware/digilent_nexys4ddr.v:9174]
WARNING: [Synth 8-6014] Unused sequential element soc_a7ddrphy_wlevel_en_re_reg was removed.  [/home/masamuneprog/AAML/CFU-Playground/soc/build/digilent_nexys4ddr.lab4_template/gateware/digilent_nexys4ddr.v:9178]
WARNING: [Synth 8-6014] Unused sequential element soc_a7ddrphy_rdphase_re_reg was removed.  [/home/masamuneprog/AAML/CFU-Playground/soc/build/digilent_nexys4ddr.lab4_template/gateware/digilent_nexys4ddr.v:9182]
WARNING: [Synth 8-6014] Unused sequential element soc_a7ddrphy_wrphase_re_reg was removed.  [/home/masamuneprog/AAML/CFU-Playground/soc/build/digilent_nexys4ddr.lab4_template/gateware/digilent_nexys4ddr.v:9186]
WARNING: [Synth 8-6014] Unused sequential element soc_basesoc_sdram_re_reg was removed.  [/home/masamuneprog/AAML/CFU-Playground/soc/build/digilent_nexys4ddr.lab4_template/gateware/digilent_nexys4ddr.v:9247]
WARNING: [Synth 8-6014] Unused sequential element soc_basesoc_sdram_phaseinjector0_command_re_reg was removed.  [/home/masamuneprog/AAML/CFU-Playground/soc/build/digilent_nexys4ddr.lab4_template/gateware/digilent_nexys4ddr.v:9251]
WARNING: [Synth 8-6014] Unused sequential element soc_basesoc_sdram_phaseinjector0_address_re_reg was removed.  [/home/masamuneprog/AAML/CFU-Playground/soc/build/digilent_nexys4ddr.lab4_template/gateware/digilent_nexys4ddr.v:9255]
WARNING: [Synth 8-6014] Unused sequential element soc_basesoc_sdram_phaseinjector0_baddress_re_reg was removed.  [/home/masamuneprog/AAML/CFU-Playground/soc/build/digilent_nexys4ddr.lab4_template/gateware/digilent_nexys4ddr.v:9259]
WARNING: [Synth 8-6014] Unused sequential element soc_basesoc_sdram_phaseinjector0_wrdata_re_reg was removed.  [/home/masamuneprog/AAML/CFU-Playground/soc/build/digilent_nexys4ddr.lab4_template/gateware/digilent_nexys4ddr.v:9263]
WARNING: [Synth 8-6014] Unused sequential element soc_basesoc_sdram_phaseinjector0_rddata_re_reg was removed.  [/home/masamuneprog/AAML/CFU-Playground/soc/build/digilent_nexys4ddr.lab4_template/gateware/digilent_nexys4ddr.v:9264]
WARNING: [Synth 8-6014] Unused sequential element soc_basesoc_sdram_phaseinjector1_command_re_reg was removed.  [/home/masamuneprog/AAML/CFU-Playground/soc/build/digilent_nexys4ddr.lab4_template/gateware/digilent_nexys4ddr.v:9268]
WARNING: [Synth 8-6014] Unused sequential element soc_basesoc_sdram_phaseinjector1_address_re_reg was removed.  [/home/masamuneprog/AAML/CFU-Playground/soc/build/digilent_nexys4ddr.lab4_template/gateware/digilent_nexys4ddr.v:9272]
WARNING: [Synth 8-6014] Unused sequential element soc_basesoc_sdram_phaseinjector1_baddress_re_reg was removed.  [/home/masamuneprog/AAML/CFU-Playground/soc/build/digilent_nexys4ddr.lab4_template/gateware/digilent_nexys4ddr.v:9276]
WARNING: [Synth 8-6014] Unused sequential element soc_basesoc_sdram_phaseinjector1_wrdata_re_reg was removed.  [/home/masamuneprog/AAML/CFU-Playground/soc/build/digilent_nexys4ddr.lab4_template/gateware/digilent_nexys4ddr.v:9280]
WARNING: [Synth 8-6014] Unused sequential element soc_basesoc_sdram_phaseinjector1_rddata_re_reg was removed.  [/home/masamuneprog/AAML/CFU-Playground/soc/build/digilent_nexys4ddr.lab4_template/gateware/digilent_nexys4ddr.v:9281]
WARNING: [Synth 8-6014] Unused sequential element soc_basesoc_timer_load_re_reg was removed.  [/home/masamuneprog/AAML/CFU-Playground/soc/build/digilent_nexys4ddr.lab4_template/gateware/digilent_nexys4ddr.v:9314]
WARNING: [Synth 8-6014] Unused sequential element soc_basesoc_timer_reload_re_reg was removed.  [/home/masamuneprog/AAML/CFU-Playground/soc/build/digilent_nexys4ddr.lab4_template/gateware/digilent_nexys4ddr.v:9318]
WARNING: [Synth 8-6014] Unused sequential element soc_basesoc_timer_en_re_reg was removed.  [/home/masamuneprog/AAML/CFU-Playground/soc/build/digilent_nexys4ddr.lab4_template/gateware/digilent_nexys4ddr.v:9322]
WARNING: [Synth 8-6014] Unused sequential element soc_basesoc_timer_value_re_reg was removed.  [/home/masamuneprog/AAML/CFU-Playground/soc/build/digilent_nexys4ddr.lab4_template/gateware/digilent_nexys4ddr.v:9327]
WARNING: [Synth 8-6014] Unused sequential element soc_basesoc_timer_status_re_reg was removed.  [/home/masamuneprog/AAML/CFU-Playground/soc/build/digilent_nexys4ddr.lab4_template/gateware/digilent_nexys4ddr.v:9328]
WARNING: [Synth 8-6014] Unused sequential element soc_basesoc_timer_enable_re_reg was removed.  [/home/masamuneprog/AAML/CFU-Playground/soc/build/digilent_nexys4ddr.lab4_template/gateware/digilent_nexys4ddr.v:9336]
WARNING: [Synth 8-6014] Unused sequential element soc_basesoc_uart_txfull_re_reg was removed.  [/home/masamuneprog/AAML/CFU-Playground/soc/build/digilent_nexys4ddr.lab4_template/gateware/digilent_nexys4ddr.v:9366]
WARNING: [Synth 8-6014] Unused sequential element soc_basesoc_uart_rxempty_re_reg was removed.  [/home/masamuneprog/AAML/CFU-Playground/soc/build/digilent_nexys4ddr.lab4_template/gateware/digilent_nexys4ddr.v:9367]
WARNING: [Synth 8-6014] Unused sequential element soc_basesoc_uart_status_re_reg was removed.  [/home/masamuneprog/AAML/CFU-Playground/soc/build/digilent_nexys4ddr.lab4_template/gateware/digilent_nexys4ddr.v:9368]
WARNING: [Synth 8-6014] Unused sequential element soc_basesoc_uart_enable_re_reg was removed.  [/home/masamuneprog/AAML/CFU-Playground/soc/build/digilent_nexys4ddr.lab4_template/gateware/digilent_nexys4ddr.v:9376]
WARNING: [Synth 8-6014] Unused sequential element soc_basesoc_uart_txempty_re_reg was removed.  [/home/masamuneprog/AAML/CFU-Playground/soc/build/digilent_nexys4ddr.lab4_template/gateware/digilent_nexys4ddr.v:9377]
WARNING: [Synth 8-6014] Unused sequential element soc_basesoc_uart_rxfull_re_reg was removed.  [/home/masamuneprog/AAML/CFU-Playground/soc/build/digilent_nexys4ddr.lab4_template/gateware/digilent_nexys4ddr.v:9378]
WARNING: [Synth 8-6014] Unused sequential element storage_dat0_reg was removed.  [/home/masamuneprog/AAML/CFU-Playground/soc/build/digilent_nexys4ddr.lab4_template/gateware/digilent_nexys4ddr.v:9775]
WARNING: [Synth 8-6014] Unused sequential element storage_1_dat0_reg was removed.  [/home/masamuneprog/AAML/CFU-Playground/soc/build/digilent_nexys4ddr.lab4_template/gateware/digilent_nexys4ddr.v:9796]
WARNING: [Synth 8-6014] Unused sequential element storage_2_dat0_reg was removed.  [/home/masamuneprog/AAML/CFU-Playground/soc/build/digilent_nexys4ddr.lab4_template/gateware/digilent_nexys4ddr.v:11654]
WARNING: [Synth 8-6014] Unused sequential element storage_3_dat0_reg was removed.  [/home/masamuneprog/AAML/CFU-Playground/soc/build/digilent_nexys4ddr.lab4_template/gateware/digilent_nexys4ddr.v:11672]
WARNING: [Synth 8-6014] Unused sequential element storage_4_dat0_reg was removed.  [/home/masamuneprog/AAML/CFU-Playground/soc/build/digilent_nexys4ddr.lab4_template/gateware/digilent_nexys4ddr.v:11690]
WARNING: [Synth 8-6014] Unused sequential element storage_5_dat0_reg was removed.  [/home/masamuneprog/AAML/CFU-Playground/soc/build/digilent_nexys4ddr.lab4_template/gateware/digilent_nexys4ddr.v:11708]
WARNING: [Synth 8-6014] Unused sequential element storage_6_dat0_reg was removed.  [/home/masamuneprog/AAML/CFU-Playground/soc/build/digilent_nexys4ddr.lab4_template/gateware/digilent_nexys4ddr.v:11726]
WARNING: [Synth 8-6014] Unused sequential element storage_7_dat0_reg was removed.  [/home/masamuneprog/AAML/CFU-Playground/soc/build/digilent_nexys4ddr.lab4_template/gateware/digilent_nexys4ddr.v:11744]
WARNING: [Synth 8-6014] Unused sequential element storage_8_dat0_reg was removed.  [/home/masamuneprog/AAML/CFU-Playground/soc/build/digilent_nexys4ddr.lab4_template/gateware/digilent_nexys4ddr.v:11762]
WARNING: [Synth 8-6014] Unused sequential element storage_9_dat0_reg was removed.  [/home/masamuneprog/AAML/CFU-Playground/soc/build/digilent_nexys4ddr.lab4_template/gateware/digilent_nexys4ddr.v:11780]
WARNING: [Synth 8-6014] Unused sequential element data_mem_grain1_adr0_reg was removed.  [/home/masamuneprog/AAML/CFU-Playground/soc/build/digilent_nexys4ddr.lab4_template/gateware/digilent_nexys4ddr.v:11974]
WARNING: [Synth 8-6014] Unused sequential element data_mem_grain2_adr0_reg was removed.  [/home/masamuneprog/AAML/CFU-Playground/soc/build/digilent_nexys4ddr.lab4_template/gateware/digilent_nexys4ddr.v:11988]
WARNING: [Synth 8-6014] Unused sequential element data_mem_grain3_adr0_reg was removed.  [/home/masamuneprog/AAML/CFU-Playground/soc/build/digilent_nexys4ddr.lab4_template/gateware/digilent_nexys4ddr.v:12002]
WARNING: [Synth 8-6014] Unused sequential element data_mem_grain4_adr0_reg was removed.  [/home/masamuneprog/AAML/CFU-Playground/soc/build/digilent_nexys4ddr.lab4_template/gateware/digilent_nexys4ddr.v:12016]
WARNING: [Synth 8-6014] Unused sequential element data_mem_grain5_adr0_reg was removed.  [/home/masamuneprog/AAML/CFU-Playground/soc/build/digilent_nexys4ddr.lab4_template/gateware/digilent_nexys4ddr.v:12030]
WARNING: [Synth 8-6014] Unused sequential element data_mem_grain6_adr0_reg was removed.  [/home/masamuneprog/AAML/CFU-Playground/soc/build/digilent_nexys4ddr.lab4_template/gateware/digilent_nexys4ddr.v:12044]
WARNING: [Synth 8-6014] Unused sequential element data_mem_grain7_adr0_reg was removed.  [/home/masamuneprog/AAML/CFU-Playground/soc/build/digilent_nexys4ddr.lab4_template/gateware/digilent_nexys4ddr.v:12058]
INFO: [Common 17-14] Message 'Synth 8-6014' appears 100 times and further instances of the messages will be disabled. Use the Tcl command set_msg_config to change the current settings.
WARNING: [Synth 8-3936] Found unconnected internal register 'soc_a7ddrphy_bitslip142_reg' and it is trimmed from '8' to '4' bits. [/home/masamuneprog/AAML/CFU-Playground/soc/build/digilent_nexys4ddr.lab4_template/gateware/digilent_nexys4ddr.v:3581]
WARNING: [Synth 8-3936] Found unconnected internal register 'soc_a7ddrphy_bitslip132_reg' and it is trimmed from '8' to '4' bits. [/home/masamuneprog/AAML/CFU-Playground/soc/build/digilent_nexys4ddr.lab4_template/gateware/digilent_nexys4ddr.v:3523]
WARNING: [Synth 8-3936] Found unconnected internal register 'soc_a7ddrphy_bitslip122_reg' and it is trimmed from '8' to '4' bits. [/home/masamuneprog/AAML/CFU-Playground/soc/build/digilent_nexys4ddr.lab4_template/gateware/digilent_nexys4ddr.v:3465]
WARNING: [Synth 8-3936] Found unconnected internal register 'soc_a7ddrphy_bitslip112_reg' and it is trimmed from '8' to '4' bits. [/home/masamuneprog/AAML/CFU-Playground/soc/build/digilent_nexys4ddr.lab4_template/gateware/digilent_nexys4ddr.v:3407]
WARNING: [Synth 8-3936] Found unconnected internal register 'soc_a7ddrphy_bitslip102_reg' and it is trimmed from '8' to '4' bits. [/home/masamuneprog/AAML/CFU-Playground/soc/build/digilent_nexys4ddr.lab4_template/gateware/digilent_nexys4ddr.v:3349]
WARNING: [Synth 8-3936] Found unconnected internal register 'soc_a7ddrphy_bitslip92_reg' and it is trimmed from '8' to '4' bits. [/home/masamuneprog/AAML/CFU-Playground/soc/build/digilent_nexys4ddr.lab4_template/gateware/digilent_nexys4ddr.v:3291]
WARNING: [Synth 8-3936] Found unconnected internal register 'soc_a7ddrphy_bitslip82_reg' and it is trimmed from '8' to '4' bits. [/home/masamuneprog/AAML/CFU-Playground/soc/build/digilent_nexys4ddr.lab4_template/gateware/digilent_nexys4ddr.v:3233]
WARNING: [Synth 8-3936] Found unconnected internal register 'soc_a7ddrphy_bitslip72_reg' and it is trimmed from '8' to '4' bits. [/home/masamuneprog/AAML/CFU-Playground/soc/build/digilent_nexys4ddr.lab4_template/gateware/digilent_nexys4ddr.v:3175]
WARNING: [Synth 8-3936] Found unconnected internal register 'soc_a7ddrphy_bitslip62_reg' and it is trimmed from '8' to '4' bits. [/home/masamuneprog/AAML/CFU-Playground/soc/build/digilent_nexys4ddr.lab4_template/gateware/digilent_nexys4ddr.v:3117]
WARNING: [Synth 8-3936] Found unconnected internal register 'soc_a7ddrphy_bitslip52_reg' and it is trimmed from '8' to '4' bits. [/home/masamuneprog/AAML/CFU-Playground/soc/build/digilent_nexys4ddr.lab4_template/gateware/digilent_nexys4ddr.v:3059]
WARNING: [Synth 8-3936] Found unconnected internal register 'soc_a7ddrphy_bitslip42_reg' and it is trimmed from '8' to '4' bits. [/home/masamuneprog/AAML/CFU-Playground/soc/build/digilent_nexys4ddr.lab4_template/gateware/digilent_nexys4ddr.v:3001]
WARNING: [Synth 8-3936] Found unconnected internal register 'soc_a7ddrphy_bitslip32_reg' and it is trimmed from '8' to '4' bits. [/home/masamuneprog/AAML/CFU-Playground/soc/build/digilent_nexys4ddr.lab4_template/gateware/digilent_nexys4ddr.v:2943]
WARNING: [Synth 8-3936] Found unconnected internal register 'soc_a7ddrphy_bitslip22_reg' and it is trimmed from '8' to '4' bits. [/home/masamuneprog/AAML/CFU-Playground/soc/build/digilent_nexys4ddr.lab4_template/gateware/digilent_nexys4ddr.v:2885]
WARNING: [Synth 8-3936] Found unconnected internal register 'soc_a7ddrphy_bitslip14_reg' and it is trimmed from '8' to '4' bits. [/home/masamuneprog/AAML/CFU-Playground/soc/build/digilent_nexys4ddr.lab4_template/gateware/digilent_nexys4ddr.v:2827]
WARNING: [Synth 8-3936] Found unconnected internal register 'soc_a7ddrphy_bitslip04_reg' and it is trimmed from '8' to '4' bits. [/home/masamuneprog/AAML/CFU-Playground/soc/build/digilent_nexys4ddr.lab4_template/gateware/digilent_nexys4ddr.v:2769]
WARNING: [Synth 8-3936] Found unconnected internal register 'soc_a7ddrphy_bitslip152_reg' and it is trimmed from '8' to '4' bits. [/home/masamuneprog/AAML/CFU-Playground/soc/build/digilent_nexys4ddr.lab4_template/gateware/digilent_nexys4ddr.v:3639]
WARNING: [Synth 8-7129] Port x[31] in module reciprocal is either unconnected or has no load
WARNING: [Synth 8-7129] Port x[30] in module reciprocal is either unconnected or has no load
WARNING: [Synth 8-7129] Port x[29] in module reciprocal is either unconnected or has no load
WARNING: [Synth 8-7129] Port x[28] in module reciprocal is either unconnected or has no load
WARNING: [Synth 8-7129] Port x[27] in module reciprocal is either unconnected or has no load
WARNING: [Synth 8-7129] Port x[26] in module reciprocal is either unconnected or has no load
WARNING: [Synth 8-7129] Port x[25] in module reciprocal is either unconnected or has no load
WARNING: [Synth 8-7129] Port x[24] in module reciprocal is either unconnected or has no load
WARNING: [Synth 8-7129] Port x[23] in module reciprocal is either unconnected or has no load
WARNING: [Synth 8-7129] Port x[22] in module reciprocal is either unconnected or has no load
WARNING: [Synth 8-7129] Port x[21] in module reciprocal is either unconnected or has no load
WARNING: [Synth 8-7129] Port x[20] in module reciprocal is either unconnected or has no load
WARNING: [Synth 8-7129] Port x[19] in module reciprocal is either unconnected or has no load
WARNING: [Synth 8-7129] Port x[18] in module reciprocal is either unconnected or has no load
WARNING: [Synth 8-7129] Port x[17] in module reciprocal is either unconnected or has no load
WARNING: [Synth 8-7129] Port x[16] in module reciprocal is either unconnected or has no load
WARNING: [Synth 8-7129] Port x[15] in module reciprocal is either unconnected or has no load
WARNING: [Synth 8-7129] Port x[14] in module reciprocal is either unconnected or has no load
WARNING: [Synth 8-7129] Port x[13] in module reciprocal is either unconnected or has no load
WARNING: [Synth 8-7129] Port x[12] in module reciprocal is either unconnected or has no load
WARNING: [Synth 8-7129] Port x[11] in module reciprocal is either unconnected or has no load
WARNING: [Synth 8-7129] Port x[10] in module reciprocal is either unconnected or has no load
WARNING: [Synth 8-7129] Port x[9] in module reciprocal is either unconnected or has no load
WARNING: [Synth 8-7129] Port x[8] in module reciprocal is either unconnected or has no load
WARNING: [Synth 8-7129] Port x[7] in module reciprocal is either unconnected or has no load
WARNING: [Synth 8-7129] Port x[6] in module reciprocal is either unconnected or has no load
WARNING: [Synth 8-7129] Port x[5] in module reciprocal is either unconnected or has no load
WARNING: [Synth 8-7129] Port x[4] in module reciprocal is either unconnected or has no load
WARNING: [Synth 8-7129] Port x[3] in module reciprocal is either unconnected or has no load
WARNING: [Synth 8-7129] Port x[2] in module reciprocal is either unconnected or has no load
WARNING: [Synth 8-7129] Port x[1] in module reciprocal is either unconnected or has no load
WARNING: [Synth 8-7129] Port x[0] in module reciprocal is either unconnected or has no load
WARNING: [Synth 8-7129] Port cmd_payload_function_id[2] in module Cfu is either unconnected or has no load
WARNING: [Synth 8-7129] Port cmd_payload_function_id[1] in module Cfu is either unconnected or has no load
WARNING: [Synth 8-7129] Port cmd_payload_function_id[0] in module Cfu is either unconnected or has no load
WARNING: [Synth 8-7129] Port cmd_payload_inputs_1[31] in module Cfu is either unconnected or has no load
WARNING: [Synth 8-7129] Port cmd_payload_inputs_1[30] in module Cfu is either unconnected or has no load
WARNING: [Synth 8-7129] Port cmd_payload_inputs_1[29] in module Cfu is either unconnected or has no load
WARNING: [Synth 8-7129] Port cmd_payload_inputs_1[28] in module Cfu is either unconnected or has no load
WARNING: [Synth 8-7129] Port cmd_payload_inputs_1[27] in module Cfu is either unconnected or has no load
WARNING: [Synth 8-7129] Port cmd_payload_inputs_1[26] in module Cfu is either unconnected or has no load
WARNING: [Synth 8-7129] Port cmd_payload_inputs_1[25] in module Cfu is either unconnected or has no load
WARNING: [Synth 8-7129] Port cmd_payload_inputs_1[24] in module Cfu is either unconnected or has no load
WARNING: [Synth 8-7129] Port cmd_payload_inputs_1[23] in module Cfu is either unconnected or has no load
WARNING: [Synth 8-7129] Port cmd_payload_inputs_1[22] in module Cfu is either unconnected or has no load
WARNING: [Synth 8-7129] Port cmd_payload_inputs_1[21] in module Cfu is either unconnected or has no load
WARNING: [Synth 8-7129] Port cmd_payload_inputs_1[20] in module Cfu is either unconnected or has no load
WARNING: [Synth 8-7129] Port cmd_payload_inputs_1[19] in module Cfu is either unconnected or has no load
WARNING: [Synth 8-7129] Port cmd_payload_inputs_1[18] in module Cfu is either unconnected or has no load
WARNING: [Synth 8-7129] Port cmd_payload_inputs_1[17] in module Cfu is either unconnected or has no load
WARNING: [Synth 8-7129] Port cmd_payload_inputs_1[16] in module Cfu is either unconnected or has no load
WARNING: [Synth 8-7129] Port cmd_payload_inputs_1[15] in module Cfu is either unconnected or has no load
WARNING: [Synth 8-7129] Port cmd_payload_inputs_1[14] in module Cfu is either unconnected or has no load
WARNING: [Synth 8-7129] Port cmd_payload_inputs_1[13] in module Cfu is either unconnected or has no load
WARNING: [Synth 8-7129] Port cmd_payload_inputs_1[12] in module Cfu is either unconnected or has no load
WARNING: [Synth 8-7129] Port cmd_payload_inputs_1[11] in module Cfu is either unconnected or has no load
WARNING: [Synth 8-7129] Port cmd_payload_inputs_1[10] in module Cfu is either unconnected or has no load
WARNING: [Synth 8-7129] Port cmd_payload_inputs_1[9] in module Cfu is either unconnected or has no load
WARNING: [Synth 8-7129] Port cmd_payload_inputs_1[8] in module Cfu is either unconnected or has no load
WARNING: [Synth 8-7129] Port cmd_payload_inputs_1[7] in module Cfu is either unconnected or has no load
WARNING: [Synth 8-7129] Port cmd_payload_inputs_1[6] in module Cfu is either unconnected or has no load
WARNING: [Synth 8-7129] Port cmd_payload_inputs_1[5] in module Cfu is either unconnected or has no load
WARNING: [Synth 8-7129] Port cmd_payload_inputs_1[4] in module Cfu is either unconnected or has no load
WARNING: [Synth 8-7129] Port cmd_payload_inputs_1[3] in module Cfu is either unconnected or has no load
WARNING: [Synth 8-7129] Port cmd_payload_inputs_1[2] in module Cfu is either unconnected or has no load
WARNING: [Synth 8-7129] Port cmd_payload_inputs_1[1] in module Cfu is either unconnected or has no load
WARNING: [Synth 8-7129] Port cmd_payload_inputs_1[0] in module Cfu is either unconnected or has no load
WARNING: [Synth 8-7129] Port io_cpu_writeBack_exclusiveOk in module DataCache is either unconnected or has no load
WARNING: [Synth 8-7129] Port io_cpu_execute_address[31] in module DataCache is either unconnected or has no load
WARNING: [Synth 8-7129] Port io_cpu_execute_address[30] in module DataCache is either unconnected or has no load
WARNING: [Synth 8-7129] Port io_cpu_execute_address[29] in module DataCache is either unconnected or has no load
WARNING: [Synth 8-7129] Port io_cpu_execute_address[28] in module DataCache is either unconnected or has no load
WARNING: [Synth 8-7129] Port io_cpu_execute_address[27] in module DataCache is either unconnected or has no load
WARNING: [Synth 8-7129] Port io_cpu_execute_address[26] in module DataCache is either unconnected or has no load
WARNING: [Synth 8-7129] Port io_cpu_execute_address[25] in module DataCache is either unconnected or has no load
WARNING: [Synth 8-7129] Port io_cpu_execute_address[24] in module DataCache is either unconnected or has no load
WARNING: [Synth 8-7129] Port io_cpu_execute_address[23] in module DataCache is either unconnected or has no load
WARNING: [Synth 8-7129] Port io_cpu_execute_address[22] in module DataCache is either unconnected or has no load
WARNING: [Synth 8-7129] Port io_cpu_execute_address[21] in module DataCache is either unconnected or has no load
WARNING: [Synth 8-7129] Port io_cpu_execute_address[20] in module DataCache is either unconnected or has no load
WARNING: [Synth 8-7129] Port io_cpu_execute_address[19] in module DataCache is either unconnected or has no load
WARNING: [Synth 8-7129] Port io_cpu_execute_address[18] in module DataCache is either unconnected or has no load
WARNING: [Synth 8-7129] Port io_cpu_execute_address[17] in module DataCache is either unconnected or has no load
WARNING: [Synth 8-7129] Port io_cpu_execute_address[16] in module DataCache is either unconnected or has no load
WARNING: [Synth 8-7129] Port io_cpu_execute_address[15] in module DataCache is either unconnected or has no load
WARNING: [Synth 8-7129] Port io_cpu_execute_address[14] in module DataCache is either unconnected or has no load
WARNING: [Synth 8-7129] Port io_cpu_execute_address[13] in module DataCache is either unconnected or has no load
WARNING: [Synth 8-7129] Port io_cpu_execute_args_totalyConsistent in module DataCache is either unconnected or has no load
WARNING: [Synth 8-7129] Port io_cpu_memory_address[31] in module DataCache is either unconnected or has no load
WARNING: [Synth 8-7129] Port io_cpu_memory_address[30] in module DataCache is either unconnected or has no load
WARNING: [Synth 8-7129] Port io_cpu_memory_address[29] in module DataCache is either unconnected or has no load
WARNING: [Synth 8-7129] Port io_cpu_memory_address[28] in module DataCache is either unconnected or has no load
WARNING: [Synth 8-7129] Port io_cpu_memory_address[27] in module DataCache is either unconnected or has no load
WARNING: [Synth 8-7129] Port io_cpu_memory_address[26] in module DataCache is either unconnected or has no load
WARNING: [Synth 8-7129] Port io_cpu_memory_address[25] in module DataCache is either unconnected or has no load
WARNING: [Synth 8-7129] Port io_cpu_memory_address[24] in module DataCache is either unconnected or has no load
WARNING: [Synth 8-7129] Port io_cpu_memory_address[23] in module DataCache is either unconnected or has no load
WARNING: [Synth 8-7129] Port io_cpu_memory_address[22] in module DataCache is either unconnected or has no load
WARNING: [Synth 8-7129] Port io_cpu_memory_address[21] in module DataCache is either unconnected or has no load
WARNING: [Synth 8-7129] Port io_cpu_memory_address[20] in module DataCache is either unconnected or has no load
INFO: [Common 17-14] Message 'Synth 8-7129' appears 100 times and further instances of the messages will be disabled. Use the Tcl command set_msg_config to change the current settings.
---------------------------------------------------------------------------------
Finished RTL Elaboration : Time (s): cpu = 00:00:10 ; elapsed = 00:00:11 . Memory (MB): peak = 2214.117 ; gain = 576.652 ; free physical = 6347 ; free virtual = 11690
---------------------------------------------------------------------------------
---------------------------------------------------------------------------------
Start Handling Custom Attributes
---------------------------------------------------------------------------------
---------------------------------------------------------------------------------
Finished Handling Custom Attributes : Time (s): cpu = 00:00:10 ; elapsed = 00:00:12 . Memory (MB): peak = 2231.930 ; gain = 594.465 ; free physical = 6335 ; free virtual = 11679
---------------------------------------------------------------------------------
---------------------------------------------------------------------------------
Finished RTL Optimization Phase 1 : Time (s): cpu = 00:00:10 ; elapsed = 00:00:12 . Memory (MB): peak = 2231.930 ; gain = 594.465 ; free physical = 6335 ; free virtual = 11679
---------------------------------------------------------------------------------
Netlist sorting complete. Time (s): cpu = 00:00:00.16 ; elapsed = 00:00:00.16 . Memory (MB): peak = 2234.898 ; gain = 0.000 ; free physical = 6326 ; free virtual = 11670
INFO: [Netlist 29-17] Analyzing 52 Unisim elements for replacement
INFO: [Netlist 29-28] Unisim Transformation completed in 0 CPU seconds
INFO: [Project 1-570] Preparing netlist for logic optimization

Processing XDC Constraints
Initializing timing engine
Parsing XDC File [/home/masamuneprog/AAML/CFU-Playground/soc/build/digilent_nexys4ddr.lab4_template/gateware/digilent_nexys4ddr.xdc]
INFO: [Timing 38-2] Deriving generated clocks [/home/masamuneprog/AAML/CFU-Playground/soc/build/digilent_nexys4ddr.lab4_template/gateware/digilent_nexys4ddr.xdc:343]
WARNING: [Vivado 12-3521] Clock specified in more than one group: soc_crg_clkout0 [/home/masamuneprog/AAML/CFU-Playground/soc/build/digilent_nexys4ddr.lab4_template/gateware/digilent_nexys4ddr.xdc:343]
Finished Parsing XDC File [/home/masamuneprog/AAML/CFU-Playground/soc/build/digilent_nexys4ddr.lab4_template/gateware/digilent_nexys4ddr.xdc]
INFO: [Project 1-236] Implementation specific constraints were found while reading constraint file [/home/masamuneprog/AAML/CFU-Playground/soc/build/digilent_nexys4ddr.lab4_template/gateware/digilent_nexys4ddr.xdc]. These constraints will be ignored for synthesis but will be used in implementation. Impacted constraints are listed in the file [.Xil/digilent_nexys4ddr_propImpl.xdc].
Resolution: To avoid this warning, move constraints listed in [.Xil/digilent_nexys4ddr_propImpl.xdc] to another XDC file and exclude this new file from synthesis with the used_in_synthesis property (File Properties dialog in GUI) and re-run elaboration/synthesis.
Completed Processing XDC Constraints

Netlist sorting complete. Time (s): cpu = 00:00:00 ; elapsed = 00:00:00.01 . Memory (MB): peak = 2362.711 ; gain = 0.000 ; free physical = 6281 ; free virtual = 11640
INFO: [Project 1-111] Unisim Transformation Summary:
  A total of 19 instances were transformed.
  IOBUF => IOBUF (IBUF, OBUFT): 16 instances
  IOBUFDS => IOBUFDS (IBUFDS, INV, OBUFTDS(x2)): 2 instances
  OBUFDS => OBUFDS_DUAL_BUF (INV, OBUFDS(x2)): 1 instance 

Constraint Validation Runtime : Time (s): cpu = 00:00:00.03 ; elapsed = 00:00:00.03 . Memory (MB): peak = 2362.746 ; gain = 0.000 ; free physical = 6283 ; free virtual = 11642
---------------------------------------------------------------------------------
Finished Constraint Validation : Time (s): cpu = 00:00:21 ; elapsed = 00:00:22 . Memory (MB): peak = 2362.746 ; gain = 725.281 ; free physical = 6277 ; free virtual = 11637
---------------------------------------------------------------------------------
---------------------------------------------------------------------------------
Start Loading Part and Timing Information
---------------------------------------------------------------------------------
Loading part: xc7a100tcsg324-1
---------------------------------------------------------------------------------
Finished Loading Part and Timing Information : Time (s): cpu = 00:00:21 ; elapsed = 00:00:22 . Memory (MB): peak = 2362.746 ; gain = 725.281 ; free physical = 6277 ; free virtual = 11637
---------------------------------------------------------------------------------
---------------------------------------------------------------------------------
Start Applying 'set_property' XDC Constraints
---------------------------------------------------------------------------------
---------------------------------------------------------------------------------
Finished applying 'set_property' XDC Constraints : Time (s): cpu = 00:00:22 ; elapsed = 00:00:23 . Memory (MB): peak = 2362.746 ; gain = 725.281 ; free physical = 6277 ; free virtual = 11637
---------------------------------------------------------------------------------
WARNING: [Synth 8-3936] Found unconnected internal register 'memory_to_writeBack_INSTRUCTION_reg' and it is trimmed from '32' to '30' bits. [/home/masamuneprog/AAML/CFU-Playground/third_party/python/pythondata_cpu_vexriscv/pythondata_cpu_vexriscv/verilog/VexRiscv_PerfCfu.v:2996]
WARNING: [Synth 8-3936] Found unconnected internal register 'execute_to_memory_INSTRUCTION_reg' and it is trimmed from '32' to '30' bits. [/home/masamuneprog/AAML/CFU-Playground/third_party/python/pythondata_cpu_vexriscv/pythondata_cpu_vexriscv/verilog/VexRiscv_PerfCfu.v:2797]
WARNING: [Synth 8-3936] Found unconnected internal register 'storage_1_dat1_reg' and it is trimmed from '10' to '8' bits. [/home/masamuneprog/AAML/CFU-Playground/soc/build/digilent_nexys4ddr.lab4_template/gateware/digilent_nexys4ddr.v:9800]
WARNING: [Synth 8-3936] Found unconnected internal register 'storage_dat1_reg' and it is trimmed from '10' to '8' bits. [/home/masamuneprog/AAML/CFU-Playground/soc/build/digilent_nexys4ddr.lab4_template/gateware/digilent_nexys4ddr.v:9779]
INFO: [Synth 8-802] inferred FSM for state register 'soc_builder_basesoc_refresher_state_reg' in module 'digilent_nexys4ddr'
INFO: [Synth 8-802] inferred FSM for state register 'soc_builder_basesoc_fsm_state_reg' in module 'digilent_nexys4ddr'
INFO: [Synth 8-802] inferred FSM for state register 'soc_builder_basesoc_wishbone2csr_state_reg' in module 'digilent_nexys4ddr'
---------------------------------------------------------------------------------------------------
                   State |                     New Encoding |                Previous Encoding 
---------------------------------------------------------------------------------------------------
                  iSTATE |                              001 |                               00
*
                 iSTATE0 |                              010 |                               01
                 iSTATE1 |                              100 |                               10
---------------------------------------------------------------------------------------------------
INFO: [Synth 8-3354] encoded FSM with state register 'soc_builder_basesoc_refresher_state_reg' using encoding 'one-hot' in module 'digilent_nexys4ddr'
---------------------------------------------------------------------------------------------------
                   State |                     New Encoding |                Previous Encoding 
---------------------------------------------------------------------------------------------------
                  iSTATE |                               00 |                               00
*
                 iSTATE1 |                               01 |                               10
                 iSTATE0 |                               10 |                               01
---------------------------------------------------------------------------------------------------
INFO: [Synth 8-3354] encoded FSM with state register 'soc_builder_basesoc_fsm_state_reg' using encoding 'sequential' in module 'digilent_nexys4ddr'
---------------------------------------------------------------------------------------------------
                   State |                     New Encoding |                Previous Encoding 
---------------------------------------------------------------------------------------------------
                  iSTATE |                              001 |                               00
*
                 iSTATE0 |                              010 |                               01
                 iSTATE1 |                              100 |                               10
---------------------------------------------------------------------------------------------------
INFO: [Synth 8-3354] encoded FSM with state register 'soc_builder_basesoc_wishbone2csr_state_reg' using encoding 'one-hot' in module 'digilent_nexys4ddr'
---------------------------------------------------------------------------------
Finished RTL Optimization Phase 2 : Time (s): cpu = 00:00:27 ; elapsed = 00:00:27 . Memory (MB): peak = 2362.746 ; gain = 725.281 ; free physical = 6275 ; free virtual = 11637
---------------------------------------------------------------------------------
---------------------------------------------------------------------------------
Start RTL Component Statistics 
---------------------------------------------------------------------------------
Detailed RTL Component Info : 
+---Adders : 
	   2 Input   64 Bit       Adders := 3     
	   3 Input   52 Bit       Adders := 1     
	   2 Input   33 Bit       Adders := 3     
	   3 Input   33 Bit       Adders := 1     
	   3 Input   32 Bit       Adders := 1     
	   2 Input   32 Bit       Adders := 29    
	   2 Input   27 Bit       Adders := 5     
	   2 Input   26 Bit       Adders := 5     
	   2 Input   25 Bit       Adders := 3     
	   2 Input   24 Bit       Adders := 1     
	   2 Input   23 Bit       Adders := 1     
	   2 Input   10 Bit       Adders := 1     
	   2 Input    9 Bit       Adders := 2     
	   2 Input    6 Bit       Adders := 1     
	   2 Input    5 Bit       Adders := 3     
	   2 Input    4 Bit       Adders := 20    
	   2 Input    3 Bit       Adders := 56    
	   2 Input    2 Bit       Adders := 9     
	   2 Input    1 Bit       Adders := 7     
+---XORs : 
	   2 Input     32 Bit         XORs := 1     
	   2 Input      1 Bit         XORs := 2     
+---Registers : 
	              128 Bit    Registers := 1     
	               65 Bit    Registers := 1     
	               64 Bit    Registers := 2     
	               52 Bit    Registers := 1     
	               34 Bit    Registers := 1     
	               33 Bit    Registers := 1     
	               32 Bit    Registers := 73    
	               30 Bit    Registers := 3     
	               26 Bit    Registers := 1     
	               21 Bit    Registers := 10    
	               16 Bit    Registers := 38    
	               14 Bit    Registers := 1     
	               13 Bit    Registers := 13    
	               11 Bit    Registers := 1     
	               10 Bit    Registers := 1     
	                9 Bit    Registers := 19    
	                8 Bit    Registers := 9     
	                6 Bit    Registers := 4     
	                5 Bit    Registers := 5     
	                4 Bit    Registers := 27    
	                3 Bit    Registers := 57    
	                2 Bit    Registers := 31    
	                1 Bit    Registers := 270   
+---Multipliers : 
	              32x32  Multipliers := 1     
	              23x32  Multipliers := 1     
	              24x32  Multipliers := 1     
	              25x32  Multipliers := 3     
	              26x32  Multipliers := 5     
	              27x32  Multipliers := 2     
	              27x31  Multipliers := 3     
+---RAMs : 
	              64K Bit	(2048 X 32 bit)          RAMs := 2     
	              16K Bit	(2048 X 8 bit)          RAMs := 4     
	              12K Bit	(512 X 24 bit)          RAMs := 1     
	               5K Bit	(256 X 21 bit)          RAMs := 2     
	               4K Bit	(512 X 8 bit)          RAMs := 16    
	             1024 Bit	(32 X 32 bit)          RAMs := 1     
	              176 Bit	(8 X 22 bit)          RAMs := 8     
	              160 Bit	(16 X 10 bit)          RAMs := 2     
+---ROMs : 
	                    ROMs := 1     
+---Muxes : 
	   2 Input  128 Bit        Muxes := 4     
	   3 Input  128 Bit        Muxes := 1     
	   2 Input   72 Bit        Muxes := 1     
	   2 Input   64 Bit        Muxes := 1     
	   2 Input   33 Bit        Muxes := 3     
	   2 Input   32 Bit        Muxes := 138   
	   3 Input   32 Bit        Muxes := 5     
	   4 Input   32 Bit        Muxes := 6     
	   2 Input   30 Bit        Muxes := 1     
	   2 Input   25 Bit        Muxes := 1     
	   2 Input   24 Bit        Muxes := 1     
	   2 Input   16 Bit        Muxes := 3     
	   2 Input   14 Bit        Muxes := 1     
	   3 Input   14 Bit        Muxes := 1     
	   2 Input   13 Bit        Muxes := 11    
	   4 Input   13 Bit        Muxes := 1     
	   3 Input   13 Bit        Muxes := 1     
	   2 Input   11 Bit        Muxes := 4     
	   2 Input    9 Bit        Muxes := 2     
	   2 Input    8 Bit        Muxes := 16    
	   4 Input    8 Bit        Muxes := 1     
	   5 Input    8 Bit        Muxes := 1     
	   3 Input    8 Bit        Muxes := 3     
	   2 Input    7 Bit        Muxes := 1     
	   2 Input    5 Bit        Muxes := 4     
	  14 Input    5 Bit        Muxes := 1     
	   4 Input    4 Bit        Muxes := 3     
	   2 Input    4 Bit        Muxes := 14    
	   5 Input    4 Bit        Muxes := 1     
	   3 Input    4 Bit        Muxes := 1     
	   7 Input    4 Bit        Muxes := 1     
	   2 Input    3 Bit        Muxes := 30    
	   3 Input    3 Bit        Muxes := 4     
	   7 Input    3 Bit        Muxes := 20    
	   6 Input    3 Bit        Muxes := 2     
	   4 Input    3 Bit        Muxes := 1     
	   2 Input    2 Bit        Muxes := 16    
	   4 Input    2 Bit        Muxes := 1     
	   3 Input    2 Bit        Muxes := 14    
	  11 Input    2 Bit        Muxes := 2     
	   2 Input    1 Bit        Muxes := 319   
	   3 Input    1 Bit        Muxes := 19    
	   4 Input    1 Bit        Muxes := 14    
	  11 Input    1 Bit        Muxes := 5     
	   7 Input    1 Bit        Muxes := 104   
---------------------------------------------------------------------------------
Finished RTL Component Statistics 
---------------------------------------------------------------------------------
---------------------------------------------------------------------------------
Start Part Resource Summary
---------------------------------------------------------------------------------
Part Resources:
DSPs: 240 (col length:80)
BRAMs: 270 (col length: RAMB18 80 RAMB36 40)
---------------------------------------------------------------------------------
Finished Part Resource Summary
---------------------------------------------------------------------------------
---------------------------------------------------------------------------------
Start Cross Boundary and Area Optimization
---------------------------------------------------------------------------------
WARNING: [Synth 8-7080] Parallel synthesis criteria is not met
WARNING: [Synth 8-3936] Found unconnected internal register 'memory_to_writeBack_MUL_HH_reg' and it is trimmed from '34' to '32' bits. [/home/masamuneprog/AAML/CFU-Playground/third_party/python/pythondata_cpu_vexriscv/pythondata_cpu_vexriscv/verilog/VexRiscv_PerfCfu.v:2768]
WARNING: [Synth 8-3936] Found unconnected internal register 'execute_to_memory_MUL_HH_reg' and it is trimmed from '34' to '32' bits. [/home/masamuneprog/AAML/CFU-Playground/third_party/python/pythondata_cpu_vexriscv/pythondata_cpu_vexriscv/verilog/VexRiscv_PerfCfu.v:2690]
DSP Report: Generating DSP memory_to_writeBack_MUL_HH_reg, operation Mode is: (A*B)'.
DSP Report: register memory_to_writeBack_MUL_HH_reg is absorbed into DSP memory_to_writeBack_MUL_HH_reg.
DSP Report: register execute_to_memory_MUL_HH_reg is absorbed into DSP memory_to_writeBack_MUL_HH_reg.
DSP Report: operator execute_MUL_HH is absorbed into DSP memory_to_writeBack_MUL_HH_reg.
DSP Report: Generating DSP execute_to_memory_MUL_LH_reg, operation Mode is: (A*B)'.
DSP Report: register execute_to_memory_MUL_LH_reg is absorbed into DSP execute_to_memory_MUL_LH_reg.
DSP Report: operator execute_MUL_LH is absorbed into DSP execute_to_memory_MUL_LH_reg.
DSP Report: Generating DSP execute_to_memory_MUL_HL_reg, operation Mode is: (A*B)'.
DSP Report: register execute_to_memory_MUL_HL_reg is absorbed into DSP execute_to_memory_MUL_HL_reg.
DSP Report: operator execute_MUL_HL is absorbed into DSP execute_to_memory_MUL_HL_reg.
DSP Report: Generating DSP execute_to_memory_MUL_LL_reg, operation Mode is: (A*B)'.
DSP Report: register execute_to_memory_MUL_LL_reg is absorbed into DSP execute_to_memory_MUL_LL_reg.
DSP Report: operator execute_MUL_LL is absorbed into DSP execute_to_memory_MUL_LL_reg.
DSP Report: Generating DSP result2, operation Mode is: A*(B:0x177a7).
DSP Report: operator result2 is absorbed into DSP result2.
DSP Report: operator result2 is absorbed into DSP result2.
DSP Report: Generating DSP result2, operation Mode is: (PCIN>>17)+A*B.
DSP Report: operator result2 is absorbed into DSP result2.
DSP Report: operator result2 is absorbed into DSP result2.
DSP Report: Generating DSP result2, operation Mode is: A*(B:0xa9f4).
DSP Report: operator result2 is absorbed into DSP result2.
DSP Report: operator result2 is absorbed into DSP result2.
DSP Report: Generating DSP result2, operation Mode is: (PCIN>>17)+A*B.
DSP Report: operator result2 is absorbed into DSP result2.
DSP Report: operator result2 is absorbed into DSP result2.
DSP Report: Generating DSP result2, operation Mode is: A*(B:0x31df).
DSP Report: operator result2 is absorbed into DSP result2.
DSP Report: operator result2 is absorbed into DSP result2.
DSP Report: Generating DSP result2, operation Mode is: (PCIN>>17)+A*B.
DSP Report: operator result2 is absorbed into DSP result2.
DSP Report: operator result2 is absorbed into DSP result2.
DSP Report: Generating DSP result2, operation Mode is: A*(B:0x81aa).
DSP Report: operator result2 is absorbed into DSP result2.
DSP Report: operator result2 is absorbed into DSP result2.
DSP Report: Generating DSP result2, operation Mode is: (PCIN>>17)+A*B.
DSP Report: operator result2 is absorbed into DSP result2.
DSP Report: operator result2 is absorbed into DSP result2.
DSP Report: Generating DSP result2, operation Mode is: A*(B:0x40f1).
DSP Report: operator result2 is absorbed into DSP result2.
DSP Report: operator result2 is absorbed into DSP result2.
DSP Report: Generating DSP result2, operation Mode is: (PCIN>>17)+A*B.
DSP Report: operator result2 is absorbed into DSP result2.
DSP Report: operator result2 is absorbed into DSP result2.
DSP Report: Generating DSP result2, operation Mode is: (A:0x3e70)*B.
DSP Report: operator result2 is absorbed into DSP result2.
DSP Report: operator result2 is absorbed into DSP result2.
DSP Report: Generating DSP result2, operation Mode is: (PCIN>>17)+A*B.
DSP Report: operator result2 is absorbed into DSP result2.
DSP Report: operator result2 is absorbed into DSP result2.
DSP Report: Generating DSP result2, operation Mode is: A*(B:0x3e70).
DSP Report: operator result2 is absorbed into DSP result2.
DSP Report: operator result2 is absorbed into DSP result2.
DSP Report: Generating DSP result2, operation Mode is: (PCIN>>17)+A*B.
DSP Report: operator result2 is absorbed into DSP result2.
DSP Report: operator result2 is absorbed into DSP result2.
DSP Report: Generating DSP result2, operation Mode is: (A:0x16f90)*B.
DSP Report: operator result2 is absorbed into DSP result2.
DSP Report: operator result2 is absorbed into DSP result2.
DSP Report: Generating DSP result2, operation Mode is: (PCIN>>17)+A*B.
DSP Report: operator result2 is absorbed into DSP result2.
DSP Report: operator result2 is absorbed into DSP result2.
DSP Report: Generating DSP result2, operation Mode is: A*(B:0x16f90).
DSP Report: operator result2 is absorbed into DSP result2.
DSP Report: operator result2 is absorbed into DSP result2.
DSP Report: Generating DSP result2, operation Mode is: (PCIN>>17)+A*B.
DSP Report: operator result2 is absorbed into DSP result2.
DSP Report: operator result2 is absorbed into DSP result2.
DSP Report: Generating DSP result2, operation Mode is: (A:0xf618)*B.
DSP Report: operator result2 is absorbed into DSP result2.
DSP Report: operator result2 is absorbed into DSP result2.
DSP Report: Generating DSP result2, operation Mode is: (PCIN>>17)+A*B.
DSP Report: operator result2 is absorbed into DSP result2.
DSP Report: operator result2 is absorbed into DSP result2.
DSP Report: Generating DSP result2, operation Mode is: A*(B:0xf618).
DSP Report: operator result2 is absorbed into DSP result2.
DSP Report: operator result2 is absorbed into DSP result2.
DSP Report: Generating DSP result2, operation Mode is: (PCIN>>17)+A*B.
DSP Report: operator result2 is absorbed into DSP result2.
DSP Report: operator result2 is absorbed into DSP result2.
DSP Report: Generating DSP result2, operation Mode is: (A:0xdac)*B.
DSP Report: operator result2 is absorbed into DSP result2.
DSP Report: operator result2 is absorbed into DSP result2.
DSP Report: Generating DSP result2, operation Mode is: (PCIN>>17)+A*B.
DSP Report: operator result2 is absorbed into DSP result2.
DSP Report: operator result2 is absorbed into DSP result2.
DSP Report: Generating DSP result2, operation Mode is: A*(B:0xdac).
DSP Report: operator result2 is absorbed into DSP result2.
DSP Report: operator result2 is absorbed into DSP result2.
DSP Report: Generating DSP result2, operation Mode is: (PCIN>>17)+A*B.
DSP Report: operator result2 is absorbed into DSP result2.
DSP Report: operator result2 is absorbed into DSP result2.
DSP Report: Generating DSP result2, operation Mode is: (A:0x1b44)*B.
DSP Report: operator result2 is absorbed into DSP result2.
DSP Report: operator result2 is absorbed into DSP result2.
DSP Report: Generating DSP result2, operation Mode is: (PCIN>>17)+A*B.
DSP Report: operator result2 is absorbed into DSP result2.
DSP Report: operator result2 is absorbed into DSP result2.
DSP Report: Generating DSP result2, operation Mode is: A*(B:0x1b44).
DSP Report: operator result2 is absorbed into DSP result2.
DSP Report: operator result2 is absorbed into DSP result2.
DSP Report: Generating DSP result2, operation Mode is: (PCIN>>17)+A*B.
DSP Report: operator result2 is absorbed into DSP result2.
DSP Report: operator result2 is absorbed into DSP result2.
DSP Report: Generating DSP result2, operation Mode is: (A:0xf3c5)*B.
DSP Report: operator result2 is absorbed into DSP result2.
DSP Report: operator result2 is absorbed into DSP result2.
DSP Report: Generating DSP result2, operation Mode is: (PCIN>>17)+A*B.
DSP Report: operator result2 is absorbed into DSP result2.
DSP Report: operator result2 is absorbed into DSP result2.
DSP Report: Generating DSP result2, operation Mode is: A*(B:0xf3c5).
DSP Report: operator result2 is absorbed into DSP result2.
DSP Report: operator result2 is absorbed into DSP result2.
DSP Report: Generating DSP result2, operation Mode is: (PCIN>>17)+A*B.
DSP Report: operator result2 is absorbed into DSP result2.
DSP Report: operator result2 is absorbed into DSP result2.
DSP Report: Generating DSP result2, operation Mode is: (A:0x1c6c5)*B.
DSP Report: operator result2 is absorbed into DSP result2.
DSP Report: operator result2 is absorbed into DSP result2.
DSP Report: Generating DSP result2, operation Mode is: (PCIN>>17)+A*B.
DSP Report: operator result2 is absorbed into DSP result2.
DSP Report: operator result2 is absorbed into DSP result2.
DSP Report: Generating DSP result2, operation Mode is: A*(B:0x1c6c5).
DSP Report: operator result2 is absorbed into DSP result2.
DSP Report: operator result2 is absorbed into DSP result2.
DSP Report: Generating DSP result2, operation Mode is: (PCIN>>17)+A*B.
DSP Report: operator result2 is absorbed into DSP result2.
DSP Report: operator result2 is absorbed into DSP result2.
DSP Report: Generating DSP result2, operation Mode is: A*(B:0x6e).
DSP Report: operator result2 is absorbed into DSP result2.
DSP Report: operator result2 is absorbed into DSP result2.
DSP Report: Generating DSP result2, operation Mode is: (PCIN>>17)+A*B.
DSP Report: operator result2 is absorbed into DSP result2.
DSP Report: operator result2 is absorbed into DSP result2.
DSP Report: Generating DSP result2, operation Mode is: A*(B:0x6e).
DSP Report: operator result2 is absorbed into DSP result2.
DSP Report: operator result2 is absorbed into DSP result2.
DSP Report: Generating DSP result2, operation Mode is: (PCIN>>17)+A*B.
DSP Report: operator result2 is absorbed into DSP result2.
DSP Report: operator result2 is absorbed into DSP result2.
DSP Report: Generating DSP result2, operation Mode is: (A:0x1ea3f)*B.
DSP Report: operator result2 is absorbed into DSP result2.
DSP Report: operator result2 is absorbed into DSP result2.
DSP Report: Generating DSP result2, operation Mode is: (PCIN>>17)+A*B.
DSP Report: operator result2 is absorbed into DSP result2.
DSP Report: operator result2 is absorbed into DSP result2.
DSP Report: Generating DSP result2, operation Mode is: A*(B:0x1ea3f).
DSP Report: operator result2 is absorbed into DSP result2.
DSP Report: operator result2 is absorbed into DSP result2.
DSP Report: Generating DSP result2, operation Mode is: (PCIN>>17)+A*B.
DSP Report: operator result2 is absorbed into DSP result2.
DSP Report: operator result2 is absorbed into DSP result2.
DSP Report: Generating DSP result2, operation Mode is: (A:0x194c0)*B.
DSP Report: operator result2 is absorbed into DSP result2.
DSP Report: operator result2 is absorbed into DSP result2.
DSP Report: Generating DSP result2, operation Mode is: (PCIN>>17)+A*B.
DSP Report: operator result2 is absorbed into DSP result2.
DSP Report: operator result2 is absorbed into DSP result2.
DSP Report: Generating DSP result2, operation Mode is: A*(B:0x194c0).
DSP Report: operator result2 is absorbed into DSP result2.
DSP Report: operator result2 is absorbed into DSP result2.
DSP Report: Generating DSP result2, operation Mode is: (PCIN>>17)+A*B.
DSP Report: operator result2 is absorbed into DSP result2.
DSP Report: operator result2 is absorbed into DSP result2.
INFO: [Synth 8-3971] The signal "VexRiscv/RegFilePlugin_regFile_reg" was recognized as a true dual port RAM template.
RAM Pipeline Warning: Read Address Register Found For RAM tag_mem_reg. We will not be able to pipeline it. This may degrade performance. 
INFO: [Synth 8-5784] Optimized 4 bits of RAM "tag_mem_reg" due to constant propagation. Old ram width 24 bits, new ram width 20 bits.
RAM Pipeline Warning: Read Address Register Found For RAM tag_mem_reg. We will not be able to pipeline it. This may degrade performance. 
RAM Pipeline Warning: Read Address Register Found For RAM sram_reg. We will not be able to pipeline it. This may degrade performance. 
RAM Pipeline Warning: Read Address Register Found For RAM sram_reg. We will not be able to pipeline it. This may degrade performance. 
RAM Pipeline Warning: Read Address Register Found For RAM data_mem_grain0_reg. We will not be able to pipeline it. This may degrade performance. 
RAM Pipeline Warning: Read Address Register Found For RAM data_mem_grain0_reg. We will not be able to pipeline it. This may degrade performance. 
RAM Pipeline Warning: Read Address Register Found For RAM data_mem_grain1_reg. We will not be able to pipeline it. This may degrade performance. 
RAM Pipeline Warning: Read Address Register Found For RAM data_mem_grain1_reg. We will not be able to pipeline it. This may degrade performance. 
RAM Pipeline Warning: Read Address Register Found For RAM data_mem_grain2_reg. We will not be able to pipeline it. This may degrade performance. 
RAM Pipeline Warning: Read Address Register Found For RAM data_mem_grain2_reg. We will not be able to pipeline it. This may degrade performance. 
RAM Pipeline Warning: Read Address Register Found For RAM data_mem_grain3_reg. We will not be able to pipeline it. This may degrade performance. 
RAM Pipeline Warning: Read Address Register Found For RAM data_mem_grain3_reg. We will not be able to pipeline it. This may degrade performance. 
RAM Pipeline Warning: Read Address Register Found For RAM data_mem_grain4_reg. We will not be able to pipeline it. This may degrade performance. 
RAM Pipeline Warning: Read Address Register Found For RAM data_mem_grain4_reg. We will not be able to pipeline it. This may degrade performance. 
RAM Pipeline Warning: Read Address Register Found For RAM data_mem_grain5_reg. We will not be able to pipeline it. This may degrade performance. 
RAM Pipeline Warning: Read Address Register Found For RAM data_mem_grain5_reg. We will not be able to pipeline it. This may degrade performance. 
RAM Pipeline Warning: Read Address Register Found For RAM data_mem_grain6_reg. We will not be able to pipeline it. This may degrade performance. 
RAM Pipeline Warning: Read Address Register Found For RAM data_mem_grain6_reg. We will not be able to pipeline it. This may degrade performance. 
RAM Pipeline Warning: Read Address Register Found For RAM data_mem_grain7_reg. We will not be able to pipeline it. This may degrade performance. 
RAM Pipeline Warning: Read Address Register Found For RAM data_mem_grain7_reg. We will not be able to pipeline it. This may degrade performance. 
RAM Pipeline Warning: Read Address Register Found For RAM data_mem_grain8_reg. We will not be able to pipeline it. This may degrade performance. 
RAM Pipeline Warning: Read Address Register Found For RAM data_mem_grain8_reg. We will not be able to pipeline it. This may degrade performance. 
RAM Pipeline Warning: Read Address Register Found For RAM data_mem_grain9_reg. We will not be able to pipeline it. This may degrade performance. 
RAM Pipeline Warning: Read Address Register Found For RAM data_mem_grain9_reg. We will not be able to pipeline it. This may degrade performance. 
RAM Pipeline Warning: Read Address Register Found For RAM data_mem_grain10_reg. We will not be able to pipeline it. This may degrade performance. 
RAM Pipeline Warning: Read Address Register Found For RAM data_mem_grain10_reg. We will not be able to pipeline it. This may degrade performance. 
RAM Pipeline Warning: Read Address Register Found For RAM data_mem_grain11_reg. We will not be able to pipeline it. This may degrade performance. 
RAM Pipeline Warning: Read Address Register Found For RAM data_mem_grain11_reg. We will not be able to pipeline it. This may degrade performance. 
RAM Pipeline Warning: Read Address Register Found For RAM data_mem_grain12_reg. We will not be able to pipeline it. This may degrade performance. 
RAM Pipeline Warning: Read Address Register Found For RAM data_mem_grain12_reg. We will not be able to pipeline it. This may degrade performance. 
RAM Pipeline Warning: Read Address Register Found For RAM data_mem_grain13_reg. We will not be able to pipeline it. This may degrade performance. 
RAM Pipeline Warning: Read Address Register Found For RAM data_mem_grain13_reg. We will not be able to pipeline it. This may degrade performance. 
RAM Pipeline Warning: Read Address Register Found For RAM data_mem_grain14_reg. We will not be able to pipeline it. This may degrade performance. 
RAM Pipeline Warning: Read Address Register Found For RAM data_mem_grain14_reg. We will not be able to pipeline it. This may degrade performance. 
RAM Pipeline Warning: Read Address Register Found For RAM data_mem_grain15_reg. We will not be able to pipeline it. This may degrade performance. 
RAM Pipeline Warning: Read Address Register Found For RAM data_mem_grain15_reg. We will not be able to pipeline it. This may degrade performance. 
RAM Pipeline Warning: Read Address Register Found For RAM tag_mem_reg. We will not be able to pipeline it. This may degrade performance. 
RAM Pipeline Warning: Read Address Register Found For RAM sram_reg. We will not be able to pipeline it. This may degrade performance. 
RAM Pipeline Warning: Read Address Register Found For RAM data_mem_grain0_reg. We will not be able to pipeline it. This may degrade performance. 
RAM Pipeline Warning: Read Address Register Found For RAM data_mem_grain1_reg. We will not be able to pipeline it. This may degrade performance. 
RAM Pipeline Warning: Read Address Register Found For RAM data_mem_grain2_reg. We will not be able to pipeline it. This may degrade performance. 
RAM Pipeline Warning: Read Address Register Found For RAM data_mem_grain3_reg. We will not be able to pipeline it. This may degrade performance. 
RAM Pipeline Warning: Read Address Register Found For RAM data_mem_grain4_reg. We will not be able to pipeline it. This may degrade performance. 
RAM Pipeline Warning: Read Address Register Found For RAM data_mem_grain5_reg. We will not be able to pipeline it. This may degrade performance. 
RAM Pipeline Warning: Read Address Register Found For RAM data_mem_grain6_reg. We will not be able to pipeline it. This may degrade performance. 
RAM Pipeline Warning: Read Address Register Found For RAM data_mem_grain7_reg. We will not be able to pipeline it. This may degrade performance. 
RAM Pipeline Warning: Read Address Register Found For RAM data_mem_grain8_reg. We will not be able to pipeline it. This may degrade performance. 
RAM Pipeline Warning: Read Address Register Found For RAM data_mem_grain9_reg. We will not be able to pipeline it. This may degrade performance. 
RAM Pipeline Warning: Read Address Register Found For RAM data_mem_grain10_reg. We will not be able to pipeline it. This may degrade performance. 
RAM Pipeline Warning: Read Address Register Found For RAM data_mem_grain11_reg. We will not be able to pipeline it. This may degrade performance. 
RAM Pipeline Warning: Read Address Register Found For RAM data_mem_grain12_reg. We will not be able to pipeline it. This may degrade performance. 
RAM Pipeline Warning: Read Address Register Found For RAM data_mem_grain13_reg. We will not be able to pipeline it. This may degrade performance. 
RAM Pipeline Warning: Read Address Register Found For RAM data_mem_grain14_reg. We will not be able to pipeline it. This may degrade performance. 
RAM Pipeline Warning: Read Address Register Found For RAM data_mem_grain15_reg. We will not be able to pipeline it. This may degrade performance. 
WARNING: [Synth 8-3332] Sequential element (FDPE_2) is unused and will be removed from module digilent_nexys4ddr.
WARNING: [Synth 8-3332] Sequential element (FDPE_3) is unused and will be removed from module digilent_nexys4ddr.
WARNING: [Synth 8-3332] Sequential element (FDPE_4) is unused and will be removed from module digilent_nexys4ddr.
WARNING: [Synth 8-3332] Sequential element (FDPE_5) is unused and will be removed from module digilent_nexys4ddr.
WARNING: [Synth 8-3332] Sequential element (FDPE_8) is unused and will be removed from module digilent_nexys4ddr.
WARNING: [Synth 8-3332] Sequential element (FDPE_9) is unused and will be removed from module digilent_nexys4ddr.
WARNING: [Synth 8-3332] Sequential element (FDPE_10) is unused and will be removed from module digilent_nexys4ddr.
WARNING: [Synth 8-3332] Sequential element (FDPE_11) is unused and will be removed from module digilent_nexys4ddr.
WARNING: [Synth 8-3332] Sequential element (FSM_onehot_soc_builder_basesoc_refresher_state_reg[0]) is unused and will be removed from module digilent_nexys4ddr.
WARNING: [Synth 8-3332] Sequential element (FSM_onehot_soc_builder_basesoc_wishbone2csr_state_reg[0]) is unused and will be removed from module digilent_nexys4ddr.
---------------------------------------------------------------------------------
Finished Cross Boundary and Area Optimization : Time (s): cpu = 00:01:09 ; elapsed = 00:01:10 . Memory (MB): peak = 2362.746 ; gain = 725.281 ; free physical = 6248 ; free virtual = 11627
---------------------------------------------------------------------------------
 Sort Area is  result2_35 : 0 0 : 1823 4491 : Used 1 time 0
 Sort Area is  result2_35 : 0 1 : 2668 4491 : Used 1 time 0
 Sort Area is  result2_38 : 0 0 : 1761 4339 : Used 1 time 0
 Sort Area is  result2_38 : 0 1 : 2578 4339 : Used 1 time 0
 Sort Area is  result2_2e : 0 0 : 1328 4086 : Used 1 time 0
 Sort Area is  result2_2e : 0 1 : 2758 4086 : Used 1 time 0
 Sort Area is  result2_33 : 0 0 : 1323 4081 : Used 1 time 0
 Sort Area is  result2_33 : 0 1 : 2758 4081 : Used 1 time 0
 Sort Area is  result2_31 : 0 0 : 1200 3958 : Used 1 time 0
 Sort Area is  result2_31 : 0 1 : 2758 3958 : Used 1 time 0
 Sort Area is  result2_17 : 0 0 : 1354 3517 : Used 1 time 0
 Sort Area is  result2_17 : 0 1 : 2163 3517 : Used 1 time 0
 Sort Area is  result2_24 : 0 0 : 1354 3517 : Used 1 time 0
 Sort Area is  result2_24 : 0 1 : 2163 3517 : Used 1 time 0
 Sort Area is  result2_2a : 0 0 : 1254 3417 : Used 1 time 0
 Sort Area is  result2_2a : 0 1 : 2163 3417 : Used 1 time 0
 Sort Area is  result2_20 : 0 0 : 1214 3377 : Used 1 time 0
 Sort Area is  result2_20 : 0 1 : 2163 3377 : Used 1 time 0
 Sort Area is  result2_13 : 0 0 : 1116 3279 : Used 1 time 0
 Sort Area is  result2_13 : 0 1 : 2163 3279 : Used 1 time 0
 Sort Area is  result2_27 : 0 0 : 1116 3279 : Used 1 time 0
 Sort Area is  result2_27 : 0 1 : 2163 3279 : Used 1 time 0
 Sort Area is  result2_1b : 0 0 : 1045 3208 : Used 1 time 0
 Sort Area is  result2_1b : 0 1 : 2163 3208 : Used 1 time 0
 Sort Area is  result2_7 : 0 0 : 1116 3115 : Used 1 time 0
 Sort Area is  result2_7 : 0 1 : 1999 3115 : Used 1 time 0
 Sort Area is  result2_d : 0 0 : 1116 3115 : Used 1 time 0
 Sort Area is  result2_d : 0 1 : 1999 3115 : Used 1 time 0
 Sort Area is  result2_f : 0 0 : 803 2802 : Used 1 time 0
 Sort Area is  result2_f : 0 1 : 1999 2802 : Used 1 time 0
 Sort Area is  memory_to_writeBack_MUL_HH_reg_5 : 0 0 : 2328 2328 : Used 1 time 0
 Sort Area is  execute_to_memory_MUL_HL_reg_2 : 0 0 : 2298 2298 : Used 1 time 0
 Sort Area is  execute_to_memory_MUL_LH_reg_4 : 0 0 : 2298 2298 : Used 1 time 0
 Sort Area is  execute_to_memory_MUL_LL_reg_0 : 0 0 : 1978 1978 : Used 1 time 0
 Sort Area is  result2_19 : 0 0 : 746 1894 : Used 1 time 0
 Sort Area is  result2_19 : 0 1 : 1148 1894 : Used 1 time 0
 Sort Area is  result2_2c : 0 0 : 796 1848 : Used 1 time 0
 Sort Area is  result2_2c : 0 1 : 1052 1848 : Used 1 time 0
 Sort Area is  result2_25 : 0 0 : 773 1825 : Used 1 time 0
 Sort Area is  result2_25 : 0 1 : 1052 1825 : Used 1 time 0
 Sort Area is  result2_28 : 0 0 : 769 1821 : Used 1 time 0
 Sort Area is  result2_28 : 0 1 : 1052 1821 : Used 1 time 0
 Sort Area is  result2_22 : 0 0 : 733 1785 : Used 1 time 0
 Sort Area is  result2_22 : 0 1 : 1052 1785 : Used 1 time 0
 Sort Area is  result2_15 : 0 0 : 604 1752 : Used 1 time 0
 Sort Area is  result2_15 : 0 1 : 1148 1752 : Used 1 time 0
 Sort Area is  result2_a : 0 0 : 604 1697 : Used 1 time 0
 Sort Area is  result2_a : 0 1 : 1093 1697 : Used 1 time 0
 Sort Area is  result2_e : 0 0 : 604 1697 : Used 1 time 0
 Sort Area is  result2_e : 0 1 : 1093 1697 : Used 1 time 0
 Sort Area is  result2_11 : 0 0 : 551 1644 : Used 1 time 0
 Sort Area is  result2_11 : 0 1 : 1093 1644 : Used 1 time 0
 Sort Area is  result2_1d : 0 0 : 560 1612 : Used 1 time 0
 Sort Area is  result2_1d : 0 1 : 1052 1612 : Used 1 time 0
---------------------------------------------------------------------------------
Start ROM, RAM, DSP, Shift Register and Retiming Reporting
---------------------------------------------------------------------------------

ROM: Preliminary Mapping Report
+-------------------+--------------+---------------+----------------+
|Module Name        | RTL Object   | Depth x Width | Implemented As | 
+-------------------+--------------+---------------+----------------+
|digilent_nexys4ddr | mem          | 64x8          | LUT            | 
|digilent_nexys4ddr | p_0_out      | 64x8          | LUT            | 
|digilent_nexys4ddr | rom_dat0_reg | 8192x32       | Block RAM      | 
+-------------------+--------------+---------------+----------------+


Block RAM: Preliminary Mapping Report (see note below)
+--------------------------------+-------------------------+------------------------+---+---+------------------------+---+---+------------------+--------+--------+
|Module Name                     | RTL Object              | PORT A (Depth x Width) | W | R | PORT B (Depth x Width) | W | R | Ports driving FF | RAMB18 | RAMB36 | 
+--------------------------------+-------------------------+------------------------+---+---+------------------------+---+---+------------------+--------+--------+
|VexRiscv/IBusCachedPlugin_cache | banks_0_reg             | 2 K x 32(READ_FIRST)   | W |   | 2 K x 32(WRITE_FIRST)  |   | R | Port A and B     | 0      | 2      | 
|VexRiscv/IBusCachedPlugin_cache | ways_0_tags_reg         | 256 x 21(READ_FIRST)   | W |   | 256 x 21(WRITE_FIRST)  |   | R | Port A and B     | 1      | 0      | 
|VexRiscv/dataCache_1            | ways_0_tags_reg         | 256 x 21(READ_FIRST)   | W |   | 256 x 21(WRITE_FIRST)  |   | R | Port A and B     | 1      | 0      | 
|VexRiscv/dataCache_1            | ways_0_data_symbol0_reg | 2 K x 8(READ_FIRST)    | W |   | 2 K x 8(WRITE_FIRST)   |   | R | Port A and B     | 1      | 0      | 
|VexRiscv/dataCache_1            | ways_0_data_symbol1_reg | 2 K x 8(READ_FIRST)    | W |   | 2 K x 8(WRITE_FIRST)   |   | R | Port A and B     | 1      | 0      | 
|VexRiscv/dataCache_1            | ways_0_data_symbol2_reg | 2 K x 8(READ_FIRST)    | W |   | 2 K x 8(WRITE_FIRST)   |   | R | Port A and B     | 1      | 0      | 
|VexRiscv/dataCache_1            | ways_0_data_symbol3_reg | 2 K x 8(READ_FIRST)    | W |   | 2 K x 8(WRITE_FIRST)   |   | R | Port A and B     | 1      | 0      | 
|digilent_nexys4ddr              | tag_mem_reg             | 512 x 24(WRITE_FIRST)  | W | R |                        |   |   | Port A           | 1      | 0      | 
|digilent_nexys4ddr              | sram_reg                | 2 K x 32(WRITE_FIRST)  | W | R |                        |   |   | Port A           | 0      | 2      | 
|digilent_nexys4ddr              | data_mem_grain0_reg     | 512 x 8(WRITE_FIRST)   | W | R |                        |   |   | Port A           | 1      | 0      | 
|digilent_nexys4ddr              | data_mem_grain1_reg     | 512 x 8(WRITE_FIRST)   | W | R |                        |   |   | Port A           | 1      | 0      | 
|digilent_nexys4ddr              | data_mem_grain2_reg     | 512 x 8(WRITE_FIRST)   | W | R |                        |   |   | Port A           | 1      | 0      | 
|digilent_nexys4ddr              | data_mem_grain3_reg     | 512 x 8(WRITE_FIRST)   | W | R |                        |   |   | Port A           | 1      | 0      | 
|digilent_nexys4ddr              | data_mem_grain4_reg     | 512 x 8(WRITE_FIRST)   | W | R |                        |   |   | Port A           | 1      | 0      | 
|digilent_nexys4ddr              | data_mem_grain5_reg     | 512 x 8(WRITE_FIRST)   | W | R |                        |   |   | Port A           | 1      | 0      | 
|digilent_nexys4ddr              | data_mem_grain6_reg     | 512 x 8(WRITE_FIRST)   | W | R |                        |   |   | Port A           | 1      | 0      | 
|digilent_nexys4ddr              | data_mem_grain7_reg     | 512 x 8(WRITE_FIRST)   | W | R |                        |   |   | Port A           | 1      | 0      | 
|digilent_nexys4ddr              | data_mem_grain8_reg     | 512 x 8(WRITE_FIRST)   | W | R |                        |   |   | Port A           | 1      | 0      | 
|digilent_nexys4ddr              | data_mem_grain9_reg     | 512 x 8(WRITE_FIRST)   | W | R |                        |   |   | Port A           | 1      | 0      | 
|digilent_nexys4ddr              | data_mem_grain10_reg    | 512 x 8(WRITE_FIRST)   | W | R |                        |   |   | Port A           | 1      | 0      | 
|digilent_nexys4ddr              | data_mem_grain11_reg    | 512 x 8(WRITE_FIRST)   | W | R |                        |   |   | Port A           | 1      | 0      | 
|digilent_nexys4ddr              | data_mem_grain12_reg    | 512 x 8(WRITE_FIRST)   | W | R |                        |   |   | Port A           | 1      | 0      | 
|digilent_nexys4ddr              | data_mem_grain13_reg    | 512 x 8(WRITE_FIRST)   | W | R |                        |   |   | Port A           | 1      | 0      | 
|digilent_nexys4ddr              | data_mem_grain14_reg    | 512 x 8(WRITE_FIRST)   | W | R |                        |   |   | Port A           | 1      | 0      | 
|digilent_nexys4ddr              | data_mem_grain15_reg    | 512 x 8(WRITE_FIRST)   | W | R |                        |   |   | Port A           | 1      | 0      | 
+--------------------------------+-------------------------+------------------------+---+---+------------------------+---+---+------------------+--------+--------+

Note: The table above is a preliminary report that shows the Block RAMs at the current stage of the synthesis flow. Some Block RAMs may be reimplemented as non Block RAM primitives later in the synthesis flow. Multiple instantiated Block RAMs are reported only once. 

Distributed RAM: Preliminary Mapping Report (see note below)
+-------------------+---------------+-----------+----------------------+-------------+
|Module Name        | RTL Object    | Inference | Size (Depth x Width) | Primitives  | 
+-------------------+---------------+-----------+----------------------+-------------+
|digilent_nexys4ddr | storage_2_reg | Implied   | 8 x 22               | RAM32M x 4  | 
|digilent_nexys4ddr | storage_4_reg | Implied   | 8 x 22               | RAM32M x 4  | 
|digilent_nexys4ddr | storage_9_reg | Implied   | 8 x 22               | RAM32M x 4  | 
|digilent_nexys4ddr | storage_8_reg | Implied   | 8 x 22               | RAM32M x 4  | 
|digilent_nexys4ddr | storage_7_reg | Implied   | 8 x 22               | RAM32M x 4  | 
|digilent_nexys4ddr | storage_6_reg | Implied   | 8 x 22               | RAM32M x 4  | 
|digilent_nexys4ddr | storage_5_reg | Implied   | 8 x 22               | RAM32M x 4  | 
|digilent_nexys4ddr | storage_3_reg | Implied   | 8 x 22               | RAM32M x 4  | 
|digilent_nexys4ddr | storage_1_reg | Implied   | 16 x 8               | RAM32M x 2  | 
|digilent_nexys4ddr | storage_reg   | Implied   | 16 x 8               | RAM32M x 2  | 
+-------------------+---------------+-----------+----------------------+-------------+

Note: The table above is a preliminary report that shows the Distributed RAMs at the current stage of the synthesis flow. Some Distributed RAMs may be reimplemented as non Distributed RAM primitives later in the synthesis flow. Multiple instantiated RAMs are reported only once.

DSP: Preliminary Mapping Report (see note below. The ' indicates corresponding REG is set)
+------------+----------------+--------+--------+--------+--------+--------+------+------+------+------+-------+------+------+
|Module Name | DSP Mapping    | A Size | B Size | C Size | D Size | P Size | AREG | BREG | CREG | DREG | ADREG | MREG | PREG | 
+------------+----------------+--------+--------+--------+--------+--------+------+------+------+------+-------+------+------+
|VexRiscv    | (A*B)'         | 17     | 17     | -      | -      | 34     | 0    | 0    | -    | -    | -     | 1    | 1    | 
|VexRiscv    | (A*B)'         | 17     | 17     | -      | -      | 34     | 0    | 0    | -    | -    | -     | 1    | 0    | 
|VexRiscv    | (A*B)'         | 17     | 17     | -      | -      | 34     | 0    | 0    | -    | -    | -     | 1    | 0    | 
|VexRiscv    | (A*B)'         | 16     | 16     | -      | -      | 32     | 0    | 0    | -    | -    | -     | 1    | 0    | 
|exp_inter   | A*(B:0x177a7)  | 23     | 18     | -      | -      | 48     | 0    | 0    | -    | -    | -     | 0    | 0    | 
|exp_inter   | (PCIN>>17)+A*B | 23     | 15     | -      | -      | 48     | 0    | 0    | -    | -    | -     | 0    | 0    | 
|exp_inter   | A*(B:0xa9f4)   | 24     | 17     | -      | -      | 48     | 0    | 0    | -    | -    | -     | 0    | 0    | 
|exp_inter   | (PCIN>>17)+A*B | 24     | 15     | -      | -      | 48     | 0    | 0    | -    | -    | -     | 0    | 0    | 
|exp_inter   | A*(B:0x31df)   | 25     | 15     | -      | -      | 48     | 0    | 0    | -    | -    | -     | 0    | 0    | 
|exp_inter   | (PCIN>>17)+A*B | 25     | 15     | -      | -      | 48     | 0    | 0    | -    | -    | -     | 0    | 0    | 
|exp_inter   | A*(B:0x81aa)   | 25     | 17     | -      | -      | 48     | 0    | 0    | -    | -    | -     | 0    | 0    | 
|exp_inter   | (PCIN>>17)+A*B | 25     | 15     | -      | -      | 48     | 0    | 0    | -    | -    | -     | 0    | 0    | 
|exp_inter   | A*(B:0x40f1)   | 25     | 16     | -      | -      | 48     | 0    | 0    | -    | -    | -     | 0    | 0    | 
|exp_inter   | (PCIN>>17)+A*B | 25     | 15     | -      | -      | 48     | 0    | 0    | -    | -    | -     | 0    | 0    | 
|exp_inter   | (A:0x3e70)*B   | 9      | 15     | -      | -      | 48     | 0    | 0    | -    | -    | -     | 0    | 0    | 
|exp_inter   | (PCIN>>17)+A*B | 15     | 9      | -      | -      | 48     | 0    | 0    | -    | -    | -     | 0    | 0    | 
|exp_inter   | A*(B:0x3e70)   | 18     | 15     | -      | -      | 48     | 0    | 0    | -    | -    | -     | 0    | 0    | 
|exp_inter   | (PCIN>>17)+A*B | 18     | 15     | -      | -      | 48     | 0    | 0    | -    | -    | -     | 0    | 0    | 
|exp_inter   | (A:0x16f90)*B  | 18     | 9      | -      | -      | 48     | 0    | 0    | -    | -    | -     | 0    | 0    | 
|exp_inter   | (PCIN>>17)+A*B | 15     | 9      | -      | -      | 48     | 0    | 0    | -    | -    | -     | 0    | 0    | 
|exp_inter   | A*(B:0x16f90)  | 18     | 18     | -      | -      | 48     | 0    | 0    | -    | -    | -     | 0    | 0    | 
|exp_inter   | (PCIN>>17)+A*B | 18     | 15     | -      | -      | 48     | 0    | 0    | -    | -    | -     | 0    | 0    | 
|exp_inter   | (A:0xf618)*B   | 9      | 17     | -      | -      | 48     | 0    | 0    | -    | -    | -     | 0    | 0    | 
|exp_inter   | (PCIN>>17)+A*B | 15     | 9      | -      | -      | 48     | 0    | 0    | -    | -    | -     | 0    | 0    | 
|exp_inter   | A*(B:0xf618)   | 18     | 17     | -      | -      | 48     | 0    | 0    | -    | -    | -     | 0    | 0    | 
|exp_inter   | (PCIN>>17)+A*B | 18     | 15     | -      | -      | 48     | 0    | 0    | -    | -    | -     | 0    | 0    | 
|exp_inter   | (A:0xdac)*B    | 9      | 13     | -      | -      | 48     | 0    | 0    | -    | -    | -     | 0    | 0    | 
|exp_inter   | (PCIN>>17)+A*B | 15     | 9      | -      | -      | 48     | 0    | 0    | -    | -    | -     | 0    | 0    | 
|exp_inter   | A*(B:0xdac)    | 18     | 13     | -      | -      | 48     | 0    | 0    | -    | -    | -     | 0    | 0    | 
|exp_inter   | (PCIN>>17)+A*B | 18     | 15     | -      | -      | 48     | 0    | 0    | -    | -    | -     | 0    | 0    | 
|exp_inter   | (A:0x1b44)*B   | 9      | 14     | -      | -      | 48     | 0    | 0    | -    | -    | -     | 0    | 0    | 
|exp_inter   | (PCIN>>17)+A*B | 15     | 9      | -      | -      | 48     | 0    | 0    | -    | -    | -     | 0    | 0    | 
|exp_inter   | A*(B:0x1b44)   | 18     | 14     | -      | -      | 48     | 0    | 0    | -    | -    | -     | 0    | 0    | 
|exp_inter   | (PCIN>>17)+A*B | 18     | 15     | -      | -      | 48     | 0    | 0    | -    | -    | -     | 0    | 0    | 
|exp_inter   | (A:0xf3c5)*B   | 10     | 17     | -      | -      | 48     | 0    | 0    | -    | -    | -     | 0    | 0    | 
|exp_inter   | (PCIN>>17)+A*B | 15     | 10     | -      | -      | 48     | 0    | 0    | -    | -    | -     | 0    | 0    | 
|exp_inter   | A*(B:0xf3c5)   | 18     | 17     | -      | -      | 48     | 0    | 0    | -    | -    | -     | 0    | 0    | 
|exp_inter   | (PCIN>>17)+A*B | 18     | 15     | -      | -      | 48     | 0    | 0    | -    | -    | -     | 0    | 0    | 
|exp_inter   | (A:0x1c6c5)*B  | 18     | 10     | -      | -      | 48     | 0    | 0    | -    | -    | -     | 0    | 0    | 
|exp_inter   | (PCIN>>17)+A*B | 15     | 10     | -      | -      | 48     | 0    | 0    | -    | -    | -     | 0    | 0    | 
|exp_inter   | A*(B:0x1c6c5)  | 18     | 18     | -      | -      | 48     | 0    | 0    | -    | -    | -     | 0    | 0    | 
|exp_inter   | (PCIN>>17)+A*B | 18     | 15     | -      | -      | 48     | 0    | 0    | -    | -    | -     | 0    | 0    | 
|exp_inter   | A*(B:0x6e)     | 10     | 8      | -      | -      | 48     | 0    | 0    | -    | -    | -     | 0    | 0    | 
|exp_inter   | (PCIN>>17)+A*B | 14     | 10     | -      | -      | 48     | 0    | 0    | -    | -    | -     | 0    | 0    | 
|exp_inter   | A*(B:0x6e)     | 18     | 8      | -      | -      | 48     | 0    | 0    | -    | -    | -     | 0    | 0    | 
|exp_inter   | (PCIN>>17)+A*B | 18     | 14     | -      | -      | 48     | 0    | 0    | -    | -    | -     | 0    | 0    | 
|exp_inter   | (A:0x1ea3f)*B  | 18     | 10     | -      | -      | 48     | 0    | 0    | -    | -    | -     | 0    | 0    | 
|exp_inter   | (PCIN>>17)+A*B | 14     | 10     | -      | -      | 48     | 0    | 0    | -    | -    | -     | 0    | 0    | 
|exp_inter   | A*(B:0x1ea3f)  | 18     | 18     | -      | -      | 48     | 0    | 0    | -    | -    | -     | 0    | 0    | 
|exp_inter   | (PCIN>>17)+A*B | 18     | 14     | -      | -      | 48     | 0    | 0    | -    | -    | -     | 0    | 0    | 
|exp_inter   | (A:0x194c0)*B  | 18     | 10     | -      | -      | 48     | 0    | 0    | -    | -    | -     | 0    | 0    | 
|exp_inter   | (PCIN>>17)+A*B | 14     | 10     | -      | -      | 48     | 0    | 0    | -    | -    | -     | 0    | 0    | 
|exp_inter   | A*(B:0x194c0)  | 18     | 18     | -      | -      | 48     | 0    | 0    | -    | -    | -     | 0    | 0    | 
|exp_inter   | (PCIN>>17)+A*B | 18     | 14     | -      | -      | 48     | 0    | 0    | -    | -    | -     | 0    | 0    | 
+------------+----------------+--------+--------+--------+--------+--------+------+------+------+------+-------+------+------+

Note: The table above is a preliminary report that shows the DSPs inferred at the current stage of the synthesis flow. Some DSP may be reimplemented as non DSP primitives later in the synthesis flow. Multiple instantiated DSPs are reported only once.
---------------------------------------------------------------------------------
Finished ROM, RAM, DSP, Shift Register and Retiming Reporting
---------------------------------------------------------------------------------
---------------------------------------------------------------------------------
Start Applying XDC Timing Constraints
---------------------------------------------------------------------------------
soc_crg_clkout0 in more then one group at line 343 of file /home/masamuneprog/AAML/CFU-Playground/soc/build/digilent_nexys4ddr.lab4_template/gateware/digilent_nexys4ddr.xdc
---------------------------------------------------------------------------------
Finished Applying XDC Timing Constraints : Time (s): cpu = 00:01:17 ; elapsed = 00:01:18 . Memory (MB): peak = 2362.746 ; gain = 725.281 ; free physical = 6240 ; free virtual = 11626
---------------------------------------------------------------------------------
---------------------------------------------------------------------------------
Start Timing Optimization
---------------------------------------------------------------------------------
---------------------------------------------------------------------------------
Finished Timing Optimization : Time (s): cpu = 00:01:33 ; elapsed = 00:01:35 . Memory (MB): peak = 2362.746 ; gain = 725.281 ; free physical = 6189 ; free virtual = 11575
---------------------------------------------------------------------------------
---------------------------------------------------------------------------------
Start ROM, RAM, DSP, Shift Register and Retiming Reporting
---------------------------------------------------------------------------------

Block RAM: Final Mapping Report
+--------------------------------+-------------------------+------------------------+---+---+------------------------+---+---+------------------+--------+--------+
|Module Name                     | RTL Object              | PORT A (Depth x Width) | W | R | PORT B (Depth x Width) | W | R | Ports driving FF | RAMB18 | RAMB36 | 
+--------------------------------+-------------------------+------------------------+---+---+------------------------+---+---+------------------+--------+--------+
|VexRiscv/IBusCachedPlugin_cache | banks_0_reg             | 2 K x 32(READ_FIRST)   | W |   | 2 K x 32(WRITE_FIRST)  |   | R | Port A and B     | 0      | 2      | 
|VexRiscv/IBusCachedPlugin_cache | ways_0_tags_reg         | 256 x 21(READ_FIRST)   | W |   | 256 x 21(WRITE_FIRST)  |   | R | Port A and B     | 1      | 0      | 
|VexRiscv/dataCache_1            | ways_0_tags_reg         | 256 x 21(READ_FIRST)   | W |   | 256 x 21(WRITE_FIRST)  |   | R | Port A and B     | 1      | 0      | 
|VexRiscv/dataCache_1            | ways_0_data_symbol0_reg | 2 K x 8(READ_FIRST)    | W |   | 2 K x 8(WRITE_FIRST)   |   | R | Port A and B     | 1      | 0      | 
|VexRiscv/dataCache_1            | ways_0_data_symbol1_reg | 2 K x 8(READ_FIRST)    | W |   | 2 K x 8(WRITE_FIRST)   |   | R | Port A and B     | 1      | 0      | 
|VexRiscv/dataCache_1            | ways_0_data_symbol2_reg | 2 K x 8(READ_FIRST)    | W |   | 2 K x 8(WRITE_FIRST)   |   | R | Port A and B     | 1      | 0      | 
|VexRiscv/dataCache_1            | ways_0_data_symbol3_reg | 2 K x 8(READ_FIRST)    | W |   | 2 K x 8(WRITE_FIRST)   |   | R | Port A and B     | 1      | 0      | 
|digilent_nexys4ddr              | tag_mem_reg             | 512 x 24(WRITE_FIRST)  | W | R |                        |   |   | Port A           | 1      | 0      | 
|digilent_nexys4ddr              | sram_reg                | 2 K x 32(WRITE_FIRST)  | W | R |                        |   |   | Port A           | 0      | 2      | 
|digilent_nexys4ddr              | data_mem_grain0_reg     | 512 x 8(WRITE_FIRST)   | W | R |                        |   |   | Port A           | 1      | 0      | 
|digilent_nexys4ddr              | data_mem_grain1_reg     | 512 x 8(WRITE_FIRST)   | W | R |                        |   |   | Port A           | 1      | 0      | 
|digilent_nexys4ddr              | data_mem_grain2_reg     | 512 x 8(WRITE_FIRST)   | W | R |                        |   |   | Port A           | 1      | 0      | 
|digilent_nexys4ddr              | data_mem_grain3_reg     | 512 x 8(WRITE_FIRST)   | W | R |                        |   |   | Port A           | 1      | 0      | 
|digilent_nexys4ddr              | data_mem_grain4_reg     | 512 x 8(WRITE_FIRST)   | W | R |                        |   |   | Port A           | 1      | 0      | 
|digilent_nexys4ddr              | data_mem_grain5_reg     | 512 x 8(WRITE_FIRST)   | W | R |                        |   |   | Port A           | 1      | 0      | 
|digilent_nexys4ddr              | data_mem_grain6_reg     | 512 x 8(WRITE_FIRST)   | W | R |                        |   |   | Port A           | 1      | 0      | 
|digilent_nexys4ddr              | data_mem_grain7_reg     | 512 x 8(WRITE_FIRST)   | W | R |                        |   |   | Port A           | 1      | 0      | 
|digilent_nexys4ddr              | data_mem_grain8_reg     | 512 x 8(WRITE_FIRST)   | W | R |                        |   |   | Port A           | 1      | 0      | 
|digilent_nexys4ddr              | data_mem_grain9_reg     | 512 x 8(WRITE_FIRST)   | W | R |                        |   |   | Port A           | 1      | 0      | 
|digilent_nexys4ddr              | data_mem_grain10_reg    | 512 x 8(WRITE_FIRST)   | W | R |                        |   |   | Port A           | 1      | 0      | 
|digilent_nexys4ddr              | data_mem_grain11_reg    | 512 x 8(WRITE_FIRST)   | W | R |                        |   |   | Port A           | 1      | 0      | 
|digilent_nexys4ddr              | data_mem_grain12_reg    | 512 x 8(WRITE_FIRST)   | W | R |                        |   |   | Port A           | 1      | 0      | 
|digilent_nexys4ddr              | data_mem_grain13_reg    | 512 x 8(WRITE_FIRST)   | W | R |                        |   |   | Port A           | 1      | 0      | 
|digilent_nexys4ddr              | data_mem_grain14_reg    | 512 x 8(WRITE_FIRST)   | W | R |                        |   |   | Port A           | 1      | 0      | 
|digilent_nexys4ddr              | data_mem_grain15_reg    | 512 x 8(WRITE_FIRST)   | W | R |                        |   |   | Port A           | 1      | 0      | 
+--------------------------------+-------------------------+------------------------+---+---+------------------------+---+---+------------------+--------+--------+


Distributed RAM: Final Mapping Report
+-------------------+---------------+-----------+----------------------+-------------+
|Module Name        | RTL Object    | Inference | Size (Depth x Width) | Primitives  | 
+-------------------+---------------+-----------+----------------------+-------------+
|digilent_nexys4ddr | storage_2_reg | Implied   | 8 x 22               | RAM32M x 4  | 
|digilent_nexys4ddr | storage_4_reg | Implied   | 8 x 22               | RAM32M x 4  | 
|digilent_nexys4ddr | storage_9_reg | Implied   | 8 x 22               | RAM32M x 4  | 
|digilent_nexys4ddr | storage_8_reg | Implied   | 8 x 22               | RAM32M x 4  | 
|digilent_nexys4ddr | storage_7_reg | Implied   | 8 x 22               | RAM32M x 4  | 
|digilent_nexys4ddr | storage_6_reg | Implied   | 8 x 22               | RAM32M x 4  | 
|digilent_nexys4ddr | storage_5_reg | Implied   | 8 x 22               | RAM32M x 4  | 
|digilent_nexys4ddr | storage_3_reg | Implied   | 8 x 22               | RAM32M x 4  | 
|digilent_nexys4ddr | storage_1_reg | Implied   | 16 x 8               | RAM32M x 2  | 
|digilent_nexys4ddr | storage_reg   | Implied   | 16 x 8               | RAM32M x 2  | 
+-------------------+---------------+-----------+----------------------+-------------+

---------------------------------------------------------------------------------
Finished ROM, RAM, DSP, Shift Register and Retiming Reporting
---------------------------------------------------------------------------------
---------------------------------------------------------------------------------
Start Technology Mapping
---------------------------------------------------------------------------------
INFO: [Synth 8-7052] The timing for the instance VexRiscv/IBusCachedPlugin_cache/banks_0_reg_0 (implemented as a Block RAM) might be sub-optimal as no optional output register could be merged into the ram block. Providing additional output register may help in improving timing.
INFO: [Synth 8-7052] The timing for the instance VexRiscv/IBusCachedPlugin_cache/banks_0_reg_1 (implemented as a Block RAM) might be sub-optimal as no optional output register could be merged into the ram block. Providing additional output register may help in improving timing.
INFO: [Synth 8-7052] The timing for the instance VexRiscv/IBusCachedPlugin_cache/ways_0_tags_reg (implemented as a Block RAM) might be sub-optimal as no optional output register could be merged into the ram block. Providing additional output register may help in improving timing.
INFO: [Synth 8-7052] The timing for the instance VexRiscv/dataCache_1/ways_0_tags_reg (implemented as a Block RAM) might be sub-optimal as no optional output register could be merged into the ram block. Providing additional output register may help in improving timing.
INFO: [Synth 8-7052] The timing for the instance VexRiscv/RegFilePlugin_regFile_reg_1 (implemented as a Block RAM) might be sub-optimal as no optional output register could be merged into the ram block. Providing additional output register may help in improving timing.
INFO: [Synth 8-7052] The timing for the instance VexRiscv/RegFilePlugin_regFile_reg_2 (implemented as a Block RAM) might be sub-optimal as no optional output register could be merged into the ram block. Providing additional output register may help in improving timing.
INFO: [Synth 8-7052] The timing for the instance tag_mem_reg (implemented as a Block RAM) might be sub-optimal as no optional output register could be merged into the ram block. Providing additional output register may help in improving timing.
INFO: [Synth 8-7052] The timing for the instance tag_mem_reg (implemented as a Block RAM) might be sub-optimal as no optional output register could be merged into the ram block. Providing additional output register may help in improving timing.
INFO: [Synth 8-7052] The timing for the instance sram_reg_0 (implemented as a Block RAM) might be sub-optimal as no optional output register could be merged into the ram block. Providing additional output register may help in improving timing.
INFO: [Synth 8-7052] The timing for the instance sram_reg_1 (implemented as a Block RAM) might be sub-optimal as no optional output register could be merged into the ram block. Providing additional output register may help in improving timing.
INFO: [Synth 8-7052] The timing for the instance data_mem_grain0_reg (implemented as a Block RAM) might be sub-optimal as no optional output register could be merged into the ram block. Providing additional output register may help in improving timing.
INFO: [Synth 8-7052] The timing for the instance data_mem_grain1_reg (implemented as a Block RAM) might be sub-optimal as no optional output register could be merged into the ram block. Providing additional output register may help in improving timing.
INFO: [Synth 8-7052] The timing for the instance data_mem_grain2_reg (implemented as a Block RAM) might be sub-optimal as no optional output register could be merged into the ram block. Providing additional output register may help in improving timing.
INFO: [Synth 8-7052] The timing for the instance data_mem_grain3_reg (implemented as a Block RAM) might be sub-optimal as no optional output register could be merged into the ram block. Providing additional output register may help in improving timing.
INFO: [Synth 8-7052] The timing for the instance data_mem_grain4_reg (implemented as a Block RAM) might be sub-optimal as no optional output register could be merged into the ram block. Providing additional output register may help in improving timing.
INFO: [Synth 8-7052] The timing for the instance data_mem_grain5_reg (implemented as a Block RAM) might be sub-optimal as no optional output register could be merged into the ram block. Providing additional output register may help in improving timing.
INFO: [Synth 8-7052] The timing for the instance data_mem_grain6_reg (implemented as a Block RAM) might be sub-optimal as no optional output register could be merged into the ram block. Providing additional output register may help in improving timing.
INFO: [Synth 8-7052] The timing for the instance data_mem_grain7_reg (implemented as a Block RAM) might be sub-optimal as no optional output register could be merged into the ram block. Providing additional output register may help in improving timing.
INFO: [Synth 8-7052] The timing for the instance data_mem_grain8_reg (implemented as a Block RAM) might be sub-optimal as no optional output register could be merged into the ram block. Providing additional output register may help in improving timing.
INFO: [Synth 8-7052] The timing for the instance data_mem_grain9_reg (implemented as a Block RAM) might be sub-optimal as no optional output register could be merged into the ram block. Providing additional output register may help in improving timing.
INFO: [Synth 8-7052] The timing for the instance data_mem_grain10_reg (implemented as a Block RAM) might be sub-optimal as no optional output register could be merged into the ram block. Providing additional output register may help in improving timing.
INFO: [Synth 8-7052] The timing for the instance data_mem_grain11_reg (implemented as a Block RAM) might be sub-optimal as no optional output register could be merged into the ram block. Providing additional output register may help in improving timing.
INFO: [Synth 8-7052] The timing for the instance data_mem_grain12_reg (implemented as a Block RAM) might be sub-optimal as no optional output register could be merged into the ram block. Providing additional output register may help in improving timing.
INFO: [Synth 8-7052] The timing for the instance data_mem_grain13_reg (implemented as a Block RAM) might be sub-optimal as no optional output register could be merged into the ram block. Providing additional output register may help in improving timing.
INFO: [Synth 8-7052] The timing for the instance data_mem_grain14_reg (implemented as a Block RAM) might be sub-optimal as no optional output register could be merged into the ram block. Providing additional output register may help in improving timing.
INFO: [Synth 8-7052] The timing for the instance data_mem_grain15_reg (implemented as a Block RAM) might be sub-optimal as no optional output register could be merged into the ram block. Providing additional output register may help in improving timing.
INFO: [Synth 8-7052] The timing for the instance rom_dat0_reg_0 (implemented as a Block RAM) might be sub-optimal as no optional output register could be merged into the ram block. Providing additional output register may help in improving timing.
INFO: [Synth 8-7052] The timing for the instance rom_dat0_reg_1 (implemented as a Block RAM) might be sub-optimal as no optional output register could be merged into the ram block. Providing additional output register may help in improving timing.
INFO: [Synth 8-7052] The timing for the instance rom_dat0_reg_2 (implemented as a Block RAM) might be sub-optimal as no optional output register could be merged into the ram block. Providing additional output register may help in improving timing.
INFO: [Synth 8-7052] The timing for the instance rom_dat0_reg_3 (implemented as a Block RAM) might be sub-optimal as no optional output register could be merged into the ram block. Providing additional output register may help in improving timing.
INFO: [Synth 8-7052] The timing for the instance rom_dat0_reg_4 (implemented as a Block RAM) might be sub-optimal as no optional output register could be merged into the ram block. Providing additional output register may help in improving timing.
INFO: [Synth 8-7052] The timing for the instance rom_dat0_reg_5 (implemented as a Block RAM) might be sub-optimal as no optional output register could be merged into the ram block. Providing additional output register may help in improving timing.
INFO: [Synth 8-7052] The timing for the instance rom_dat0_reg_6 (implemented as a Block RAM) might be sub-optimal as no optional output register could be merged into the ram block. Providing additional output register may help in improving timing.
INFO: [Synth 8-7052] The timing for the instance rom_dat0_reg_7 (implemented as a Block RAM) might be sub-optimal as no optional output register could be merged into the ram block. Providing additional output register may help in improving timing.
---------------------------------------------------------------------------------
Finished Technology Mapping : Time (s): cpu = 00:01:42 ; elapsed = 00:01:44 . Memory (MB): peak = 2368.969 ; gain = 731.504 ; free physical = 6172 ; free virtual = 11558
---------------------------------------------------------------------------------
---------------------------------------------------------------------------------
Start IO Insertion
---------------------------------------------------------------------------------
---------------------------------------------------------------------------------
Start Flattening Before IO Insertion
---------------------------------------------------------------------------------
---------------------------------------------------------------------------------
Finished Flattening Before IO Insertion
---------------------------------------------------------------------------------
---------------------------------------------------------------------------------
Start Final Netlist Cleanup
---------------------------------------------------------------------------------
---------------------------------------------------------------------------------
Finished Final Netlist Cleanup
---------------------------------------------------------------------------------
WARNING: [Synth 8-5396] Clock pin C has keep related attribute (keep/mark_debug/dont_touch) which could create extra logic on its net [/home/masamuneprog/AAML/CFU-Playground/soc/build/digilent_nexys4ddr.lab4_template/gateware/digilent_nexys4ddr.v:9072]
WARNING: [Synth 8-5396] Clock pin C has keep related attribute (keep/mark_debug/dont_touch) which could create extra logic on its net [/home/masamuneprog/AAML/CFU-Playground/soc/build/digilent_nexys4ddr.lab4_template/gateware/digilent_nexys4ddr.v:20]
WARNING: [Synth 8-5396] Clock pin C has keep related attribute (keep/mark_debug/dont_touch) which could create extra logic on its net [/home/masamuneprog/AAML/CFU-Playground/soc/build/digilent_nexys4ddr.lab4_template/gateware/digilent_nexys4ddr.v:8011]
WARNING: [Synth 8-5396] Clock pin CLK has keep related attribute (keep/mark_debug/dont_touch) which could create extra logic on its net [/home/masamuneprog/AAML/CFU-Playground/soc/build/digilent_nexys4ddr.lab4_template/gateware/digilent_nexys4ddr.v:8010]
WARNING: [Synth 8-5396] Clock pin C has keep related attribute (keep/mark_debug/dont_touch) which could create extra logic on its net [/home/masamuneprog/AAML/CFU-Playground/soc/build/digilent_nexys4ddr.lab4_template/gateware/digilent_nexys4ddr.v:20]
WARNING: [Synth 8-5396] Clock pin C has keep related attribute (keep/mark_debug/dont_touch) which could create extra logic on its net [/home/masamuneprog/AAML/CFU-Playground/soc/build/digilent_nexys4ddr.lab4_template/gateware/digilent_nexys4ddr.v:8992]
WARNING: [Synth 8-5396] Clock pin CLK has keep related attribute (keep/mark_debug/dont_touch) which could create extra logic on its net [/home/masamuneprog/AAML/CFU-Playground/soc/build/digilent_nexys4ddr.lab4_template/gateware/digilent_nexys4ddr.v:8991]
WARNING: [Synth 8-5396] Clock pin C has keep related attribute (keep/mark_debug/dont_touch) which could create extra logic on its net [/home/masamuneprog/AAML/CFU-Playground/soc/build/digilent_nexys4ddr.lab4_template/gateware/digilent_nexys4ddr.v:8992]
WARNING: [Synth 8-5396] Clock pin C has keep related attribute (keep/mark_debug/dont_touch) which could create extra logic on its net [/home/masamuneprog/AAML/CFU-Playground/soc/build/digilent_nexys4ddr.lab4_template/gateware/digilent_nexys4ddr.v:8991]
WARNING: [Synth 8-5396] Clock pin C has keep related attribute (keep/mark_debug/dont_touch) which could create extra logic on its net [/home/masamuneprog/AAML/CFU-Playground/soc/build/digilent_nexys4ddr.lab4_template/gateware/digilent_nexys4ddr.v:8990]
WARNING: [Synth 8-5396] Clock pin C has keep related attribute (keep/mark_debug/dont_touch) which could create extra logic on its net [/home/masamuneprog/AAML/CFU-Playground/soc/build/digilent_nexys4ddr.lab4_template/gateware/digilent_nexys4ddr.v:8989]
WARNING: [Synth 8-5396] Clock pin C has keep related attribute (keep/mark_debug/dont_touch) which could create extra logic on its net [/home/masamuneprog/AAML/CFU-Playground/soc/build/digilent_nexys4ddr.lab4_template/gateware/digilent_nexys4ddr.v:8988]
WARNING: [Synth 8-5396] Clock pin C has keep related attribute (keep/mark_debug/dont_touch) which could create extra logic on its net [/home/masamuneprog/AAML/CFU-Playground/soc/build/digilent_nexys4ddr.lab4_template/gateware/digilent_nexys4ddr.v:8987]
WARNING: [Synth 8-5396] Clock pin C has keep related attribute (keep/mark_debug/dont_touch) which could create extra logic on its net [/home/masamuneprog/AAML/CFU-Playground/soc/build/digilent_nexys4ddr.lab4_template/gateware/digilent_nexys4ddr.v:8986]
WARNING: [Synth 8-5396] Clock pin C has keep related attribute (keep/mark_debug/dont_touch) which could create extra logic on its net [/home/masamuneprog/AAML/CFU-Playground/soc/build/digilent_nexys4ddr.lab4_template/gateware/digilent_nexys4ddr.v:8985]
WARNING: [Synth 8-5396] Clock pin C has keep related attribute (keep/mark_debug/dont_touch) which could create extra logic on its net [/home/masamuneprog/AAML/CFU-Playground/third_party/python/pythondata_cpu_vexriscv/pythondata_cpu_vexriscv/verilog/VexRiscv_PerfCfu.v:5642]
WARNING: [Synth 8-5396] Clock pin C has keep related attribute (keep/mark_debug/dont_touch) which could create extra logic on its net [/home/masamuneprog/AAML/CFU-Playground/soc/build/digilent_nexys4ddr.lab4_template/gateware/digilent_nexys4ddr.v:7671]
WARNING: [Synth 8-5396] Clock pin C has keep related attribute (keep/mark_debug/dont_touch) which could create extra logic on its net [/home/masamuneprog/AAML/CFU-Playground/soc/build/digilent_nexys4ddr.lab4_template/gateware/digilent_nexys4ddr.v:7671]
WARNING: [Synth 8-5396] Clock pin C has keep related attribute (keep/mark_debug/dont_touch) which could create extra logic on its net [/home/masamuneprog/AAML/CFU-Playground/soc/build/digilent_nexys4ddr.lab4_template/gateware/digilent_nexys4ddr.v:7671]
WARNING: [Synth 8-5396] Clock pin C has keep related attribute (keep/mark_debug/dont_touch) which could create extra logic on its net [/home/masamuneprog/AAML/CFU-Playground/soc/build/digilent_nexys4ddr.lab4_template/gateware/digilent_nexys4ddr.v:7671]
WARNING: [Synth 8-5396] Clock pin C has keep related attribute (keep/mark_debug/dont_touch) which could create extra logic on its net [/home/masamuneprog/AAML/CFU-Playground/soc/build/digilent_nexys4ddr.lab4_template/gateware/digilent_nexys4ddr.v:7671]
WARNING: [Synth 8-5396] Clock pin C has keep related attribute (keep/mark_debug/dont_touch) which could create extra logic on its net [/home/masamuneprog/AAML/CFU-Playground/soc/build/digilent_nexys4ddr.lab4_template/gateware/digilent_nexys4ddr.v:7671]
WARNING: [Synth 8-5396] Clock pin C has keep related attribute (keep/mark_debug/dont_touch) which could create extra logic on its net [/home/masamuneprog/AAML/CFU-Playground/soc/build/digilent_nexys4ddr.lab4_template/gateware/digilent_nexys4ddr.v:7671]
WARNING: [Synth 8-5396] Clock pin C has keep related attribute (keep/mark_debug/dont_touch) which could create extra logic on its net [/home/masamuneprog/AAML/CFU-Playground/soc/build/digilent_nexys4ddr.lab4_template/gateware/digilent_nexys4ddr.v:7671]
WARNING: [Synth 8-5396] Clock pin C has keep related attribute (keep/mark_debug/dont_touch) which could create extra logic on its net [/home/masamuneprog/AAML/CFU-Playground/soc/build/digilent_nexys4ddr.lab4_template/gateware/digilent_nexys4ddr.v:6544]
WARNING: [Synth 8-5396] Clock pin C has keep related attribute (keep/mark_debug/dont_touch) which could create extra logic on its net [/home/masamuneprog/AAML/CFU-Playground/soc/build/digilent_nexys4ddr.lab4_template/gateware/digilent_nexys4ddr.v:6544]
WARNING: [Synth 8-5396] Clock pin C has keep related attribute (keep/mark_debug/dont_touch) which could create extra logic on its net [/home/masamuneprog/AAML/CFU-Playground/soc/build/digilent_nexys4ddr.lab4_template/gateware/digilent_nexys4ddr.v:6544]
WARNING: [Synth 8-5396] Clock pin C has keep related attribute (keep/mark_debug/dont_touch) which could create extra logic on its net [/home/masamuneprog/AAML/CFU-Playground/soc/build/digilent_nexys4ddr.lab4_template/gateware/digilent_nexys4ddr.v:6544]
WARNING: [Synth 8-5396] Clock pin C has keep related attribute (keep/mark_debug/dont_touch) which could create extra logic on its net [/home/masamuneprog/AAML/CFU-Playground/soc/build/digilent_nexys4ddr.lab4_template/gateware/digilent_nexys4ddr.v:6544]
WARNING: [Synth 8-5396] Clock pin C has keep related attribute (keep/mark_debug/dont_touch) which could create extra logic on its net [/home/masamuneprog/AAML/CFU-Playground/soc/build/digilent_nexys4ddr.lab4_template/gateware/digilent_nexys4ddr.v:6544]
WARNING: [Synth 8-5396] Clock pin C has keep related attribute (keep/mark_debug/dont_touch) which could create extra logic on its net [/home/masamuneprog/AAML/CFU-Playground/soc/build/digilent_nexys4ddr.lab4_template/gateware/digilent_nexys4ddr.v:6544]
WARNING: [Synth 8-5396] Clock pin C has keep related attribute (keep/mark_debug/dont_touch) which could create extra logic on its net [/home/masamuneprog/AAML/CFU-Playground/soc/build/digilent_nexys4ddr.lab4_template/gateware/digilent_nexys4ddr.v:6544]
WARNING: [Synth 8-5396] Clock pin C has keep related attribute (keep/mark_debug/dont_touch) which could create extra logic on its net [/home/masamuneprog/AAML/CFU-Playground/soc/build/digilent_nexys4ddr.lab4_template/gateware/digilent_nexys4ddr.v:6544]
WARNING: [Synth 8-5396] Clock pin C has keep related attribute (keep/mark_debug/dont_touch) which could create extra logic on its net [/home/masamuneprog/AAML/CFU-Playground/soc/build/digilent_nexys4ddr.lab4_template/gateware/digilent_nexys4ddr.v:6544]
WARNING: [Synth 8-5396] Clock pin C has keep related attribute (keep/mark_debug/dont_touch) which could create extra logic on its net [/home/masamuneprog/AAML/CFU-Playground/soc/build/digilent_nexys4ddr.lab4_template/gateware/digilent_nexys4ddr.v:6544]
WARNING: [Synth 8-5396] Clock pin C has keep related attribute (keep/mark_debug/dont_touch) which could create extra logic on its net [/home/masamuneprog/AAML/CFU-Playground/soc/build/digilent_nexys4ddr.lab4_template/gateware/digilent_nexys4ddr.v:6544]
WARNING: [Synth 8-5396] Clock pin C has keep related attribute (keep/mark_debug/dont_touch) which could create extra logic on its net [/home/masamuneprog/AAML/CFU-Playground/soc/build/digilent_nexys4ddr.lab4_template/gateware/digilent_nexys4ddr.v:6544]
WARNING: [Synth 8-5396] Clock pin C has keep related attribute (keep/mark_debug/dont_touch) which could create extra logic on its net [/home/masamuneprog/AAML/CFU-Playground/soc/build/digilent_nexys4ddr.lab4_template/gateware/digilent_nexys4ddr.v:6544]
WARNING: [Synth 8-5396] Clock pin C has keep related attribute (keep/mark_debug/dont_touch) which could create extra logic on its net [/home/masamuneprog/AAML/CFU-Playground/soc/build/digilent_nexys4ddr.lab4_template/gateware/digilent_nexys4ddr.v:6544]
WARNING: [Synth 8-5396] Clock pin C has keep related attribute (keep/mark_debug/dont_touch) which could create extra logic on its net [/home/masamuneprog/AAML/CFU-Playground/soc/build/digilent_nexys4ddr.lab4_template/gateware/digilent_nexys4ddr.v:6544]
WARNING: [Synth 8-5396] Clock pin C has keep related attribute (keep/mark_debug/dont_touch) which could create extra logic on its net [/home/masamuneprog/AAML/CFU-Playground/soc/build/digilent_nexys4ddr.lab4_template/gateware/digilent_nexys4ddr.v:6544]
WARNING: [Synth 8-5396] Clock pin C has keep related attribute (keep/mark_debug/dont_touch) which could create extra logic on its net [/home/masamuneprog/AAML/CFU-Playground/soc/build/digilent_nexys4ddr.lab4_template/gateware/digilent_nexys4ddr.v:6544]
WARNING: [Synth 8-5396] Clock pin C has keep related attribute (keep/mark_debug/dont_touch) which could create extra logic on its net [/home/masamuneprog/AAML/CFU-Playground/soc/build/digilent_nexys4ddr.lab4_template/gateware/digilent_nexys4ddr.v:6544]
WARNING: [Synth 8-5396] Clock pin C has keep related attribute (keep/mark_debug/dont_touch) which could create extra logic on its net [/home/masamuneprog/AAML/CFU-Playground/soc/build/digilent_nexys4ddr.lab4_template/gateware/digilent_nexys4ddr.v:6544]
WARNING: [Synth 8-5396] Clock pin C has keep related attribute (keep/mark_debug/dont_touch) which could create extra logic on its net [/home/masamuneprog/AAML/CFU-Playground/soc/build/digilent_nexys4ddr.lab4_template/gateware/digilent_nexys4ddr.v:6544]
WARNING: [Synth 8-5396] Clock pin C has keep related attribute (keep/mark_debug/dont_touch) which could create extra logic on its net [/home/masamuneprog/AAML/CFU-Playground/soc/build/digilent_nexys4ddr.lab4_template/gateware/digilent_nexys4ddr.v:6544]
WARNING: [Synth 8-5396] Clock pin C has keep related attribute (keep/mark_debug/dont_touch) which could create extra logic on its net [/home/masamuneprog/AAML/CFU-Playground/soc/build/digilent_nexys4ddr.lab4_template/gateware/digilent_nexys4ddr.v:6544]
WARNING: [Synth 8-5396] Clock pin C has keep related attribute (keep/mark_debug/dont_touch) which could create extra logic on its net [/home/masamuneprog/AAML/CFU-Playground/soc/build/digilent_nexys4ddr.lab4_template/gateware/digilent_nexys4ddr.v:6544]
WARNING: [Synth 8-5396] Clock pin C has keep related attribute (keep/mark_debug/dont_touch) which could create extra logic on its net [/home/masamuneprog/AAML/CFU-Playground/soc/build/digilent_nexys4ddr.lab4_template/gateware/digilent_nexys4ddr.v:6544]
WARNING: [Synth 8-5396] Clock pin C has keep related attribute (keep/mark_debug/dont_touch) which could create extra logic on its net [/home/masamuneprog/AAML/CFU-Playground/soc/build/digilent_nexys4ddr.lab4_template/gateware/digilent_nexys4ddr.v:6544]
WARNING: [Synth 8-5396] Clock pin C has keep related attribute (keep/mark_debug/dont_touch) which could create extra logic on its net [/home/masamuneprog/AAML/CFU-Playground/soc/build/digilent_nexys4ddr.lab4_template/gateware/digilent_nexys4ddr.v:6544]
WARNING: [Synth 8-5396] Clock pin C has keep related attribute (keep/mark_debug/dont_touch) which could create extra logic on its net [/home/masamuneprog/AAML/CFU-Playground/soc/build/digilent_nexys4ddr.lab4_template/gateware/digilent_nexys4ddr.v:6544]
WARNING: [Synth 8-5396] Clock pin C has keep related attribute (keep/mark_debug/dont_touch) which could create extra logic on its net [/home/masamuneprog/AAML/CFU-Playground/soc/build/digilent_nexys4ddr.lab4_template/gateware/digilent_nexys4ddr.v:6544]
WARNING: [Synth 8-5396] Clock pin C has keep related attribute (keep/mark_debug/dont_touch) which could create extra logic on its net [/home/masamuneprog/AAML/CFU-Playground/soc/build/digilent_nexys4ddr.lab4_template/gateware/digilent_nexys4ddr.v:6544]
WARNING: [Synth 8-5396] Clock pin C has keep related attribute (keep/mark_debug/dont_touch) which could create extra logic on its net [/home/masamuneprog/AAML/CFU-Playground/soc/build/digilent_nexys4ddr.lab4_template/gateware/digilent_nexys4ddr.v:6544]
WARNING: [Synth 8-5396] Clock pin C has keep related attribute (keep/mark_debug/dont_touch) which could create extra logic on its net [/home/masamuneprog/AAML/CFU-Playground/soc/build/digilent_nexys4ddr.lab4_template/gateware/digilent_nexys4ddr.v:6544]
WARNING: [Synth 8-5396] Clock pin C has keep related attribute (keep/mark_debug/dont_touch) which could create extra logic on its net [/home/masamuneprog/AAML/CFU-Playground/soc/build/digilent_nexys4ddr.lab4_template/gateware/digilent_nexys4ddr.v:6542]
WARNING: [Synth 8-5396] Clock pin C has keep related attribute (keep/mark_debug/dont_touch) which could create extra logic on its net [/home/masamuneprog/AAML/CFU-Playground/soc/build/digilent_nexys4ddr.lab4_template/gateware/digilent_nexys4ddr.v:6542]
WARNING: [Synth 8-5396] Clock pin C has keep related attribute (keep/mark_debug/dont_touch) which could create extra logic on its net [/home/masamuneprog/AAML/CFU-Playground/soc/build/digilent_nexys4ddr.lab4_template/gateware/digilent_nexys4ddr.v:6542]
WARNING: [Synth 8-5396] Clock pin C has keep related attribute (keep/mark_debug/dont_touch) which could create extra logic on its net [/home/masamuneprog/AAML/CFU-Playground/soc/build/digilent_nexys4ddr.lab4_template/gateware/digilent_nexys4ddr.v:6542]
WARNING: [Synth 8-5396] Clock pin C has keep related attribute (keep/mark_debug/dont_touch) which could create extra logic on its net [/home/masamuneprog/AAML/CFU-Playground/soc/build/digilent_nexys4ddr.lab4_template/gateware/digilent_nexys4ddr.v:6542]
WARNING: [Synth 8-5396] Clock pin C has keep related attribute (keep/mark_debug/dont_touch) which could create extra logic on its net [/home/masamuneprog/AAML/CFU-Playground/soc/build/digilent_nexys4ddr.lab4_template/gateware/digilent_nexys4ddr.v:6542]
WARNING: [Synth 8-5396] Clock pin C has keep related attribute (keep/mark_debug/dont_touch) which could create extra logic on its net [/home/masamuneprog/AAML/CFU-Playground/soc/build/digilent_nexys4ddr.lab4_template/gateware/digilent_nexys4ddr.v:6542]
WARNING: [Synth 8-5396] Clock pin C has keep related attribute (keep/mark_debug/dont_touch) which could create extra logic on its net [/home/masamuneprog/AAML/CFU-Playground/soc/build/digilent_nexys4ddr.lab4_template/gateware/digilent_nexys4ddr.v:6542]
WARNING: [Synth 8-5396] Clock pin C has keep related attribute (keep/mark_debug/dont_touch) which could create extra logic on its net [/home/masamuneprog/AAML/CFU-Playground/soc/build/digilent_nexys4ddr.lab4_template/gateware/digilent_nexys4ddr.v:6542]
WARNING: [Synth 8-5396] Clock pin C has keep related attribute (keep/mark_debug/dont_touch) which could create extra logic on its net [/home/masamuneprog/AAML/CFU-Playground/soc/build/digilent_nexys4ddr.lab4_template/gateware/digilent_nexys4ddr.v:6542]
WARNING: [Synth 8-5396] Clock pin C has keep related attribute (keep/mark_debug/dont_touch) which could create extra logic on its net [/home/masamuneprog/AAML/CFU-Playground/soc/build/digilent_nexys4ddr.lab4_template/gateware/digilent_nexys4ddr.v:6542]
WARNING: [Synth 8-5396] Clock pin C has keep related attribute (keep/mark_debug/dont_touch) which could create extra logic on its net [/home/masamuneprog/AAML/CFU-Playground/soc/build/digilent_nexys4ddr.lab4_template/gateware/digilent_nexys4ddr.v:6542]
WARNING: [Synth 8-5396] Clock pin C has keep related attribute (keep/mark_debug/dont_touch) which could create extra logic on its net [/home/masamuneprog/AAML/CFU-Playground/soc/build/digilent_nexys4ddr.lab4_template/gateware/digilent_nexys4ddr.v:6542]
WARNING: [Synth 8-5396] Clock pin C has keep related attribute (keep/mark_debug/dont_touch) which could create extra logic on its net [/home/masamuneprog/AAML/CFU-Playground/soc/build/digilent_nexys4ddr.lab4_template/gateware/digilent_nexys4ddr.v:6542]
WARNING: [Synth 8-5396] Clock pin C has keep related attribute (keep/mark_debug/dont_touch) which could create extra logic on its net [/home/masamuneprog/AAML/CFU-Playground/third_party/python/pythondata_cpu_vexriscv/pythondata_cpu_vexriscv/verilog/VexRiscv_PerfCfu.v:3325]
WARNING: [Synth 8-5396] Clock pin C has keep related attribute (keep/mark_debug/dont_touch) which could create extra logic on its net [/home/masamuneprog/AAML/CFU-Playground/third_party/python/pythondata_cpu_vexriscv/pythondata_cpu_vexriscv/verilog/VexRiscv_PerfCfu.v:3325]
WARNING: [Synth 8-5396] Clock pin C has keep related attribute (keep/mark_debug/dont_touch) which could create extra logic on its net [/home/masamuneprog/AAML/CFU-Playground/third_party/python/pythondata_cpu_vexriscv/pythondata_cpu_vexriscv/verilog/VexRiscv_PerfCfu.v:3325]
WARNING: [Synth 8-5396] Clock pin C has keep related attribute (keep/mark_debug/dont_touch) which could create extra logic on its net [/home/masamuneprog/AAML/CFU-Playground/third_party/python/pythondata_cpu_vexriscv/pythondata_cpu_vexriscv/verilog/VexRiscv_PerfCfu.v:3325]
WARNING: [Synth 8-5396] Clock pin C has keep related attribute (keep/mark_debug/dont_touch) which could create extra logic on its net [/home/masamuneprog/AAML/CFU-Playground/third_party/python/pythondata_cpu_vexriscv/pythondata_cpu_vexriscv/verilog/VexRiscv_PerfCfu.v:3325]
WARNING: [Synth 8-5396] Clock pin C has keep related attribute (keep/mark_debug/dont_touch) which could create extra logic on its net [/home/masamuneprog/AAML/CFU-Playground/third_party/python/pythondata_cpu_vexriscv/pythondata_cpu_vexriscv/verilog/VexRiscv_PerfCfu.v:3325]
WARNING: [Synth 8-5396] Clock pin C has keep related attribute (keep/mark_debug/dont_touch) which could create extra logic on its net [/home/masamuneprog/AAML/CFU-Playground/third_party/python/pythondata_cpu_vexriscv/pythondata_cpu_vexriscv/verilog/VexRiscv_PerfCfu.v:3325]
WARNING: [Synth 8-5396] Clock pin C has keep related attribute (keep/mark_debug/dont_touch) which could create extra logic on its net [/home/masamuneprog/AAML/CFU-Playground/third_party/python/pythondata_cpu_vexriscv/pythondata_cpu_vexriscv/verilog/VexRiscv_PerfCfu.v:3325]
WARNING: [Synth 8-5396] Clock pin C has keep related attribute (keep/mark_debug/dont_touch) which could create extra logic on its net [/home/masamuneprog/AAML/CFU-Playground/third_party/python/pythondata_cpu_vexriscv/pythondata_cpu_vexriscv/verilog/VexRiscv_PerfCfu.v:3325]
WARNING: [Synth 8-5396] Clock pin C has keep related attribute (keep/mark_debug/dont_touch) which could create extra logic on its net [/home/masamuneprog/AAML/CFU-Playground/third_party/python/pythondata_cpu_vexriscv/pythondata_cpu_vexriscv/verilog/VexRiscv_PerfCfu.v:3325]
WARNING: [Synth 8-5396] Clock pin C has keep related attribute (keep/mark_debug/dont_touch) which could create extra logic on its net [/home/masamuneprog/AAML/CFU-Playground/third_party/python/pythondata_cpu_vexriscv/pythondata_cpu_vexriscv/verilog/VexRiscv_PerfCfu.v:3325]
WARNING: [Synth 8-5396] Clock pin C has keep related attribute (keep/mark_debug/dont_touch) which could create extra logic on its net [/home/masamuneprog/AAML/CFU-Playground/third_party/python/pythondata_cpu_vexriscv/pythondata_cpu_vexriscv/verilog/VexRiscv_PerfCfu.v:3325]
WARNING: [Synth 8-5396] Clock pin C has keep related attribute (keep/mark_debug/dont_touch) which could create extra logic on its net [/home/masamuneprog/AAML/CFU-Playground/third_party/python/pythondata_cpu_vexriscv/pythondata_cpu_vexriscv/verilog/VexRiscv_PerfCfu.v:3325]
WARNING: [Synth 8-5396] Clock pin C has keep related attribute (keep/mark_debug/dont_touch) which could create extra logic on its net [/home/masamuneprog/AAML/CFU-Playground/third_party/python/pythondata_cpu_vexriscv/pythondata_cpu_vexriscv/verilog/VexRiscv_PerfCfu.v:3325]
WARNING: [Synth 8-5396] Clock pin C has keep related attribute (keep/mark_debug/dont_touch) which could create extra logic on its net [/home/masamuneprog/AAML/CFU-Playground/third_party/python/pythondata_cpu_vexriscv/pythondata_cpu_vexriscv/verilog/VexRiscv_PerfCfu.v:3325]
WARNING: [Synth 8-5396] Clock pin C has keep related attribute (keep/mark_debug/dont_touch) which could create extra logic on its net [/home/masamuneprog/AAML/CFU-Playground/third_party/python/pythondata_cpu_vexriscv/pythondata_cpu_vexriscv/verilog/VexRiscv_PerfCfu.v:3325]
WARNING: [Synth 8-5396] Clock pin C has keep related attribute (keep/mark_debug/dont_touch) which could create extra logic on its net [/home/masamuneprog/AAML/CFU-Playground/third_party/python/pythondata_cpu_vexriscv/pythondata_cpu_vexriscv/verilog/VexRiscv_PerfCfu.v:3325]
WARNING: [Synth 8-5396] Clock pin C has keep related attribute (keep/mark_debug/dont_touch) which could create extra logic on its net [/home/masamuneprog/AAML/CFU-Playground/third_party/python/pythondata_cpu_vexriscv/pythondata_cpu_vexriscv/verilog/VexRiscv_PerfCfu.v:3325]
WARNING: [Synth 8-5396] Clock pin C has keep related attribute (keep/mark_debug/dont_touch) which could create extra logic on its net [/home/masamuneprog/AAML/CFU-Playground/third_party/python/pythondata_cpu_vexriscv/pythondata_cpu_vexriscv/verilog/VexRiscv_PerfCfu.v:3325]
WARNING: [Synth 8-5396] Clock pin C has keep related attribute (keep/mark_debug/dont_touch) which could create extra logic on its net [/home/masamuneprog/AAML/CFU-Playground/third_party/python/pythondata_cpu_vexriscv/pythondata_cpu_vexriscv/verilog/VexRiscv_PerfCfu.v:3325]
WARNING: [Synth 8-5396] Clock pin C has keep related attribute (keep/mark_debug/dont_touch) which could create extra logic on its net [/home/masamuneprog/AAML/CFU-Playground/third_party/python/pythondata_cpu_vexriscv/pythondata_cpu_vexriscv/verilog/VexRiscv_PerfCfu.v:3325]
WARNING: [Synth 8-5396] Clock pin C has keep related attribute (keep/mark_debug/dont_touch) which could create extra logic on its net [/home/masamuneprog/AAML/CFU-Playground/third_party/python/pythondata_cpu_vexriscv/pythondata_cpu_vexriscv/verilog/VexRiscv_PerfCfu.v:3325]
WARNING: [Synth 8-5396] Clock pin C has keep related attribute (keep/mark_debug/dont_touch) which could create extra logic on its net [/home/masamuneprog/AAML/CFU-Playground/third_party/python/pythondata_cpu_vexriscv/pythondata_cpu_vexriscv/verilog/VexRiscv_PerfCfu.v:3325]
WARNING: [Synth 8-5396] Clock pin C has keep related attribute (keep/mark_debug/dont_touch) which could create extra logic on its net [/home/masamuneprog/AAML/CFU-Playground/third_party/python/pythondata_cpu_vexriscv/pythondata_cpu_vexriscv/verilog/VexRiscv_PerfCfu.v:3325]
WARNING: [Synth 8-5396] Clock pin C has keep related attribute (keep/mark_debug/dont_touch) which could create extra logic on its net [/home/masamuneprog/AAML/CFU-Playground/third_party/python/pythondata_cpu_vexriscv/pythondata_cpu_vexriscv/verilog/VexRiscv_PerfCfu.v:3325]
WARNING: [Synth 8-5396] Clock pin C has keep related attribute (keep/mark_debug/dont_touch) which could create extra logic on its net [/home/masamuneprog/AAML/CFU-Playground/third_party/python/pythondata_cpu_vexriscv/pythondata_cpu_vexriscv/verilog/VexRiscv_PerfCfu.v:3325]
WARNING: [Synth 8-5396] Clock pin C has keep related attribute (keep/mark_debug/dont_touch) which could create extra logic on its net [/home/masamuneprog/AAML/CFU-Playground/third_party/python/pythondata_cpu_vexriscv/pythondata_cpu_vexriscv/verilog/VexRiscv_PerfCfu.v:3325]
WARNING: [Synth 8-5396] Clock pin C has keep related attribute (keep/mark_debug/dont_touch) which could create extra logic on its net [/home/masamuneprog/AAML/CFU-Playground/third_party/python/pythondata_cpu_vexriscv/pythondata_cpu_vexriscv/verilog/VexRiscv_PerfCfu.v:3325]
WARNING: [Synth 8-5396] Clock pin C has keep related attribute (keep/mark_debug/dont_touch) which could create extra logic on its net [/home/masamuneprog/AAML/CFU-Playground/third_party/python/pythondata_cpu_vexriscv/pythondata_cpu_vexriscv/verilog/VexRiscv_PerfCfu.v:3325]
WARNING: [Synth 8-5396] Clock pin C has keep related attribute (keep/mark_debug/dont_touch) which could create extra logic on its net [/home/masamuneprog/AAML/CFU-Playground/third_party/python/pythondata_cpu_vexriscv/pythondata_cpu_vexriscv/verilog/VexRiscv_PerfCfu.v:3325]
INFO: [Common 17-14] Message 'Synth 8-5396' appears 100 times and further instances of the messages will be disabled. Use the Tcl command set_msg_config to change the current settings.
---------------------------------------------------------------------------------
Finished IO Insertion : Time (s): cpu = 00:01:47 ; elapsed = 00:01:49 . Memory (MB): peak = 2371.938 ; gain = 734.473 ; free physical = 6173 ; free virtual = 11559
---------------------------------------------------------------------------------
---------------------------------------------------------------------------------
Start Renaming Generated Instances
---------------------------------------------------------------------------------
---------------------------------------------------------------------------------
Finished Renaming Generated Instances : Time (s): cpu = 00:01:47 ; elapsed = 00:01:49 . Memory (MB): peak = 2371.938 ; gain = 734.473 ; free physical = 6173 ; free virtual = 11559
---------------------------------------------------------------------------------
---------------------------------------------------------------------------------
Start Rebuilding User Hierarchy
---------------------------------------------------------------------------------
---------------------------------------------------------------------------------
Finished Rebuilding User Hierarchy : Time (s): cpu = 00:01:49 ; elapsed = 00:01:51 . Memory (MB): peak = 2371.938 ; gain = 734.473 ; free physical = 6172 ; free virtual = 11558
---------------------------------------------------------------------------------
---------------------------------------------------------------------------------
Start Renaming Generated Ports
---------------------------------------------------------------------------------
---------------------------------------------------------------------------------
Finished Renaming Generated Ports : Time (s): cpu = 00:01:49 ; elapsed = 00:01:51 . Memory (MB): peak = 2371.938 ; gain = 734.473 ; free physical = 6172 ; free virtual = 11558
---------------------------------------------------------------------------------
---------------------------------------------------------------------------------
Start Handling Custom Attributes
---------------------------------------------------------------------------------
---------------------------------------------------------------------------------
Finished Handling Custom Attributes : Time (s): cpu = 00:01:49 ; elapsed = 00:01:51 . Memory (MB): peak = 2371.938 ; gain = 734.473 ; free physical = 6171 ; free virtual = 11557
---------------------------------------------------------------------------------
---------------------------------------------------------------------------------
Start Renaming Generated Nets
---------------------------------------------------------------------------------
---------------------------------------------------------------------------------
Finished Renaming Generated Nets : Time (s): cpu = 00:01:49 ; elapsed = 00:01:51 . Memory (MB): peak = 2371.938 ; gain = 734.473 ; free physical = 6171 ; free virtual = 11557
---------------------------------------------------------------------------------
---------------------------------------------------------------------------------
Start ROM, RAM, DSP, Shift Register and Retiming Reporting
---------------------------------------------------------------------------------

Static Shift Register Report:
+-------------------+-------------------------------------------------+--------+-------+--------------+--------------------+-------------------+--------+---------+
|Module Name        | RTL Name                                        | Length | Width | Reset Signal | Pull out first Reg | Pull out last Reg | SRL16E | SRLC32E | 
+-------------------+-------------------------------------------------+--------+-------+--------------+--------------------+-------------------+--------+---------+
|digilent_nexys4ddr | soc_builder_basesoc_new_master_rdata_valid8_reg | 9      | 1     | YES          | NO                 | YES               | 1      | 0       | 
|digilent_nexys4ddr | soc_a7ddrphy_rddata_en_tappeddelayline7_reg     | 8      | 1     | YES          | NO                 | YES               | 1      | 0       | 
+-------------------+-------------------------------------------------+--------+-------+--------------+--------------------+-------------------+--------+---------+

---------------------------------------------------------------------------------
Finished ROM, RAM, DSP, Shift Register and Retiming Reporting
---------------------------------------------------------------------------------
---------------------------------------------------------------------------------
Start Writing Synthesis Report
---------------------------------------------------------------------------------

DSP Final Report (the ' indicates corresponding REG is set)
+------------+--------------+--------+--------+--------+--------+--------+------+------+------+------+-------+------+------+
|Module Name | DSP Mapping  | A Size | B Size | C Size | D Size | P Size | AREG | BREG | CREG | DREG | ADREG | MREG | PREG | 
+------------+--------------+--------+--------+--------+--------+--------+------+------+------+------+-------+------+------+
|exp_inter   | A*B          | 30     | 17     | -      | -      | 48     | 0    | 0    | -    | -    | -     | 0    | 0    | 
|exp_inter   | PCIN>>17+A*B | 30     | 14     | -      | -      | 48     | 0    | 0    | -    | -    | -     | 0    | 0    | 
|exp_inter   | A*B          | 30     | 16     | -      | -      | 48     | 0    | 0    | -    | -    | -     | 0    | 0    | 
|exp_inter   | PCIN>>17+A*B | 30     | 14     | -      | -      | 48     | 0    | 0    | -    | -    | -     | 0    | 0    | 
|exp_inter   | A*B          | 30     | 14     | -      | -      | 48     | 0    | 0    | -    | -    | -     | 0    | 0    | 
|exp_inter   | PCIN>>17+A*B | 30     | 14     | -      | -      | 48     | 0    | 0    | -    | -    | -     | 0    | 0    | 
|exp_inter   | A*B          | 30     | 16     | -      | -      | 48     | 0    | 0    | -    | -    | -     | 0    | 0    | 
|exp_inter   | PCIN>>17+A*B | 30     | 14     | -      | -      | 48     | 0    | 0    | -    | -    | -     | 0    | 0    | 
|exp_inter   | A*B          | 30     | 15     | -      | -      | 48     | 0    | 0    | -    | -    | -     | 0    | 0    | 
|exp_inter   | PCIN>>17+A*B | 30     | 14     | -      | -      | 48     | 0    | 0    | -    | -    | -     | 0    | 0    | 
|exp_inter   | A*B          | 30     | 14     | -      | -      | 48     | 0    | 0    | -    | -    | -     | 0    | 0    | 
|exp_inter   | A*B          | 17     | 14     | -      | -      | 48     | 0    | 0    | -    | -    | -     | 0    | 0    | 
|exp_inter   | PCIN>>17+A*B | 17     | 14     | -      | -      | 48     | 0    | 0    | -    | -    | -     | 0    | 0    | 
|exp_inter   | A*B          | 17     | 18     | -      | -      | 48     | 0    | 0    | -    | -    | -     | 0    | 0    | 
|exp_inter   | A*B          | 17     | 17     | -      | -      | 48     | 0    | 0    | -    | -    | -     | 0    | 0    | 
|exp_inter   | PCIN>>17+A*B | 17     | 14     | -      | -      | 48     | 0    | 0    | -    | -    | -     | 0    | 0    | 
|exp_inter   | A*B          | 30     | 16     | -      | -      | 48     | 0    | 0    | -    | -    | -     | 0    | 0    | 
|exp_inter   | A*B          | 17     | 16     | -      | -      | 48     | 0    | 0    | -    | -    | -     | 0    | 0    | 
|exp_inter   | PCIN>>17+A*B | 0      | 14     | -      | -      | 48     | 0    | 0    | -    | -    | -     | 0    | 0    | 
|exp_inter   | A*B          | 30     | 12     | -      | -      | 48     | 0    | 0    | -    | -    | -     | 0    | 0    | 
|exp_inter   | A*B          | 17     | 12     | -      | -      | 48     | 0    | 0    | -    | -    | -     | 0    | 0    | 
|exp_inter   | PCIN>>17+A*B | 17     | 14     | -      | -      | 48     | 0    | 0    | -    | -    | -     | 0    | 0    | 
|exp_inter   | A*B          | 30     | 13     | -      | -      | 48     | 0    | 0    | -    | -    | -     | 0    | 0    | 
|exp_inter   | A*B          | 17     | 13     | -      | -      | 48     | 0    | 0    | -    | -    | -     | 0    | 0    | 
|exp_inter   | PCIN>>17+A*B | 17     | 14     | -      | -      | 48     | 0    | 0    | -    | -    | -     | 0    | 0    | 
|exp_inter   | A*B          | 30     | 16     | -      | -      | 48     | 0    | 0    | -    | -    | -     | 0    | 0    | 
|exp_inter   | A*B          | 17     | 16     | -      | -      | 48     | 0    | 0    | -    | -    | -     | 0    | 0    | 
|exp_inter   | PCIN>>17+A*B | 17     | 14     | -      | -      | 48     | 0    | 0    | -    | -    | -     | 0    | 0    | 
|exp_inter   | A*B          | 17     | 18     | -      | -      | 48     | 0    | 0    | -    | -    | -     | 0    | 0    | 
|exp_inter   | A*B          | 17     | 17     | -      | -      | 48     | 0    | 0    | -    | -    | -     | 0    | 0    | 
|exp_inter   | PCIN>>17+A*B | 17     | 14     | -      | -      | 48     | 0    | 0    | -    | -    | -     | 0    | 0    | 
|exp_inter   | A*B          | 30     | 7      | -      | -      | 48     | 0    | 0    | -    | -    | -     | 0    | 0    | 
|exp_inter   | A*B          | 17     | 7      | -      | -      | 48     | 0    | 0    | -    | -    | -     | 0    | 0    | 
|exp_inter   | PCIN>>17+A*B | 17     | 13     | -      | -      | 48     | 0    | 0    | -    | -    | -     | 0    | 0    | 
|exp_inter   | A*B          | 17     | 18     | -      | -      | 48     | 0    | 0    | -    | -    | -     | 0    | 0    | 
|exp_inter   | A*B          | 17     | 17     | -      | -      | 48     | 0    | 0    | -    | -    | -     | 0    | 0    | 
|exp_inter   | PCIN>>17+A*B | 17     | 13     | -      | -      | 48     | 0    | 0    | -    | -    | -     | 0    | 0    | 
|exp_inter   | A*B          | 17     | 18     | -      | -      | 48     | 0    | 0    | -    | -    | -     | 0    | 0    | 
|exp_inter   | A*B          | 17     | 17     | -      | -      | 48     | 0    | 0    | -    | -    | -     | 0    | 0    | 
|exp_inter   | PCIN>>17+A*B | 17     | 13     | -      | -      | 48     | 0    | 0    | -    | -    | -     | 0    | 0    | 
|VexRiscv    | ((A*B)')'    | 30     | 18     | -      | -      | 32     | 0    | 0    | -    | -    | -     | 1    | 1    | 
|VexRiscv    | (A*B)'       | 16     | 18     | -      | -      | 34     | 0    | 0    | -    | -    | -     | 0    | 1    | 
|VexRiscv    | (A*B)'       | 30     | 16     | -      | -      | 34     | 0    | 0    | -    | -    | -     | 0    | 1    | 
|VexRiscv    | (A*B)'       | 16     | 16     | -      | -      | 32     | 0    | 0    | -    | -    | -     | 0    | 1    | 
+------------+--------------+--------+--------+--------+--------+--------+------+------+------+------+-------+------+------+


Report BlackBoxes: 
+-+--------------+----------+
| |BlackBox name |Instances |
+-+--------------+----------+
+-+--------------+----------+

Report Cell Usage: 
+------+-----------+------+
|      |Cell       |Count |
+------+-----------+------+
|1     |BUFG       |     7|
|2     |CARRY4     |   447|
|3     |DSP48E1    |    44|
|7     |IDELAYCTRL |     1|
|8     |IDELAYE2   |    16|
|9     |ISERDESE2  |    16|
|10    |LUT1       |   366|
|11    |LUT2       |  1036|
|12    |LUT3       |   831|
|13    |LUT4       |   755|
|14    |LUT5       |  1079|
|15    |LUT6       |  2159|
|16    |MMCME2_ADV |     1|
|17    |MUXF7      |    86|
|18    |OSERDESE2  |    43|
|19    |RAM32M     |    36|
|20    |RAMB18E1   |    25|
|24    |RAMB36E1   |    12|
|34    |SRL16E     |     2|
|35    |FDCE       |     8|
|36    |FDPE       |     4|
|37    |FDRE       |  3547|
|38    |FDSE       |   178|
|39    |IBUF       |     3|
|40    |IOBUF      |    16|
|41    |IOBUFDS    |     2|
|42    |OBUF       |    41|
|43    |OBUFDS     |     1|
+------+-----------+------+
---------------------------------------------------------------------------------
Finished Writing Synthesis Report : Time (s): cpu = 00:01:49 ; elapsed = 00:01:51 . Memory (MB): peak = 2371.938 ; gain = 734.473 ; free physical = 6171 ; free virtual = 11557
---------------------------------------------------------------------------------
Synthesis finished with 0 errors, 0 critical warnings and 4081 warnings.
Synthesis Optimization Runtime : Time (s): cpu = 00:01:45 ; elapsed = 00:01:47 . Memory (MB): peak = 2371.938 ; gain = 603.656 ; free physical = 6171 ; free virtual = 11557
Synthesis Optimization Complete : Time (s): cpu = 00:01:50 ; elapsed = 00:01:51 . Memory (MB): peak = 2371.945 ; gain = 734.473 ; free physical = 6171 ; free virtual = 11557
INFO: [Project 1-571] Translating synthesized netlist
Netlist sorting complete. Time (s): cpu = 00:00:00.12 ; elapsed = 00:00:00.11 . Memory (MB): peak = 2371.945 ; gain = 0.000 ; free physical = 6459 ; free virtual = 11848
INFO: [Netlist 29-17] Analyzing 702 Unisim elements for replacement
INFO: [Netlist 29-28] Unisim Transformation completed in 0 CPU seconds
INFO: [Project 1-570] Preparing netlist for logic optimization
Parsing XDC File [/home/masamuneprog/AAML/CFU-Playground/soc/build/digilent_nexys4ddr.lab4_template/gateware/digilent_nexys4ddr.xdc]
INFO: [Timing 38-35] Done setting XDC timing constraints. [/home/masamuneprog/AAML/CFU-Playground/soc/build/digilent_nexys4ddr.lab4_template/gateware/digilent_nexys4ddr.xdc:343]
INFO: [Timing 38-2] Deriving generated clocks [/home/masamuneprog/AAML/CFU-Playground/soc/build/digilent_nexys4ddr.lab4_template/gateware/digilent_nexys4ddr.xdc:343]
WARNING: [Vivado 12-3521] Clock specified in more than one group: soc_crg_clkout0 [/home/masamuneprog/AAML/CFU-Playground/soc/build/digilent_nexys4ddr.lab4_template/gateware/digilent_nexys4ddr.xdc:343]
Finished Parsing XDC File [/home/masamuneprog/AAML/CFU-Playground/soc/build/digilent_nexys4ddr.lab4_template/gateware/digilent_nexys4ddr.xdc]
INFO: [Opt 31-138] Pushed 3 inverter(s) to 34 load pin(s).
Netlist sorting complete. Time (s): cpu = 00:00:00.02 ; elapsed = 00:00:00.02 . Memory (MB): peak = 2927.953 ; gain = 0.000 ; free physical = 6104 ; free virtual = 11512
INFO: [Project 1-111] Unisim Transformation Summary:
  A total of 55 instances were transformed.
  IOBUF => IOBUF (IBUF, OBUFT): 16 instances
  IOBUFDS => IOBUFDS (IBUFDS, INV, OBUFTDS(x2)): 2 instances
  OBUFDS => OBUFDS_DUAL_BUF (INV, OBUFDS(x2)): 1 instance 
  RAM32M => RAM32M (RAMD32(x6), RAMS32(x2)): 36 instances

Synth Design complete | Checksum: c082b06d
INFO: [Common 17-83] Releasing license: Synthesis
113 Infos, 529 Warnings, 0 Critical Warnings and 0 Errors encountered.
synth_design completed successfully
synth_design: Time (s): cpu = 00:02:09 ; elapsed = 00:02:06 . Memory (MB): peak = 2927.988 ; gain = 1639.469 ; free physical = 6107 ; free virtual = 11514
INFO: [Common 17-2834] synth_design peak Physical Memory [PSS] (MB): overall = 2227.141; main = 2227.141; forked = 445.634
INFO: [Common 17-2834] synth_design peak Virtual Memory [VSS] (MB): overall = 3356.348; main = 2927.953; forked = 984.410
# report_timing_summary -file digilent_nexys4ddr_timing_synth.rpt
INFO: [Timing 38-35] Done setting XDC timing constraints.
INFO: [Timing 38-91] UpdateTimingParams: Speed grade: -1, Delay Type: min_max.
INFO: [Timing 38-191] Multithreading enabled for timing update using a maximum of 8 CPUs
# report_utilization -hierarchical -file digilent_nexys4ddr_utilization_hierarchical_synth.rpt
# report_utilization -file digilent_nexys4ddr_utilization_synth.rpt
# opt_design -directive default
Command: opt_design -directive default
INFO: [Vivado_Tcl 4-136] Directive used for opt_design is: default
Attempting to get a license for feature 'Implementation' and/or device 'xc7a100t'
INFO: [Common 17-349] Got license for feature 'Implementation' and/or device 'xc7a100t'
Running DRC as a precondition to command opt_design

Starting DRC Task
INFO: [DRC 23-27] Running DRC with 8 threads
INFO: [Project 1-461] DRC finished with 0 Errors
INFO: [Project 1-462] Please refer to the DRC report (report_drc) for more information.

Time (s): cpu = 00:00:02 ; elapsed = 00:00:01 . Memory (MB): peak = 2999.012 ; gain = 64.031 ; free physical = 6101 ; free virtual = 11508

Starting Cache Timing Information Task
Ending Cache Timing Information Task | Checksum: 137be25f0

Time (s): cpu = 00:00:00.01 ; elapsed = 00:00:00.01 . Memory (MB): peak = 2999.012 ; gain = 0.000 ; free physical = 6101 ; free virtual = 11508

Starting Logic Optimization Task

Phase 1 Initialization

Phase 1.1 Core Generation And Design Setup
Phase 1.1 Core Generation And Design Setup | Checksum: 137be25f0

Time (s): cpu = 00:00:00.01 ; elapsed = 00:00:00 . Memory (MB): peak = 2999.012 ; gain = 0.000 ; free physical = 6070 ; free virtual = 11477

Phase 1.2 Setup Constraints And Sort Netlist
Phase 1.2 Setup Constraints And Sort Netlist | Checksum: 137be25f0

Time (s): cpu = 00:00:00.03 ; elapsed = 00:00:00.02 . Memory (MB): peak = 2999.012 ; gain = 0.000 ; free physical = 6070 ; free virtual = 11477
Phase 1 Initialization | Checksum: 137be25f0

Time (s): cpu = 00:00:00.04 ; elapsed = 00:00:00.03 . Memory (MB): peak = 2999.012 ; gain = 0.000 ; free physical = 6070 ; free virtual = 11477

Phase 2 Timer Update And Timing Data Collection

Phase 2.1 Timer Update
Phase 2.1 Timer Update | Checksum: 137be25f0

Time (s): cpu = 00:00:00.98 ; elapsed = 00:00:00.3 . Memory (MB): peak = 2999.012 ; gain = 0.000 ; free physical = 6071 ; free virtual = 11479

Phase 2.2 Timing Data Collection
Phase 2.2 Timing Data Collection | Checksum: 137be25f0

Time (s): cpu = 00:00:01 ; elapsed = 00:00:00.35 . Memory (MB): peak = 2999.012 ; gain = 0.000 ; free physical = 6071 ; free virtual = 11479
Phase 2 Timer Update And Timing Data Collection | Checksum: 137be25f0

Time (s): cpu = 00:00:01 ; elapsed = 00:00:00.36 . Memory (MB): peak = 2999.012 ; gain = 0.000 ; free physical = 6071 ; free virtual = 11479

Phase 3 Retarget
INFO: [Opt 31-1566] Pulled 23 inverters resulting in an inversion of 114 pins
INFO: [Opt 31-138] Pushed 0 inverter(s) to 0 load pin(s).
INFO: [Opt 31-49] Retargeted 0 cell(s).
Phase 3 Retarget | Checksum: 1a0c7eccd

Time (s): cpu = 00:00:02 ; elapsed = 00:00:00.64 . Memory (MB): peak = 2999.012 ; gain = 0.000 ; free physical = 6071 ; free virtual = 11479
Retarget | Checksum: 1a0c7eccd
INFO: [Opt 31-389] Phase Retarget created 0 cells and removed 25 cells
INFO: [Opt 31-1021] In phase Retarget, 4 netlist objects are constrained preventing optimization. Please run opt_design with -debug_log to get more detail. 

Phase 4 Constant propagation
INFO: [Opt 31-138] Pushed 0 inverter(s) to 0 load pin(s).
Phase 4 Constant propagation | Checksum: 1ce05bd3a

Time (s): cpu = 00:00:02 ; elapsed = 00:00:00.83 . Memory (MB): peak = 2999.012 ; gain = 0.000 ; free physical = 6071 ; free virtual = 11479
Constant propagation | Checksum: 1ce05bd3a
INFO: [Opt 31-389] Phase Constant propagation created 1 cells and removed 4 cells
INFO: [Opt 31-1021] In phase Constant propagation, 2 netlist objects are constrained preventing optimization. Please run opt_design with -debug_log to get more detail. 

Phase 5 Sweep
Phase 5 Sweep | Checksum: 16d4492d4

Time (s): cpu = 00:00:02 ; elapsed = 00:00:01 . Memory (MB): peak = 2999.012 ; gain = 0.000 ; free physical = 6071 ; free virtual = 11479
Sweep | Checksum: 16d4492d4
INFO: [Opt 31-389] Phase Sweep created 0 cells and removed 5 cells
INFO: [Opt 31-1021] In phase Sweep, 28 netlist objects are constrained preventing optimization. Please run opt_design with -debug_log to get more detail. 

Phase 6 BUFG optimization
Phase 6 BUFG optimization | Checksum: 16d4492d4

Time (s): cpu = 00:00:02 ; elapsed = 00:00:01 . Memory (MB): peak = 2999.012 ; gain = 0.000 ; free physical = 6070 ; free virtual = 11478
BUFG optimization | Checksum: 16d4492d4
INFO: [Opt 31-662] Phase BUFG optimization created 0 cells of which 0 are BUFGs and removed 0 cells.
INFO: [Opt 31-1021] In phase BUFG optimization, 3 netlist objects are constrained preventing optimization. Please run opt_design with -debug_log to get more detail. 

Phase 7 Shift Register Optimization
INFO: [Opt 31-1064] SRL Remap converted 0 SRLs to 0 registers and converted 0 registers of register chains to 0 SRLs
Phase 7 Shift Register Optimization | Checksum: 16d4492d4

Time (s): cpu = 00:00:02 ; elapsed = 00:00:01 . Memory (MB): peak = 2999.012 ; gain = 0.000 ; free physical = 6070 ; free virtual = 11478
Shift Register Optimization | Checksum: 16d4492d4
INFO: [Opt 31-389] Phase Shift Register Optimization created 0 cells and removed 0 cells

Phase 8 Post Processing Netlist
Phase 8 Post Processing Netlist | Checksum: 16d4492d4

Time (s): cpu = 00:00:02 ; elapsed = 00:00:01 . Memory (MB): peak = 2999.012 ; gain = 0.000 ; free physical = 6070 ; free virtual = 11478
Post Processing Netlist | Checksum: 16d4492d4
INFO: [Opt 31-389] Phase Post Processing Netlist created 0 cells and removed 0 cells
INFO: [Opt 31-1021] In phase Post Processing Netlist, 1 netlist objects are constrained preventing optimization. Please run opt_design with -debug_log to get more detail. 

Phase 9 Finalization

Phase 9.1 Finalizing Design Cores and Updating Shapes
Phase 9.1 Finalizing Design Cores and Updating Shapes | Checksum: 112dca6ff

Time (s): cpu = 00:00:03 ; elapsed = 00:00:02 . Memory (MB): peak = 2999.012 ; gain = 0.000 ; free physical = 6071 ; free virtual = 11478

Phase 9.2 Verifying Netlist Connectivity

Starting Connectivity Check Task

Time (s): cpu = 00:00:00.11 ; elapsed = 00:00:00.11 . Memory (MB): peak = 2999.012 ; gain = 0.000 ; free physical = 6071 ; free virtual = 11478
Phase 9.2 Verifying Netlist Connectivity | Checksum: 112dca6ff

Time (s): cpu = 00:00:03 ; elapsed = 00:00:02 . Memory (MB): peak = 2999.012 ; gain = 0.000 ; free physical = 6071 ; free virtual = 11478
Phase 9 Finalization | Checksum: 112dca6ff

Time (s): cpu = 00:00:03 ; elapsed = 00:00:02 . Memory (MB): peak = 2999.012 ; gain = 0.000 ; free physical = 6071 ; free virtual = 11478
Opt_design Change Summary
=========================


-------------------------------------------------------------------------------------------------------------------------
|  Phase                        |  #Cells created  |  #Cells Removed  |  #Constrained objects preventing optimizations  |
-------------------------------------------------------------------------------------------------------------------------
|  Retarget                     |               0  |              25  |                                              4  |
|  Constant propagation         |               1  |               4  |                                              2  |
|  Sweep                        |               0  |               5  |                                             28  |
|  BUFG optimization            |               0  |               0  |                                              3  |
|  Shift Register Optimization  |               0  |               0  |                                              0  |
|  Post Processing Netlist      |               0  |               0  |                                              1  |
-------------------------------------------------------------------------------------------------------------------------


Ending Logic Optimization Task | Checksum: 112dca6ff

Time (s): cpu = 00:00:03 ; elapsed = 00:00:02 . Memory (MB): peak = 2999.012 ; gain = 0.000 ; free physical = 6071 ; free virtual = 11478
INFO: [Constraints 18-11670] Building netlist checker database with flags, 0x8
Done building netlist checker database: Time (s): cpu = 00:00:00 ; elapsed = 00:00:00 . Memory (MB): peak = 2999.012 ; gain = 0.000 ; free physical = 6071 ; free virtual = 11478

Starting Power Optimization Task
INFO: [Pwropt 34-132] Skipping clock gating for clocks with a period < 2.00 ns.
INFO: [Timing 38-35] Done setting XDC timing constraints.
Running Vector-less Activity Propagation...
INFO: [Pwropt 34-9] Applying IDT optimizations ...
INFO: [Pwropt 34-10] Applying ODC optimizations ...

Finished Running Vector-less Activity Propagation


Starting PowerOpt Patch Enables Task
INFO: [Pwropt 34-162] WRITE_MODE attribute of 0 BRAM(s) out of a total of 37 has been updated to save power. Run report_power_opt to get a complete listing of the BRAMs updated.
INFO: [Pwropt 34-201] Structural ODC has moved 0 WE to EN ports
Number of BRAM Ports augmented: 4 newly gated: 1 Total Ports: 74
Ending PowerOpt Patch Enables Task | Checksum: 14a9e312c

Time (s): cpu = 00:00:00.23 ; elapsed = 00:00:00.23 . Memory (MB): peak = 3246.922 ; gain = 0.000 ; free physical = 5941 ; free virtual = 11354
Ending Power Optimization Task | Checksum: 14a9e312c

Time (s): cpu = 00:00:10 ; elapsed = 00:00:06 . Memory (MB): peak = 3246.922 ; gain = 247.910 ; free physical = 5941 ; free virtual = 11354

Starting Final Cleanup Task
Ending Final Cleanup Task | Checksum: 14a9e312c

Time (s): cpu = 00:00:00 ; elapsed = 00:00:00.01 . Memory (MB): peak = 3246.922 ; gain = 0.000 ; free physical = 5941 ; free virtual = 11354

Starting Netlist Obfuscation Task
Netlist sorting complete. Time (s): cpu = 00:00:00.01 ; elapsed = 00:00:00.01 . Memory (MB): peak = 3246.922 ; gain = 0.000 ; free physical = 5941 ; free virtual = 11354
Ending Netlist Obfuscation Task | Checksum: a8e6bd20

Time (s): cpu = 00:00:00.01 ; elapsed = 00:00:00.01 . Memory (MB): peak = 3246.922 ; gain = 0.000 ; free physical = 5941 ; free virtual = 11354
INFO: [Common 17-83] Releasing license: Implementation
29 Infos, 0 Warnings, 0 Critical Warnings and 0 Errors encountered.
opt_design completed successfully
opt_design: Time (s): cpu = 00:00:19 ; elapsed = 00:00:13 . Memory (MB): peak = 3246.922 ; gain = 311.941 ; free physical = 5941 ; free virtual = 11354
# place_design -directive default
Command: place_design -directive default
Attempting to get a license for feature 'Implementation' and/or device 'xc7a100t'
INFO: [Common 17-349] Got license for feature 'Implementation' and/or device 'xc7a100t'
INFO: [Common 17-83] Releasing license: Implementation
INFO: [DRC 23-27] Running DRC with 8 threads
INFO: [Vivado_Tcl 4-198] DRC finished with 0 Errors
INFO: [Vivado_Tcl 4-199] Please refer to the DRC report (report_drc) for more information.
Running DRC as a precondition to command place_design
INFO: [DRC 23-27] Running DRC with 8 threads
INFO: [Vivado_Tcl 4-198] DRC finished with 0 Errors
INFO: [Vivado_Tcl 4-199] Please refer to the DRC report (report_drc) for more information.
INFO: [Place 46-5] The placer was invoked with the 'default' directive.
INFO: [Place 30-611] Multithreading enabled for place_design using a maximum of 8 CPUs

Starting Placer Task

Phase 1 Placer Initialization

Phase 1.1 Placer Initialization Netlist Sorting
Netlist sorting complete. Time (s): cpu = 00:00:00 ; elapsed = 00:00:00 . Memory (MB): peak = 3246.922 ; gain = 0.000 ; free physical = 5941 ; free virtual = 11355
Phase 1.1 Placer Initialization Netlist Sorting | Checksum: 97bbc454

Time (s): cpu = 00:00:00.01 ; elapsed = 00:00:00.01 . Memory (MB): peak = 3246.922 ; gain = 0.000 ; free physical = 5941 ; free virtual = 11355
Netlist sorting complete. Time (s): cpu = 00:00:00 ; elapsed = 00:00:00 . Memory (MB): peak = 3246.922 ; gain = 0.000 ; free physical = 5941 ; free virtual = 11355

Phase 1.2 IO Placement/ Clock Placement/ Build Placer Device
INFO: [Timing 38-35] Done setting XDC timing constraints.
WARNING: [Place 30-568] A LUT 'clk100_inst' is driving clock pin of 8 registers. This could lead to large hold time violations. First few involved registers are:
	FDCE_5 {FDCE}
	FDCE_6 {FDCE}
	FDCE_4 {FDCE}
	FDCE {FDCE}
	FDCE_1 {FDCE}
Phase 1.2 IO Placement/ Clock Placement/ Build Placer Device | Checksum: 9e9179bd

Time (s): cpu = 00:00:06 ; elapsed = 00:00:02 . Memory (MB): peak = 3246.922 ; gain = 0.000 ; free physical = 5939 ; free virtual = 11357

Phase 1.3 Build Placer Netlist Model
Phase 1.3 Build Placer Netlist Model | Checksum: 13efe93e4

Time (s): cpu = 00:00:13 ; elapsed = 00:00:05 . Memory (MB): peak = 3246.922 ; gain = 0.000 ; free physical = 5937 ; free virtual = 11355

Phase 1.4 Constrain Clocks/Macros
Phase 1.4 Constrain Clocks/Macros | Checksum: 13efe93e4

Time (s): cpu = 00:00:13 ; elapsed = 00:00:05 . Memory (MB): peak = 3246.922 ; gain = 0.000 ; free physical = 5937 ; free virtual = 11355
Phase 1 Placer Initialization | Checksum: 13efe93e4

Time (s): cpu = 00:00:13 ; elapsed = 00:00:05 . Memory (MB): peak = 3246.922 ; gain = 0.000 ; free physical = 5936 ; free virtual = 11355

Phase 2 Global Placement

Phase 2.1 Floorplanning
Phase 2.1 Floorplanning | Checksum: 134521e65

Time (s): cpu = 00:00:17 ; elapsed = 00:00:06 . Memory (MB): peak = 3246.922 ; gain = 0.000 ; free physical = 5929 ; free virtual = 11348

Phase 2.2 Update Timing before SLR Path Opt
Phase 2.2 Update Timing before SLR Path Opt | Checksum: d22d2611

Time (s): cpu = 00:00:19 ; elapsed = 00:00:07 . Memory (MB): peak = 3246.922 ; gain = 0.000 ; free physical = 5930 ; free virtual = 11349

Phase 2.3 Post-Processing in Floorplanning
Phase 2.3 Post-Processing in Floorplanning | Checksum: 11f68f609

Time (s): cpu = 00:00:20 ; elapsed = 00:00:07 . Memory (MB): peak = 3246.922 ; gain = 0.000 ; free physical = 5930 ; free virtual = 11349

Phase 2.4 Global Placement Core

Phase 2.4.1 UpdateTiming Before Physical Synthesis
Phase 2.4.1 UpdateTiming Before Physical Synthesis | Checksum: cc4ab09c

Time (s): cpu = 00:00:56 ; elapsed = 00:00:18 . Memory (MB): peak = 3246.922 ; gain = 0.000 ; free physical = 5930 ; free virtual = 11350

Phase 2.4.2 Physical Synthesis In Placer
INFO: [Physopt 32-1035] Found 13 LUTNM shape to break, 486 LUT instances to create LUTNM shape
INFO: [Physopt 32-1044] Break lutnm for timing: one critical 4, two critical 9, total 13, new lutff created 0
INFO: [Physopt 32-1138] End 1 Pass. Optimized 182 nets or LUTs. Breaked 13 LUTs, combined 169 existing LUTs and moved 0 existing LUT
INFO: [Physopt 32-65] No nets found for high-fanout optimization.
INFO: [Physopt 32-232] Optimized 0 net. Created 0 new instance.
INFO: [Physopt 32-775] End 1 Pass. Optimized 0 net or cell. Created 0 new cell, deleted 0 existing cell and moved 0 existing cell
INFO: [Physopt 32-76] Pass 1. Identified 25 candidate nets for fanout optimization.
INFO: [Physopt 32-81] Processed net VexRiscv/execute_RS1[1]. Replicated 6 times.
INFO: [Physopt 32-81] Processed net VexRiscv/execute_RS1[4]. Replicated 7 times.
INFO: [Physopt 32-81] Processed net VexRiscv/execute_RS1[5]. Replicated 6 times.
INFO: [Physopt 32-81] Processed net VexRiscv/execute_RS1[9]. Replicated 6 times.
INFO: [Physopt 32-81] Processed net VexRiscv/execute_RS1[7]. Replicated 6 times.
INFO: [Physopt 32-81] Processed net VexRiscv/execute_RS1[2]. Replicated 6 times.
INFO: [Physopt 32-81] Processed net VexRiscv/execute_RS1[0]. Replicated 7 times.
INFO: [Physopt 32-81] Processed net VexRiscv/execute_RS1[3]. Replicated 6 times.
INFO: [Physopt 32-81] Processed net VexRiscv/execute_RS1[8]. Replicated 7 times.
INFO: [Physopt 32-81] Processed net VexRiscv/execute_RS1[6]. Replicated 6 times.
INFO: [Physopt 32-81] Processed net VexRiscv/execute_RS1[12]. Replicated 7 times.
INFO: [Physopt 32-81] Processed net VexRiscv/execute_RS1[13]. Replicated 5 times.
INFO: [Physopt 32-81] Processed net VexRiscv/execute_RS1[10]. Replicated 6 times.
INFO: [Physopt 32-81] Processed net VexRiscv/execute_RS1[11]. Replicated 6 times.
INFO: [Physopt 32-81] Processed net VexRiscv/execute_RS1[15]. Replicated 5 times.
INFO: [Physopt 32-81] Processed net VexRiscv/execute_RS1[14]. Replicated 5 times.
INFO: [Physopt 32-81] Processed net VexRiscv/execute_RS1[16]. Replicated 6 times.
INFO: [Physopt 32-81] Processed net VexRiscv/execute_RS1[19]. Replicated 5 times.
INFO: [Physopt 32-81] Processed net VexRiscv/execute_RS1[24]. Replicated 5 times.
INFO: [Physopt 32-81] Processed net VexRiscv/execute_RS1[21]. Replicated 6 times.
INFO: [Physopt 32-81] Processed net VexRiscv/execute_RS1[18]. Replicated 5 times.
INFO: [Physopt 32-81] Processed net VexRiscv/execute_RS1[22]. Replicated 6 times.
INFO: [Physopt 32-81] Processed net VexRiscv/execute_RS1[17]. Replicated 4 times.
INFO: [Physopt 32-81] Processed net VexRiscv/execute_RS1[23]. Replicated 6 times.
INFO: [Physopt 32-81] Processed net VexRiscv/execute_RS1[20]. Replicated 6 times.
INFO: [Physopt 32-232] Optimized 25 nets. Created 146 new instances.
INFO: [Physopt 32-775] End 1 Pass. Optimized 25 nets or cells. Created 146 new cells, deleted 0 existing cell and moved 0 existing cell
Netlist sorting complete. Time (s): cpu = 00:00:00.21 ; elapsed = 00:00:00.22 . Memory (MB): peak = 3246.922 ; gain = 0.000 ; free physical = 5929 ; free virtual = 11351
INFO: [Physopt 32-456] No candidate cells for DSP register optimization found in the design.
INFO: [Physopt 32-775] End 2 Pass. Optimized 0 net or cell. Created 0 new cell, deleted 0 existing cell and moved 0 existing cell
INFO: [Physopt 32-1123] No candidate cells found for Shift Register to Pipeline optimization
INFO: [Physopt 32-775] End 2 Pass. Optimized 0 net or cell. Created 0 new cell, deleted 0 existing cell and moved 0 existing cell
INFO: [Physopt 32-1401] No candidate cells found for Shift Register optimization.
INFO: [Physopt 32-677] No candidate cells for Shift Register optimization found in the design
INFO: [Physopt 32-775] End 1 Pass. Optimized 0 net or cell. Created 0 new cell, deleted 0 existing cell and moved 0 existing cell
INFO: [Physopt 32-526] No candidate cells for BRAM register optimization found in the design
INFO: [Physopt 32-775] End 1 Pass. Optimized 0 net or cell. Created 0 new cell, deleted 0 existing cell and moved 0 existing cell
INFO: [Physopt 32-846] No candidate cells for URAM register optimization found in the design
INFO: [Physopt 32-775] End 1 Pass. Optimized 0 net or cell. Created 0 new cell, deleted 0 existing cell and moved 0 existing cell
INFO: [Physopt 32-846] No candidate cells for URAM register optimization found in the design
INFO: [Physopt 32-775] End 1 Pass. Optimized 0 net or cell. Created 0 new cell, deleted 0 existing cell and moved 0 existing cell
INFO: [Physopt 32-949] No candidate nets found for dynamic/static region interface net replication
INFO: [Physopt 32-775] End 1 Pass. Optimized 0 net or cell. Created 0 new cell, deleted 0 existing cell and moved 0 existing cell
Netlist sorting complete. Time (s): cpu = 00:00:00 ; elapsed = 00:00:00 . Memory (MB): peak = 3246.922 ; gain = 0.000 ; free physical = 5930 ; free virtual = 11351

Summary of Physical Synthesis Optimizations
============================================


-----------------------------------------------------------------------------------------------------------------------------------------------------------
|  Optimization                                     |  Added Cells  |  Removed Cells  |  Optimized Cells/Nets  |  Dont Touch  |  Iterations  |  Elapsed   |
-----------------------------------------------------------------------------------------------------------------------------------------------------------
|  LUT Combining                                    |           13  |            169  |                   182  |           0  |           1  |  00:00:01  |
|  Retime                                           |            0  |              0  |                     0  |           0  |           1  |  00:00:00  |
|  Very High Fanout                                 |            0  |              0  |                     0  |           0  |           1  |  00:00:00  |
|  Fanout                                           |          146  |              0  |                    25  |           0  |           1  |  00:00:05  |
|  DSP Register                                     |            0  |              0  |                     0  |           0  |           1  |  00:00:00  |
|  Shift Register to Pipeline                       |            0  |              0  |                     0  |           0  |           1  |  00:00:00  |
|  Shift Register                                   |            0  |              0  |                     0  |           0  |           1  |  00:00:00  |
|  BRAM Register                                    |            0  |              0  |                     0  |           0  |           1  |  00:00:00  |
|  URAM Register                                    |            0  |              0  |                     0  |           0  |           1  |  00:00:00  |
|  Dynamic/Static Region Interface Net Replication  |            0  |              0  |                     0  |           0  |           1  |  00:00:00  |
|  Total                                            |          159  |            169  |                   207  |           0  |          10  |  00:00:05  |
-----------------------------------------------------------------------------------------------------------------------------------------------------------


Phase 2.4.2 Physical Synthesis In Placer | Checksum: 1acce07f6

Time (s): cpu = 00:01:06 ; elapsed = 00:00:26 . Memory (MB): peak = 3246.922 ; gain = 0.000 ; free physical = 5928 ; free virtual = 11349
Phase 2.4 Global Placement Core | Checksum: 262ab47d9

Time (s): cpu = 00:01:08 ; elapsed = 00:00:27 . Memory (MB): peak = 3246.922 ; gain = 0.000 ; free physical = 5927 ; free virtual = 11349
Phase 2 Global Placement | Checksum: 262ab47d9

Time (s): cpu = 00:01:08 ; elapsed = 00:00:27 . Memory (MB): peak = 3246.922 ; gain = 0.000 ; free physical = 5927 ; free virtual = 11349

Phase 3 Detail Placement

Phase 3.1 Commit Multi Column Macros
Phase 3.1 Commit Multi Column Macros | Checksum: 1b6281650

Time (s): cpu = 00:01:11 ; elapsed = 00:00:27 . Memory (MB): peak = 3246.922 ; gain = 0.000 ; free physical = 5927 ; free virtual = 11348

Phase 3.2 Commit Most Macros & LUTRAMs
Phase 3.2 Commit Most Macros & LUTRAMs | Checksum: 2436d9780

Time (s): cpu = 00:01:15 ; elapsed = 00:00:29 . Memory (MB): peak = 3246.922 ; gain = 0.000 ; free physical = 5926 ; free virtual = 11348

Phase 3.3 Area Swap Optimization
Phase 3.3 Area Swap Optimization | Checksum: 2b498e0b9

Time (s): cpu = 00:01:16 ; elapsed = 00:00:29 . Memory (MB): peak = 3246.922 ; gain = 0.000 ; free physical = 5925 ; free virtual = 11347

Phase 3.4 Pipeline Register Optimization
Phase 3.4 Pipeline Register Optimization | Checksum: 2a36784e6

Time (s): cpu = 00:01:16 ; elapsed = 00:00:29 . Memory (MB): peak = 3246.922 ; gain = 0.000 ; free physical = 5925 ; free virtual = 11347

Phase 3.5 Fast Optimization
Phase 3.5 Fast Optimization | Checksum: 1fbc30e4c

Time (s): cpu = 00:01:22 ; elapsed = 00:00:32 . Memory (MB): peak = 3246.922 ; gain = 0.000 ; free physical = 5921 ; free virtual = 11343

Phase 3.6 Small Shape Detail Placement
Phase 3.6 Small Shape Detail Placement | Checksum: 22c778838

Time (s): cpu = 00:01:29 ; elapsed = 00:00:39 . Memory (MB): peak = 3246.922 ; gain = 0.000 ; free physical = 5925 ; free virtual = 11347

Phase 3.7 Re-assign LUT pins
Phase 3.7 Re-assign LUT pins | Checksum: 1aea68fe5

Time (s): cpu = 00:01:30 ; elapsed = 00:00:39 . Memory (MB): peak = 3246.922 ; gain = 0.000 ; free physical = 5925 ; free virtual = 11347

Phase 3.8 Pipeline Register Optimization
Phase 3.8 Pipeline Register Optimization | Checksum: 1c3cd0089

Time (s): cpu = 00:01:30 ; elapsed = 00:00:40 . Memory (MB): peak = 3246.922 ; gain = 0.000 ; free physical = 5925 ; free virtual = 11347

Phase 3.9 Fast Optimization
Phase 3.9 Fast Optimization | Checksum: 242ccd91e

Time (s): cpu = 00:01:39 ; elapsed = 00:00:43 . Memory (MB): peak = 3246.922 ; gain = 0.000 ; free physical = 5922 ; free virtual = 11344
Phase 3 Detail Placement | Checksum: 242ccd91e

Time (s): cpu = 00:01:39 ; elapsed = 00:00:43 . Memory (MB): peak = 3246.922 ; gain = 0.000 ; free physical = 5922 ; free virtual = 11344

Phase 4 Post Placement Optimization and Clean-Up

Phase 4.1 Post Commit Optimization
INFO: [Timing 38-35] Done setting XDC timing constraints.

Phase 4.1.1 Post Placement Optimization
Post Placement Optimization Initialization | Checksum: 1fd0632bd

Phase 4.1.1.1 BUFG Insertion

Starting Physical Synthesis Task

Phase 1 Physical Synthesis Initialization
INFO: [Physopt 32-721] Multithreading enabled for phys_opt_design using a maximum of 8 CPUs
INFO: [Physopt 32-619] Estimated Timing Summary | WNS=-2.135 | TNS=-12.335 |
Phase 1 Physical Synthesis Initialization | Checksum: 140c168fa

Time (s): cpu = 00:00:01 ; elapsed = 00:00:00.63 . Memory (MB): peak = 3246.922 ; gain = 0.000 ; free physical = 5922 ; free virtual = 11345
INFO: [Place 46-33] Processed net sys_rst, BUFG insertion was skipped due to placement/routing conflicts.
INFO: [Place 46-56] BUFG insertion identified 1 candidate nets. Inserted BUFG: 0, Replicated BUFG Driver: 0, Skipped due to Placement/Routing Conflicts: 1, Skipped due to Timing Degradation: 0, Skipped due to netlist editing failed: 0.
Ending Physical Synthesis Task | Checksum: 140c168fa

Time (s): cpu = 00:00:02 ; elapsed = 00:00:01 . Memory (MB): peak = 3246.922 ; gain = 0.000 ; free physical = 5922 ; free virtual = 11345
Phase 4.1.1.1 BUFG Insertion | Checksum: 1fd0632bd

Time (s): cpu = 00:01:48 ; elapsed = 00:00:47 . Memory (MB): peak = 3246.922 ; gain = 0.000 ; free physical = 5922 ; free virtual = 11345

Phase 4.1.1.2 Post Placement Timing Optimization
INFO: [Place 30-746] Post Placement Timing Summary WNS=-1.655. For the most accurate timing information please run report_timing.
Phase 4.1.1.2 Post Placement Timing Optimization | Checksum: 1167ec6dd

Time (s): cpu = 00:02:10 ; elapsed = 00:01:04 . Memory (MB): peak = 3246.922 ; gain = 0.000 ; free physical = 5922 ; free virtual = 11345

Time (s): cpu = 00:02:10 ; elapsed = 00:01:04 . Memory (MB): peak = 3246.922 ; gain = 0.000 ; free physical = 5922 ; free virtual = 11345
Phase 4.1 Post Commit Optimization | Checksum: 1167ec6dd

Time (s): cpu = 00:02:10 ; elapsed = 00:01:04 . Memory (MB): peak = 3246.922 ; gain = 0.000 ; free physical = 5922 ; free virtual = 11345

Phase 4.2 Post Placement Cleanup
Phase 4.2 Post Placement Cleanup | Checksum: 1167ec6dd

Time (s): cpu = 00:02:11 ; elapsed = 00:01:05 . Memory (MB): peak = 3246.922 ; gain = 0.000 ; free physical = 5923 ; free virtual = 11345

Phase 4.3 Placer Reporting

Phase 4.3.1 Print Estimated Congestion
INFO: [Place 30-612] Post-Placement Estimated Congestion 
 ____________________________________________________
|           | Global Congestion | Short Congestion  |
| Direction | Region Size       | Region Size       |
|___________|___________________|___________________|
|      North|                1x1|                2x2|
|___________|___________________|___________________|
|      South|                1x1|                2x2|
|___________|___________________|___________________|
|       East|                1x1|                1x1|
|___________|___________________|___________________|
|       West|                1x1|                1x1|
|___________|___________________|___________________|

Phase 4.3.1 Print Estimated Congestion | Checksum: 1167ec6dd

Time (s): cpu = 00:02:11 ; elapsed = 00:01:05 . Memory (MB): peak = 3246.922 ; gain = 0.000 ; free physical = 5923 ; free virtual = 11345
Phase 4.3 Placer Reporting | Checksum: 1167ec6dd

Time (s): cpu = 00:02:11 ; elapsed = 00:01:05 . Memory (MB): peak = 3246.922 ; gain = 0.000 ; free physical = 5923 ; free virtual = 11345

Phase 4.4 Final Placement Cleanup
Netlist sorting complete. Time (s): cpu = 00:00:00.02 ; elapsed = 00:00:00.02 . Memory (MB): peak = 3246.922 ; gain = 0.000 ; free physical = 5923 ; free virtual = 11345

Time (s): cpu = 00:02:11 ; elapsed = 00:01:05 . Memory (MB): peak = 3246.922 ; gain = 0.000 ; free physical = 5923 ; free virtual = 11345
Phase 4 Post Placement Optimization and Clean-Up | Checksum: f18ef0e1

Time (s): cpu = 00:02:11 ; elapsed = 00:01:05 . Memory (MB): peak = 3246.922 ; gain = 0.000 ; free physical = 5923 ; free virtual = 11345
Ending Placer Task | Checksum: ac9da601

Time (s): cpu = 00:02:11 ; elapsed = 00:01:05 . Memory (MB): peak = 3246.922 ; gain = 0.000 ; free physical = 5923 ; free virtual = 11345
67 Infos, 1 Warnings, 0 Critical Warnings and 0 Errors encountered.
place_design completed successfully
place_design: Time (s): cpu = 00:02:14 ; elapsed = 00:01:06 . Memory (MB): peak = 3246.922 ; gain = 0.000 ; free physical = 5923 ; free virtual = 11345
# report_utilization -hierarchical -file digilent_nexys4ddr_utilization_hierarchical_place.rpt
# report_utilization -file digilent_nexys4ddr_utilization_place.rpt
# report_io -file digilent_nexys4ddr_io.rpt
report_io: Time (s): cpu = 00:00:00.11 ; elapsed = 00:00:00.14 . Memory (MB): peak = 3246.922 ; gain = 0.000 ; free physical = 5919 ; free virtual = 11341
# report_control_sets -verbose -file digilent_nexys4ddr_control_sets.rpt
report_control_sets: Time (s): cpu = 00:00:00.04 ; elapsed = 00:00:00.06 . Memory (MB): peak = 3246.922 ; gain = 0.000 ; free physical = 5919 ; free virtual = 11341
# report_clock_utilization -file digilent_nexys4ddr_clock_utilization.rpt
# route_design -directive default
Command: route_design -directive default
Attempting to get a license for feature 'Implementation' and/or device 'xc7a100t'
INFO: [Common 17-349] Got license for feature 'Implementation' and/or device 'xc7a100t'
Running DRC as a precondition to command route_design
INFO: [DRC 23-27] Running DRC with 8 threads
INFO: [Vivado_Tcl 4-198] DRC finished with 0 Errors
INFO: [Vivado_Tcl 4-199] Please refer to the DRC report (report_drc) for more information.


Starting Routing Task
INFO: [Route 35-270] Using Router directive 'default'.
INFO: [Route 35-254] Multithreading enabled for route_design using a maximum of 8 CPUs

Phase 1 Build RT Design
Checksum: PlaceDB: 27238d66 ConstDB: 0 ShapeSum: 857a189b RouteDB: 0
Post Restoration Checksum: NetGraph: 28311034 | NumContArr: 12c03bf6 | Constraints: c2a8fa9d | Timing: c2a8fa9d
Phase 1 Build RT Design | Checksum: 1c0434164

Time (s): cpu = 00:00:38 ; elapsed = 00:00:29 . Memory (MB): peak = 3246.922 ; gain = 0.000 ; free physical = 5915 ; free virtual = 11339

Phase 2 Router Initialization

Phase 2.1 Fix Topology Constraints
Phase 2.1 Fix Topology Constraints | Checksum: 1c0434164

Time (s): cpu = 00:00:38 ; elapsed = 00:00:29 . Memory (MB): peak = 3246.922 ; gain = 0.000 ; free physical = 5914 ; free virtual = 11338

Phase 2.2 Pre Route Cleanup
Phase 2.2 Pre Route Cleanup | Checksum: 1c0434164

Time (s): cpu = 00:00:38 ; elapsed = 00:00:29 . Memory (MB): peak = 3246.922 ; gain = 0.000 ; free physical = 5914 ; free virtual = 11339
 Number of Nodes with overlaps = 0

Phase 2.3 Update Timing
Phase 2.3 Update Timing | Checksum: 1e7eae34b

Time (s): cpu = 00:00:47 ; elapsed = 00:00:33 . Memory (MB): peak = 3246.922 ; gain = 0.000 ; free physical = 5907 ; free virtual = 11332
INFO: [Route 35-416] Intermediate Timing Summary | WNS=-1.627 | TNS=-9.630 | WHS=-0.219 | THS=-115.780|


Router Utilization Summary
  Global Vertical Routing Utilization    = 0.00670235 %
  Global Horizontal Routing Utilization  = 0.00618073 %
  Routable Net Status*
  *Does not include unroutable nets such as driverless and loadless.
  Run report_route_status for detailed report.
  Number of Failed Nets               = 10604
    (Failed Nets is the sum of unrouted and partially routed nets)
  Number of Unrouted Nets             = 10604
  Number of Partially Routed Nets     = 0
  Number of Node Overlaps             = 0

Phase 2 Router Initialization | Checksum: 230db6ae7

Time (s): cpu = 00:00:52 ; elapsed = 00:00:34 . Memory (MB): peak = 3246.922 ; gain = 0.000 ; free physical = 5901 ; free virtual = 11326

Phase 3 Initial Routing

Phase 3.1 Global Routing
Phase 3.1 Global Routing | Checksum: 230db6ae7

Time (s): cpu = 00:00:52 ; elapsed = 00:00:34 . Memory (MB): peak = 3246.922 ; gain = 0.000 ; free physical = 5901 ; free virtual = 11326

Phase 3.2 Initial Net Routing
Phase 3.2 Initial Net Routing | Checksum: 1cf59905c

Time (s): cpu = 00:00:57 ; elapsed = 00:00:35 . Memory (MB): peak = 3246.922 ; gain = 0.000 ; free physical = 5899 ; free virtual = 11324
Phase 3 Initial Routing | Checksum: 1cf59905c

Time (s): cpu = 00:00:58 ; elapsed = 00:00:35 . Memory (MB): peak = 3246.922 ; gain = 0.000 ; free physical = 5899 ; free virtual = 11324

Phase 4 Rip-up And Reroute

Phase 4.1 Global Iteration 0
 Number of Nodes with overlaps = 1197
 Number of Nodes with overlaps = 161
 Number of Nodes with overlaps = 53
 Number of Nodes with overlaps = 21
 Number of Nodes with overlaps = 8
 Number of Nodes with overlaps = 1
 Number of Nodes with overlaps = 0
INFO: [Route 35-416] Intermediate Timing Summary | WNS=-1.999 | TNS=-10.188| WHS=N/A    | THS=N/A    |

Phase 4.1 Global Iteration 0 | Checksum: 2c1582c59

Time (s): cpu = 00:01:14 ; elapsed = 00:00:46 . Memory (MB): peak = 3246.922 ; gain = 0.000 ; free physical = 5896 ; free virtual = 11321

Phase 4.2 Global Iteration 1
 Number of Nodes with overlaps = 89
 Number of Nodes with overlaps = 39
 Number of Nodes with overlaps = 16
 Number of Nodes with overlaps = 3
 Number of Nodes with overlaps = 2
 Number of Nodes with overlaps = 0
INFO: [Route 35-416] Intermediate Timing Summary | WNS=-1.907 | TNS=-9.413 | WHS=N/A    | THS=N/A    |

Phase 4.2 Global Iteration 1 | Checksum: 2eec4b331

Time (s): cpu = 00:01:20 ; elapsed = 00:00:51 . Memory (MB): peak = 3246.922 ; gain = 0.000 ; free physical = 5897 ; free virtual = 11322

Phase 4.3 Global Iteration 2
 Number of Nodes with overlaps = 60
 Number of Nodes with overlaps = 23
 Number of Nodes with overlaps = 7
 Number of Nodes with overlaps = 3
 Number of Nodes with overlaps = 4
 Number of Nodes with overlaps = 2
 Number of Nodes with overlaps = 2
 Number of Nodes with overlaps = 2
 Number of Nodes with overlaps = 2
 Number of Nodes with overlaps = 0
INFO: [Route 35-416] Intermediate Timing Summary | WNS=-1.806 | TNS=-9.185 | WHS=N/A    | THS=N/A    |

Phase 4.3 Global Iteration 2 | Checksum: 2171f7ebc

Time (s): cpu = 00:01:27 ; elapsed = 00:00:58 . Memory (MB): peak = 3246.922 ; gain = 0.000 ; free physical = 5897 ; free virtual = 11322

Phase 4.4 Global Iteration 3
 Number of Nodes with overlaps = 56
 Number of Nodes with overlaps = 18
 Number of Nodes with overlaps = 13
 Number of Nodes with overlaps = 9
 Number of Nodes with overlaps = 2
 Number of Nodes with overlaps = 0
INFO: [Route 35-416] Intermediate Timing Summary | WNS=-2.056 | TNS=-9.443 | WHS=N/A    | THS=N/A    |

Phase 4.4 Global Iteration 3 | Checksum: 2a65dd807

Time (s): cpu = 00:01:33 ; elapsed = 00:01:02 . Memory (MB): peak = 3246.922 ; gain = 0.000 ; free physical = 5894 ; free virtual = 11319
Phase 4 Rip-up And Reroute | Checksum: 2a65dd807

Time (s): cpu = 00:01:33 ; elapsed = 00:01:02 . Memory (MB): peak = 3246.922 ; gain = 0.000 ; free physical = 5894 ; free virtual = 11319

Phase 5 Delay and Skew Optimization

Phase 5.1 Delay CleanUp

Phase 5.1.1 Update Timing
Phase 5.1.1 Update Timing | Checksum: 2aebcb8ca

Time (s): cpu = 00:01:34 ; elapsed = 00:01:03 . Memory (MB): peak = 3246.922 ; gain = 0.000 ; free physical = 5894 ; free virtual = 11319
INFO: [Route 35-416] Intermediate Timing Summary | WNS=-1.719 | TNS=-8.489 | WHS=N/A    | THS=N/A    |

 Number of Nodes with overlaps = 0
Phase 5.1 Delay CleanUp | Checksum: 2635c8636

Time (s): cpu = 00:01:35 ; elapsed = 00:01:03 . Memory (MB): peak = 3246.922 ; gain = 0.000 ; free physical = 5894 ; free virtual = 11319

Phase 5.2 Clock Skew Optimization
Phase 5.2 Clock Skew Optimization | Checksum: 2635c8636

Time (s): cpu = 00:01:35 ; elapsed = 00:01:03 . Memory (MB): peak = 3246.922 ; gain = 0.000 ; free physical = 5894 ; free virtual = 11319
Phase 5 Delay and Skew Optimization | Checksum: 2635c8636

Time (s): cpu = 00:01:35 ; elapsed = 00:01:03 . Memory (MB): peak = 3246.922 ; gain = 0.000 ; free physical = 5894 ; free virtual = 11319

Phase 6 Post Hold Fix

Phase 6.1 Hold Fix Iter

Phase 6.1.1 Update Timing
Phase 6.1.1 Update Timing | Checksum: 2f1d924cc

Time (s): cpu = 00:01:37 ; elapsed = 00:01:04 . Memory (MB): peak = 3246.922 ; gain = 0.000 ; free physical = 5893 ; free virtual = 11318
INFO: [Route 35-416] Intermediate Timing Summary | WNS=-1.719 | TNS=-8.410 | WHS=0.022  | THS=0.000  |

Phase 6.1 Hold Fix Iter | Checksum: 31f1079e3

Time (s): cpu = 00:01:37 ; elapsed = 00:01:04 . Memory (MB): peak = 3246.922 ; gain = 0.000 ; free physical = 5893 ; free virtual = 11318
Phase 6 Post Hold Fix | Checksum: 31f1079e3

Time (s): cpu = 00:01:37 ; elapsed = 00:01:04 . Memory (MB): peak = 3246.922 ; gain = 0.000 ; free physical = 5893 ; free virtual = 11318

Phase 7 Route finalize

Router Utilization Summary
  Global Vertical Routing Utilization    = 2.39413 %
  Global Horizontal Routing Utilization  = 2.65011 %
  Routable Net Status*
  *Does not include unroutable nets such as driverless and loadless.
  Run report_route_status for detailed report.
  Number of Failed Nets               = 0
    (Failed Nets is the sum of unrouted and partially routed nets)
  Number of Unrouted Nets             = 0
  Number of Partially Routed Nets     = 0
  Number of Node Overlaps             = 0


--GLOBAL Congestion:
Utilization threshold used for congestion level computation: 0.85
Congestion Report
North Dir 1x1 Area, Max Cong = 77.4775%, No Congested Regions.
South Dir 1x1 Area, Max Cong = 63.0631%, No Congested Regions.
East Dir 1x1 Area, Max Cong = 60.2941%, No Congested Regions.
West Dir 1x1 Area, Max Cong = 69.1176%, No Congested Regions.

------------------------------
Reporting congestion hotspots
------------------------------
Direction: North
----------------
Congested clusters found at Level 0
Effective congestion level: 0 Aspect Ratio: 1 Sparse Ratio: 0
Direction: South
----------------
Congested clusters found at Level 0
Effective congestion level: 0 Aspect Ratio: 1 Sparse Ratio: 0
Direction: East
----------------
Congested clusters found at Level 0
Effective congestion level: 0 Aspect Ratio: 1 Sparse Ratio: 0
Direction: West
----------------
Congested clusters found at Level 0
Effective congestion level: 0 Aspect Ratio: 1 Sparse Ratio: 0

Phase 7 Route finalize | Checksum: 31f1079e3

Time (s): cpu = 00:01:37 ; elapsed = 00:01:04 . Memory (MB): peak = 3246.922 ; gain = 0.000 ; free physical = 5893 ; free virtual = 11318

Phase 8 Verifying routed nets

 Verification completed successfully
Phase 8 Verifying routed nets | Checksum: 31f1079e3

Time (s): cpu = 00:01:37 ; elapsed = 00:01:04 . Memory (MB): peak = 3246.922 ; gain = 0.000 ; free physical = 5893 ; free virtual = 11318

Phase 9 Depositing Routes
Phase 9 Depositing Routes | Checksum: 346a410f8

Time (s): cpu = 00:01:39 ; elapsed = 00:01:04 . Memory (MB): peak = 3246.922 ; gain = 0.000 ; free physical = 5893 ; free virtual = 11318

Phase 10 Post Router Timing
INFO: [Route 35-57] Estimated Timing Summary | WNS=-1.719 | TNS=-8.410 | WHS=0.022  | THS=0.000  |

WARNING: [Route 35-328] Router estimated timing not met.
Resolution: For a complete and accurate timing signoff, report_timing_summary must be run after route_design. Alternatively, route_design can be run with the -timing_summary option to enable a complete timing signoff at the end of route_design.
Phase 10 Post Router Timing | Checksum: 346a410f8

Time (s): cpu = 00:01:40 ; elapsed = 00:01:05 . Memory (MB): peak = 3246.922 ; gain = 0.000 ; free physical = 5894 ; free virtual = 11319
INFO: [Route 35-16] Router Completed Successfully

Phase 11 Post-Route Event Processing
Phase 11 Post-Route Event Processing | Checksum: 17548e866

Time (s): cpu = 00:01:41 ; elapsed = 00:01:05 . Memory (MB): peak = 3246.922 ; gain = 0.000 ; free physical = 5892 ; free virtual = 11318
Ending Routing Task | Checksum: 17548e866

Time (s): cpu = 00:01:41 ; elapsed = 00:01:06 . Memory (MB): peak = 3246.922 ; gain = 0.000 ; free physical = 5893 ; free virtual = 11318

Routing Is Done.
INFO: [Common 17-83] Releasing license: Implementation
16 Infos, 1 Warnings, 0 Critical Warnings and 0 Errors encountered.
route_design completed successfully
route_design: Time (s): cpu = 00:01:45 ; elapsed = 00:01:07 . Memory (MB): peak = 3246.922 ; gain = 0.000 ; free physical = 5893 ; free virtual = 11318
# phys_opt_design -directive default
Command: phys_opt_design -directive default
Attempting to get a license for feature 'Implementation' and/or device 'xc7a100t'
INFO: [Common 17-349] Got license for feature 'Implementation' and/or device 'xc7a100t'
INFO: [Vivado_Tcl 4-241] Physical synthesis in post route mode 
INFO: [Vivado_Tcl 4-137] Directive used for phys_opt_design is: default

Starting Initial Update Timing Task

Time (s): cpu = 00:00:06 ; elapsed = 00:00:01 . Memory (MB): peak = 3246.922 ; gain = 0.000 ; free physical = 5894 ; free virtual = 11319
INFO: [Vivado_Tcl 4-1435] PhysOpt_Tcl_Interface Runtime Before Starting Physical Synthesis Task | CPU: 8.50s |  WALL: 2.64s
Netlist sorting complete. Time (s): cpu = 00:00:00.01 ; elapsed = 00:00:00 . Memory (MB): peak = 3246.922 ; gain = 0.000 ; free physical = 5894 ; free virtual = 11319

Starting Physical Synthesis Task

Phase 1 Physical Synthesis Initialization
INFO: [Physopt 32-721] Multithreading enabled for phys_opt_design using a maximum of 8 CPUs
INFO: [Physopt 32-668] Current Timing Summary | WNS=-1.719 | TNS=-8.411 | WHS=0.024 | THS=0.000 |
Phase 1 Physical Synthesis Initialization | Checksum: 193f59652

Time (s): cpu = 00:00:05 ; elapsed = 00:00:02 . Memory (MB): peak = 3246.922 ; gain = 0.000 ; free physical = 5894 ; free virtual = 11319
WARNING: [Physopt 32-745] Physical Optimization has determined that the magnitude of the negative slack is too large and it is highly unlikely that slack will be improved. Post-Route Physical Optimization is most effective when WNS is above -0.5ns

Phase 2 Critical Path Optimization
INFO: [Physopt 32-668] Current Timing Summary | WNS=-1.719 | TNS=-8.411 | WHS=0.024 | THS=0.000 |
INFO: [Physopt 32-953] Path group WNS did not improve. Path group: soc_crg_clkout0. Processed net: Cfu/Q[5].
INFO: [Physopt 32-953] Path group WNS did not improve. Path group: soc_crg_clkout0. Processed net: soc_crg_clkout0.
INFO: [Physopt 32-953] Path group WNS did not improve. Path group: soc_crg_clkout0. Processed net: Cfu/exponential_softmax/rsp_payload_outputs_0[5]_i_7_0.
INFO: [Physopt 32-953] Path group WNS did not improve. Path group: soc_crg_clkout0. Processed net: Cfu/exponential_softmax/rsp_payload_outputs_0[5]_i_6_n_0.
INFO: [Physopt 32-953] Path group WNS did not improve. Path group: soc_crg_clkout0. Processed net: Cfu/exponential_softmax/rsp_payload_outputs_0[5]_i_14_n_0.
INFO: [Physopt 32-953] Path group WNS did not improve. Path group: soc_crg_clkout0. Processed net: Cfu/exponential_softmax/result2_inferred__0/i__carry__2_n_4.
INFO: [Physopt 32-953] Path group WNS did not improve. Path group: soc_crg_clkout0. Processed net: Cfu/exponential_softmax/i__carry_i_3_n_0.
INFO: [Physopt 32-953] Path group WNS did not improve. Path group: soc_crg_clkout0. Processed net: VexRiscv/D[5].
INFO: [Physopt 32-953] Path group WNS did not improve. Path group: soc_crg_clkout0. Processed net: Cfu/exponential_softmax/result2__14_n_105.
INFO: [Physopt 32-953] Path group WNS did not improve. Path group: soc_crg_clkout0. Processed net: VexRiscv/decode_to_execute_RS1_reg[18]_0[15].
INFO: [Physopt 32-953] Path group WNS did not improve. Path group: soc_crg_clkout0. Processed net: VexRiscv/execute_RS1[1].
INFO: [Physopt 32-953] Path group WNS did not improve. Path group: soc_crg_clkout0. Processed net: Cfu/Q[5].
INFO: [Physopt 32-953] Path group WNS did not improve. Path group: soc_crg_clkout0. Processed net: soc_crg_clkout0.
INFO: [Physopt 32-953] Path group WNS did not improve. Path group: soc_crg_clkout0. Processed net: Cfu/exponential_softmax/rsp_payload_outputs_0[5]_i_7_0.
INFO: [Physopt 32-953] Path group WNS did not improve. Path group: soc_crg_clkout0. Processed net: Cfu/exponential_softmax/rsp_payload_outputs_0[5]_i_6_n_0.
INFO: [Physopt 32-953] Path group WNS did not improve. Path group: soc_crg_clkout0. Processed net: Cfu/exponential_softmax/rsp_payload_outputs_0[5]_i_14_n_0.
INFO: [Physopt 32-953] Path group WNS did not improve. Path group: soc_crg_clkout0. Processed net: Cfu/exponential_softmax/result2_inferred__0/i__carry__2_n_4.
INFO: [Physopt 32-953] Path group WNS did not improve. Path group: soc_crg_clkout0. Processed net: Cfu/exponential_softmax/i__carry_i_3_n_0.
INFO: [Physopt 32-953] Path group WNS did not improve. Path group: soc_crg_clkout0. Processed net: VexRiscv/D[5].
INFO: [Physopt 32-953] Path group WNS did not improve. Path group: soc_crg_clkout0. Processed net: Cfu/exponential_softmax/result2__14_n_105.
INFO: [Physopt 32-953] Path group WNS did not improve. Path group: soc_crg_clkout0. Processed net: VexRiscv/decode_to_execute_RS1_reg[18]_0[15].
INFO: [Physopt 32-953] Path group WNS did not improve. Path group: soc_crg_clkout0. Processed net: VexRiscv/execute_RS1[1].
INFO: [Physopt 32-668] Current Timing Summary | WNS=-1.719 | TNS=-8.411 | WHS=0.024 | THS=0.000 |
Netlist sorting complete. Time (s): cpu = 00:00:00.02 ; elapsed = 00:00:00.02 . Memory (MB): peak = 3246.922 ; gain = 0.000 ; free physical = 5894 ; free virtual = 11320
Phase 2 Critical Path Optimization | Checksum: 193f59652

Time (s): cpu = 00:00:19 ; elapsed = 00:00:10 . Memory (MB): peak = 3246.922 ; gain = 0.000 ; free physical = 5894 ; free virtual = 11320
Netlist sorting complete. Time (s): cpu = 00:00:00 ; elapsed = 00:00:00 . Memory (MB): peak = 3246.922 ; gain = 0.000 ; free physical = 5894 ; free virtual = 11320
INFO: [Physopt 32-669] Post Physical Optimization Timing Summary | WNS=-1.719 | TNS=-8.411 | WHS=0.024 | THS=0.000 |

Summary of Physical Synthesis Optimizations
============================================


-------------------------------------------------------------------------------------------------------------------------------------------------------------
|  Optimization   |  WNS Gain (ns)  |  TNS Gain (ns)  |  Added Cells  |  Removed Cells  |  Optimized Cells/Nets  |  Dont Touch  |  Iterations  |  Elapsed   |
-------------------------------------------------------------------------------------------------------------------------------------------------------------
|  Critical Path  |          0.000  |          0.000  |            0  |              0  |                     0  |           0  |           1  |  00:00:09  |
-------------------------------------------------------------------------------------------------------------------------------------------------------------


Netlist sorting complete. Time (s): cpu = 00:00:00 ; elapsed = 00:00:00 . Memory (MB): peak = 3246.922 ; gain = 0.000 ; free physical = 5894 ; free virtual = 11320
Ending Physical Synthesis Task | Checksum: 193f59652

Time (s): cpu = 00:00:19 ; elapsed = 00:00:11 . Memory (MB): peak = 3246.922 ; gain = 0.000 ; free physical = 5894 ; free virtual = 11320
INFO: [Common 17-83] Releasing license: Implementation
32 Infos, 1 Warnings, 0 Critical Warnings and 0 Errors encountered.
phys_opt_design completed successfully
phys_opt_design: Time (s): cpu = 00:00:28 ; elapsed = 00:00:13 . Memory (MB): peak = 3246.922 ; gain = 0.000 ; free physical = 5894 ; free virtual = 11320
# write_checkpoint -force digilent_nexys4ddr_route.dcp
INFO: [Timing 38-480] Writing timing data to binary archive.
Write ShapeDB Complete: Time (s): cpu = 00:00:00.15 ; elapsed = 00:00:00.03 . Memory (MB): peak = 3246.922 ; gain = 0.000 ; free physical = 5894 ; free virtual = 11320
Wrote PlaceDB: Time (s): cpu = 00:00:02 ; elapsed = 00:00:00.68 . Memory (MB): peak = 3246.922 ; gain = 0.000 ; free physical = 5887 ; free virtual = 11324
Wrote PulsedLatchDB: Time (s): cpu = 00:00:00 ; elapsed = 00:00:00 . Memory (MB): peak = 3246.922 ; gain = 0.000 ; free physical = 5887 ; free virtual = 11324
Writing XDEF routing.
Writing XDEF routing logical nets.
Writing XDEF routing special nets.
Wrote RouteStorage: Time (s): cpu = 00:00:00.19 ; elapsed = 00:00:00.15 . Memory (MB): peak = 3246.922 ; gain = 0.000 ; free physical = 5884 ; free virtual = 11324
Wrote Netlist Cache: Time (s): cpu = 00:00:00.02 ; elapsed = 00:00:00.02 . Memory (MB): peak = 3246.922 ; gain = 0.000 ; free physical = 5883 ; free virtual = 11324
Wrote Device Cache: Time (s): cpu = 00:00:00 ; elapsed = 00:00:00.01 . Memory (MB): peak = 3246.922 ; gain = 0.000 ; free physical = 5882 ; free virtual = 11324
Write Physdb Complete: Time (s): cpu = 00:00:02 ; elapsed = 00:00:00.87 . Memory (MB): peak = 3246.922 ; gain = 0.000 ; free physical = 5882 ; free virtual = 11324
INFO: [Common 17-1381] The checkpoint '/home/masamuneprog/AAML/CFU-Playground/soc/build/digilent_nexys4ddr.lab4_template/gateware/digilent_nexys4ddr_route.dcp' has been generated.
# report_timing_summary -no_header -no_detailed_paths
INFO: [Timing 38-91] UpdateTimingParams: Speed grade: -1, Delay Type: min_max.
INFO: [Timing 38-191] Multithreading enabled for timing update using a maximum of 8 CPUs
------------------------------------------------------------------------------------------------
| Timer Settings
| --------------
------------------------------------------------------------------------------------------------

  Enable Multi Corner Analysis               :  Yes
  Enable Pessimism Removal                   :  Yes
  Pessimism Removal Resolution               :  Nearest Common Node
  Enable Input Delay Default Clock           :  No
  Enable Preset / Clear Arcs                 :  No
  Disable Flight Delays                      :  No
  Ignore I/O Paths                           :  No
  Timing Early Launch at Borrowing Latches   :  No
  Borrow Time for Max Delay Exceptions       :  Yes
  Merge Timing Exceptions                    :  Yes
  Inter-SLR Compensation                     :  Conservative

  Corner  Analyze    Analyze    
  Name    Max Paths  Min Paths  
  ------  ---------  ---------  
  Slow    Yes        Yes        
  Fast    Yes        Yes        


------------------------------------------------------------------------------------------------
| Report Methodology
| ------------------
------------------------------------------------------------------------------------------------

No report available as report_methodology has not been run prior. Run report_methodology on the current design for the summary of methodology violations.



check_timing report

Table of Contents
-----------------
1. checking no_clock (0)
2. checking constant_clock (0)
3. checking pulse_width_clock (0)
4. checking unconstrained_internal_endpoints (0)
5. checking no_input_delay (18)
6. checking no_output_delay (60)
7. checking multiple_clock (0)
8. checking generated_clocks (0)
9. checking loops (0)
10. checking partial_input_delay (0)
11. checking partial_output_delay (0)
12. checking latch_loops (0)

1. checking no_clock (0)
------------------------
 There are 0 register/latch pins with no clock.


2. checking constant_clock (0)
------------------------------
 There are 0 register/latch pins with constant_clock.


3. checking pulse_width_clock (0)
---------------------------------
 There are 0 register/latch pins which need pulse_width check


4. checking unconstrained_internal_endpoints (0)
------------------------------------------------
 There are 0 pins that are not constrained for maximum delay.

 There are 0 pins that are not constrained for maximum delay due to constant clock.


5. checking no_input_delay (18)
-------------------------------
 There are 18 input ports with no input delay specified. (HIGH)

 There are 0 input ports with no input delay but user has a false path constraint.


6. checking no_output_delay (60)
--------------------------------
 There are 60 ports with no output delay specified. (HIGH)

 There are 0 ports with no output delay but user has a false path constraint

 There are 0 ports with no output delay but with a timing clock defined on it or propagating through it


7. checking multiple_clock (0)
------------------------------
 There are 0 register/latch pins with multiple clocks.


8. checking generated_clocks (0)
--------------------------------
 There are 0 generated clocks that are not connected to a clock source.


9. checking loops (0)
---------------------
 There are 0 combinational loops in the design.


10. checking partial_input_delay (0)
------------------------------------
 There are 0 input ports with partial input delay specified.


11. checking partial_output_delay (0)
-------------------------------------
 There are 0 ports with partial output delay specified.


12. checking latch_loops (0)
----------------------------
 There are 0 combinational latch loops in the design through latch input



------------------------------------------------------------------------------------------------
| Design Timing Summary
| ---------------------
------------------------------------------------------------------------------------------------

    WNS(ns)      TNS(ns)  TNS Failing Endpoints  TNS Total Endpoints      WHS(ns)      THS(ns)  THS Failing Endpoints  THS Total Endpoints     WPWS(ns)     TPWS(ns)  TPWS Failing Endpoints  TPWS Total Endpoints  
    -------      -------  ---------------------  -------------------      -------      -------  ---------------------  -------------------     --------     --------  ----------------------  --------------------  
     -1.719       -8.411                      8                11176        0.024        0.000                      0                11176        0.264        0.000                       0                  4383  


Timing constraints are not met.


------------------------------------------------------------------------------------------------
| Clock Summary
| -------------
------------------------------------------------------------------------------------------------

Clock                          Waveform(ns)         Period(ns)      Frequency(MHz)
-----                          ------------         ----------      --------------
clk100                         {0.000 5.000}        10.000          100.000         
  soc_builder_basesoc_mmcm_fb  {0.000 5.000}        10.000          100.000         
  soc_crg_clkout0              {0.000 6.667}        13.333          75.000          
  soc_crg_clkout1              {0.000 3.333}        6.667           150.000         
  soc_crg_clkout2              {1.667 5.000}        6.667           150.000         
  soc_crg_clkout3              {0.000 2.500}        5.000           200.000         


------------------------------------------------------------------------------------------------
| Intra Clock Table
| -----------------
------------------------------------------------------------------------------------------------

Clock                              WNS(ns)      TNS(ns)  TNS Failing Endpoints  TNS Total Endpoints      WHS(ns)      THS(ns)  THS Failing Endpoints  THS Total Endpoints     WPWS(ns)     TPWS(ns)  TPWS Failing Endpoints  TPWS Total Endpoints  
-----                              -------      -------  ---------------------  -------------------      -------      -------  ---------------------  -------------------     --------     --------  ----------------------  --------------------  
clk100                               8.214        0.000                      0                    7        0.226        0.000                      0                    7        3.000        0.000                       0                    10  
  soc_builder_basesoc_mmcm_fb                                                                                                                                                    8.751        0.000                       0                     2  
  soc_crg_clkout0                   -1.719       -8.411                      8                11155        0.024        0.000                      0                11155        5.417        0.000                       0                  4282  
  soc_crg_clkout1                                                                                                                                                                4.511        0.000                       0                    75  
  soc_crg_clkout2                                                                                                                                                                4.511        0.000                       0                     4  
  soc_crg_clkout3                    1.215        0.000                      0                   14        0.160        0.000                      0                   14        0.264        0.000                       0                    10  


------------------------------------------------------------------------------------------------
| Inter Clock Table
| -----------------
------------------------------------------------------------------------------------------------

From Clock    To Clock          WNS(ns)      TNS(ns)  TNS Failing Endpoints  TNS Total Endpoints      WHS(ns)      THS(ns)  THS Failing Endpoints  THS Total Endpoints  
----------    --------          -------      -------  ---------------------  -------------------      -------      -------  ---------------------  -------------------  


------------------------------------------------------------------------------------------------
| Other Path Groups Table
| -----------------------
------------------------------------------------------------------------------------------------

Path Group    From Clock    To Clock          WNS(ns)      TNS(ns)  TNS Failing Endpoints  TNS Total Endpoints      WHS(ns)      THS(ns)  THS Failing Endpoints  THS Total Endpoints  
----------    ----------    --------          -------      -------  ---------------------  -------------------      -------      -------  ---------------------  -------------------  


# report_route_status -file digilent_nexys4ddr_route_status.rpt
# report_drc -file digilent_nexys4ddr_drc.rpt
Command: report_drc -file digilent_nexys4ddr_drc.rpt
INFO: [IP_Flow 19-234] Refreshing IP repositories
INFO: [IP_Flow 19-1704] No user IP repositories specified
INFO: [IP_Flow 19-2313] Loaded Vivado IP repository '/tools/Xilinx/Vivado/2023.2/data/ip'.
INFO: [DRC 23-27] Running DRC with 8 threads
INFO: [Vivado_Tcl 2-168] The results of DRC are in file /home/masamuneprog/AAML/CFU-Playground/soc/build/digilent_nexys4ddr.lab4_template/gateware/digilent_nexys4ddr_drc.rpt.
report_drc completed successfully
# report_timing_summary -datasheet -max_paths 10 -file digilent_nexys4ddr_timing.rpt
INFO: [Timing 38-91] UpdateTimingParams: Speed grade: -1, Delay Type: min_max.
INFO: [Timing 38-191] Multithreading enabled for timing update using a maximum of 8 CPUs
# report_power -file digilent_nexys4ddr_power.rpt
Command: report_power -file digilent_nexys4ddr_power.rpt
Running Vector-less Activity Propagation...

Finished Running Vector-less Activity Propagation
WARNING: [Power 33-332] Found switching activity that implies high-fanout reset nets being asserted for excessive periods of time which may result in inaccurate power analysis.
Resolution: To review and fix problems, please run Power Constraints Advisor in the GUI from Tools > Power Constraints Advisor or run report_power with the -advisory option to generate a text report.
0 Infos, 1 Warnings, 0 Critical Warnings and 0 Errors encountered.
report_power completed successfully
# write_bitstream -force digilent_nexys4ddr.bit 
Command: write_bitstream -force digilent_nexys4ddr.bit
Attempting to get a license for feature 'Implementation' and/or device 'xc7a100t'
INFO: [Common 17-349] Got license for feature 'Implementation' and/or device 'xc7a100t'
Running DRC as a precondition to command write_bitstream
INFO: [IP_Flow 19-1839] IP Catalog is up to date.
INFO: [DRC 23-27] Running DRC with 8 threads
WARNING: [DRC BUFC-1] Input Buffer Connections: Input buffer IOBUFDS/IBUFDS has no loads. It is recommended to have an input buffer drive an internal load.
WARNING: [DRC BUFC-1] Input Buffer Connections: Input buffer IOBUFDS_1/IBUFDS has no loads. It is recommended to have an input buffer drive an internal load.
WARNING: [DRC CFGBVS-1] Missing CFGBVS and CONFIG_VOLTAGE Design Properties: Neither the CFGBVS nor CONFIG_VOLTAGE voltage property is set in the current_design.  Configuration bank voltage select (CFGBVS) must be set to VCCO or GND, and CONFIG_VOLTAGE must be set to the correct configuration voltage, in order to determine the I/O voltage support for the pins in bank 0.  It is suggested to specify these either using the 'Edit Device Properties' function in the GUI or directly in the XDC file using the following syntax:

 set_property CFGBVS value1 [current_design]
 #where value1 is either VCCO or GND

 set_property CONFIG_VOLTAGE value2 [current_design]
 #where value2 is the voltage provided to configuration bank 0

Refer to the device configuration user guide for more information.
WARNING: [DRC DPIP-1] Input pipelining: DSP Cfu/exponential_softmax/result2 input Cfu/exponential_softmax/result2/A[29:0] is not pipelined. Pipelining DSP48 input will improve performance.
WARNING: [DRC DPIP-1] Input pipelining: DSP Cfu/exponential_softmax/result2__0 input Cfu/exponential_softmax/result2__0/A[29:0] is not pipelined. Pipelining DSP48 input will improve performance.
WARNING: [DRC DPIP-1] Input pipelining: DSP Cfu/exponential_softmax/result2__1 input Cfu/exponential_softmax/result2__1/A[29:0] is not pipelined. Pipelining DSP48 input will improve performance.
WARNING: [DRC DPIP-1] Input pipelining: DSP Cfu/exponential_softmax/result2__10 input Cfu/exponential_softmax/result2__10/A[29:0] is not pipelined. Pipelining DSP48 input will improve performance.
WARNING: [DRC DPIP-1] Input pipelining: DSP Cfu/exponential_softmax/result2__11 input Cfu/exponential_softmax/result2__11/A[29:0] is not pipelined. Pipelining DSP48 input will improve performance.
WARNING: [DRC DPIP-1] Input pipelining: DSP Cfu/exponential_softmax/result2__12 input Cfu/exponential_softmax/result2__12/B[17:0] is not pipelined. Pipelining DSP48 input will improve performance.
WARNING: [DRC DPIP-1] Input pipelining: DSP Cfu/exponential_softmax/result2__13 input Cfu/exponential_softmax/result2__13/A[29:0] is not pipelined. Pipelining DSP48 input will improve performance.
WARNING: [DRC DPIP-1] Input pipelining: DSP Cfu/exponential_softmax/result2__14 input Cfu/exponential_softmax/result2__14/A[29:0] is not pipelined. Pipelining DSP48 input will improve performance.
WARNING: [DRC DPIP-1] Input pipelining: DSP Cfu/exponential_softmax/result2__15 input Cfu/exponential_softmax/result2__15/A[29:0] is not pipelined. Pipelining DSP48 input will improve performance.
WARNING: [DRC DPIP-1] Input pipelining: DSP Cfu/exponential_softmax/result2__16 input Cfu/exponential_softmax/result2__16/A[29:0] is not pipelined. Pipelining DSP48 input will improve performance.
WARNING: [DRC DPIP-1] Input pipelining: DSP Cfu/exponential_softmax/result2__18 input Cfu/exponential_softmax/result2__18/A[29:0] is not pipelined. Pipelining DSP48 input will improve performance.
WARNING: [DRC DPIP-1] Input pipelining: DSP Cfu/exponential_softmax/result2__19 input Cfu/exponential_softmax/result2__19/A[29:0] is not pipelined. Pipelining DSP48 input will improve performance.
WARNING: [DRC DPIP-1] Input pipelining: DSP Cfu/exponential_softmax/result2__2 input Cfu/exponential_softmax/result2__2/A[29:0] is not pipelined. Pipelining DSP48 input will improve performance.
WARNING: [DRC DPIP-1] Input pipelining: DSP Cfu/exponential_softmax/result2__20 input Cfu/exponential_softmax/result2__20/A[29:0] is not pipelined. Pipelining DSP48 input will improve performance.
WARNING: [DRC DPIP-1] Input pipelining: DSP Cfu/exponential_softmax/result2__21 input Cfu/exponential_softmax/result2__21/A[29:0] is not pipelined. Pipelining DSP48 input will improve performance.
WARNING: [DRC DPIP-1] Input pipelining: DSP Cfu/exponential_softmax/result2__22 input Cfu/exponential_softmax/result2__22/A[29:0] is not pipelined. Pipelining DSP48 input will improve performance.
WARNING: [DRC DPIP-1] Input pipelining: DSP Cfu/exponential_softmax/result2__23 input Cfu/exponential_softmax/result2__23/A[29:0] is not pipelined. Pipelining DSP48 input will improve performance.
WARNING: [DRC DPIP-1] Input pipelining: DSP Cfu/exponential_softmax/result2__24 input Cfu/exponential_softmax/result2__24/A[29:0] is not pipelined. Pipelining DSP48 input will improve performance.
WARNING: [DRC DPIP-1] Input pipelining: DSP Cfu/exponential_softmax/result2__25 input Cfu/exponential_softmax/result2__25/A[29:0] is not pipelined. Pipelining DSP48 input will improve performance.
WARNING: [DRC DPIP-1] Input pipelining: DSP Cfu/exponential_softmax/result2__26 input Cfu/exponential_softmax/result2__26/A[29:0] is not pipelined. Pipelining DSP48 input will improve performance.
WARNING: [DRC DPIP-1] Input pipelining: DSP Cfu/exponential_softmax/result2__27 input Cfu/exponential_softmax/result2__27/B[17:0] is not pipelined. Pipelining DSP48 input will improve performance.
WARNING: [DRC DPIP-1] Input pipelining: DSP Cfu/exponential_softmax/result2__28 input Cfu/exponential_softmax/result2__28/A[29:0] is not pipelined. Pipelining DSP48 input will improve performance.
WARNING: [DRC DPIP-1] Input pipelining: DSP Cfu/exponential_softmax/result2__29 input Cfu/exponential_softmax/result2__29/A[29:0] is not pipelined. Pipelining DSP48 input will improve performance.
WARNING: [DRC DPIP-1] Input pipelining: DSP Cfu/exponential_softmax/result2__3 input Cfu/exponential_softmax/result2__3/A[29:0] is not pipelined. Pipelining DSP48 input will improve performance.
WARNING: [DRC DPIP-1] Input pipelining: DSP Cfu/exponential_softmax/result2__30 input Cfu/exponential_softmax/result2__30/A[29:0] is not pipelined. Pipelining DSP48 input will improve performance.
WARNING: [DRC DPIP-1] Input pipelining: DSP Cfu/exponential_softmax/result2__31 input Cfu/exponential_softmax/result2__31/A[29:0] is not pipelined. Pipelining DSP48 input will improve performance.
WARNING: [DRC DPIP-1] Input pipelining: DSP Cfu/exponential_softmax/result2__32 input Cfu/exponential_softmax/result2__32/A[29:0] is not pipelined. Pipelining DSP48 input will improve performance.
WARNING: [DRC DPIP-1] Input pipelining: DSP Cfu/exponential_softmax/result2__33 input Cfu/exponential_softmax/result2__33/B[17:0] is not pipelined. Pipelining DSP48 input will improve performance.
WARNING: [DRC DPIP-1] Input pipelining: DSP Cfu/exponential_softmax/result2__34 input Cfu/exponential_softmax/result2__34/A[29:0] is not pipelined. Pipelining DSP48 input will improve performance.
WARNING: [DRC DPIP-1] Input pipelining: DSP Cfu/exponential_softmax/result2__35 input Cfu/exponential_softmax/result2__35/A[29:0] is not pipelined. Pipelining DSP48 input will improve performance.
WARNING: [DRC DPIP-1] Input pipelining: DSP Cfu/exponential_softmax/result2__36 input Cfu/exponential_softmax/result2__36/B[17:0] is not pipelined. Pipelining DSP48 input will improve performance.
WARNING: [DRC DPIP-1] Input pipelining: DSP Cfu/exponential_softmax/result2__37 input Cfu/exponential_softmax/result2__37/A[29:0] is not pipelined. Pipelining DSP48 input will improve performance.
WARNING: [DRC DPIP-1] Input pipelining: DSP Cfu/exponential_softmax/result2__38 input Cfu/exponential_softmax/result2__38/A[29:0] is not pipelined. Pipelining DSP48 input will improve performance.
WARNING: [DRC DPIP-1] Input pipelining: DSP Cfu/exponential_softmax/result2__4 input Cfu/exponential_softmax/result2__4/A[29:0] is not pipelined. Pipelining DSP48 input will improve performance.
WARNING: [DRC DPIP-1] Input pipelining: DSP Cfu/exponential_softmax/result2__5 input Cfu/exponential_softmax/result2__5/A[29:0] is not pipelined. Pipelining DSP48 input will improve performance.
WARNING: [DRC DPIP-1] Input pipelining: DSP Cfu/exponential_softmax/result2__6 input Cfu/exponential_softmax/result2__6/A[29:0] is not pipelined. Pipelining DSP48 input will improve performance.
WARNING: [DRC DPIP-1] Input pipelining: DSP Cfu/exponential_softmax/result2__7 input Cfu/exponential_softmax/result2__7/A[29:0] is not pipelined. Pipelining DSP48 input will improve performance.
WARNING: [DRC DPIP-1] Input pipelining: DSP Cfu/exponential_softmax/result2__8 input Cfu/exponential_softmax/result2__8/A[29:0] is not pipelined. Pipelining DSP48 input will improve performance.
WARNING: [DRC DPIP-1] Input pipelining: DSP Cfu/exponential_softmax/result2__9 input Cfu/exponential_softmax/result2__9/A[29:0] is not pipelined. Pipelining DSP48 input will improve performance.
WARNING: [DRC DPIP-1] Input pipelining: DSP VexRiscv/execute_to_memory_MUL_HL_reg input VexRiscv/execute_to_memory_MUL_HL_reg/A[29:0] is not pipelined. Pipelining DSP48 input will improve performance.
WARNING: [DRC DPIP-1] Input pipelining: DSP VexRiscv/execute_to_memory_MUL_HL_reg input VexRiscv/execute_to_memory_MUL_HL_reg/B[17:0] is not pipelined. Pipelining DSP48 input will improve performance.
WARNING: [DRC DPIP-1] Input pipelining: DSP VexRiscv/execute_to_memory_MUL_LH_reg input VexRiscv/execute_to_memory_MUL_LH_reg/A[29:0] is not pipelined. Pipelining DSP48 input will improve performance.
WARNING: [DRC DPIP-1] Input pipelining: DSP VexRiscv/execute_to_memory_MUL_LH_reg input VexRiscv/execute_to_memory_MUL_LH_reg/B[17:0] is not pipelined. Pipelining DSP48 input will improve performance.
WARNING: [DRC DPIP-1] Input pipelining: DSP VexRiscv/execute_to_memory_MUL_LL_reg input VexRiscv/execute_to_memory_MUL_LL_reg/A[29:0] is not pipelined. Pipelining DSP48 input will improve performance.
WARNING: [DRC DPIP-1] Input pipelining: DSP VexRiscv/execute_to_memory_MUL_LL_reg input VexRiscv/execute_to_memory_MUL_LL_reg/B[17:0] is not pipelined. Pipelining DSP48 input will improve performance.
WARNING: [DRC DPIP-1] Input pipelining: DSP VexRiscv/memory_to_writeBack_MUL_HH_reg input VexRiscv/memory_to_writeBack_MUL_HH_reg/A[29:0] is not pipelined. Pipelining DSP48 input will improve performance.
WARNING: [DRC DPIP-1] Input pipelining: DSP VexRiscv/memory_to_writeBack_MUL_HH_reg input VexRiscv/memory_to_writeBack_MUL_HH_reg/B[17:0] is not pipelined. Pipelining DSP48 input will improve performance.
WARNING: [DRC DPOP-1] PREG Output pipelining: DSP Cfu/exponential_softmax/result2__0 output Cfu/exponential_softmax/result2__0/P[47:0] is not pipelined (PREG=0). Pipelining the DSP48 output will improve performance and often saves power so it is suggested whenever possible to fully pipeline this function.  If this DSP48 function was inferred, it is suggested to describe an additional register stage after this function.  If the DSP48 was instantiated in the design, it is suggested to set the PREG attribute to 1.
WARNING: [DRC DPOP-1] PREG Output pipelining: DSP Cfu/exponential_softmax/result2__10 output Cfu/exponential_softmax/result2__10/P[47:0] is not pipelined (PREG=0). Pipelining the DSP48 output will improve performance and often saves power so it is suggested whenever possible to fully pipeline this function.  If this DSP48 function was inferred, it is suggested to describe an additional register stage after this function.  If the DSP48 was instantiated in the design, it is suggested to set the PREG attribute to 1.
WARNING: [DRC DPOP-1] PREG Output pipelining: DSP Cfu/exponential_softmax/result2__11 output Cfu/exponential_softmax/result2__11/P[47:0] is not pipelined (PREG=0). Pipelining the DSP48 output will improve performance and often saves power so it is suggested whenever possible to fully pipeline this function.  If this DSP48 function was inferred, it is suggested to describe an additional register stage after this function.  If the DSP48 was instantiated in the design, it is suggested to set the PREG attribute to 1.
WARNING: [DRC DPOP-1] PREG Output pipelining: DSP Cfu/exponential_softmax/result2__12 output Cfu/exponential_softmax/result2__12/P[47:0] is not pipelined (PREG=0). Pipelining the DSP48 output will improve performance and often saves power so it is suggested whenever possible to fully pipeline this function.  If this DSP48 function was inferred, it is suggested to describe an additional register stage after this function.  If the DSP48 was instantiated in the design, it is suggested to set the PREG attribute to 1.
WARNING: [DRC DPOP-1] PREG Output pipelining: DSP Cfu/exponential_softmax/result2__13 output Cfu/exponential_softmax/result2__13/P[47:0] is not pipelined (PREG=0). Pipelining the DSP48 output will improve performance and often saves power so it is suggested whenever possible to fully pipeline this function.  If this DSP48 function was inferred, it is suggested to describe an additional register stage after this function.  If the DSP48 was instantiated in the design, it is suggested to set the PREG attribute to 1.
WARNING: [DRC DPOP-1] PREG Output pipelining: DSP Cfu/exponential_softmax/result2__14 output Cfu/exponential_softmax/result2__14/P[47:0] is not pipelined (PREG=0). Pipelining the DSP48 output will improve performance and often saves power so it is suggested whenever possible to fully pipeline this function.  If this DSP48 function was inferred, it is suggested to describe an additional register stage after this function.  If the DSP48 was instantiated in the design, it is suggested to set the PREG attribute to 1.
WARNING: [DRC DPOP-1] PREG Output pipelining: DSP Cfu/exponential_softmax/result2__15 output Cfu/exponential_softmax/result2__15/P[47:0] is not pipelined (PREG=0). Pipelining the DSP48 output will improve performance and often saves power so it is suggested whenever possible to fully pipeline this function.  If this DSP48 function was inferred, it is suggested to describe an additional register stage after this function.  If the DSP48 was instantiated in the design, it is suggested to set the PREG attribute to 1.
WARNING: [DRC DPOP-1] PREG Output pipelining: DSP Cfu/exponential_softmax/result2__16 output Cfu/exponential_softmax/result2__16/P[47:0] is not pipelined (PREG=0). Pipelining the DSP48 output will improve performance and often saves power so it is suggested whenever possible to fully pipeline this function.  If this DSP48 function was inferred, it is suggested to describe an additional register stage after this function.  If the DSP48 was instantiated in the design, it is suggested to set the PREG attribute to 1.
WARNING: [DRC DPOP-1] PREG Output pipelining: DSP Cfu/exponential_softmax/result2__17 output Cfu/exponential_softmax/result2__17/P[47:0] is not pipelined (PREG=0). Pipelining the DSP48 output will improve performance and often saves power so it is suggested whenever possible to fully pipeline this function.  If this DSP48 function was inferred, it is suggested to describe an additional register stage after this function.  If the DSP48 was instantiated in the design, it is suggested to set the PREG attribute to 1.
WARNING: [DRC DPOP-1] PREG Output pipelining: DSP Cfu/exponential_softmax/result2__18 output Cfu/exponential_softmax/result2__18/P[47:0] is not pipelined (PREG=0). Pipelining the DSP48 output will improve performance and often saves power so it is suggested whenever possible to fully pipeline this function.  If this DSP48 function was inferred, it is suggested to describe an additional register stage after this function.  If the DSP48 was instantiated in the design, it is suggested to set the PREG attribute to 1.
WARNING: [DRC DPOP-1] PREG Output pipelining: DSP Cfu/exponential_softmax/result2__19 output Cfu/exponential_softmax/result2__19/P[47:0] is not pipelined (PREG=0). Pipelining the DSP48 output will improve performance and often saves power so it is suggested whenever possible to fully pipeline this function.  If this DSP48 function was inferred, it is suggested to describe an additional register stage after this function.  If the DSP48 was instantiated in the design, it is suggested to set the PREG attribute to 1.
WARNING: [DRC DPOP-1] PREG Output pipelining: DSP Cfu/exponential_softmax/result2__2 output Cfu/exponential_softmax/result2__2/P[47:0] is not pipelined (PREG=0). Pipelining the DSP48 output will improve performance and often saves power so it is suggested whenever possible to fully pipeline this function.  If this DSP48 function was inferred, it is suggested to describe an additional register stage after this function.  If the DSP48 was instantiated in the design, it is suggested to set the PREG attribute to 1.
WARNING: [DRC DPOP-1] PREG Output pipelining: DSP Cfu/exponential_softmax/result2__20 output Cfu/exponential_softmax/result2__20/P[47:0] is not pipelined (PREG=0). Pipelining the DSP48 output will improve performance and often saves power so it is suggested whenever possible to fully pipeline this function.  If this DSP48 function was inferred, it is suggested to describe an additional register stage after this function.  If the DSP48 was instantiated in the design, it is suggested to set the PREG attribute to 1.
WARNING: [DRC DPOP-1] PREG Output pipelining: DSP Cfu/exponential_softmax/result2__21 output Cfu/exponential_softmax/result2__21/P[47:0] is not pipelined (PREG=0). Pipelining the DSP48 output will improve performance and often saves power so it is suggested whenever possible to fully pipeline this function.  If this DSP48 function was inferred, it is suggested to describe an additional register stage after this function.  If the DSP48 was instantiated in the design, it is suggested to set the PREG attribute to 1.
WARNING: [DRC DPOP-1] PREG Output pipelining: DSP Cfu/exponential_softmax/result2__22 output Cfu/exponential_softmax/result2__22/P[47:0] is not pipelined (PREG=0). Pipelining the DSP48 output will improve performance and often saves power so it is suggested whenever possible to fully pipeline this function.  If this DSP48 function was inferred, it is suggested to describe an additional register stage after this function.  If the DSP48 was instantiated in the design, it is suggested to set the PREG attribute to 1.
WARNING: [DRC DPOP-1] PREG Output pipelining: DSP Cfu/exponential_softmax/result2__23 output Cfu/exponential_softmax/result2__23/P[47:0] is not pipelined (PREG=0). Pipelining the DSP48 output will improve performance and often saves power so it is suggested whenever possible to fully pipeline this function.  If this DSP48 function was inferred, it is suggested to describe an additional register stage after this function.  If the DSP48 was instantiated in the design, it is suggested to set the PREG attribute to 1.
WARNING: [DRC DPOP-1] PREG Output pipelining: DSP Cfu/exponential_softmax/result2__24 output Cfu/exponential_softmax/result2__24/P[47:0] is not pipelined (PREG=0). Pipelining the DSP48 output will improve performance and often saves power so it is suggested whenever possible to fully pipeline this function.  If this DSP48 function was inferred, it is suggested to describe an additional register stage after this function.  If the DSP48 was instantiated in the design, it is suggested to set the PREG attribute to 1.
WARNING: [DRC DPOP-1] PREG Output pipelining: DSP Cfu/exponential_softmax/result2__25 output Cfu/exponential_softmax/result2__25/P[47:0] is not pipelined (PREG=0). Pipelining the DSP48 output will improve performance and often saves power so it is suggested whenever possible to fully pipeline this function.  If this DSP48 function was inferred, it is suggested to describe an additional register stage after this function.  If the DSP48 was instantiated in the design, it is suggested to set the PREG attribute to 1.
WARNING: [DRC DPOP-1] PREG Output pipelining: DSP Cfu/exponential_softmax/result2__26 output Cfu/exponential_softmax/result2__26/P[47:0] is not pipelined (PREG=0). Pipelining the DSP48 output will improve performance and often saves power so it is suggested whenever possible to fully pipeline this function.  If this DSP48 function was inferred, it is suggested to describe an additional register stage after this function.  If the DSP48 was instantiated in the design, it is suggested to set the PREG attribute to 1.
WARNING: [DRC DPOP-1] PREG Output pipelining: DSP Cfu/exponential_softmax/result2__27 output Cfu/exponential_softmax/result2__27/P[47:0] is not pipelined (PREG=0). Pipelining the DSP48 output will improve performance and often saves power so it is suggested whenever possible to fully pipeline this function.  If this DSP48 function was inferred, it is suggested to describe an additional register stage after this function.  If the DSP48 was instantiated in the design, it is suggested to set the PREG attribute to 1.
WARNING: [DRC DPOP-1] PREG Output pipelining: DSP Cfu/exponential_softmax/result2__28 output Cfu/exponential_softmax/result2__28/P[47:0] is not pipelined (PREG=0). Pipelining the DSP48 output will improve performance and often saves power so it is suggested whenever possible to fully pipeline this function.  If this DSP48 function was inferred, it is suggested to describe an additional register stage after this function.  If the DSP48 was instantiated in the design, it is suggested to set the PREG attribute to 1.
WARNING: [DRC DPOP-1] PREG Output pipelining: DSP Cfu/exponential_softmax/result2__29 output Cfu/exponential_softmax/result2__29/P[47:0] is not pipelined (PREG=0). Pipelining the DSP48 output will improve performance and often saves power so it is suggested whenever possible to fully pipeline this function.  If this DSP48 function was inferred, it is suggested to describe an additional register stage after this function.  If the DSP48 was instantiated in the design, it is suggested to set the PREG attribute to 1.
WARNING: [DRC DPOP-1] PREG Output pipelining: DSP Cfu/exponential_softmax/result2__30 output Cfu/exponential_softmax/result2__30/P[47:0] is not pipelined (PREG=0). Pipelining the DSP48 output will improve performance and often saves power so it is suggested whenever possible to fully pipeline this function.  If this DSP48 function was inferred, it is suggested to describe an additional register stage after this function.  If the DSP48 was instantiated in the design, it is suggested to set the PREG attribute to 1.
WARNING: [DRC DPOP-1] PREG Output pipelining: DSP Cfu/exponential_softmax/result2__31 output Cfu/exponential_softmax/result2__31/P[47:0] is not pipelined (PREG=0). Pipelining the DSP48 output will improve performance and often saves power so it is suggested whenever possible to fully pipeline this function.  If this DSP48 function was inferred, it is suggested to describe an additional register stage after this function.  If the DSP48 was instantiated in the design, it is suggested to set the PREG attribute to 1.
WARNING: [DRC DPOP-1] PREG Output pipelining: DSP Cfu/exponential_softmax/result2__32 output Cfu/exponential_softmax/result2__32/P[47:0] is not pipelined (PREG=0). Pipelining the DSP48 output will improve performance and often saves power so it is suggested whenever possible to fully pipeline this function.  If this DSP48 function was inferred, it is suggested to describe an additional register stage after this function.  If the DSP48 was instantiated in the design, it is suggested to set the PREG attribute to 1.
WARNING: [DRC DPOP-1] PREG Output pipelining: DSP Cfu/exponential_softmax/result2__33 output Cfu/exponential_softmax/result2__33/P[47:0] is not pipelined (PREG=0). Pipelining the DSP48 output will improve performance and often saves power so it is suggested whenever possible to fully pipeline this function.  If this DSP48 function was inferred, it is suggested to describe an additional register stage after this function.  If the DSP48 was instantiated in the design, it is suggested to set the PREG attribute to 1.
WARNING: [DRC DPOP-1] PREG Output pipelining: DSP Cfu/exponential_softmax/result2__34 output Cfu/exponential_softmax/result2__34/P[47:0] is not pipelined (PREG=0). Pipelining the DSP48 output will improve performance and often saves power so it is suggested whenever possible to fully pipeline this function.  If this DSP48 function was inferred, it is suggested to describe an additional register stage after this function.  If the DSP48 was instantiated in the design, it is suggested to set the PREG attribute to 1.
WARNING: [DRC DPOP-1] PREG Output pipelining: DSP Cfu/exponential_softmax/result2__35 output Cfu/exponential_softmax/result2__35/P[47:0] is not pipelined (PREG=0). Pipelining the DSP48 output will improve performance and often saves power so it is suggested whenever possible to fully pipeline this function.  If this DSP48 function was inferred, it is suggested to describe an additional register stage after this function.  If the DSP48 was instantiated in the design, it is suggested to set the PREG attribute to 1.
WARNING: [DRC DPOP-1] PREG Output pipelining: DSP Cfu/exponential_softmax/result2__36 output Cfu/exponential_softmax/result2__36/P[47:0] is not pipelined (PREG=0). Pipelining the DSP48 output will improve performance and often saves power so it is suggested whenever possible to fully pipeline this function.  If this DSP48 function was inferred, it is suggested to describe an additional register stage after this function.  If the DSP48 was instantiated in the design, it is suggested to set the PREG attribute to 1.
WARNING: [DRC DPOP-1] PREG Output pipelining: DSP Cfu/exponential_softmax/result2__37 output Cfu/exponential_softmax/result2__37/P[47:0] is not pipelined (PREG=0). Pipelining the DSP48 output will improve performance and often saves power so it is suggested whenever possible to fully pipeline this function.  If this DSP48 function was inferred, it is suggested to describe an additional register stage after this function.  If the DSP48 was instantiated in the design, it is suggested to set the PREG attribute to 1.
WARNING: [DRC DPOP-1] PREG Output pipelining: DSP Cfu/exponential_softmax/result2__38 output Cfu/exponential_softmax/result2__38/P[47:0] is not pipelined (PREG=0). Pipelining the DSP48 output will improve performance and often saves power so it is suggested whenever possible to fully pipeline this function.  If this DSP48 function was inferred, it is suggested to describe an additional register stage after this function.  If the DSP48 was instantiated in the design, it is suggested to set the PREG attribute to 1.
WARNING: [DRC DPOP-1] PREG Output pipelining: DSP Cfu/exponential_softmax/result2__4 output Cfu/exponential_softmax/result2__4/P[47:0] is not pipelined (PREG=0). Pipelining the DSP48 output will improve performance and often saves power so it is suggested whenever possible to fully pipeline this function.  If this DSP48 function was inferred, it is suggested to describe an additional register stage after this function.  If the DSP48 was instantiated in the design, it is suggested to set the PREG attribute to 1.
WARNING: [DRC DPOP-1] PREG Output pipelining: DSP Cfu/exponential_softmax/result2__6 output Cfu/exponential_softmax/result2__6/P[47:0] is not pipelined (PREG=0). Pipelining the DSP48 output will improve performance and often saves power so it is suggested whenever possible to fully pipeline this function.  If this DSP48 function was inferred, it is suggested to describe an additional register stage after this function.  If the DSP48 was instantiated in the design, it is suggested to set the PREG attribute to 1.
WARNING: [DRC DPOP-1] PREG Output pipelining: DSP Cfu/exponential_softmax/result2__8 output Cfu/exponential_softmax/result2__8/P[47:0] is not pipelined (PREG=0). Pipelining the DSP48 output will improve performance and often saves power so it is suggested whenever possible to fully pipeline this function.  If this DSP48 function was inferred, it is suggested to describe an additional register stage after this function.  If the DSP48 was instantiated in the design, it is suggested to set the PREG attribute to 1.
WARNING: [DRC DPOP-1] PREG Output pipelining: DSP Cfu/exponential_softmax/result2__9 output Cfu/exponential_softmax/result2__9/P[47:0] is not pipelined (PREG=0). Pipelining the DSP48 output will improve performance and often saves power so it is suggested whenever possible to fully pipeline this function.  If this DSP48 function was inferred, it is suggested to describe an additional register stage after this function.  If the DSP48 was instantiated in the design, it is suggested to set the PREG attribute to 1.
WARNING: [DRC DPOP-2] MREG Output pipelining: DSP Cfu/exponential_softmax/result2__0 multiplier stage Cfu/exponential_softmax/result2__0/P[47:0] is not pipelined (MREG=0). Pipelining the multiplier function will improve performance and will save significant power so it is suggested whenever possible to fully pipeline this function.  If this multiplier was inferred, it is suggested to describe an additional register stage after this function.  If there is no registered adder/accumulator following the multiply function, two pipeline stages are suggested to allow both the MREG and PREG registers to be used.  If the DSP48 was instantiated in the design, it is suggested to set both the MREG and PREG attributes to 1 when performing multiply functions.
WARNING: [DRC DPOP-2] MREG Output pipelining: DSP Cfu/exponential_softmax/result2__10 multiplier stage Cfu/exponential_softmax/result2__10/P[47:0] is not pipelined (MREG=0). Pipelining the multiplier function will improve performance and will save significant power so it is suggested whenever possible to fully pipeline this function.  If this multiplier was inferred, it is suggested to describe an additional register stage after this function.  If there is no registered adder/accumulator following the multiply function, two pipeline stages are suggested to allow both the MREG and PREG registers to be used.  If the DSP48 was instantiated in the design, it is suggested to set both the MREG and PREG attributes to 1 when performing multiply functions.
WARNING: [DRC DPOP-2] MREG Output pipelining: DSP Cfu/exponential_softmax/result2__11 multiplier stage Cfu/exponential_softmax/result2__11/P[47:0] is not pipelined (MREG=0). Pipelining the multiplier function will improve performance and will save significant power so it is suggested whenever possible to fully pipeline this function.  If this multiplier was inferred, it is suggested to describe an additional register stage after this function.  If there is no registered adder/accumulator following the multiply function, two pipeline stages are suggested to allow both the MREG and PREG registers to be used.  If the DSP48 was instantiated in the design, it is suggested to set both the MREG and PREG attributes to 1 when performing multiply functions.
WARNING: [DRC DPOP-2] MREG Output pipelining: DSP Cfu/exponential_softmax/result2__12 multiplier stage Cfu/exponential_softmax/result2__12/P[47:0] is not pipelined (MREG=0). Pipelining the multiplier function will improve performance and will save significant power so it is suggested whenever possible to fully pipeline this function.  If this multiplier was inferred, it is suggested to describe an additional register stage after this function.  If there is no registered adder/accumulator following the multiply function, two pipeline stages are suggested to allow both the MREG and PREG registers to be used.  If the DSP48 was instantiated in the design, it is suggested to set both the MREG and PREG attributes to 1 when performing multiply functions.
WARNING: [DRC DPOP-2] MREG Output pipelining: DSP Cfu/exponential_softmax/result2__13 multiplier stage Cfu/exponential_softmax/result2__13/P[47:0] is not pipelined (MREG=0). Pipelining the multiplier function will improve performance and will save significant power so it is suggested whenever possible to fully pipeline this function.  If this multiplier was inferred, it is suggested to describe an additional register stage after this function.  If there is no registered adder/accumulator following the multiply function, two pipeline stages are suggested to allow both the MREG and PREG registers to be used.  If the DSP48 was instantiated in the design, it is suggested to set both the MREG and PREG attributes to 1 when performing multiply functions.
WARNING: [DRC DPOP-2] MREG Output pipelining: DSP Cfu/exponential_softmax/result2__14 multiplier stage Cfu/exponential_softmax/result2__14/P[47:0] is not pipelined (MREG=0). Pipelining the multiplier function will improve performance and will save significant power so it is suggested whenever possible to fully pipeline this function.  If this multiplier was inferred, it is suggested to describe an additional register stage after this function.  If there is no registered adder/accumulator following the multiply function, two pipeline stages are suggested to allow both the MREG and PREG registers to be used.  If the DSP48 was instantiated in the design, it is suggested to set both the MREG and PREG attributes to 1 when performing multiply functions.
WARNING: [DRC DPOP-2] MREG Output pipelining: DSP Cfu/exponential_softmax/result2__15 multiplier stage Cfu/exponential_softmax/result2__15/P[47:0] is not pipelined (MREG=0). Pipelining the multiplier function will improve performance and will save significant power so it is suggested whenever possible to fully pipeline this function.  If this multiplier was inferred, it is suggested to describe an additional register stage after this function.  If there is no registered adder/accumulator following the multiply function, two pipeline stages are suggested to allow both the MREG and PREG registers to be used.  If the DSP48 was instantiated in the design, it is suggested to set both the MREG and PREG attributes to 1 when performing multiply functions.
WARNING: [DRC DPOP-2] MREG Output pipelining: DSP Cfu/exponential_softmax/result2__16 multiplier stage Cfu/exponential_softmax/result2__16/P[47:0] is not pipelined (MREG=0). Pipelining the multiplier function will improve performance and will save significant power so it is suggested whenever possible to fully pipeline this function.  If this multiplier was inferred, it is suggested to describe an additional register stage after this function.  If there is no registered adder/accumulator following the multiply function, two pipeline stages are suggested to allow both the MREG and PREG registers to be used.  If the DSP48 was instantiated in the design, it is suggested to set both the MREG and PREG attributes to 1 when performing multiply functions.
WARNING: [DRC DPOP-2] MREG Output pipelining: DSP Cfu/exponential_softmax/result2__17 multiplier stage Cfu/exponential_softmax/result2__17/P[47:0] is not pipelined (MREG=0). Pipelining the multiplier function will improve performance and will save significant power so it is suggested whenever possible to fully pipeline this function.  If this multiplier was inferred, it is suggested to describe an additional register stage after this function.  If there is no registered adder/accumulator following the multiply function, two pipeline stages are suggested to allow both the MREG and PREG registers to be used.  If the DSP48 was instantiated in the design, it is suggested to set both the MREG and PREG attributes to 1 when performing multiply functions.
WARNING: [DRC DPOP-2] MREG Output pipelining: DSP Cfu/exponential_softmax/result2__18 multiplier stage Cfu/exponential_softmax/result2__18/P[47:0] is not pipelined (MREG=0). Pipelining the multiplier function will improve performance and will save significant power so it is suggested whenever possible to fully pipeline this function.  If this multiplier was inferred, it is suggested to describe an additional register stage after this function.  If there is no registered adder/accumulator following the multiply function, two pipeline stages are suggested to allow both the MREG and PREG registers to be used.  If the DSP48 was instantiated in the design, it is suggested to set both the MREG and PREG attributes to 1 when performing multiply functions.
WARNING: [DRC DPOP-2] MREG Output pipelining: DSP Cfu/exponential_softmax/result2__19 multiplier stage Cfu/exponential_softmax/result2__19/P[47:0] is not pipelined (MREG=0). Pipelining the multiplier function will improve performance and will save significant power so it is suggested whenever possible to fully pipeline this function.  If this multiplier was inferred, it is suggested to describe an additional register stage after this function.  If there is no registered adder/accumulator following the multiply function, two pipeline stages are suggested to allow both the MREG and PREG registers to be used.  If the DSP48 was instantiated in the design, it is suggested to set both the MREG and PREG attributes to 1 when performing multiply functions.
WARNING: [DRC DPOP-2] MREG Output pipelining: DSP Cfu/exponential_softmax/result2__2 multiplier stage Cfu/exponential_softmax/result2__2/P[47:0] is not pipelined (MREG=0). Pipelining the multiplier function will improve performance and will save significant power so it is suggested whenever possible to fully pipeline this function.  If this multiplier was inferred, it is suggested to describe an additional register stage after this function.  If there is no registered adder/accumulator following the multiply function, two pipeline stages are suggested to allow both the MREG and PREG registers to be used.  If the DSP48 was instantiated in the design, it is suggested to set both the MREG and PREG attributes to 1 when performing multiply functions.
WARNING: [DRC DPOP-2] MREG Output pipelining: DSP Cfu/exponential_softmax/result2__20 multiplier stage Cfu/exponential_softmax/result2__20/P[47:0] is not pipelined (MREG=0). Pipelining the multiplier function will improve performance and will save significant power so it is suggested whenever possible to fully pipeline this function.  If this multiplier was inferred, it is suggested to describe an additional register stage after this function.  If there is no registered adder/accumulator following the multiply function, two pipeline stages are suggested to allow both the MREG and PREG registers to be used.  If the DSP48 was instantiated in the design, it is suggested to set both the MREG and PREG attributes to 1 when performing multiply functions.
WARNING: [DRC DPOP-2] MREG Output pipelining: DSP Cfu/exponential_softmax/result2__21 multiplier stage Cfu/exponential_softmax/result2__21/P[47:0] is not pipelined (MREG=0). Pipelining the multiplier function will improve performance and will save significant power so it is suggested whenever possible to fully pipeline this function.  If this multiplier was inferred, it is suggested to describe an additional register stage after this function.  If there is no registered adder/accumulator following the multiply function, two pipeline stages are suggested to allow both the MREG and PREG registers to be used.  If the DSP48 was instantiated in the design, it is suggested to set both the MREG and PREG attributes to 1 when performing multiply functions.
WARNING: [DRC DPOP-2] MREG Output pipelining: DSP Cfu/exponential_softmax/result2__22 multiplier stage Cfu/exponential_softmax/result2__22/P[47:0] is not pipelined (MREG=0). Pipelining the multiplier function will improve performance and will save significant power so it is suggested whenever possible to fully pipeline this function.  If this multiplier was inferred, it is suggested to describe an additional register stage after this function.  If there is no registered adder/accumulator following the multiply function, two pipeline stages are suggested to allow both the MREG and PREG registers to be used.  If the DSP48 was instantiated in the design, it is suggested to set both the MREG and PREG attributes to 1 when performing multiply functions.
WARNING: [DRC DPOP-2] MREG Output pipelining: DSP Cfu/exponential_softmax/result2__23 multiplier stage Cfu/exponential_softmax/result2__23/P[47:0] is not pipelined (MREG=0). Pipelining the multiplier function will improve performance and will save significant power so it is suggested whenever possible to fully pipeline this function.  If this multiplier was inferred, it is suggested to describe an additional register stage after this function.  If there is no registered adder/accumulator following the multiply function, two pipeline stages are suggested to allow both the MREG and PREG registers to be used.  If the DSP48 was instantiated in the design, it is suggested to set both the MREG and PREG attributes to 1 when performing multiply functions.
WARNING: [DRC DPOP-2] MREG Output pipelining: DSP Cfu/exponential_softmax/result2__24 multiplier stage Cfu/exponential_softmax/result2__24/P[47:0] is not pipelined (MREG=0). Pipelining the multiplier function will improve performance and will save significant power so it is suggested whenever possible to fully pipeline this function.  If this multiplier was inferred, it is suggested to describe an additional register stage after this function.  If there is no registered adder/accumulator following the multiply function, two pipeline stages are suggested to allow both the MREG and PREG registers to be used.  If the DSP48 was instantiated in the design, it is suggested to set both the MREG and PREG attributes to 1 when performing multiply functions.
WARNING: [DRC DPOP-2] MREG Output pipelining: DSP Cfu/exponential_softmax/result2__25 multiplier stage Cfu/exponential_softmax/result2__25/P[47:0] is not pipelined (MREG=0). Pipelining the multiplier function will improve performance and will save significant power so it is suggested whenever possible to fully pipeline this function.  If this multiplier was inferred, it is suggested to describe an additional register stage after this function.  If there is no registered adder/accumulator following the multiply function, two pipeline stages are suggested to allow both the MREG and PREG registers to be used.  If the DSP48 was instantiated in the design, it is suggested to set both the MREG and PREG attributes to 1 when performing multiply functions.
WARNING: [DRC DPOP-2] MREG Output pipelining: DSP Cfu/exponential_softmax/result2__26 multiplier stage Cfu/exponential_softmax/result2__26/P[47:0] is not pipelined (MREG=0). Pipelining the multiplier function will improve performance and will save significant power so it is suggested whenever possible to fully pipeline this function.  If this multiplier was inferred, it is suggested to describe an additional register stage after this function.  If there is no registered adder/accumulator following the multiply function, two pipeline stages are suggested to allow both the MREG and PREG registers to be used.  If the DSP48 was instantiated in the design, it is suggested to set both the MREG and PREG attributes to 1 when performing multiply functions.
WARNING: [DRC DPOP-2] MREG Output pipelining: DSP Cfu/exponential_softmax/result2__27 multiplier stage Cfu/exponential_softmax/result2__27/P[47:0] is not pipelined (MREG=0). Pipelining the multiplier function will improve performance and will save significant power so it is suggested whenever possible to fully pipeline this function.  If this multiplier was inferred, it is suggested to describe an additional register stage after this function.  If there is no registered adder/accumulator following the multiply function, two pipeline stages are suggested to allow both the MREG and PREG registers to be used.  If the DSP48 was instantiated in the design, it is suggested to set both the MREG and PREG attributes to 1 when performing multiply functions.
WARNING: [DRC DPOP-2] MREG Output pipelining: DSP Cfu/exponential_softmax/result2__28 multiplier stage Cfu/exponential_softmax/result2__28/P[47:0] is not pipelined (MREG=0). Pipelining the multiplier function will improve performance and will save significant power so it is suggested whenever possible to fully pipeline this function.  If this multiplier was inferred, it is suggested to describe an additional register stage after this function.  If there is no registered adder/accumulator following the multiply function, two pipeline stages are suggested to allow both the MREG and PREG registers to be used.  If the DSP48 was instantiated in the design, it is suggested to set both the MREG and PREG attributes to 1 when performing multiply functions.
WARNING: [DRC DPOP-2] MREG Output pipelining: DSP Cfu/exponential_softmax/result2__29 multiplier stage Cfu/exponential_softmax/result2__29/P[47:0] is not pipelined (MREG=0). Pipelining the multiplier function will improve performance and will save significant power so it is suggested whenever possible to fully pipeline this function.  If this multiplier was inferred, it is suggested to describe an additional register stage after this function.  If there is no registered adder/accumulator following the multiply function, two pipeline stages are suggested to allow both the MREG and PREG registers to be used.  If the DSP48 was instantiated in the design, it is suggested to set both the MREG and PREG attributes to 1 when performing multiply functions.
WARNING: [DRC DPOP-2] MREG Output pipelining: DSP Cfu/exponential_softmax/result2__30 multiplier stage Cfu/exponential_softmax/result2__30/P[47:0] is not pipelined (MREG=0). Pipelining the multiplier function will improve performance and will save significant power so it is suggested whenever possible to fully pipeline this function.  If this multiplier was inferred, it is suggested to describe an additional register stage after this function.  If there is no registered adder/accumulator following the multiply function, two pipeline stages are suggested to allow both the MREG and PREG registers to be used.  If the DSP48 was instantiated in the design, it is suggested to set both the MREG and PREG attributes to 1 when performing multiply functions.
WARNING: [DRC DPOP-2] MREG Output pipelining: DSP Cfu/exponential_softmax/result2__31 multiplier stage Cfu/exponential_softmax/result2__31/P[47:0] is not pipelined (MREG=0). Pipelining the multiplier function will improve performance and will save significant power so it is suggested whenever possible to fully pipeline this function.  If this multiplier was inferred, it is suggested to describe an additional register stage after this function.  If there is no registered adder/accumulator following the multiply function, two pipeline stages are suggested to allow both the MREG and PREG registers to be used.  If the DSP48 was instantiated in the design, it is suggested to set both the MREG and PREG attributes to 1 when performing multiply functions.
WARNING: [DRC DPOP-2] MREG Output pipelining: DSP Cfu/exponential_softmax/result2__32 multiplier stage Cfu/exponential_softmax/result2__32/P[47:0] is not pipelined (MREG=0). Pipelining the multiplier function will improve performance and will save significant power so it is suggested whenever possible to fully pipeline this function.  If this multiplier was inferred, it is suggested to describe an additional register stage after this function.  If there is no registered adder/accumulator following the multiply function, two pipeline stages are suggested to allow both the MREG and PREG registers to be used.  If the DSP48 was instantiated in the design, it is suggested to set both the MREG and PREG attributes to 1 when performing multiply functions.
WARNING: [DRC DPOP-2] MREG Output pipelining: DSP Cfu/exponential_softmax/result2__33 multiplier stage Cfu/exponential_softmax/result2__33/P[47:0] is not pipelined (MREG=0). Pipelining the multiplier function will improve performance and will save significant power so it is suggested whenever possible to fully pipeline this function.  If this multiplier was inferred, it is suggested to describe an additional register stage after this function.  If there is no registered adder/accumulator following the multiply function, two pipeline stages are suggested to allow both the MREG and PREG registers to be used.  If the DSP48 was instantiated in the design, it is suggested to set both the MREG and PREG attributes to 1 when performing multiply functions.
WARNING: [DRC DPOP-2] MREG Output pipelining: DSP Cfu/exponential_softmax/result2__34 multiplier stage Cfu/exponential_softmax/result2__34/P[47:0] is not pipelined (MREG=0). Pipelining the multiplier function will improve performance and will save significant power so it is suggested whenever possible to fully pipeline this function.  If this multiplier was inferred, it is suggested to describe an additional register stage after this function.  If there is no registered adder/accumulator following the multiply function, two pipeline stages are suggested to allow both the MREG and PREG registers to be used.  If the DSP48 was instantiated in the design, it is suggested to set both the MREG and PREG attributes to 1 when performing multiply functions.
WARNING: [DRC DPOP-2] MREG Output pipelining: DSP Cfu/exponential_softmax/result2__35 multiplier stage Cfu/exponential_softmax/result2__35/P[47:0] is not pipelined (MREG=0). Pipelining the multiplier function will improve performance and will save significant power so it is suggested whenever possible to fully pipeline this function.  If this multiplier was inferred, it is suggested to describe an additional register stage after this function.  If there is no registered adder/accumulator following the multiply function, two pipeline stages are suggested to allow both the MREG and PREG registers to be used.  If the DSP48 was instantiated in the design, it is suggested to set both the MREG and PREG attributes to 1 when performing multiply functions.
WARNING: [DRC DPOP-2] MREG Output pipelining: DSP Cfu/exponential_softmax/result2__36 multiplier stage Cfu/exponential_softmax/result2__36/P[47:0] is not pipelined (MREG=0). Pipelining the multiplier function will improve performance and will save significant power so it is suggested whenever possible to fully pipeline this function.  If this multiplier was inferred, it is suggested to describe an additional register stage after this function.  If there is no registered adder/accumulator following the multiply function, two pipeline stages are suggested to allow both the MREG and PREG registers to be used.  If the DSP48 was instantiated in the design, it is suggested to set both the MREG and PREG attributes to 1 when performing multiply functions.
WARNING: [DRC DPOP-2] MREG Output pipelining: DSP Cfu/exponential_softmax/result2__37 multiplier stage Cfu/exponential_softmax/result2__37/P[47:0] is not pipelined (MREG=0). Pipelining the multiplier function will improve performance and will save significant power so it is suggested whenever possible to fully pipeline this function.  If this multiplier was inferred, it is suggested to describe an additional register stage after this function.  If there is no registered adder/accumulator following the multiply function, two pipeline stages are suggested to allow both the MREG and PREG registers to be used.  If the DSP48 was instantiated in the design, it is suggested to set both the MREG and PREG attributes to 1 when performing multiply functions.
WARNING: [DRC DPOP-2] MREG Output pipelining: DSP Cfu/exponential_softmax/result2__38 multiplier stage Cfu/exponential_softmax/result2__38/P[47:0] is not pipelined (MREG=0). Pipelining the multiplier function will improve performance and will save significant power so it is suggested whenever possible to fully pipeline this function.  If this multiplier was inferred, it is suggested to describe an additional register stage after this function.  If there is no registered adder/accumulator following the multiply function, two pipeline stages are suggested to allow both the MREG and PREG registers to be used.  If the DSP48 was instantiated in the design, it is suggested to set both the MREG and PREG attributes to 1 when performing multiply functions.
WARNING: [DRC DPOP-2] MREG Output pipelining: DSP Cfu/exponential_softmax/result2__4 multiplier stage Cfu/exponential_softmax/result2__4/P[47:0] is not pipelined (MREG=0). Pipelining the multiplier function will improve performance and will save significant power so it is suggested whenever possible to fully pipeline this function.  If this multiplier was inferred, it is suggested to describe an additional register stage after this function.  If there is no registered adder/accumulator following the multiply function, two pipeline stages are suggested to allow both the MREG and PREG registers to be used.  If the DSP48 was instantiated in the design, it is suggested to set both the MREG and PREG attributes to 1 when performing multiply functions.
WARNING: [DRC DPOP-2] MREG Output pipelining: DSP Cfu/exponential_softmax/result2__6 multiplier stage Cfu/exponential_softmax/result2__6/P[47:0] is not pipelined (MREG=0). Pipelining the multiplier function will improve performance and will save significant power so it is suggested whenever possible to fully pipeline this function.  If this multiplier was inferred, it is suggested to describe an additional register stage after this function.  If there is no registered adder/accumulator following the multiply function, two pipeline stages are suggested to allow both the MREG and PREG registers to be used.  If the DSP48 was instantiated in the design, it is suggested to set both the MREG and PREG attributes to 1 when performing multiply functions.
WARNING: [DRC DPOP-2] MREG Output pipelining: DSP Cfu/exponential_softmax/result2__8 multiplier stage Cfu/exponential_softmax/result2__8/P[47:0] is not pipelined (MREG=0). Pipelining the multiplier function will improve performance and will save significant power so it is suggested whenever possible to fully pipeline this function.  If this multiplier was inferred, it is suggested to describe an additional register stage after this function.  If there is no registered adder/accumulator following the multiply function, two pipeline stages are suggested to allow both the MREG and PREG registers to be used.  If the DSP48 was instantiated in the design, it is suggested to set both the MREG and PREG attributes to 1 when performing multiply functions.
WARNING: [DRC DPOP-2] MREG Output pipelining: DSP Cfu/exponential_softmax/result2__9 multiplier stage Cfu/exponential_softmax/result2__9/P[47:0] is not pipelined (MREG=0). Pipelining the multiplier function will improve performance and will save significant power so it is suggested whenever possible to fully pipeline this function.  If this multiplier was inferred, it is suggested to describe an additional register stage after this function.  If there is no registered adder/accumulator following the multiply function, two pipeline stages are suggested to allow both the MREG and PREG registers to be used.  If the DSP48 was instantiated in the design, it is suggested to set both the MREG and PREG attributes to 1 when performing multiply functions.
WARNING: [DRC DPOP-2] MREG Output pipelining: DSP VexRiscv/execute_to_memory_MUL_HL_reg multiplier stage VexRiscv/execute_to_memory_MUL_HL_reg/P[47:0] is not pipelined (MREG=0). Pipelining the multiplier function will improve performance and will save significant power so it is suggested whenever possible to fully pipeline this function.  If this multiplier was inferred, it is suggested to describe an additional register stage after this function.  If there is no registered adder/accumulator following the multiply function, two pipeline stages are suggested to allow both the MREG and PREG registers to be used.  If the DSP48 was instantiated in the design, it is suggested to set both the MREG and PREG attributes to 1 when performing multiply functions.
WARNING: [DRC DPOP-2] MREG Output pipelining: DSP VexRiscv/execute_to_memory_MUL_LH_reg multiplier stage VexRiscv/execute_to_memory_MUL_LH_reg/P[47:0] is not pipelined (MREG=0). Pipelining the multiplier function will improve performance and will save significant power so it is suggested whenever possible to fully pipeline this function.  If this multiplier was inferred, it is suggested to describe an additional register stage after this function.  If there is no registered adder/accumulator following the multiply function, two pipeline stages are suggested to allow both the MREG and PREG registers to be used.  If the DSP48 was instantiated in the design, it is suggested to set both the MREG and PREG attributes to 1 when performing multiply functions.
WARNING: [DRC DPOP-2] MREG Output pipelining: DSP VexRiscv/execute_to_memory_MUL_LL_reg multiplier stage VexRiscv/execute_to_memory_MUL_LL_reg/P[47:0] is not pipelined (MREG=0). Pipelining the multiplier function will improve performance and will save significant power so it is suggested whenever possible to fully pipeline this function.  If this multiplier was inferred, it is suggested to describe an additional register stage after this function.  If there is no registered adder/accumulator following the multiply function, two pipeline stages are suggested to allow both the MREG and PREG registers to be used.  If the DSP48 was instantiated in the design, it is suggested to set both the MREG and PREG attributes to 1 when performing multiply functions.
WARNING: [DRC PDRC-153] Gated clock check: Net soc_crg_clkin is a gated clock net sourced by a combinational pin clk100_inst/O, cell clk100_inst. This is not good design practice and will likely impact performance. For SLICE registers, for example, use the CE pin to control the loading of data.
WARNING: [DRC PLHOLDVIO-2] Non-Optimal connections which could lead to hold violations: A LUT clk100_inst is driving clock pin of 8 cells. This could lead to large hold time violations. Involved cells are:
FDCE, FDCE_1, FDCE_2, FDCE_3, FDCE_4, FDCE_5, FDCE_6, and FDCE_7
INFO: [Vivado 12-3199] DRC finished with 0 Errors, 125 Warnings
INFO: [Vivado 12-3200] Please refer to the DRC report (report_drc) for more information.
INFO: [Designutils 20-2272] Running write_bitstream with 8 threads.
Loading data files...
Loading site data...
Loading route data...
Processing options...
Creating bitmap...
Creating bitstream...
Writing bitstream ./digilent_nexys4ddr.bit...
INFO: [Vivado 12-1842] Bitgen Completed Successfully.
INFO: [Project 1-1876] WebTalk data collection is mandatory when using a ULT device. To see the specific WebTalk data collected for your design, open the usage_statistics_webtalk.html or usage_statistics_webtalk.xml file in the implementation directory.
INFO: [Common 17-83] Releasing license: Implementation
9 Infos, 125 Warnings, 0 Critical Warnings and 0 Errors encountered.
write_bitstream completed successfully
write_bitstream: Time (s): cpu = 00:00:31 ; elapsed = 00:00:26 . Memory (MB): peak = 3246.922 ; gain = 0.000 ; free physical = 5803 ; free virtual = 11254
# quit
INFO: [Common 17-206] Exiting Vivado at Thu Nov  6 12:25:06 2025...
