Copyright 1986-2022 Xilinx, Inc. All Rights Reserved. Copyright 2022-2023 Advanced Micro Devices, Inc. All Rights Reserved.
---------------------------------------------------------------------------------------------------------------------------------------------
| Tool Version : Vivado v.2023.2 (lin64) Build 4029153 Fri Oct 13 20:13:54 MDT 2023
| Date         : Wed Oct  1 19:45:19 2025
| Host         : DESKTOP-8IM51LT running 64-bit Ubuntu 24.04.3 LTS
| Command      : report_timing_summary -datasheet -max_paths 10 -file digilent_nexys4ddr_timing.rpt
| Design       : digilent_nexys4ddr
| Device       : 7a100t-csg324
| Speed File   : -1  PRODUCTION 1.23 2018-06-13
| Design State : Physopt postRoute
---------------------------------------------------------------------------------------------------------------------------------------------

Timing Summary Report

------------------------------------------------------------------------------------------------
| Timer Settings
| --------------
------------------------------------------------------------------------------------------------

  Enable Multi Corner Analysis               :  Yes
  Enable Pessimism Removal                   :  Yes
  Pessimism Removal Resolution               :  Nearest Common Node
  Enable Input Delay Default Clock           :  No
  Enable Preset / Clear Arcs                 :  No
  Disable Flight Delays                      :  No
  Ignore I/O Paths                           :  No
  Timing Early Launch at Borrowing Latches   :  No
  Borrow Time for Max Delay Exceptions       :  Yes
  Merge Timing Exceptions                    :  Yes
  Inter-SLR Compensation                     :  Conservative

  Corner  Analyze    Analyze    
  Name    Max Paths  Min Paths  
  ------  ---------  ---------  
  Slow    Yes        Yes        
  Fast    Yes        Yes        


------------------------------------------------------------------------------------------------
| Report Methodology
| ------------------
------------------------------------------------------------------------------------------------

No report available as report_methodology has not been run prior. Run report_methodology on the current design for the summary of methodology violations.



check_timing report

Table of Contents
-----------------
1. checking no_clock (0)
2. checking constant_clock (0)
3. checking pulse_width_clock (0)
4. checking unconstrained_internal_endpoints (0)
5. checking no_input_delay (18)
6. checking no_output_delay (60)
7. checking multiple_clock (0)
8. checking generated_clocks (0)
9. checking loops (0)
10. checking partial_input_delay (0)
11. checking partial_output_delay (0)
12. checking latch_loops (0)

1. checking no_clock (0)
------------------------
 There are 0 register/latch pins with no clock.


2. checking constant_clock (0)
------------------------------
 There are 0 register/latch pins with constant_clock.


3. checking pulse_width_clock (0)
---------------------------------
 There are 0 register/latch pins which need pulse_width check


4. checking unconstrained_internal_endpoints (0)
------------------------------------------------
 There are 0 pins that are not constrained for maximum delay.

 There are 0 pins that are not constrained for maximum delay due to constant clock.


5. checking no_input_delay (18)
-------------------------------
 There are 18 input ports with no input delay specified. (HIGH)

 There are 0 input ports with no input delay but user has a false path constraint.


6. checking no_output_delay (60)
--------------------------------
 There are 60 ports with no output delay specified. (HIGH)

 There are 0 ports with no output delay but user has a false path constraint

 There are 0 ports with no output delay but with a timing clock defined on it or propagating through it


7. checking multiple_clock (0)
------------------------------
 There are 0 register/latch pins with multiple clocks.


8. checking generated_clocks (0)
--------------------------------
 There are 0 generated clocks that are not connected to a clock source.


9. checking loops (0)
---------------------
 There are 0 combinational loops in the design.


10. checking partial_input_delay (0)
------------------------------------
 There are 0 input ports with partial input delay specified.


11. checking partial_output_delay (0)
-------------------------------------
 There are 0 ports with partial output delay specified.


12. checking latch_loops (0)
----------------------------
 There are 0 combinational latch loops in the design through latch input



------------------------------------------------------------------------------------------------
| Design Timing Summary
| ---------------------
------------------------------------------------------------------------------------------------

    WNS(ns)      TNS(ns)  TNS Failing Endpoints  TNS Total Endpoints      WHS(ns)      THS(ns)  THS Failing Endpoints  THS Total Endpoints     WPWS(ns)     TPWS(ns)  TPWS Failing Endpoints  TPWS Total Endpoints  
    -------      -------  ---------------------  -------------------      -------      -------  ---------------------  -------------------     --------     --------  ----------------------  --------------------  
      1.206        0.000                      0                10195        0.046        0.000                      0                10195        0.264        0.000                       0                  3922  


All user specified timing constraints are met.


------------------------------------------------------------------------------------------------
| Clock Summary
| -------------
------------------------------------------------------------------------------------------------

Clock                          Waveform(ns)         Period(ns)      Frequency(MHz)
-----                          ------------         ----------      --------------
clk100                         {0.000 5.000}        10.000          100.000         
  soc_builder_basesoc_mmcm_fb  {0.000 5.000}        10.000          100.000         
  soc_crg_clkout0              {0.000 6.667}        13.333          75.000          
  soc_crg_clkout1              {0.000 3.333}        6.667           150.000         
  soc_crg_clkout2              {1.667 5.000}        6.667           150.000         
  soc_crg_clkout3              {0.000 2.500}        5.000           200.000         


------------------------------------------------------------------------------------------------
| Intra Clock Table
| -----------------
------------------------------------------------------------------------------------------------

Clock                              WNS(ns)      TNS(ns)  TNS Failing Endpoints  TNS Total Endpoints      WHS(ns)      THS(ns)  THS Failing Endpoints  THS Total Endpoints     WPWS(ns)     TPWS(ns)  TPWS Failing Endpoints  TPWS Total Endpoints  
-----                              -------      -------  ---------------------  -------------------      -------      -------  ---------------------  -------------------     --------     --------  ----------------------  --------------------  
clk100                               8.735        0.000                      0                    7        0.180        0.000                      0                    7        3.000        0.000                       0                    10  
  soc_builder_basesoc_mmcm_fb                                                                                                                                                    8.751        0.000                       0                     2  
  soc_crg_clkout0                    1.206        0.000                      0                10174        0.046        0.000                      0                10174        5.417        0.000                       0                  3821  
  soc_crg_clkout1                                                                                                                                                                4.511        0.000                       0                    75  
  soc_crg_clkout2                                                                                                                                                                4.511        0.000                       0                     4  
  soc_crg_clkout3                    1.246        0.000                      0                   14        0.122        0.000                      0                   14        0.264        0.000                       0                    10  


------------------------------------------------------------------------------------------------
| Inter Clock Table
| -----------------
------------------------------------------------------------------------------------------------

From Clock    To Clock          WNS(ns)      TNS(ns)  TNS Failing Endpoints  TNS Total Endpoints      WHS(ns)      THS(ns)  THS Failing Endpoints  THS Total Endpoints  
----------    --------          -------      -------  ---------------------  -------------------      -------      -------  ---------------------  -------------------  


------------------------------------------------------------------------------------------------
| Other Path Groups Table
| -----------------------
------------------------------------------------------------------------------------------------

Path Group    From Clock    To Clock          WNS(ns)      TNS(ns)  TNS Failing Endpoints  TNS Total Endpoints      WHS(ns)      THS(ns)  THS Failing Endpoints  THS Total Endpoints  
----------    ----------    --------          -------      -------  ---------------------  -------------------      -------      -------  ---------------------  -------------------  


------------------------------------------------------------------------------------------------
| Timing Details
| --------------
------------------------------------------------------------------------------------------------


---------------------------------------------------------------------------------------------------
From Clock:  clk100
  To Clock:  clk100

Setup :            0  Failing Endpoints,  Worst Slack        8.735ns,  Total Violation        0.000ns
Hold  :            0  Failing Endpoints,  Worst Slack        0.180ns,  Total Violation        0.000ns
PW    :            0  Failing Endpoints,  Worst Slack        3.000ns,  Total Violation        0.000ns
---------------------------------------------------------------------------------------------------


Max Delay Paths
--------------------------------------------------------------------------------------
Slack (MET) :             8.735ns  (required time - arrival time)
  Source:                 FDCE/C
                            (rising edge-triggered cell FDCE clocked by clk100  {rise@0.000ns fall@5.000ns period=10.000ns})
  Destination:            FDCE_1/D
                            (rising edge-triggered cell FDCE clocked by clk100  {rise@0.000ns fall@5.000ns period=10.000ns})
  Path Group:             clk100
  Path Type:              Setup (Max at Slow Process Corner)
  Requirement:            10.000ns  (clk100 rise@10.000ns - clk100 rise@0.000ns)
  Data Path Delay:        1.140ns  (logic 0.518ns (45.429%)  route 0.622ns (54.571%))
  Logic Levels:           0  
  Clock Path Skew:        -0.022ns (DCD - SCD + CPR)
    Destination Clock Delay (DCD):    6.603ns = ( 16.603 - 10.000 ) 
    Source Clock Delay      (SCD):    7.200ns
    Clock Pessimism Removal (CPR):    0.575ns
  Clock Uncertainty:      0.035ns  ((TSJ^2 + TIJ^2)^1/2 + DJ) / 2 + PE
    Total System Jitter     (TSJ):    0.071ns
    Total Input Jitter      (TIJ):    0.000ns
    Discrete Jitter          (DJ):    0.000ns
    Phase Error              (PE):    0.000ns

    Location             Delay type                Incr(ns)  Path(ns)    Netlist Resource(s)
  -------------------------------------------------------------------    -------------------
                         (clock clk100 rise edge)     0.000     0.000 r  
    E3                                                0.000     0.000 r  clk100 (IN)
                         net (fo=0)                   0.000     0.000    clk100
    E3                   IBUF (Prop_ibuf_I_O)         1.482     1.482 r  clk100_IBUF_inst/O
                         net (fo=1, routed)           2.025     3.506    clk100_IBUF
    BUFGCTRL_X0Y16       BUFG (Prop_bufg_I_O)         0.096     3.602 r  clk100_IBUF_BUFG_inst/O
                         net (fo=1, routed)           1.958     5.560    clk100_IBUF_BUFG
    SLICE_X46Y31         LUT1 (Prop_lut1_I0_O)        0.124     5.684 r  clk100_inst/O
                         net (fo=9, routed)           1.516     7.200    soc_crg_clkin
    SLICE_X54Y63         FDCE                                         r  FDCE/C
  -------------------------------------------------------------------    -------------------
    SLICE_X54Y63         FDCE (Prop_fdce_C_Q)         0.518     7.718 r  FDCE/Q
                         net (fo=1, routed)           0.622     8.340    soc_builder_basesoc_reset0
    SLICE_X55Y63         FDCE                                         r  FDCE_1/D
  -------------------------------------------------------------------    -------------------

                         (clock clk100 rise edge)    10.000    10.000 r  
    E3                                                0.000    10.000 r  clk100 (IN)
                         net (fo=0)                   0.000    10.000    clk100
    E3                   IBUF (Prop_ibuf_I_O)         1.411    11.411 r  clk100_IBUF_inst/O
                         net (fo=1, routed)           1.920    13.331    clk100_IBUF
    BUFGCTRL_X0Y16       BUFG (Prop_bufg_I_O)         0.091    13.422 r  clk100_IBUF_BUFG_inst/O
                         net (fo=1, routed)           1.796    15.218    clk100_IBUF_BUFG
    SLICE_X46Y31         LUT1 (Prop_lut1_I0_O)        0.100    15.318 r  clk100_inst/O
                         net (fo=9, routed)           1.285    16.603    soc_crg_clkin
    SLICE_X55Y63         FDCE                                         r  FDCE_1/C
                         clock pessimism              0.575    17.178    
                         clock uncertainty           -0.035    17.143    
    SLICE_X55Y63         FDCE (Setup_fdce_C_D)       -0.067    17.076    FDCE_1
  -------------------------------------------------------------------
                         required time                         17.076    
                         arrival time                          -8.340    
  -------------------------------------------------------------------
                         slack                                  8.735    

Slack (MET) :             8.815ns  (required time - arrival time)
  Source:                 FDCE_1/C
                            (rising edge-triggered cell FDCE clocked by clk100  {rise@0.000ns fall@5.000ns period=10.000ns})
  Destination:            FDCE_2/D
                            (rising edge-triggered cell FDCE clocked by clk100  {rise@0.000ns fall@5.000ns period=10.000ns})
  Path Group:             clk100
  Path Type:              Setup (Max at Slow Process Corner)
  Requirement:            10.000ns  (clk100 rise@10.000ns - clk100 rise@0.000ns)
  Data Path Delay:        1.069ns  (logic 0.456ns (42.656%)  route 0.613ns (57.344%))
  Logic Levels:           0  
  Clock Path Skew:        0.000ns (DCD - SCD + CPR)
    Destination Clock Delay (DCD):    6.603ns = ( 16.603 - 10.000 ) 
    Source Clock Delay      (SCD):    7.200ns
    Clock Pessimism Removal (CPR):    0.597ns
  Clock Uncertainty:      0.035ns  ((TSJ^2 + TIJ^2)^1/2 + DJ) / 2 + PE
    Total System Jitter     (TSJ):    0.071ns
    Total Input Jitter      (TIJ):    0.000ns
    Discrete Jitter          (DJ):    0.000ns
    Phase Error              (PE):    0.000ns

    Location             Delay type                Incr(ns)  Path(ns)    Netlist Resource(s)
  -------------------------------------------------------------------    -------------------
                         (clock clk100 rise edge)     0.000     0.000 r  
    E3                                                0.000     0.000 r  clk100 (IN)
                         net (fo=0)                   0.000     0.000    clk100
    E3                   IBUF (Prop_ibuf_I_O)         1.482     1.482 r  clk100_IBUF_inst/O
                         net (fo=1, routed)           2.025     3.506    clk100_IBUF
    BUFGCTRL_X0Y16       BUFG (Prop_bufg_I_O)         0.096     3.602 r  clk100_IBUF_BUFG_inst/O
                         net (fo=1, routed)           1.958     5.560    clk100_IBUF_BUFG
    SLICE_X46Y31         LUT1 (Prop_lut1_I0_O)        0.124     5.684 r  clk100_inst/O
                         net (fo=9, routed)           1.516     7.200    soc_crg_clkin
    SLICE_X55Y63         FDCE                                         r  FDCE_1/C
  -------------------------------------------------------------------    -------------------
    SLICE_X55Y63         FDCE (Prop_fdce_C_Q)         0.456     7.656 r  FDCE_1/Q
                         net (fo=1, routed)           0.613     8.269    soc_builder_basesoc_reset1
    SLICE_X55Y63         FDCE                                         r  FDCE_2/D
  -------------------------------------------------------------------    -------------------

                         (clock clk100 rise edge)    10.000    10.000 r  
    E3                                                0.000    10.000 r  clk100 (IN)
                         net (fo=0)                   0.000    10.000    clk100
    E3                   IBUF (Prop_ibuf_I_O)         1.411    11.411 r  clk100_IBUF_inst/O
                         net (fo=1, routed)           1.920    13.331    clk100_IBUF
    BUFGCTRL_X0Y16       BUFG (Prop_bufg_I_O)         0.091    13.422 r  clk100_IBUF_BUFG_inst/O
                         net (fo=1, routed)           1.796    15.218    clk100_IBUF_BUFG
    SLICE_X46Y31         LUT1 (Prop_lut1_I0_O)        0.100    15.318 r  clk100_inst/O
                         net (fo=9, routed)           1.285    16.603    soc_crg_clkin
    SLICE_X55Y63         FDCE                                         r  FDCE_2/C
                         clock pessimism              0.597    17.200    
                         clock uncertainty           -0.035    17.165    
    SLICE_X55Y63         FDCE (Setup_fdce_C_D)       -0.081    17.084    FDCE_2
  -------------------------------------------------------------------
                         required time                         17.084    
                         arrival time                          -8.269    
  -------------------------------------------------------------------
                         slack                                  8.815    

Slack (MET) :             8.841ns  (required time - arrival time)
  Source:                 FDCE_3/C
                            (rising edge-triggered cell FDCE clocked by clk100  {rise@0.000ns fall@5.000ns period=10.000ns})
  Destination:            FDCE_4/D
                            (rising edge-triggered cell FDCE clocked by clk100  {rise@0.000ns fall@5.000ns period=10.000ns})
  Path Group:             clk100
  Path Type:              Setup (Max at Slow Process Corner)
  Requirement:            10.000ns  (clk100 rise@10.000ns - clk100 rise@0.000ns)
  Data Path Delay:        1.066ns  (logic 0.456ns (42.776%)  route 0.610ns (57.224%))
  Logic Levels:           0  
  Clock Path Skew:        0.000ns (DCD - SCD + CPR)
    Destination Clock Delay (DCD):    6.603ns = ( 16.603 - 10.000 ) 
    Source Clock Delay      (SCD):    7.200ns
    Clock Pessimism Removal (CPR):    0.597ns
  Clock Uncertainty:      0.035ns  ((TSJ^2 + TIJ^2)^1/2 + DJ) / 2 + PE
    Total System Jitter     (TSJ):    0.071ns
    Total Input Jitter      (TIJ):    0.000ns
    Discrete Jitter          (DJ):    0.000ns
    Phase Error              (PE):    0.000ns

    Location             Delay type                Incr(ns)  Path(ns)    Netlist Resource(s)
  -------------------------------------------------------------------    -------------------
                         (clock clk100 rise edge)     0.000     0.000 r  
    E3                                                0.000     0.000 r  clk100 (IN)
                         net (fo=0)                   0.000     0.000    clk100
    E3                   IBUF (Prop_ibuf_I_O)         1.482     1.482 r  clk100_IBUF_inst/O
                         net (fo=1, routed)           2.025     3.506    clk100_IBUF
    BUFGCTRL_X0Y16       BUFG (Prop_bufg_I_O)         0.096     3.602 r  clk100_IBUF_BUFG_inst/O
                         net (fo=1, routed)           1.958     5.560    clk100_IBUF_BUFG
    SLICE_X46Y31         LUT1 (Prop_lut1_I0_O)        0.124     5.684 r  clk100_inst/O
                         net (fo=9, routed)           1.516     7.200    soc_crg_clkin
    SLICE_X55Y63         FDCE                                         r  FDCE_3/C
  -------------------------------------------------------------------    -------------------
    SLICE_X55Y63         FDCE (Prop_fdce_C_Q)         0.456     7.656 r  FDCE_3/Q
                         net (fo=1, routed)           0.610     8.266    soc_builder_basesoc_reset3
    SLICE_X55Y63         FDCE                                         r  FDCE_4/D
  -------------------------------------------------------------------    -------------------

                         (clock clk100 rise edge)    10.000    10.000 r  
    E3                                                0.000    10.000 r  clk100 (IN)
                         net (fo=0)                   0.000    10.000    clk100
    E3                   IBUF (Prop_ibuf_I_O)         1.411    11.411 r  clk100_IBUF_inst/O
                         net (fo=1, routed)           1.920    13.331    clk100_IBUF
    BUFGCTRL_X0Y16       BUFG (Prop_bufg_I_O)         0.091    13.422 r  clk100_IBUF_BUFG_inst/O
                         net (fo=1, routed)           1.796    15.218    clk100_IBUF_BUFG
    SLICE_X46Y31         LUT1 (Prop_lut1_I0_O)        0.100    15.318 r  clk100_inst/O
                         net (fo=9, routed)           1.285    16.603    soc_crg_clkin
    SLICE_X55Y63         FDCE                                         r  FDCE_4/C
                         clock pessimism              0.597    17.200    
                         clock uncertainty           -0.035    17.165    
    SLICE_X55Y63         FDCE (Setup_fdce_C_D)       -0.058    17.107    FDCE_4
  -------------------------------------------------------------------
                         required time                         17.107    
                         arrival time                          -8.266    
  -------------------------------------------------------------------
                         slack                                  8.841    

Slack (MET) :             8.843ns  (required time - arrival time)
  Source:                 FDCE_2/C
                            (rising edge-triggered cell FDCE clocked by clk100  {rise@0.000ns fall@5.000ns period=10.000ns})
  Destination:            FDCE_3/D
                            (rising edge-triggered cell FDCE clocked by clk100  {rise@0.000ns fall@5.000ns period=10.000ns})
  Path Group:             clk100
  Path Type:              Setup (Max at Slow Process Corner)
  Requirement:            10.000ns  (clk100 rise@10.000ns - clk100 rise@0.000ns)
  Data Path Delay:        1.061ns  (logic 0.456ns (42.978%)  route 0.605ns (57.022%))
  Logic Levels:           0  
  Clock Path Skew:        0.000ns (DCD - SCD + CPR)
    Destination Clock Delay (DCD):    6.603ns = ( 16.603 - 10.000 ) 
    Source Clock Delay      (SCD):    7.200ns
    Clock Pessimism Removal (CPR):    0.597ns
  Clock Uncertainty:      0.035ns  ((TSJ^2 + TIJ^2)^1/2 + DJ) / 2 + PE
    Total System Jitter     (TSJ):    0.071ns
    Total Input Jitter      (TIJ):    0.000ns
    Discrete Jitter          (DJ):    0.000ns
    Phase Error              (PE):    0.000ns

    Location             Delay type                Incr(ns)  Path(ns)    Netlist Resource(s)
  -------------------------------------------------------------------    -------------------
                         (clock clk100 rise edge)     0.000     0.000 r  
    E3                                                0.000     0.000 r  clk100 (IN)
                         net (fo=0)                   0.000     0.000    clk100
    E3                   IBUF (Prop_ibuf_I_O)         1.482     1.482 r  clk100_IBUF_inst/O
                         net (fo=1, routed)           2.025     3.506    clk100_IBUF
    BUFGCTRL_X0Y16       BUFG (Prop_bufg_I_O)         0.096     3.602 r  clk100_IBUF_BUFG_inst/O
                         net (fo=1, routed)           1.958     5.560    clk100_IBUF_BUFG
    SLICE_X46Y31         LUT1 (Prop_lut1_I0_O)        0.124     5.684 r  clk100_inst/O
                         net (fo=9, routed)           1.516     7.200    soc_crg_clkin
    SLICE_X55Y63         FDCE                                         r  FDCE_2/C
  -------------------------------------------------------------------    -------------------
    SLICE_X55Y63         FDCE (Prop_fdce_C_Q)         0.456     7.656 r  FDCE_2/Q
                         net (fo=1, routed)           0.605     8.261    soc_builder_basesoc_reset2
    SLICE_X55Y63         FDCE                                         r  FDCE_3/D
  -------------------------------------------------------------------    -------------------

                         (clock clk100 rise edge)    10.000    10.000 r  
    E3                                                0.000    10.000 r  clk100 (IN)
                         net (fo=0)                   0.000    10.000    clk100
    E3                   IBUF (Prop_ibuf_I_O)         1.411    11.411 r  clk100_IBUF_inst/O
                         net (fo=1, routed)           1.920    13.331    clk100_IBUF
    BUFGCTRL_X0Y16       BUFG (Prop_bufg_I_O)         0.091    13.422 r  clk100_IBUF_BUFG_inst/O
                         net (fo=1, routed)           1.796    15.218    clk100_IBUF_BUFG
    SLICE_X46Y31         LUT1 (Prop_lut1_I0_O)        0.100    15.318 r  clk100_inst/O
                         net (fo=9, routed)           1.285    16.603    soc_crg_clkin
    SLICE_X55Y63         FDCE                                         r  FDCE_3/C
                         clock pessimism              0.597    17.200    
                         clock uncertainty           -0.035    17.165    
    SLICE_X55Y63         FDCE (Setup_fdce_C_D)       -0.061    17.104    FDCE_3
  -------------------------------------------------------------------
                         required time                         17.104    
                         arrival time                          -8.261    
  -------------------------------------------------------------------
                         slack                                  8.843    

Slack (MET) :             8.888ns  (required time - arrival time)
  Source:                 FDCE_5/C
                            (rising edge-triggered cell FDCE clocked by clk100  {rise@0.000ns fall@5.000ns period=10.000ns})
  Destination:            FDCE_6/D
                            (rising edge-triggered cell FDCE clocked by clk100  {rise@0.000ns fall@5.000ns period=10.000ns})
  Path Group:             clk100
  Path Type:              Setup (Max at Slow Process Corner)
  Requirement:            10.000ns  (clk100 rise@10.000ns - clk100 rise@0.000ns)
  Data Path Delay:        0.860ns  (logic 0.478ns (55.565%)  route 0.382ns (44.435%))
  Logic Levels:           0  
  Clock Path Skew:        0.000ns (DCD - SCD + CPR)
    Destination Clock Delay (DCD):    6.603ns = ( 16.603 - 10.000 ) 
    Source Clock Delay      (SCD):    7.200ns
    Clock Pessimism Removal (CPR):    0.597ns
  Clock Uncertainty:      0.035ns  ((TSJ^2 + TIJ^2)^1/2 + DJ) / 2 + PE
    Total System Jitter     (TSJ):    0.071ns
    Total Input Jitter      (TIJ):    0.000ns
    Discrete Jitter          (DJ):    0.000ns
    Phase Error              (PE):    0.000ns

    Location             Delay type                Incr(ns)  Path(ns)    Netlist Resource(s)
  -------------------------------------------------------------------    -------------------
                         (clock clk100 rise edge)     0.000     0.000 r  
    E3                                                0.000     0.000 r  clk100 (IN)
                         net (fo=0)                   0.000     0.000    clk100
    E3                   IBUF (Prop_ibuf_I_O)         1.482     1.482 r  clk100_IBUF_inst/O
                         net (fo=1, routed)           2.025     3.506    clk100_IBUF
    BUFGCTRL_X0Y16       BUFG (Prop_bufg_I_O)         0.096     3.602 r  clk100_IBUF_BUFG_inst/O
                         net (fo=1, routed)           1.958     5.560    clk100_IBUF_BUFG
    SLICE_X46Y31         LUT1 (Prop_lut1_I0_O)        0.124     5.684 r  clk100_inst/O
                         net (fo=9, routed)           1.516     7.200    soc_crg_clkin
    SLICE_X54Y63         FDCE                                         r  FDCE_5/C
  -------------------------------------------------------------------    -------------------
    SLICE_X54Y63         FDCE (Prop_fdce_C_Q)         0.478     7.678 r  FDCE_5/Q
                         net (fo=1, routed)           0.382     8.060    soc_builder_basesoc_reset5
    SLICE_X54Y63         FDCE                                         r  FDCE_6/D
  -------------------------------------------------------------------    -------------------

                         (clock clk100 rise edge)    10.000    10.000 r  
    E3                                                0.000    10.000 r  clk100 (IN)
                         net (fo=0)                   0.000    10.000    clk100
    E3                   IBUF (Prop_ibuf_I_O)         1.411    11.411 r  clk100_IBUF_inst/O
                         net (fo=1, routed)           1.920    13.331    clk100_IBUF
    BUFGCTRL_X0Y16       BUFG (Prop_bufg_I_O)         0.091    13.422 r  clk100_IBUF_BUFG_inst/O
                         net (fo=1, routed)           1.796    15.218    clk100_IBUF_BUFG
    SLICE_X46Y31         LUT1 (Prop_lut1_I0_O)        0.100    15.318 r  clk100_inst/O
                         net (fo=9, routed)           1.285    16.603    soc_crg_clkin
    SLICE_X54Y63         FDCE                                         r  FDCE_6/C
                         clock pessimism              0.597    17.200    
                         clock uncertainty           -0.035    17.165    
    SLICE_X54Y63         FDCE (Setup_fdce_C_D)       -0.216    16.949    FDCE_6
  -------------------------------------------------------------------
                         required time                         16.949    
                         arrival time                          -8.060    
  -------------------------------------------------------------------
                         slack                                  8.888    

Slack (MET) :             8.899ns  (required time - arrival time)
  Source:                 FDCE_6/C
                            (rising edge-triggered cell FDCE clocked by clk100  {rise@0.000ns fall@5.000ns period=10.000ns})
  Destination:            FDCE_7/D
                            (rising edge-triggered cell FDCE clocked by clk100  {rise@0.000ns fall@5.000ns period=10.000ns})
  Path Group:             clk100
  Path Type:              Setup (Max at Slow Process Corner)
  Requirement:            10.000ns  (clk100 rise@10.000ns - clk100 rise@0.000ns)
  Data Path Delay:        1.037ns  (logic 0.518ns (49.939%)  route 0.519ns (50.061%))
  Logic Levels:           0  
  Clock Path Skew:        0.000ns (DCD - SCD + CPR)
    Destination Clock Delay (DCD):    6.603ns = ( 16.603 - 10.000 ) 
    Source Clock Delay      (SCD):    7.200ns
    Clock Pessimism Removal (CPR):    0.597ns
  Clock Uncertainty:      0.035ns  ((TSJ^2 + TIJ^2)^1/2 + DJ) / 2 + PE
    Total System Jitter     (TSJ):    0.071ns
    Total Input Jitter      (TIJ):    0.000ns
    Discrete Jitter          (DJ):    0.000ns
    Phase Error              (PE):    0.000ns

    Location             Delay type                Incr(ns)  Path(ns)    Netlist Resource(s)
  -------------------------------------------------------------------    -------------------
                         (clock clk100 rise edge)     0.000     0.000 r  
    E3                                                0.000     0.000 r  clk100 (IN)
                         net (fo=0)                   0.000     0.000    clk100
    E3                   IBUF (Prop_ibuf_I_O)         1.482     1.482 r  clk100_IBUF_inst/O
                         net (fo=1, routed)           2.025     3.506    clk100_IBUF
    BUFGCTRL_X0Y16       BUFG (Prop_bufg_I_O)         0.096     3.602 r  clk100_IBUF_BUFG_inst/O
                         net (fo=1, routed)           1.958     5.560    clk100_IBUF_BUFG
    SLICE_X46Y31         LUT1 (Prop_lut1_I0_O)        0.124     5.684 r  clk100_inst/O
                         net (fo=9, routed)           1.516     7.200    soc_crg_clkin
    SLICE_X54Y63         FDCE                                         r  FDCE_6/C
  -------------------------------------------------------------------    -------------------
    SLICE_X54Y63         FDCE (Prop_fdce_C_Q)         0.518     7.718 r  FDCE_6/Q
                         net (fo=1, routed)           0.519     8.237    soc_builder_basesoc_reset6
    SLICE_X54Y63         FDCE                                         r  FDCE_7/D
  -------------------------------------------------------------------    -------------------

                         (clock clk100 rise edge)    10.000    10.000 r  
    E3                                                0.000    10.000 r  clk100 (IN)
                         net (fo=0)                   0.000    10.000    clk100
    E3                   IBUF (Prop_ibuf_I_O)         1.411    11.411 r  clk100_IBUF_inst/O
                         net (fo=1, routed)           1.920    13.331    clk100_IBUF
    BUFGCTRL_X0Y16       BUFG (Prop_bufg_I_O)         0.091    13.422 r  clk100_IBUF_BUFG_inst/O
                         net (fo=1, routed)           1.796    15.218    clk100_IBUF_BUFG
    SLICE_X46Y31         LUT1 (Prop_lut1_I0_O)        0.100    15.318 r  clk100_inst/O
                         net (fo=9, routed)           1.285    16.603    soc_crg_clkin
    SLICE_X54Y63         FDCE                                         r  FDCE_7/C
                         clock pessimism              0.597    17.200    
                         clock uncertainty           -0.035    17.165    
    SLICE_X54Y63         FDCE (Setup_fdce_C_D)       -0.028    17.137    FDCE_7
  -------------------------------------------------------------------
                         required time                         17.137    
                         arrival time                          -8.237    
  -------------------------------------------------------------------
                         slack                                  8.899    

Slack (MET) :             9.139ns  (required time - arrival time)
  Source:                 FDCE_4/C
                            (rising edge-triggered cell FDCE clocked by clk100  {rise@0.000ns fall@5.000ns period=10.000ns})
  Destination:            FDCE_5/D
                            (rising edge-triggered cell FDCE clocked by clk100  {rise@0.000ns fall@5.000ns period=10.000ns})
  Path Group:             clk100
  Path Type:              Setup (Max at Slow Process Corner)
  Requirement:            10.000ns  (clk100 rise@10.000ns - clk100 rise@0.000ns)
  Data Path Delay:        0.788ns  (logic 0.456ns (57.868%)  route 0.332ns (42.132%))
  Logic Levels:           0  
  Clock Path Skew:        -0.022ns (DCD - SCD + CPR)
    Destination Clock Delay (DCD):    6.603ns = ( 16.603 - 10.000 ) 
    Source Clock Delay      (SCD):    7.200ns
    Clock Pessimism Removal (CPR):    0.575ns
  Clock Uncertainty:      0.035ns  ((TSJ^2 + TIJ^2)^1/2 + DJ) / 2 + PE
    Total System Jitter     (TSJ):    0.071ns
    Total Input Jitter      (TIJ):    0.000ns
    Discrete Jitter          (DJ):    0.000ns
    Phase Error              (PE):    0.000ns

    Location             Delay type                Incr(ns)  Path(ns)    Netlist Resource(s)
  -------------------------------------------------------------------    -------------------
                         (clock clk100 rise edge)     0.000     0.000 r  
    E3                                                0.000     0.000 r  clk100 (IN)
                         net (fo=0)                   0.000     0.000    clk100
    E3                   IBUF (Prop_ibuf_I_O)         1.482     1.482 r  clk100_IBUF_inst/O
                         net (fo=1, routed)           2.025     3.506    clk100_IBUF
    BUFGCTRL_X0Y16       BUFG (Prop_bufg_I_O)         0.096     3.602 r  clk100_IBUF_BUFG_inst/O
                         net (fo=1, routed)           1.958     5.560    clk100_IBUF_BUFG
    SLICE_X46Y31         LUT1 (Prop_lut1_I0_O)        0.124     5.684 r  clk100_inst/O
                         net (fo=9, routed)           1.516     7.200    soc_crg_clkin
    SLICE_X55Y63         FDCE                                         r  FDCE_4/C
  -------------------------------------------------------------------    -------------------
    SLICE_X55Y63         FDCE (Prop_fdce_C_Q)         0.456     7.656 r  FDCE_4/Q
                         net (fo=1, routed)           0.332     7.988    soc_builder_basesoc_reset4
    SLICE_X54Y63         FDCE                                         r  FDCE_5/D
  -------------------------------------------------------------------    -------------------

                         (clock clk100 rise edge)    10.000    10.000 r  
    E3                                                0.000    10.000 r  clk100 (IN)
                         net (fo=0)                   0.000    10.000    clk100
    E3                   IBUF (Prop_ibuf_I_O)         1.411    11.411 r  clk100_IBUF_inst/O
                         net (fo=1, routed)           1.920    13.331    clk100_IBUF
    BUFGCTRL_X0Y16       BUFG (Prop_bufg_I_O)         0.091    13.422 r  clk100_IBUF_BUFG_inst/O
                         net (fo=1, routed)           1.796    15.218    clk100_IBUF_BUFG
    SLICE_X46Y31         LUT1 (Prop_lut1_I0_O)        0.100    15.318 r  clk100_inst/O
                         net (fo=9, routed)           1.285    16.603    soc_crg_clkin
    SLICE_X54Y63         FDCE                                         r  FDCE_5/C
                         clock pessimism              0.575    17.178    
                         clock uncertainty           -0.035    17.143    
    SLICE_X54Y63         FDCE (Setup_fdce_C_D)       -0.016    17.127    FDCE_5
  -------------------------------------------------------------------
                         required time                         17.127    
                         arrival time                          -7.988    
  -------------------------------------------------------------------
                         slack                                  9.139    





Min Delay Paths
--------------------------------------------------------------------------------------
Slack (MET) :             0.180ns  (arrival time - required time)
  Source:                 FDCE_4/C
                            (rising edge-triggered cell FDCE clocked by clk100  {rise@0.000ns fall@5.000ns period=10.000ns})
  Destination:            FDCE_5/D
                            (rising edge-triggered cell FDCE clocked by clk100  {rise@0.000ns fall@5.000ns period=10.000ns})
  Path Group:             clk100
  Path Type:              Hold (Min at Fast Process Corner)
  Requirement:            0.000ns  (clk100 rise@0.000ns - clk100 rise@0.000ns)
  Data Path Delay:        0.253ns  (logic 0.141ns (55.730%)  route 0.112ns (44.270%))
  Logic Levels:           0  
  Clock Path Skew:        0.013ns (DCD - SCD - CPR)
    Destination Clock Delay (DCD):    2.897ns
    Source Clock Delay      (SCD):    2.256ns
    Clock Pessimism Removal (CPR):    0.628ns

    Location             Delay type                Incr(ns)  Path(ns)    Netlist Resource(s)
  -------------------------------------------------------------------    -------------------
                         (clock clk100 rise edge)     0.000     0.000 r  
    E3                                                0.000     0.000 r  clk100 (IN)
                         net (fo=0)                   0.000     0.000    clk100
    E3                   IBUF (Prop_ibuf_I_O)         0.250     0.250 r  clk100_IBUF_inst/O
                         net (fo=1, routed)           0.644     0.894    clk100_IBUF
    BUFGCTRL_X0Y16       BUFG (Prop_bufg_I_O)         0.026     0.920 r  clk100_IBUF_BUFG_inst/O
                         net (fo=1, routed)           0.684     1.604    clk100_IBUF_BUFG
    SLICE_X46Y31         LUT1 (Prop_lut1_I0_O)        0.045     1.649 r  clk100_inst/O
                         net (fo=9, routed)           0.608     2.256    soc_crg_clkin
    SLICE_X55Y63         FDCE                                         r  FDCE_4/C
  -------------------------------------------------------------------    -------------------
    SLICE_X55Y63         FDCE (Prop_fdce_C_Q)         0.141     2.397 r  FDCE_4/Q
                         net (fo=1, routed)           0.112     2.509    soc_builder_basesoc_reset4
    SLICE_X54Y63         FDCE                                         r  FDCE_5/D
  -------------------------------------------------------------------    -------------------

                         (clock clk100 rise edge)     0.000     0.000 r  
    E3                                                0.000     0.000 r  clk100 (IN)
                         net (fo=0)                   0.000     0.000    clk100
    E3                   IBUF (Prop_ibuf_I_O)         0.438     0.438 r  clk100_IBUF_inst/O
                         net (fo=1, routed)           0.699     1.136    clk100_IBUF
    BUFGCTRL_X0Y16       BUFG (Prop_bufg_I_O)         0.029     1.165 r  clk100_IBUF_BUFG_inst/O
                         net (fo=1, routed)           0.966     2.132    clk100_IBUF_BUFG
    SLICE_X46Y31         LUT1 (Prop_lut1_I0_O)        0.056     2.188 r  clk100_inst/O
                         net (fo=9, routed)           0.710     2.897    soc_crg_clkin
    SLICE_X54Y63         FDCE                                         r  FDCE_5/C
                         clock pessimism             -0.628     2.269    
    SLICE_X54Y63         FDCE (Hold_fdce_C_D)         0.060     2.329    FDCE_5
  -------------------------------------------------------------------
                         required time                         -2.329    
                         arrival time                           2.509    
  -------------------------------------------------------------------
                         slack                                  0.180    

Slack (MET) :             0.268ns  (arrival time - required time)
  Source:                 FDCE_5/C
                            (rising edge-triggered cell FDCE clocked by clk100  {rise@0.000ns fall@5.000ns period=10.000ns})
  Destination:            FDCE_6/D
                            (rising edge-triggered cell FDCE clocked by clk100  {rise@0.000ns fall@5.000ns period=10.000ns})
  Path Group:             clk100
  Path Type:              Hold (Min at Fast Process Corner)
  Requirement:            0.000ns  (clk100 rise@0.000ns - clk100 rise@0.000ns)
  Data Path Delay:        0.267ns  (logic 0.148ns (55.377%)  route 0.119ns (44.623%))
  Logic Levels:           0  
  Clock Path Skew:        0.000ns (DCD - SCD - CPR)
    Destination Clock Delay (DCD):    2.897ns
    Source Clock Delay      (SCD):    2.256ns
    Clock Pessimism Removal (CPR):    0.641ns

    Location             Delay type                Incr(ns)  Path(ns)    Netlist Resource(s)
  -------------------------------------------------------------------    -------------------
                         (clock clk100 rise edge)     0.000     0.000 r  
    E3                                                0.000     0.000 r  clk100 (IN)
                         net (fo=0)                   0.000     0.000    clk100
    E3                   IBUF (Prop_ibuf_I_O)         0.250     0.250 r  clk100_IBUF_inst/O
                         net (fo=1, routed)           0.644     0.894    clk100_IBUF
    BUFGCTRL_X0Y16       BUFG (Prop_bufg_I_O)         0.026     0.920 r  clk100_IBUF_BUFG_inst/O
                         net (fo=1, routed)           0.684     1.604    clk100_IBUF_BUFG
    SLICE_X46Y31         LUT1 (Prop_lut1_I0_O)        0.045     1.649 r  clk100_inst/O
                         net (fo=9, routed)           0.608     2.256    soc_crg_clkin
    SLICE_X54Y63         FDCE                                         r  FDCE_5/C
  -------------------------------------------------------------------    -------------------
    SLICE_X54Y63         FDCE (Prop_fdce_C_Q)         0.148     2.404 r  FDCE_5/Q
                         net (fo=1, routed)           0.119     2.524    soc_builder_basesoc_reset5
    SLICE_X54Y63         FDCE                                         r  FDCE_6/D
  -------------------------------------------------------------------    -------------------

                         (clock clk100 rise edge)     0.000     0.000 r  
    E3                                                0.000     0.000 r  clk100 (IN)
                         net (fo=0)                   0.000     0.000    clk100
    E3                   IBUF (Prop_ibuf_I_O)         0.438     0.438 r  clk100_IBUF_inst/O
                         net (fo=1, routed)           0.699     1.136    clk100_IBUF
    BUFGCTRL_X0Y16       BUFG (Prop_bufg_I_O)         0.029     1.165 r  clk100_IBUF_BUFG_inst/O
                         net (fo=1, routed)           0.966     2.132    clk100_IBUF_BUFG
    SLICE_X46Y31         LUT1 (Prop_lut1_I0_O)        0.056     2.188 r  clk100_inst/O
                         net (fo=9, routed)           0.710     2.897    soc_crg_clkin
    SLICE_X54Y63         FDCE                                         r  FDCE_6/C
                         clock pessimism             -0.641     2.256    
    SLICE_X54Y63         FDCE (Hold_fdce_C_D)        -0.001     2.255    FDCE_6
  -------------------------------------------------------------------
                         required time                         -2.255    
                         arrival time                           2.524    
  -------------------------------------------------------------------
                         slack                                  0.268    

Slack (MET) :             0.270ns  (arrival time - required time)
  Source:                 FDCE_3/C
                            (rising edge-triggered cell FDCE clocked by clk100  {rise@0.000ns fall@5.000ns period=10.000ns})
  Destination:            FDCE_4/D
                            (rising edge-triggered cell FDCE clocked by clk100  {rise@0.000ns fall@5.000ns period=10.000ns})
  Path Group:             clk100
  Path Type:              Hold (Min at Fast Process Corner)
  Requirement:            0.000ns  (clk100 rise@0.000ns - clk100 rise@0.000ns)
  Data Path Delay:        0.342ns  (logic 0.141ns (41.226%)  route 0.201ns (58.774%))
  Logic Levels:           0  
  Clock Path Skew:        0.000ns (DCD - SCD - CPR)
    Destination Clock Delay (DCD):    2.897ns
    Source Clock Delay      (SCD):    2.256ns
    Clock Pessimism Removal (CPR):    0.641ns

    Location             Delay type                Incr(ns)  Path(ns)    Netlist Resource(s)
  -------------------------------------------------------------------    -------------------
                         (clock clk100 rise edge)     0.000     0.000 r  
    E3                                                0.000     0.000 r  clk100 (IN)
                         net (fo=0)                   0.000     0.000    clk100
    E3                   IBUF (Prop_ibuf_I_O)         0.250     0.250 r  clk100_IBUF_inst/O
                         net (fo=1, routed)           0.644     0.894    clk100_IBUF
    BUFGCTRL_X0Y16       BUFG (Prop_bufg_I_O)         0.026     0.920 r  clk100_IBUF_BUFG_inst/O
                         net (fo=1, routed)           0.684     1.604    clk100_IBUF_BUFG
    SLICE_X46Y31         LUT1 (Prop_lut1_I0_O)        0.045     1.649 r  clk100_inst/O
                         net (fo=9, routed)           0.608     2.256    soc_crg_clkin
    SLICE_X55Y63         FDCE                                         r  FDCE_3/C
  -------------------------------------------------------------------    -------------------
    SLICE_X55Y63         FDCE (Prop_fdce_C_Q)         0.141     2.397 r  FDCE_3/Q
                         net (fo=1, routed)           0.201     2.598    soc_builder_basesoc_reset3
    SLICE_X55Y63         FDCE                                         r  FDCE_4/D
  -------------------------------------------------------------------    -------------------

                         (clock clk100 rise edge)     0.000     0.000 r  
    E3                                                0.000     0.000 r  clk100 (IN)
                         net (fo=0)                   0.000     0.000    clk100
    E3                   IBUF (Prop_ibuf_I_O)         0.438     0.438 r  clk100_IBUF_inst/O
                         net (fo=1, routed)           0.699     1.136    clk100_IBUF
    BUFGCTRL_X0Y16       BUFG (Prop_bufg_I_O)         0.029     1.165 r  clk100_IBUF_BUFG_inst/O
                         net (fo=1, routed)           0.966     2.132    clk100_IBUF_BUFG
    SLICE_X46Y31         LUT1 (Prop_lut1_I0_O)        0.056     2.188 r  clk100_inst/O
                         net (fo=9, routed)           0.710     2.897    soc_crg_clkin
    SLICE_X55Y63         FDCE                                         r  FDCE_4/C
                         clock pessimism             -0.641     2.256    
    SLICE_X55Y63         FDCE (Hold_fdce_C_D)         0.072     2.328    FDCE_4
  -------------------------------------------------------------------
                         required time                         -2.328    
                         arrival time                           2.598    
  -------------------------------------------------------------------
                         slack                                  0.270    

Slack (MET) :             0.271ns  (arrival time - required time)
  Source:                 FDCE_6/C
                            (rising edge-triggered cell FDCE clocked by clk100  {rise@0.000ns fall@5.000ns period=10.000ns})
  Destination:            FDCE_7/D
                            (rising edge-triggered cell FDCE clocked by clk100  {rise@0.000ns fall@5.000ns period=10.000ns})
  Path Group:             clk100
  Path Type:              Hold (Min at Fast Process Corner)
  Requirement:            0.000ns  (clk100 rise@0.000ns - clk100 rise@0.000ns)
  Data Path Delay:        0.334ns  (logic 0.164ns (49.062%)  route 0.170ns (50.938%))
  Logic Levels:           0  
  Clock Path Skew:        0.000ns (DCD - SCD - CPR)
    Destination Clock Delay (DCD):    2.897ns
    Source Clock Delay      (SCD):    2.256ns
    Clock Pessimism Removal (CPR):    0.641ns

    Location             Delay type                Incr(ns)  Path(ns)    Netlist Resource(s)
  -------------------------------------------------------------------    -------------------
                         (clock clk100 rise edge)     0.000     0.000 r  
    E3                                                0.000     0.000 r  clk100 (IN)
                         net (fo=0)                   0.000     0.000    clk100
    E3                   IBUF (Prop_ibuf_I_O)         0.250     0.250 r  clk100_IBUF_inst/O
                         net (fo=1, routed)           0.644     0.894    clk100_IBUF
    BUFGCTRL_X0Y16       BUFG (Prop_bufg_I_O)         0.026     0.920 r  clk100_IBUF_BUFG_inst/O
                         net (fo=1, routed)           0.684     1.604    clk100_IBUF_BUFG
    SLICE_X46Y31         LUT1 (Prop_lut1_I0_O)        0.045     1.649 r  clk100_inst/O
                         net (fo=9, routed)           0.608     2.256    soc_crg_clkin
    SLICE_X54Y63         FDCE                                         r  FDCE_6/C
  -------------------------------------------------------------------    -------------------
    SLICE_X54Y63         FDCE (Prop_fdce_C_Q)         0.164     2.420 r  FDCE_6/Q
                         net (fo=1, routed)           0.170     2.591    soc_builder_basesoc_reset6
    SLICE_X54Y63         FDCE                                         r  FDCE_7/D
  -------------------------------------------------------------------    -------------------

                         (clock clk100 rise edge)     0.000     0.000 r  
    E3                                                0.000     0.000 r  clk100 (IN)
                         net (fo=0)                   0.000     0.000    clk100
    E3                   IBUF (Prop_ibuf_I_O)         0.438     0.438 r  clk100_IBUF_inst/O
                         net (fo=1, routed)           0.699     1.136    clk100_IBUF
    BUFGCTRL_X0Y16       BUFG (Prop_bufg_I_O)         0.029     1.165 r  clk100_IBUF_BUFG_inst/O
                         net (fo=1, routed)           0.966     2.132    clk100_IBUF_BUFG
    SLICE_X46Y31         LUT1 (Prop_lut1_I0_O)        0.056     2.188 r  clk100_inst/O
                         net (fo=9, routed)           0.710     2.897    soc_crg_clkin
    SLICE_X54Y63         FDCE                                         r  FDCE_7/C
                         clock pessimism             -0.641     2.256    
    SLICE_X54Y63         FDCE (Hold_fdce_C_D)         0.063     2.319    FDCE_7
  -------------------------------------------------------------------
                         required time                         -2.319    
                         arrival time                           2.591    
  -------------------------------------------------------------------
                         slack                                  0.271    

Slack (MET) :             0.272ns  (arrival time - required time)
  Source:                 FDCE_2/C
                            (rising edge-triggered cell FDCE clocked by clk100  {rise@0.000ns fall@5.000ns period=10.000ns})
  Destination:            FDCE_3/D
                            (rising edge-triggered cell FDCE clocked by clk100  {rise@0.000ns fall@5.000ns period=10.000ns})
  Path Group:             clk100
  Path Type:              Hold (Min at Fast Process Corner)
  Requirement:            0.000ns  (clk100 rise@0.000ns - clk100 rise@0.000ns)
  Data Path Delay:        0.342ns  (logic 0.141ns (41.226%)  route 0.201ns (58.774%))
  Logic Levels:           0  
  Clock Path Skew:        0.000ns (DCD - SCD - CPR)
    Destination Clock Delay (DCD):    2.897ns
    Source Clock Delay      (SCD):    2.256ns
    Clock Pessimism Removal (CPR):    0.641ns

    Location             Delay type                Incr(ns)  Path(ns)    Netlist Resource(s)
  -------------------------------------------------------------------    -------------------
                         (clock clk100 rise edge)     0.000     0.000 r  
    E3                                                0.000     0.000 r  clk100 (IN)
                         net (fo=0)                   0.000     0.000    clk100
    E3                   IBUF (Prop_ibuf_I_O)         0.250     0.250 r  clk100_IBUF_inst/O
                         net (fo=1, routed)           0.644     0.894    clk100_IBUF
    BUFGCTRL_X0Y16       BUFG (Prop_bufg_I_O)         0.026     0.920 r  clk100_IBUF_BUFG_inst/O
                         net (fo=1, routed)           0.684     1.604    clk100_IBUF_BUFG
    SLICE_X46Y31         LUT1 (Prop_lut1_I0_O)        0.045     1.649 r  clk100_inst/O
                         net (fo=9, routed)           0.608     2.256    soc_crg_clkin
    SLICE_X55Y63         FDCE                                         r  FDCE_2/C
  -------------------------------------------------------------------    -------------------
    SLICE_X55Y63         FDCE (Prop_fdce_C_Q)         0.141     2.397 r  FDCE_2/Q
                         net (fo=1, routed)           0.201     2.598    soc_builder_basesoc_reset2
    SLICE_X55Y63         FDCE                                         r  FDCE_3/D
  -------------------------------------------------------------------    -------------------

                         (clock clk100 rise edge)     0.000     0.000 r  
    E3                                                0.000     0.000 r  clk100 (IN)
                         net (fo=0)                   0.000     0.000    clk100
    E3                   IBUF (Prop_ibuf_I_O)         0.438     0.438 r  clk100_IBUF_inst/O
                         net (fo=1, routed)           0.699     1.136    clk100_IBUF
    BUFGCTRL_X0Y16       BUFG (Prop_bufg_I_O)         0.029     1.165 r  clk100_IBUF_BUFG_inst/O
                         net (fo=1, routed)           0.966     2.132    clk100_IBUF_BUFG
    SLICE_X46Y31         LUT1 (Prop_lut1_I0_O)        0.056     2.188 r  clk100_inst/O
                         net (fo=9, routed)           0.710     2.897    soc_crg_clkin
    SLICE_X55Y63         FDCE                                         r  FDCE_3/C
                         clock pessimism             -0.641     2.256    
    SLICE_X55Y63         FDCE (Hold_fdce_C_D)         0.070     2.326    FDCE_3
  -------------------------------------------------------------------
                         required time                         -2.326    
                         arrival time                           2.598    
  -------------------------------------------------------------------
                         slack                                  0.272    

Slack (MET) :             0.276ns  (arrival time - required time)
  Source:                 FDCE_1/C
                            (rising edge-triggered cell FDCE clocked by clk100  {rise@0.000ns fall@5.000ns period=10.000ns})
  Destination:            FDCE_2/D
                            (rising edge-triggered cell FDCE clocked by clk100  {rise@0.000ns fall@5.000ns period=10.000ns})
  Path Group:             clk100
  Path Type:              Hold (Min at Fast Process Corner)
  Requirement:            0.000ns  (clk100 rise@0.000ns - clk100 rise@0.000ns)
  Data Path Delay:        0.342ns  (logic 0.141ns (41.226%)  route 0.201ns (58.774%))
  Logic Levels:           0  
  Clock Path Skew:        0.000ns (DCD - SCD - CPR)
    Destination Clock Delay (DCD):    2.897ns
    Source Clock Delay      (SCD):    2.256ns
    Clock Pessimism Removal (CPR):    0.641ns

    Location             Delay type                Incr(ns)  Path(ns)    Netlist Resource(s)
  -------------------------------------------------------------------    -------------------
                         (clock clk100 rise edge)     0.000     0.000 r  
    E3                                                0.000     0.000 r  clk100 (IN)
                         net (fo=0)                   0.000     0.000    clk100
    E3                   IBUF (Prop_ibuf_I_O)         0.250     0.250 r  clk100_IBUF_inst/O
                         net (fo=1, routed)           0.644     0.894    clk100_IBUF
    BUFGCTRL_X0Y16       BUFG (Prop_bufg_I_O)         0.026     0.920 r  clk100_IBUF_BUFG_inst/O
                         net (fo=1, routed)           0.684     1.604    clk100_IBUF_BUFG
    SLICE_X46Y31         LUT1 (Prop_lut1_I0_O)        0.045     1.649 r  clk100_inst/O
                         net (fo=9, routed)           0.608     2.256    soc_crg_clkin
    SLICE_X55Y63         FDCE                                         r  FDCE_1/C
  -------------------------------------------------------------------    -------------------
    SLICE_X55Y63         FDCE (Prop_fdce_C_Q)         0.141     2.397 r  FDCE_1/Q
                         net (fo=1, routed)           0.201     2.598    soc_builder_basesoc_reset1
    SLICE_X55Y63         FDCE                                         r  FDCE_2/D
  -------------------------------------------------------------------    -------------------

                         (clock clk100 rise edge)     0.000     0.000 r  
    E3                                                0.000     0.000 r  clk100 (IN)
                         net (fo=0)                   0.000     0.000    clk100
    E3                   IBUF (Prop_ibuf_I_O)         0.438     0.438 r  clk100_IBUF_inst/O
                         net (fo=1, routed)           0.699     1.136    clk100_IBUF
    BUFGCTRL_X0Y16       BUFG (Prop_bufg_I_O)         0.029     1.165 r  clk100_IBUF_BUFG_inst/O
                         net (fo=1, routed)           0.966     2.132    clk100_IBUF_BUFG
    SLICE_X46Y31         LUT1 (Prop_lut1_I0_O)        0.056     2.188 r  clk100_inst/O
                         net (fo=9, routed)           0.710     2.897    soc_crg_clkin
    SLICE_X55Y63         FDCE                                         r  FDCE_2/C
                         clock pessimism             -0.641     2.256    
    SLICE_X55Y63         FDCE (Hold_fdce_C_D)         0.066     2.322    FDCE_2
  -------------------------------------------------------------------
                         required time                         -2.322    
                         arrival time                           2.598    
  -------------------------------------------------------------------
                         slack                                  0.276    

Slack (MET) :             0.301ns  (arrival time - required time)
  Source:                 FDCE/C
                            (rising edge-triggered cell FDCE clocked by clk100  {rise@0.000ns fall@5.000ns period=10.000ns})
  Destination:            FDCE_1/D
                            (rising edge-triggered cell FDCE clocked by clk100  {rise@0.000ns fall@5.000ns period=10.000ns})
  Path Group:             clk100
  Path Type:              Hold (Min at Fast Process Corner)
  Requirement:            0.000ns  (clk100 rise@0.000ns - clk100 rise@0.000ns)
  Data Path Delay:        0.384ns  (logic 0.164ns (42.682%)  route 0.220ns (57.318%))
  Logic Levels:           0  
  Clock Path Skew:        0.013ns (DCD - SCD - CPR)
    Destination Clock Delay (DCD):    2.897ns
    Source Clock Delay      (SCD):    2.256ns
    Clock Pessimism Removal (CPR):    0.628ns

    Location             Delay type                Incr(ns)  Path(ns)    Netlist Resource(s)
  -------------------------------------------------------------------    -------------------
                         (clock clk100 rise edge)     0.000     0.000 r  
    E3                                                0.000     0.000 r  clk100 (IN)
                         net (fo=0)                   0.000     0.000    clk100
    E3                   IBUF (Prop_ibuf_I_O)         0.250     0.250 r  clk100_IBUF_inst/O
                         net (fo=1, routed)           0.644     0.894    clk100_IBUF
    BUFGCTRL_X0Y16       BUFG (Prop_bufg_I_O)         0.026     0.920 r  clk100_IBUF_BUFG_inst/O
                         net (fo=1, routed)           0.684     1.604    clk100_IBUF_BUFG
    SLICE_X46Y31         LUT1 (Prop_lut1_I0_O)        0.045     1.649 r  clk100_inst/O
                         net (fo=9, routed)           0.608     2.256    soc_crg_clkin
    SLICE_X54Y63         FDCE                                         r  FDCE/C
  -------------------------------------------------------------------    -------------------
    SLICE_X54Y63         FDCE (Prop_fdce_C_Q)         0.164     2.420 r  FDCE/Q
                         net (fo=1, routed)           0.220     2.641    soc_builder_basesoc_reset0
    SLICE_X55Y63         FDCE                                         r  FDCE_1/D
  -------------------------------------------------------------------    -------------------

                         (clock clk100 rise edge)     0.000     0.000 r  
    E3                                                0.000     0.000 r  clk100 (IN)
                         net (fo=0)                   0.000     0.000    clk100
    E3                   IBUF (Prop_ibuf_I_O)         0.438     0.438 r  clk100_IBUF_inst/O
                         net (fo=1, routed)           0.699     1.136    clk100_IBUF
    BUFGCTRL_X0Y16       BUFG (Prop_bufg_I_O)         0.029     1.165 r  clk100_IBUF_BUFG_inst/O
                         net (fo=1, routed)           0.966     2.132    clk100_IBUF_BUFG
    SLICE_X46Y31         LUT1 (Prop_lut1_I0_O)        0.056     2.188 r  clk100_inst/O
                         net (fo=9, routed)           0.710     2.897    soc_crg_clkin
    SLICE_X55Y63         FDCE                                         r  FDCE_1/C
                         clock pessimism             -0.628     2.269    
    SLICE_X55Y63         FDCE (Hold_fdce_C_D)         0.070     2.339    FDCE_1
  -------------------------------------------------------------------
                         required time                         -2.339    
                         arrival time                           2.641    
  -------------------------------------------------------------------
                         slack                                  0.301    





Pulse Width Checks
--------------------------------------------------------------------------------------
Clock Name:         clk100
Waveform(ns):       { 0.000 5.000 }
Period(ns):         10.000
Sources:            { clk100 }

Check Type        Corner  Lib Pin            Reference Pin  Required(ns)  Actual(ns)  Slack(ns)  Location         Pin
Min Period        n/a     BUFG/I             n/a            2.155         10.000      7.845      BUFGCTRL_X0Y16   clk100_IBUF_BUFG_inst/I
Min Period        n/a     MMCME2_ADV/CLKIN1  n/a            1.249         10.000      8.751      MMCME2_ADV_X0Y0  MMCME2_ADV/CLKIN1
Min Period        n/a     FDCE/C             n/a            1.000         10.000      9.000      SLICE_X54Y63     FDCE/C
Min Period        n/a     FDCE/C             n/a            1.000         10.000      9.000      SLICE_X55Y63     FDCE_1/C
Min Period        n/a     FDCE/C             n/a            1.000         10.000      9.000      SLICE_X55Y63     FDCE_2/C
Min Period        n/a     FDCE/C             n/a            1.000         10.000      9.000      SLICE_X55Y63     FDCE_3/C
Min Period        n/a     FDCE/C             n/a            1.000         10.000      9.000      SLICE_X55Y63     FDCE_4/C
Min Period        n/a     FDCE/C             n/a            1.000         10.000      9.000      SLICE_X54Y63     FDCE_5/C
Min Period        n/a     FDCE/C             n/a            1.000         10.000      9.000      SLICE_X54Y63     FDCE_6/C
Min Period        n/a     FDCE/C             n/a            1.000         10.000      9.000      SLICE_X54Y63     FDCE_7/C
Max Period        n/a     MMCME2_ADV/CLKIN1  n/a            100.000       10.000      90.000     MMCME2_ADV_X0Y0  MMCME2_ADV/CLKIN1
Low Pulse Width   Slow    MMCME2_ADV/CLKIN1  n/a            2.000         5.000       3.000      MMCME2_ADV_X0Y0  MMCME2_ADV/CLKIN1
Low Pulse Width   Fast    MMCME2_ADV/CLKIN1  n/a            2.000         5.000       3.000      MMCME2_ADV_X0Y0  MMCME2_ADV/CLKIN1
Low Pulse Width   Slow    FDCE/C             n/a            0.500         5.000       4.500      SLICE_X54Y63     FDCE/C
Low Pulse Width   Fast    FDCE/C             n/a            0.500         5.000       4.500      SLICE_X54Y63     FDCE/C
Low Pulse Width   Slow    FDCE/C             n/a            0.500         5.000       4.500      SLICE_X55Y63     FDCE_1/C
Low Pulse Width   Fast    FDCE/C             n/a            0.500         5.000       4.500      SLICE_X55Y63     FDCE_1/C
Low Pulse Width   Slow    FDCE/C             n/a            0.500         5.000       4.500      SLICE_X55Y63     FDCE_2/C
Low Pulse Width   Fast    FDCE/C             n/a            0.500         5.000       4.500      SLICE_X55Y63     FDCE_2/C
Low Pulse Width   Slow    FDCE/C             n/a            0.500         5.000       4.500      SLICE_X55Y63     FDCE_3/C
Low Pulse Width   Fast    FDCE/C             n/a            0.500         5.000       4.500      SLICE_X55Y63     FDCE_3/C
High Pulse Width  Slow    MMCME2_ADV/CLKIN1  n/a            2.000         5.000       3.000      MMCME2_ADV_X0Y0  MMCME2_ADV/CLKIN1
High Pulse Width  Fast    MMCME2_ADV/CLKIN1  n/a            2.000         5.000       3.000      MMCME2_ADV_X0Y0  MMCME2_ADV/CLKIN1
High Pulse Width  Slow    FDCE/C             n/a            0.500         5.000       4.500      SLICE_X54Y63     FDCE/C
High Pulse Width  Fast    FDCE/C             n/a            0.500         5.000       4.500      SLICE_X54Y63     FDCE/C
High Pulse Width  Slow    FDCE/C             n/a            0.500         5.000       4.500      SLICE_X55Y63     FDCE_1/C
High Pulse Width  Fast    FDCE/C             n/a            0.500         5.000       4.500      SLICE_X55Y63     FDCE_1/C
High Pulse Width  Slow    FDCE/C             n/a            0.500         5.000       4.500      SLICE_X55Y63     FDCE_2/C
High Pulse Width  Fast    FDCE/C             n/a            0.500         5.000       4.500      SLICE_X55Y63     FDCE_2/C
High Pulse Width  Slow    FDCE/C             n/a            0.500         5.000       4.500      SLICE_X55Y63     FDCE_3/C
High Pulse Width  Fast    FDCE/C             n/a            0.500         5.000       4.500      SLICE_X55Y63     FDCE_3/C



---------------------------------------------------------------------------------------------------
From Clock:  soc_builder_basesoc_mmcm_fb
  To Clock:  soc_builder_basesoc_mmcm_fb

Setup :           NA  Failing Endpoints,  Worst Slack           NA  ,  Total Violation           NA
Hold  :           NA  Failing Endpoints,  Worst Slack           NA  ,  Total Violation           NA
PW    :            0  Failing Endpoints,  Worst Slack        8.751ns,  Total Violation        0.000ns
---------------------------------------------------------------------------------------------------


Pulse Width Checks
--------------------------------------------------------------------------------------
Clock Name:         soc_builder_basesoc_mmcm_fb
Waveform(ns):       { 0.000 5.000 }
Period(ns):         10.000
Sources:            { MMCME2_ADV/CLKFBOUT }

Check Type  Corner  Lib Pin              Reference Pin  Required(ns)  Actual(ns)  Slack(ns)  Location         Pin
Min Period  n/a     MMCME2_ADV/CLKFBOUT  n/a            1.249         10.000      8.751      MMCME2_ADV_X0Y0  MMCME2_ADV/CLKFBOUT
Min Period  n/a     MMCME2_ADV/CLKFBIN   n/a            1.249         10.000      8.751      MMCME2_ADV_X0Y0  MMCME2_ADV/CLKFBIN
Max Period  n/a     MMCME2_ADV/CLKFBIN   n/a            100.000       10.000      90.000     MMCME2_ADV_X0Y0  MMCME2_ADV/CLKFBIN
Max Period  n/a     MMCME2_ADV/CLKFBOUT  n/a            213.360       10.000      203.360    MMCME2_ADV_X0Y0  MMCME2_ADV/CLKFBOUT



---------------------------------------------------------------------------------------------------
From Clock:  soc_crg_clkout0
  To Clock:  soc_crg_clkout0

Setup :            0  Failing Endpoints,  Worst Slack        1.206ns,  Total Violation        0.000ns
Hold  :            0  Failing Endpoints,  Worst Slack        0.046ns,  Total Violation        0.000ns
PW    :            0  Failing Endpoints,  Worst Slack        5.417ns,  Total Violation        0.000ns
---------------------------------------------------------------------------------------------------


Max Delay Paths
--------------------------------------------------------------------------------------
Slack (MET) :             1.206ns  (required time - arrival time)
  Source:                 FDPE/C
                            (rising edge-triggered cell FDPE clocked by soc_crg_clkout0  {rise@0.000ns fall@6.667ns period=13.333ns})
  Destination:            FDPE_1/D
                            (rising edge-triggered cell FDPE clocked by soc_crg_clkout0  {rise@0.000ns fall@6.667ns period=13.333ns})
  Path Group:             soc_crg_clkout0
  Path Type:              Setup (Max at Slow Process Corner)
  Requirement:            2.000ns  (MaxDelay Path 2.000ns)
  Data Path Delay:        0.708ns  (logic 0.518ns (73.174%)  route 0.190ns (26.826%))
  Logic Levels:           0  
  Clock Path Skew:        0.000ns (DCD - SCD + CPR)
    Destination Clock Delay (DCD):    10.604ns
    Source Clock Delay      (SCD):    11.469ns
    Clock Pessimism Removal (CPR):    0.865ns
  Clock Uncertainty:      0.070ns  ((TSJ^2 + DJ^2)^1/2) / 2 + PE
    Total System Jitter     (TSJ):    0.071ns
    Discrete Jitter          (DJ):    0.121ns
    Phase Error              (PE):    0.000ns
  Timing Exception:       MaxDelay Path 2.000ns

    Location             Delay type                Incr(ns)  Path(ns)    Netlist Resource(s)
  -------------------------------------------------------------------    -------------------
                         (clock soc_crg_clkout0 rise edge)
                                                      0.000     0.000 r  
    E3                                                0.000     0.000 r  clk100 (IN)
                         net (fo=0)                   0.000     0.000    clk100
    E3                   IBUF (Prop_ibuf_I_O)         1.482     1.482 r  clk100_IBUF_inst/O
                         net (fo=1, routed)           2.025     3.506    clk100_IBUF
    BUFGCTRL_X0Y16       BUFG (Prop_bufg_I_O)         0.096     3.602 r  clk100_IBUF_BUFG_inst/O
                         net (fo=1, routed)           1.958     5.560    clk100_IBUF_BUFG
    SLICE_X46Y31         LUT1 (Prop_lut1_I0_O)        0.124     5.684 r  clk100_inst/O
                         net (fo=9, routed)           1.877     7.561    soc_crg_clkin
    MMCME2_ADV_X0Y0      MMCME2_ADV (Prop_mmcme2_adv_CLKIN1_CLKOUT0)
                                                      0.088     7.649 r  MMCME2_ADV/CLKOUT0
                         net (fo=1, routed)           2.018     9.668    soc_crg_clkout0
    BUFGCTRL_X0Y0        BUFG (Prop_bufg_I_O)         0.096     9.764 r  BUFG/O
                         net (fo=3819, routed)        1.705    11.469    sys_clk
    SLICE_X78Y71         FDPE                                         r  FDPE/C
  -------------------------------------------------------------------    -------------------
    SLICE_X78Y71         FDPE (Prop_fdpe_C_Q)         0.518    11.987 r  FDPE/Q
                         net (fo=1, routed)           0.190    12.177    soc_builder_xilinxasyncresetsynchronizerimpl0_rst_meta
    SLICE_X78Y71         FDPE                                         r  FDPE_1/D
  -------------------------------------------------------------------    -------------------

                         max delay                    2.000     2.000    
    E3                                                0.000     2.000 r  clk100 (IN)
                         net (fo=0)                   0.000     2.000    clk100
    E3                   IBUF (Prop_ibuf_I_O)         1.411     3.411 r  clk100_IBUF_inst/O
                         net (fo=1, routed)           1.920     5.331    clk100_IBUF
    BUFGCTRL_X0Y16       BUFG (Prop_bufg_I_O)         0.091     5.422 r  clk100_IBUF_BUFG_inst/O
                         net (fo=1, routed)           1.796     7.218    clk100_IBUF_BUFG
    SLICE_X46Y31         LUT1 (Prop_lut1_I0_O)        0.100     7.318 r  clk100_inst/O
                         net (fo=9, routed)           1.604     8.922    soc_crg_clkin
    MMCME2_ADV_X0Y0      MMCME2_ADV (Prop_mmcme2_adv_CLKIN1_CLKOUT0)
                                                      0.083     9.005 r  MMCME2_ADV/CLKOUT0
                         net (fo=1, routed)           1.923    10.928    soc_crg_clkout0
    BUFGCTRL_X0Y0        BUFG (Prop_bufg_I_O)         0.091    11.019 r  BUFG/O
                         net (fo=3819, routed)        1.585    12.604    sys_clk
    SLICE_X78Y71         FDPE                                         r  FDPE_1/C
                         clock pessimism              0.865    13.469    
                         clock uncertainty           -0.070    13.399    
    SLICE_X78Y71         FDPE (Setup_fdpe_C_D)       -0.016    13.383    FDPE_1
  -------------------------------------------------------------------
                         required time                         13.383    
                         arrival time                         -12.177    
  -------------------------------------------------------------------
                         slack                                  1.206    

Slack (MET) :             1.254ns  (required time - arrival time)
  Source:                 VexRiscv/decode_to_execute_INSTRUCTION_reg[13]/C
                            (rising edge-triggered cell FDRE clocked by soc_crg_clkout0  {rise@0.000ns fall@6.667ns period=13.333ns})
  Destination:            VexRiscv/IBusCachedPlugin_cache/ways_0_tags_reg/ADDRARDADDR[6]
                            (rising edge-triggered cell RAMB18E1 clocked by soc_crg_clkout0  {rise@0.000ns fall@6.667ns period=13.333ns})
  Path Group:             soc_crg_clkout0
  Path Type:              Setup (Max at Slow Process Corner)
  Requirement:            13.333ns  (soc_crg_clkout0 rise@13.333ns - soc_crg_clkout0 rise@0.000ns)
  Data Path Delay:        11.233ns  (logic 3.002ns (26.726%)  route 8.231ns (73.274%))
  Logic Levels:           12  (CARRY4=5 LUT3=1 LUT4=1 LUT5=2 LUT6=3)
  Clock Path Skew:        -0.211ns (DCD - SCD + CPR)
    Destination Clock Delay (DCD):    10.654ns = ( 23.987 - 13.333 ) 
    Source Clock Delay      (SCD):    11.617ns
    Clock Pessimism Removal (CPR):    0.753ns
  Clock Uncertainty:      0.070ns  ((TSJ^2 + DJ^2)^1/2) / 2 + PE
    Total System Jitter     (TSJ):    0.071ns
    Discrete Jitter          (DJ):    0.121ns
    Phase Error              (PE):    0.000ns

    Location             Delay type                Incr(ns)  Path(ns)    Netlist Resource(s)
  -------------------------------------------------------------------    -------------------
                         (clock soc_crg_clkout0 rise edge)
                                                      0.000     0.000 r  
    E3                                                0.000     0.000 r  clk100 (IN)
                         net (fo=0)                   0.000     0.000    clk100
    E3                   IBUF (Prop_ibuf_I_O)         1.482     1.482 r  clk100_IBUF_inst/O
                         net (fo=1, routed)           2.025     3.506    clk100_IBUF
    BUFGCTRL_X0Y16       BUFG (Prop_bufg_I_O)         0.096     3.602 r  clk100_IBUF_BUFG_inst/O
                         net (fo=1, routed)           1.958     5.560    clk100_IBUF_BUFG
    SLICE_X46Y31         LUT1 (Prop_lut1_I0_O)        0.124     5.684 r  clk100_inst/O
                         net (fo=9, routed)           1.877     7.561    soc_crg_clkin
    MMCME2_ADV_X0Y0      MMCME2_ADV (Prop_mmcme2_adv_CLKIN1_CLKOUT0)
                                                      0.088     7.649 r  MMCME2_ADV/CLKOUT0
                         net (fo=1, routed)           2.018     9.668    soc_crg_clkout0
    BUFGCTRL_X0Y0        BUFG (Prop_bufg_I_O)         0.096     9.764 r  BUFG/O
                         net (fo=3819, routed)        1.853    11.617    VexRiscv/stageB_flusher_counter_reg[0]
    SLICE_X72Y44         FDRE                                         r  VexRiscv/decode_to_execute_INSTRUCTION_reg[13]/C
  -------------------------------------------------------------------    -------------------
    SLICE_X72Y44         FDRE (Prop_fdre_C_Q)         0.419    12.036 r  VexRiscv/decode_to_execute_INSTRUCTION_reg[13]/Q
                         net (fo=71, routed)          2.864    14.900    VexRiscv/IBusCachedPlugin_cache/CsrPlugin_exceptionPortCtrl_exceptionContext_badAddr_reg[31][10]
    SLICE_X53Y42         LUT4 (Prop_lut4_I2_O)        0.299    15.199 r  VexRiscv/IBusCachedPlugin_cache/execute_to_memory_REGFILE_WRITE_DATA[13]_i_4/O
                         net (fo=7, routed)           0.702    15.901    VexRiscv/IBusCachedPlugin_cache/decode_to_execute_RS1_reg[13]
    SLICE_X61Y44         CARRY4 (Prop_carry4_DI[1]_CO[3])
                                                      0.507    16.408 r  VexRiscv/IBusCachedPlugin_cache/execute_to_memory_REGFILE_WRITE_DATA_reg[15]_i_4/CO[3]
                         net (fo=1, routed)           0.000    16.408    VexRiscv/IBusCachedPlugin_cache/execute_to_memory_REGFILE_WRITE_DATA_reg[15]_i_4_n_0
    SLICE_X61Y45         CARRY4 (Prop_carry4_CI_CO[3])
                                                      0.114    16.522 r  VexRiscv/IBusCachedPlugin_cache/execute_to_memory_REGFILE_WRITE_DATA_reg[19]_i_4/CO[3]
                         net (fo=1, routed)           0.000    16.522    VexRiscv/IBusCachedPlugin_cache/execute_to_memory_REGFILE_WRITE_DATA_reg[19]_i_4_n_0
    SLICE_X61Y46         CARRY4 (Prop_carry4_CI_CO[3])
                                                      0.114    16.636 r  VexRiscv/IBusCachedPlugin_cache/execute_to_memory_REGFILE_WRITE_DATA_reg[23]_i_4/CO[3]
                         net (fo=1, routed)           0.000    16.636    VexRiscv/IBusCachedPlugin_cache/execute_to_memory_REGFILE_WRITE_DATA_reg[23]_i_4_n_0
    SLICE_X61Y47         CARRY4 (Prop_carry4_CI_CO[3])
                                                      0.114    16.750 r  VexRiscv/IBusCachedPlugin_cache/execute_to_memory_REGFILE_WRITE_DATA_reg[27]_i_4/CO[3]
                         net (fo=1, routed)           0.000    16.750    VexRiscv/IBusCachedPlugin_cache/execute_to_memory_REGFILE_WRITE_DATA_reg[27]_i_4_n_0
    SLICE_X61Y48         CARRY4 (Prop_carry4_CI_O[3])
                                                      0.313    17.063 f  VexRiscv/IBusCachedPlugin_cache/execute_to_memory_REGFILE_WRITE_DATA_reg[31]_i_5/O[3]
                         net (fo=2, routed)           0.557    17.620    VexRiscv/IBusCachedPlugin_cache/_zz_execute_SrcPlugin_addSub[19]
    SLICE_X62Y47         LUT5 (Prop_lut5_I1_O)        0.306    17.926 r  VexRiscv/IBusCachedPlugin_cache/execute_to_memory_REGFILE_WRITE_DATA[0]_i_7/O
                         net (fo=2, routed)           0.495    18.421    VexRiscv/IBusCachedPlugin_cache/decode_to_execute_SRC2_FORCE_ZERO_reg
    SLICE_X63Y47         LUT6 (Prop_lut6_I1_O)        0.124    18.545 r  VexRiscv/IBusCachedPlugin_cache/banks_0_reg_i_59/O
                         net (fo=1, routed)           0.511    19.056    VexRiscv/IBusCachedPlugin_cache/banks_0_reg_i_59_n_0
    SLICE_X66Y47         LUT5 (Prop_lut5_I0_O)        0.124    19.180 f  VexRiscv/IBusCachedPlugin_cache/banks_0_reg_i_36/O
                         net (fo=9, routed)           0.813    19.993    VexRiscv/dataCache_1/_zz_IBusCachedPlugin_iBusRsp_stages_1_output_m2sPipe_valid_reg_0
    SLICE_X73Y47         LUT3 (Prop_lut3_I2_O)        0.118    20.111 r  VexRiscv/dataCache_1/banks_0_reg_i_40/O
                         net (fo=30, routed)          0.783    20.894    VexRiscv/IBusCachedPlugin_cache/IBusCachedPlugin_fetchPc_pcReg_reg[12]_0
    SLICE_X64Y47         LUT6 (Prop_lut6_I4_O)        0.326    21.220 r  VexRiscv/IBusCachedPlugin_cache/banks_0_reg_i_22/O
                         net (fo=1, routed)           0.600    21.820    VexRiscv/IBusCachedPlugin_cache/banks_0_reg_i_22_n_0
    SLICE_X70Y47         LUT6 (Prop_lut6_I5_O)        0.124    21.944 r  VexRiscv/IBusCachedPlugin_cache/banks_0_reg_i_7/O
                         net (fo=3, routed)           0.905    22.850    VexRiscv/IBusCachedPlugin_cache/io_cpu_prefetch_pc[3]
    RAMB18_X2Y20         RAMB18E1                                     r  VexRiscv/IBusCachedPlugin_cache/ways_0_tags_reg/ADDRARDADDR[6]
  -------------------------------------------------------------------    -------------------

                         (clock soc_crg_clkout0 rise edge)
                                                     13.333    13.333 r  
    E3                                                0.000    13.333 r  clk100 (IN)
                         net (fo=0)                   0.000    13.333    clk100
    E3                   IBUF (Prop_ibuf_I_O)         1.411    14.745 r  clk100_IBUF_inst/O
                         net (fo=1, routed)           1.920    16.665    clk100_IBUF
    BUFGCTRL_X0Y16       BUFG (Prop_bufg_I_O)         0.091    16.756 r  clk100_IBUF_BUFG_inst/O
                         net (fo=1, routed)           1.796    18.551    clk100_IBUF_BUFG
    SLICE_X46Y31         LUT1 (Prop_lut1_I0_O)        0.100    18.651 r  clk100_inst/O
                         net (fo=9, routed)           1.604    20.255    soc_crg_clkin
    MMCME2_ADV_X0Y0      MMCME2_ADV (Prop_mmcme2_adv_CLKIN1_CLKOUT0)
                                                      0.083    20.338 r  MMCME2_ADV/CLKOUT0
                         net (fo=1, routed)           1.923    22.261    soc_crg_clkout0
    BUFGCTRL_X0Y0        BUFG (Prop_bufg_I_O)         0.091    22.352 r  BUFG/O
                         net (fo=3819, routed)        1.635    23.987    VexRiscv/IBusCachedPlugin_cache/ways_0_tags_reg_0
    RAMB18_X2Y20         RAMB18E1                                     r  VexRiscv/IBusCachedPlugin_cache/ways_0_tags_reg/CLKARDCLK
                         clock pessimism              0.753    24.740    
                         clock uncertainty           -0.070    24.670    
    RAMB18_X2Y20         RAMB18E1 (Setup_ramb18e1_CLKARDCLK_ADDRARDADDR[6])
                                                     -0.566    24.104    VexRiscv/IBusCachedPlugin_cache/ways_0_tags_reg
  -------------------------------------------------------------------
                         required time                         24.104    
                         arrival time                         -22.850    
  -------------------------------------------------------------------
                         slack                                  1.254    

Slack (MET) :             1.540ns  (required time - arrival time)
  Source:                 VexRiscv/decode_to_execute_INSTRUCTION_reg[13]/C
                            (rising edge-triggered cell FDRE clocked by soc_crg_clkout0  {rise@0.000ns fall@6.667ns period=13.333ns})
  Destination:            VexRiscv/IBusCachedPlugin_cache/ways_0_tags_reg/ADDRARDADDR[5]
                            (rising edge-triggered cell RAMB18E1 clocked by soc_crg_clkout0  {rise@0.000ns fall@6.667ns period=13.333ns})
  Path Group:             soc_crg_clkout0
  Path Type:              Setup (Max at Slow Process Corner)
  Requirement:            13.333ns  (soc_crg_clkout0 rise@13.333ns - soc_crg_clkout0 rise@0.000ns)
  Data Path Delay:        10.947ns  (logic 3.002ns (27.424%)  route 7.945ns (72.576%))
  Logic Levels:           12  (CARRY4=5 LUT3=1 LUT4=1 LUT5=2 LUT6=3)
  Clock Path Skew:        -0.211ns (DCD - SCD + CPR)
    Destination Clock Delay (DCD):    10.654ns = ( 23.987 - 13.333 ) 
    Source Clock Delay      (SCD):    11.617ns
    Clock Pessimism Removal (CPR):    0.753ns
  Clock Uncertainty:      0.070ns  ((TSJ^2 + DJ^2)^1/2) / 2 + PE
    Total System Jitter     (TSJ):    0.071ns
    Discrete Jitter          (DJ):    0.121ns
    Phase Error              (PE):    0.000ns

    Location             Delay type                Incr(ns)  Path(ns)    Netlist Resource(s)
  -------------------------------------------------------------------    -------------------
                         (clock soc_crg_clkout0 rise edge)
                                                      0.000     0.000 r  
    E3                                                0.000     0.000 r  clk100 (IN)
                         net (fo=0)                   0.000     0.000    clk100
    E3                   IBUF (Prop_ibuf_I_O)         1.482     1.482 r  clk100_IBUF_inst/O
                         net (fo=1, routed)           2.025     3.506    clk100_IBUF
    BUFGCTRL_X0Y16       BUFG (Prop_bufg_I_O)         0.096     3.602 r  clk100_IBUF_BUFG_inst/O
                         net (fo=1, routed)           1.958     5.560    clk100_IBUF_BUFG
    SLICE_X46Y31         LUT1 (Prop_lut1_I0_O)        0.124     5.684 r  clk100_inst/O
                         net (fo=9, routed)           1.877     7.561    soc_crg_clkin
    MMCME2_ADV_X0Y0      MMCME2_ADV (Prop_mmcme2_adv_CLKIN1_CLKOUT0)
                                                      0.088     7.649 r  MMCME2_ADV/CLKOUT0
                         net (fo=1, routed)           2.018     9.668    soc_crg_clkout0
    BUFGCTRL_X0Y0        BUFG (Prop_bufg_I_O)         0.096     9.764 r  BUFG/O
                         net (fo=3819, routed)        1.853    11.617    VexRiscv/stageB_flusher_counter_reg[0]
    SLICE_X72Y44         FDRE                                         r  VexRiscv/decode_to_execute_INSTRUCTION_reg[13]/C
  -------------------------------------------------------------------    -------------------
    SLICE_X72Y44         FDRE (Prop_fdre_C_Q)         0.419    12.036 r  VexRiscv/decode_to_execute_INSTRUCTION_reg[13]/Q
                         net (fo=71, routed)          2.864    14.900    VexRiscv/IBusCachedPlugin_cache/CsrPlugin_exceptionPortCtrl_exceptionContext_badAddr_reg[31][10]
    SLICE_X53Y42         LUT4 (Prop_lut4_I2_O)        0.299    15.199 r  VexRiscv/IBusCachedPlugin_cache/execute_to_memory_REGFILE_WRITE_DATA[13]_i_4/O
                         net (fo=7, routed)           0.702    15.901    VexRiscv/IBusCachedPlugin_cache/decode_to_execute_RS1_reg[13]
    SLICE_X61Y44         CARRY4 (Prop_carry4_DI[1]_CO[3])
                                                      0.507    16.408 r  VexRiscv/IBusCachedPlugin_cache/execute_to_memory_REGFILE_WRITE_DATA_reg[15]_i_4/CO[3]
                         net (fo=1, routed)           0.000    16.408    VexRiscv/IBusCachedPlugin_cache/execute_to_memory_REGFILE_WRITE_DATA_reg[15]_i_4_n_0
    SLICE_X61Y45         CARRY4 (Prop_carry4_CI_CO[3])
                                                      0.114    16.522 r  VexRiscv/IBusCachedPlugin_cache/execute_to_memory_REGFILE_WRITE_DATA_reg[19]_i_4/CO[3]
                         net (fo=1, routed)           0.000    16.522    VexRiscv/IBusCachedPlugin_cache/execute_to_memory_REGFILE_WRITE_DATA_reg[19]_i_4_n_0
    SLICE_X61Y46         CARRY4 (Prop_carry4_CI_CO[3])
                                                      0.114    16.636 r  VexRiscv/IBusCachedPlugin_cache/execute_to_memory_REGFILE_WRITE_DATA_reg[23]_i_4/CO[3]
                         net (fo=1, routed)           0.000    16.636    VexRiscv/IBusCachedPlugin_cache/execute_to_memory_REGFILE_WRITE_DATA_reg[23]_i_4_n_0
    SLICE_X61Y47         CARRY4 (Prop_carry4_CI_CO[3])
                                                      0.114    16.750 r  VexRiscv/IBusCachedPlugin_cache/execute_to_memory_REGFILE_WRITE_DATA_reg[27]_i_4/CO[3]
                         net (fo=1, routed)           0.000    16.750    VexRiscv/IBusCachedPlugin_cache/execute_to_memory_REGFILE_WRITE_DATA_reg[27]_i_4_n_0
    SLICE_X61Y48         CARRY4 (Prop_carry4_CI_O[3])
                                                      0.313    17.063 f  VexRiscv/IBusCachedPlugin_cache/execute_to_memory_REGFILE_WRITE_DATA_reg[31]_i_5/O[3]
                         net (fo=2, routed)           0.557    17.620    VexRiscv/IBusCachedPlugin_cache/_zz_execute_SrcPlugin_addSub[19]
    SLICE_X62Y47         LUT5 (Prop_lut5_I1_O)        0.306    17.926 r  VexRiscv/IBusCachedPlugin_cache/execute_to_memory_REGFILE_WRITE_DATA[0]_i_7/O
                         net (fo=2, routed)           0.495    18.421    VexRiscv/IBusCachedPlugin_cache/decode_to_execute_SRC2_FORCE_ZERO_reg
    SLICE_X63Y47         LUT6 (Prop_lut6_I1_O)        0.124    18.545 r  VexRiscv/IBusCachedPlugin_cache/banks_0_reg_i_59/O
                         net (fo=1, routed)           0.511    19.056    VexRiscv/IBusCachedPlugin_cache/banks_0_reg_i_59_n_0
    SLICE_X66Y47         LUT5 (Prop_lut5_I0_O)        0.124    19.180 f  VexRiscv/IBusCachedPlugin_cache/banks_0_reg_i_36/O
                         net (fo=9, routed)           0.813    19.993    VexRiscv/dataCache_1/_zz_IBusCachedPlugin_iBusRsp_stages_1_output_m2sPipe_valid_reg_0
    SLICE_X73Y47         LUT3 (Prop_lut3_I2_O)        0.118    20.111 r  VexRiscv/dataCache_1/banks_0_reg_i_40/O
                         net (fo=30, routed)          0.811    20.922    VexRiscv/IBusCachedPlugin_cache/IBusCachedPlugin_fetchPc_pcReg_reg[12]_0
    SLICE_X66Y46         LUT6 (Prop_lut6_I4_O)        0.326    21.248 r  VexRiscv/IBusCachedPlugin_cache/banks_0_reg_i_23/O
                         net (fo=1, routed)           0.310    21.558    VexRiscv/IBusCachedPlugin_cache/banks_0_reg_i_23_n_0
    SLICE_X70Y46         LUT6 (Prop_lut6_I5_O)        0.124    21.682 r  VexRiscv/IBusCachedPlugin_cache/banks_0_reg_i_8/O
                         net (fo=3, routed)           0.882    22.564    VexRiscv/IBusCachedPlugin_cache/io_cpu_prefetch_pc[2]
    RAMB18_X2Y20         RAMB18E1                                     r  VexRiscv/IBusCachedPlugin_cache/ways_0_tags_reg/ADDRARDADDR[5]
  -------------------------------------------------------------------    -------------------

                         (clock soc_crg_clkout0 rise edge)
                                                     13.333    13.333 r  
    E3                                                0.000    13.333 r  clk100 (IN)
                         net (fo=0)                   0.000    13.333    clk100
    E3                   IBUF (Prop_ibuf_I_O)         1.411    14.745 r  clk100_IBUF_inst/O
                         net (fo=1, routed)           1.920    16.665    clk100_IBUF
    BUFGCTRL_X0Y16       BUFG (Prop_bufg_I_O)         0.091    16.756 r  clk100_IBUF_BUFG_inst/O
                         net (fo=1, routed)           1.796    18.551    clk100_IBUF_BUFG
    SLICE_X46Y31         LUT1 (Prop_lut1_I0_O)        0.100    18.651 r  clk100_inst/O
                         net (fo=9, routed)           1.604    20.255    soc_crg_clkin
    MMCME2_ADV_X0Y0      MMCME2_ADV (Prop_mmcme2_adv_CLKIN1_CLKOUT0)
                                                      0.083    20.338 r  MMCME2_ADV/CLKOUT0
                         net (fo=1, routed)           1.923    22.261    soc_crg_clkout0
    BUFGCTRL_X0Y0        BUFG (Prop_bufg_I_O)         0.091    22.352 r  BUFG/O
                         net (fo=3819, routed)        1.635    23.987    VexRiscv/IBusCachedPlugin_cache/ways_0_tags_reg_0
    RAMB18_X2Y20         RAMB18E1                                     r  VexRiscv/IBusCachedPlugin_cache/ways_0_tags_reg/CLKARDCLK
                         clock pessimism              0.753    24.740    
                         clock uncertainty           -0.070    24.670    
    RAMB18_X2Y20         RAMB18E1 (Setup_ramb18e1_CLKARDCLK_ADDRARDADDR[5])
                                                     -0.566    24.104    VexRiscv/IBusCachedPlugin_cache/ways_0_tags_reg
  -------------------------------------------------------------------
                         required time                         24.104    
                         arrival time                         -22.564    
  -------------------------------------------------------------------
                         slack                                  1.540    

Slack (MET) :             1.559ns  (required time - arrival time)
  Source:                 VexRiscv/decode_to_execute_INSTRUCTION_reg[13]/C
                            (rising edge-triggered cell FDRE clocked by soc_crg_clkout0  {rise@0.000ns fall@6.667ns period=13.333ns})
  Destination:            VexRiscv/IBusCachedPlugin_cache/ways_0_tags_reg/ADDRARDADDR[7]
                            (rising edge-triggered cell RAMB18E1 clocked by soc_crg_clkout0  {rise@0.000ns fall@6.667ns period=13.333ns})
  Path Group:             soc_crg_clkout0
  Path Type:              Setup (Max at Slow Process Corner)
  Requirement:            13.333ns  (soc_crg_clkout0 rise@13.333ns - soc_crg_clkout0 rise@0.000ns)
  Data Path Delay:        10.927ns  (logic 3.002ns (27.472%)  route 7.925ns (72.528%))
  Logic Levels:           12  (CARRY4=5 LUT3=1 LUT4=1 LUT5=2 LUT6=3)
  Clock Path Skew:        -0.211ns (DCD - SCD + CPR)
    Destination Clock Delay (DCD):    10.654ns = ( 23.987 - 13.333 ) 
    Source Clock Delay      (SCD):    11.617ns
    Clock Pessimism Removal (CPR):    0.753ns
  Clock Uncertainty:      0.070ns  ((TSJ^2 + DJ^2)^1/2) / 2 + PE
    Total System Jitter     (TSJ):    0.071ns
    Discrete Jitter          (DJ):    0.121ns
    Phase Error              (PE):    0.000ns

    Location             Delay type                Incr(ns)  Path(ns)    Netlist Resource(s)
  -------------------------------------------------------------------    -------------------
                         (clock soc_crg_clkout0 rise edge)
                                                      0.000     0.000 r  
    E3                                                0.000     0.000 r  clk100 (IN)
                         net (fo=0)                   0.000     0.000    clk100
    E3                   IBUF (Prop_ibuf_I_O)         1.482     1.482 r  clk100_IBUF_inst/O
                         net (fo=1, routed)           2.025     3.506    clk100_IBUF
    BUFGCTRL_X0Y16       BUFG (Prop_bufg_I_O)         0.096     3.602 r  clk100_IBUF_BUFG_inst/O
                         net (fo=1, routed)           1.958     5.560    clk100_IBUF_BUFG
    SLICE_X46Y31         LUT1 (Prop_lut1_I0_O)        0.124     5.684 r  clk100_inst/O
                         net (fo=9, routed)           1.877     7.561    soc_crg_clkin
    MMCME2_ADV_X0Y0      MMCME2_ADV (Prop_mmcme2_adv_CLKIN1_CLKOUT0)
                                                      0.088     7.649 r  MMCME2_ADV/CLKOUT0
                         net (fo=1, routed)           2.018     9.668    soc_crg_clkout0
    BUFGCTRL_X0Y0        BUFG (Prop_bufg_I_O)         0.096     9.764 r  BUFG/O
                         net (fo=3819, routed)        1.853    11.617    VexRiscv/stageB_flusher_counter_reg[0]
    SLICE_X72Y44         FDRE                                         r  VexRiscv/decode_to_execute_INSTRUCTION_reg[13]/C
  -------------------------------------------------------------------    -------------------
    SLICE_X72Y44         FDRE (Prop_fdre_C_Q)         0.419    12.036 r  VexRiscv/decode_to_execute_INSTRUCTION_reg[13]/Q
                         net (fo=71, routed)          2.864    14.900    VexRiscv/IBusCachedPlugin_cache/CsrPlugin_exceptionPortCtrl_exceptionContext_badAddr_reg[31][10]
    SLICE_X53Y42         LUT4 (Prop_lut4_I2_O)        0.299    15.199 r  VexRiscv/IBusCachedPlugin_cache/execute_to_memory_REGFILE_WRITE_DATA[13]_i_4/O
                         net (fo=7, routed)           0.702    15.901    VexRiscv/IBusCachedPlugin_cache/decode_to_execute_RS1_reg[13]
    SLICE_X61Y44         CARRY4 (Prop_carry4_DI[1]_CO[3])
                                                      0.507    16.408 r  VexRiscv/IBusCachedPlugin_cache/execute_to_memory_REGFILE_WRITE_DATA_reg[15]_i_4/CO[3]
                         net (fo=1, routed)           0.000    16.408    VexRiscv/IBusCachedPlugin_cache/execute_to_memory_REGFILE_WRITE_DATA_reg[15]_i_4_n_0
    SLICE_X61Y45         CARRY4 (Prop_carry4_CI_CO[3])
                                                      0.114    16.522 r  VexRiscv/IBusCachedPlugin_cache/execute_to_memory_REGFILE_WRITE_DATA_reg[19]_i_4/CO[3]
                         net (fo=1, routed)           0.000    16.522    VexRiscv/IBusCachedPlugin_cache/execute_to_memory_REGFILE_WRITE_DATA_reg[19]_i_4_n_0
    SLICE_X61Y46         CARRY4 (Prop_carry4_CI_CO[3])
                                                      0.114    16.636 r  VexRiscv/IBusCachedPlugin_cache/execute_to_memory_REGFILE_WRITE_DATA_reg[23]_i_4/CO[3]
                         net (fo=1, routed)           0.000    16.636    VexRiscv/IBusCachedPlugin_cache/execute_to_memory_REGFILE_WRITE_DATA_reg[23]_i_4_n_0
    SLICE_X61Y47         CARRY4 (Prop_carry4_CI_CO[3])
                                                      0.114    16.750 r  VexRiscv/IBusCachedPlugin_cache/execute_to_memory_REGFILE_WRITE_DATA_reg[27]_i_4/CO[3]
                         net (fo=1, routed)           0.000    16.750    VexRiscv/IBusCachedPlugin_cache/execute_to_memory_REGFILE_WRITE_DATA_reg[27]_i_4_n_0
    SLICE_X61Y48         CARRY4 (Prop_carry4_CI_O[3])
                                                      0.313    17.063 f  VexRiscv/IBusCachedPlugin_cache/execute_to_memory_REGFILE_WRITE_DATA_reg[31]_i_5/O[3]
                         net (fo=2, routed)           0.557    17.620    VexRiscv/IBusCachedPlugin_cache/_zz_execute_SrcPlugin_addSub[19]
    SLICE_X62Y47         LUT5 (Prop_lut5_I1_O)        0.306    17.926 r  VexRiscv/IBusCachedPlugin_cache/execute_to_memory_REGFILE_WRITE_DATA[0]_i_7/O
                         net (fo=2, routed)           0.495    18.421    VexRiscv/IBusCachedPlugin_cache/decode_to_execute_SRC2_FORCE_ZERO_reg
    SLICE_X63Y47         LUT6 (Prop_lut6_I1_O)        0.124    18.545 r  VexRiscv/IBusCachedPlugin_cache/banks_0_reg_i_59/O
                         net (fo=1, routed)           0.511    19.056    VexRiscv/IBusCachedPlugin_cache/banks_0_reg_i_59_n_0
    SLICE_X66Y47         LUT5 (Prop_lut5_I0_O)        0.124    19.180 f  VexRiscv/IBusCachedPlugin_cache/banks_0_reg_i_36/O
                         net (fo=9, routed)           0.813    19.993    VexRiscv/dataCache_1/_zz_IBusCachedPlugin_iBusRsp_stages_1_output_m2sPipe_valid_reg_0
    SLICE_X73Y47         LUT3 (Prop_lut3_I2_O)        0.118    20.111 r  VexRiscv/dataCache_1/banks_0_reg_i_40/O
                         net (fo=30, routed)          0.791    20.902    VexRiscv/IBusCachedPlugin_cache/IBusCachedPlugin_fetchPc_pcReg_reg[12]_0
    SLICE_X64Y47         LUT6 (Prop_lut6_I4_O)        0.326    21.228 r  VexRiscv/IBusCachedPlugin_cache/banks_0_reg_i_21/O
                         net (fo=1, routed)           0.444    21.672    VexRiscv/IBusCachedPlugin_cache/banks_0_reg_i_21_n_0
    SLICE_X70Y47         LUT6 (Prop_lut6_I5_O)        0.124    21.796 r  VexRiscv/IBusCachedPlugin_cache/banks_0_reg_i_6/O
                         net (fo=3, routed)           0.748    22.545    VexRiscv/IBusCachedPlugin_cache/io_cpu_prefetch_pc[4]
    RAMB18_X2Y20         RAMB18E1                                     r  VexRiscv/IBusCachedPlugin_cache/ways_0_tags_reg/ADDRARDADDR[7]
  -------------------------------------------------------------------    -------------------

                         (clock soc_crg_clkout0 rise edge)
                                                     13.333    13.333 r  
    E3                                                0.000    13.333 r  clk100 (IN)
                         net (fo=0)                   0.000    13.333    clk100
    E3                   IBUF (Prop_ibuf_I_O)         1.411    14.745 r  clk100_IBUF_inst/O
                         net (fo=1, routed)           1.920    16.665    clk100_IBUF
    BUFGCTRL_X0Y16       BUFG (Prop_bufg_I_O)         0.091    16.756 r  clk100_IBUF_BUFG_inst/O
                         net (fo=1, routed)           1.796    18.551    clk100_IBUF_BUFG
    SLICE_X46Y31         LUT1 (Prop_lut1_I0_O)        0.100    18.651 r  clk100_inst/O
                         net (fo=9, routed)           1.604    20.255    soc_crg_clkin
    MMCME2_ADV_X0Y0      MMCME2_ADV (Prop_mmcme2_adv_CLKIN1_CLKOUT0)
                                                      0.083    20.338 r  MMCME2_ADV/CLKOUT0
                         net (fo=1, routed)           1.923    22.261    soc_crg_clkout0
    BUFGCTRL_X0Y0        BUFG (Prop_bufg_I_O)         0.091    22.352 r  BUFG/O
                         net (fo=3819, routed)        1.635    23.987    VexRiscv/IBusCachedPlugin_cache/ways_0_tags_reg_0
    RAMB18_X2Y20         RAMB18E1                                     r  VexRiscv/IBusCachedPlugin_cache/ways_0_tags_reg/CLKARDCLK
                         clock pessimism              0.753    24.740    
                         clock uncertainty           -0.070    24.670    
    RAMB18_X2Y20         RAMB18E1 (Setup_ramb18e1_CLKARDCLK_ADDRARDADDR[7])
                                                     -0.566    24.104    VexRiscv/IBusCachedPlugin_cache/ways_0_tags_reg
  -------------------------------------------------------------------
                         required time                         24.104    
                         arrival time                         -22.545    
  -------------------------------------------------------------------
                         slack                                  1.559    

Slack (MET) :             1.562ns  (required time - arrival time)
  Source:                 VexRiscv/decode_to_execute_INSTRUCTION_reg[13]/C
                            (rising edge-triggered cell FDRE clocked by soc_crg_clkout0  {rise@0.000ns fall@6.667ns period=13.333ns})
  Destination:            VexRiscv/IBusCachedPlugin_fetchPc_pcReg_reg[17]/R
                            (rising edge-triggered cell FDRE clocked by soc_crg_clkout0  {rise@0.000ns fall@6.667ns period=13.333ns})
  Path Group:             soc_crg_clkout0
  Path Type:              Setup (Max at Slow Process Corner)
  Requirement:            13.333ns  (soc_crg_clkout0 rise@13.333ns - soc_crg_clkout0 rise@0.000ns)
  Data Path Delay:        10.842ns  (logic 2.806ns (25.880%)  route 8.036ns (74.120%))
  Logic Levels:           12  (CARRY4=5 LUT2=1 LUT3=1 LUT4=1 LUT5=2 LUT6=2)
  Clock Path Skew:        -0.335ns (DCD - SCD + CPR)
    Destination Clock Delay (DCD):    10.529ns = ( 23.863 - 13.333 ) 
    Source Clock Delay      (SCD):    11.617ns
    Clock Pessimism Removal (CPR):    0.753ns
  Clock Uncertainty:      0.070ns  ((TSJ^2 + DJ^2)^1/2) / 2 + PE
    Total System Jitter     (TSJ):    0.071ns
    Discrete Jitter          (DJ):    0.121ns
    Phase Error              (PE):    0.000ns

    Location             Delay type                Incr(ns)  Path(ns)    Netlist Resource(s)
  -------------------------------------------------------------------    -------------------
                         (clock soc_crg_clkout0 rise edge)
                                                      0.000     0.000 r  
    E3                                                0.000     0.000 r  clk100 (IN)
                         net (fo=0)                   0.000     0.000    clk100
    E3                   IBUF (Prop_ibuf_I_O)         1.482     1.482 r  clk100_IBUF_inst/O
                         net (fo=1, routed)           2.025     3.506    clk100_IBUF
    BUFGCTRL_X0Y16       BUFG (Prop_bufg_I_O)         0.096     3.602 r  clk100_IBUF_BUFG_inst/O
                         net (fo=1, routed)           1.958     5.560    clk100_IBUF_BUFG
    SLICE_X46Y31         LUT1 (Prop_lut1_I0_O)        0.124     5.684 r  clk100_inst/O
                         net (fo=9, routed)           1.877     7.561    soc_crg_clkin
    MMCME2_ADV_X0Y0      MMCME2_ADV (Prop_mmcme2_adv_CLKIN1_CLKOUT0)
                                                      0.088     7.649 r  MMCME2_ADV/CLKOUT0
                         net (fo=1, routed)           2.018     9.668    soc_crg_clkout0
    BUFGCTRL_X0Y0        BUFG (Prop_bufg_I_O)         0.096     9.764 r  BUFG/O
                         net (fo=3819, routed)        1.853    11.617    VexRiscv/stageB_flusher_counter_reg[0]
    SLICE_X72Y44         FDRE                                         r  VexRiscv/decode_to_execute_INSTRUCTION_reg[13]/C
  -------------------------------------------------------------------    -------------------
    SLICE_X72Y44         FDRE (Prop_fdre_C_Q)         0.419    12.036 r  VexRiscv/decode_to_execute_INSTRUCTION_reg[13]/Q
                         net (fo=71, routed)          2.864    14.900    VexRiscv/IBusCachedPlugin_cache/CsrPlugin_exceptionPortCtrl_exceptionContext_badAddr_reg[31][10]
    SLICE_X53Y42         LUT4 (Prop_lut4_I2_O)        0.299    15.199 r  VexRiscv/IBusCachedPlugin_cache/execute_to_memory_REGFILE_WRITE_DATA[13]_i_4/O
                         net (fo=7, routed)           0.702    15.901    VexRiscv/IBusCachedPlugin_cache/decode_to_execute_RS1_reg[13]
    SLICE_X61Y44         CARRY4 (Prop_carry4_DI[1]_CO[3])
                                                      0.507    16.408 r  VexRiscv/IBusCachedPlugin_cache/execute_to_memory_REGFILE_WRITE_DATA_reg[15]_i_4/CO[3]
                         net (fo=1, routed)           0.000    16.408    VexRiscv/IBusCachedPlugin_cache/execute_to_memory_REGFILE_WRITE_DATA_reg[15]_i_4_n_0
    SLICE_X61Y45         CARRY4 (Prop_carry4_CI_CO[3])
                                                      0.114    16.522 r  VexRiscv/IBusCachedPlugin_cache/execute_to_memory_REGFILE_WRITE_DATA_reg[19]_i_4/CO[3]
                         net (fo=1, routed)           0.000    16.522    VexRiscv/IBusCachedPlugin_cache/execute_to_memory_REGFILE_WRITE_DATA_reg[19]_i_4_n_0
    SLICE_X61Y46         CARRY4 (Prop_carry4_CI_CO[3])
                                                      0.114    16.636 r  VexRiscv/IBusCachedPlugin_cache/execute_to_memory_REGFILE_WRITE_DATA_reg[23]_i_4/CO[3]
                         net (fo=1, routed)           0.000    16.636    VexRiscv/IBusCachedPlugin_cache/execute_to_memory_REGFILE_WRITE_DATA_reg[23]_i_4_n_0
    SLICE_X61Y47         CARRY4 (Prop_carry4_CI_CO[3])
                                                      0.114    16.750 r  VexRiscv/IBusCachedPlugin_cache/execute_to_memory_REGFILE_WRITE_DATA_reg[27]_i_4/CO[3]
                         net (fo=1, routed)           0.000    16.750    VexRiscv/IBusCachedPlugin_cache/execute_to_memory_REGFILE_WRITE_DATA_reg[27]_i_4_n_0
    SLICE_X61Y48         CARRY4 (Prop_carry4_CI_O[3])
                                                      0.313    17.063 f  VexRiscv/IBusCachedPlugin_cache/execute_to_memory_REGFILE_WRITE_DATA_reg[31]_i_5/O[3]
                         net (fo=2, routed)           0.557    17.620    VexRiscv/IBusCachedPlugin_cache/_zz_execute_SrcPlugin_addSub[19]
    SLICE_X62Y47         LUT5 (Prop_lut5_I1_O)        0.306    17.926 r  VexRiscv/IBusCachedPlugin_cache/execute_to_memory_REGFILE_WRITE_DATA[0]_i_7/O
                         net (fo=2, routed)           0.495    18.421    VexRiscv/IBusCachedPlugin_cache/decode_to_execute_SRC2_FORCE_ZERO_reg
    SLICE_X63Y47         LUT6 (Prop_lut6_I1_O)        0.124    18.545 r  VexRiscv/IBusCachedPlugin_cache/banks_0_reg_i_59/O
                         net (fo=1, routed)           0.511    19.056    VexRiscv/IBusCachedPlugin_cache/banks_0_reg_i_59_n_0
    SLICE_X66Y47         LUT5 (Prop_lut5_I0_O)        0.124    19.180 f  VexRiscv/IBusCachedPlugin_cache/banks_0_reg_i_36/O
                         net (fo=9, routed)           0.813    19.993    VexRiscv/IBusCachedPlugin_cache/decode_to_execute_BRANCH_CTRL_reg[1]
    SLICE_X73Y47         LUT3 (Prop_lut3_I1_O)        0.124    20.117 f  VexRiscv/IBusCachedPlugin_cache/banks_0_reg_i_15/O
                         net (fo=37, routed)          0.567    20.684    VexRiscv/IBusCachedPlugin_cache/banks_0_reg_i_15_n_0
    SLICE_X74Y48         LUT6 (Prop_lut6_I4_O)        0.124    20.808 r  VexRiscv/IBusCachedPlugin_cache/IBusCachedPlugin_fetchPc_pcReg[31]_i_2/O
                         net (fo=31, routed)          0.632    21.440    VexRiscv/IBusCachedPlugin_cache/_zz_IBusCachedPlugin_iBusRsp_stages_1_output_m2sPipe_valid_reg
    SLICE_X77Y48         LUT2 (Prop_lut2_I1_O)        0.124    21.564 r  VexRiscv/IBusCachedPlugin_cache/IBusCachedPlugin_fetchPc_pcReg[31]_i_1/O
                         net (fo=27, routed)          0.896    22.459    VexRiscv/IBusCachedPlugin_cache_n_294
    SLICE_X70Y50         FDRE                                         r  VexRiscv/IBusCachedPlugin_fetchPc_pcReg_reg[17]/R
  -------------------------------------------------------------------    -------------------

                         (clock soc_crg_clkout0 rise edge)
                                                     13.333    13.333 r  
    E3                                                0.000    13.333 r  clk100 (IN)
                         net (fo=0)                   0.000    13.333    clk100
    E3                   IBUF (Prop_ibuf_I_O)         1.411    14.745 r  clk100_IBUF_inst/O
                         net (fo=1, routed)           1.920    16.665    clk100_IBUF
    BUFGCTRL_X0Y16       BUFG (Prop_bufg_I_O)         0.091    16.756 r  clk100_IBUF_BUFG_inst/O
                         net (fo=1, routed)           1.796    18.551    clk100_IBUF_BUFG
    SLICE_X46Y31         LUT1 (Prop_lut1_I0_O)        0.100    18.651 r  clk100_inst/O
                         net (fo=9, routed)           1.604    20.255    soc_crg_clkin
    MMCME2_ADV_X0Y0      MMCME2_ADV (Prop_mmcme2_adv_CLKIN1_CLKOUT0)
                                                      0.083    20.338 r  MMCME2_ADV/CLKOUT0
                         net (fo=1, routed)           1.923    22.261    soc_crg_clkout0
    BUFGCTRL_X0Y0        BUFG (Prop_bufg_I_O)         0.091    22.352 r  BUFG/O
                         net (fo=3819, routed)        1.510    23.863    VexRiscv/stageB_flusher_counter_reg[0]
    SLICE_X70Y50         FDRE                                         r  VexRiscv/IBusCachedPlugin_fetchPc_pcReg_reg[17]/C
                         clock pessimism              0.753    24.616    
                         clock uncertainty           -0.070    24.546    
    SLICE_X70Y50         FDRE (Setup_fdre_C_R)       -0.524    24.022    VexRiscv/IBusCachedPlugin_fetchPc_pcReg_reg[17]
  -------------------------------------------------------------------
                         required time                         24.022    
                         arrival time                         -22.459    
  -------------------------------------------------------------------
                         slack                                  1.562    

Slack (MET) :             1.562ns  (required time - arrival time)
  Source:                 VexRiscv/decode_to_execute_INSTRUCTION_reg[13]/C
                            (rising edge-triggered cell FDRE clocked by soc_crg_clkout0  {rise@0.000ns fall@6.667ns period=13.333ns})
  Destination:            VexRiscv/IBusCachedPlugin_fetchPc_pcReg_reg[18]/R
                            (rising edge-triggered cell FDRE clocked by soc_crg_clkout0  {rise@0.000ns fall@6.667ns period=13.333ns})
  Path Group:             soc_crg_clkout0
  Path Type:              Setup (Max at Slow Process Corner)
  Requirement:            13.333ns  (soc_crg_clkout0 rise@13.333ns - soc_crg_clkout0 rise@0.000ns)
  Data Path Delay:        10.842ns  (logic 2.806ns (25.880%)  route 8.036ns (74.120%))
  Logic Levels:           12  (CARRY4=5 LUT2=1 LUT3=1 LUT4=1 LUT5=2 LUT6=2)
  Clock Path Skew:        -0.335ns (DCD - SCD + CPR)
    Destination Clock Delay (DCD):    10.529ns = ( 23.863 - 13.333 ) 
    Source Clock Delay      (SCD):    11.617ns
    Clock Pessimism Removal (CPR):    0.753ns
  Clock Uncertainty:      0.070ns  ((TSJ^2 + DJ^2)^1/2) / 2 + PE
    Total System Jitter     (TSJ):    0.071ns
    Discrete Jitter          (DJ):    0.121ns
    Phase Error              (PE):    0.000ns

    Location             Delay type                Incr(ns)  Path(ns)    Netlist Resource(s)
  -------------------------------------------------------------------    -------------------
                         (clock soc_crg_clkout0 rise edge)
                                                      0.000     0.000 r  
    E3                                                0.000     0.000 r  clk100 (IN)
                         net (fo=0)                   0.000     0.000    clk100
    E3                   IBUF (Prop_ibuf_I_O)         1.482     1.482 r  clk100_IBUF_inst/O
                         net (fo=1, routed)           2.025     3.506    clk100_IBUF
    BUFGCTRL_X0Y16       BUFG (Prop_bufg_I_O)         0.096     3.602 r  clk100_IBUF_BUFG_inst/O
                         net (fo=1, routed)           1.958     5.560    clk100_IBUF_BUFG
    SLICE_X46Y31         LUT1 (Prop_lut1_I0_O)        0.124     5.684 r  clk100_inst/O
                         net (fo=9, routed)           1.877     7.561    soc_crg_clkin
    MMCME2_ADV_X0Y0      MMCME2_ADV (Prop_mmcme2_adv_CLKIN1_CLKOUT0)
                                                      0.088     7.649 r  MMCME2_ADV/CLKOUT0
                         net (fo=1, routed)           2.018     9.668    soc_crg_clkout0
    BUFGCTRL_X0Y0        BUFG (Prop_bufg_I_O)         0.096     9.764 r  BUFG/O
                         net (fo=3819, routed)        1.853    11.617    VexRiscv/stageB_flusher_counter_reg[0]
    SLICE_X72Y44         FDRE                                         r  VexRiscv/decode_to_execute_INSTRUCTION_reg[13]/C
  -------------------------------------------------------------------    -------------------
    SLICE_X72Y44         FDRE (Prop_fdre_C_Q)         0.419    12.036 r  VexRiscv/decode_to_execute_INSTRUCTION_reg[13]/Q
                         net (fo=71, routed)          2.864    14.900    VexRiscv/IBusCachedPlugin_cache/CsrPlugin_exceptionPortCtrl_exceptionContext_badAddr_reg[31][10]
    SLICE_X53Y42         LUT4 (Prop_lut4_I2_O)        0.299    15.199 r  VexRiscv/IBusCachedPlugin_cache/execute_to_memory_REGFILE_WRITE_DATA[13]_i_4/O
                         net (fo=7, routed)           0.702    15.901    VexRiscv/IBusCachedPlugin_cache/decode_to_execute_RS1_reg[13]
    SLICE_X61Y44         CARRY4 (Prop_carry4_DI[1]_CO[3])
                                                      0.507    16.408 r  VexRiscv/IBusCachedPlugin_cache/execute_to_memory_REGFILE_WRITE_DATA_reg[15]_i_4/CO[3]
                         net (fo=1, routed)           0.000    16.408    VexRiscv/IBusCachedPlugin_cache/execute_to_memory_REGFILE_WRITE_DATA_reg[15]_i_4_n_0
    SLICE_X61Y45         CARRY4 (Prop_carry4_CI_CO[3])
                                                      0.114    16.522 r  VexRiscv/IBusCachedPlugin_cache/execute_to_memory_REGFILE_WRITE_DATA_reg[19]_i_4/CO[3]
                         net (fo=1, routed)           0.000    16.522    VexRiscv/IBusCachedPlugin_cache/execute_to_memory_REGFILE_WRITE_DATA_reg[19]_i_4_n_0
    SLICE_X61Y46         CARRY4 (Prop_carry4_CI_CO[3])
                                                      0.114    16.636 r  VexRiscv/IBusCachedPlugin_cache/execute_to_memory_REGFILE_WRITE_DATA_reg[23]_i_4/CO[3]
                         net (fo=1, routed)           0.000    16.636    VexRiscv/IBusCachedPlugin_cache/execute_to_memory_REGFILE_WRITE_DATA_reg[23]_i_4_n_0
    SLICE_X61Y47         CARRY4 (Prop_carry4_CI_CO[3])
                                                      0.114    16.750 r  VexRiscv/IBusCachedPlugin_cache/execute_to_memory_REGFILE_WRITE_DATA_reg[27]_i_4/CO[3]
                         net (fo=1, routed)           0.000    16.750    VexRiscv/IBusCachedPlugin_cache/execute_to_memory_REGFILE_WRITE_DATA_reg[27]_i_4_n_0
    SLICE_X61Y48         CARRY4 (Prop_carry4_CI_O[3])
                                                      0.313    17.063 f  VexRiscv/IBusCachedPlugin_cache/execute_to_memory_REGFILE_WRITE_DATA_reg[31]_i_5/O[3]
                         net (fo=2, routed)           0.557    17.620    VexRiscv/IBusCachedPlugin_cache/_zz_execute_SrcPlugin_addSub[19]
    SLICE_X62Y47         LUT5 (Prop_lut5_I1_O)        0.306    17.926 r  VexRiscv/IBusCachedPlugin_cache/execute_to_memory_REGFILE_WRITE_DATA[0]_i_7/O
                         net (fo=2, routed)           0.495    18.421    VexRiscv/IBusCachedPlugin_cache/decode_to_execute_SRC2_FORCE_ZERO_reg
    SLICE_X63Y47         LUT6 (Prop_lut6_I1_O)        0.124    18.545 r  VexRiscv/IBusCachedPlugin_cache/banks_0_reg_i_59/O
                         net (fo=1, routed)           0.511    19.056    VexRiscv/IBusCachedPlugin_cache/banks_0_reg_i_59_n_0
    SLICE_X66Y47         LUT5 (Prop_lut5_I0_O)        0.124    19.180 f  VexRiscv/IBusCachedPlugin_cache/banks_0_reg_i_36/O
                         net (fo=9, routed)           0.813    19.993    VexRiscv/IBusCachedPlugin_cache/decode_to_execute_BRANCH_CTRL_reg[1]
    SLICE_X73Y47         LUT3 (Prop_lut3_I1_O)        0.124    20.117 f  VexRiscv/IBusCachedPlugin_cache/banks_0_reg_i_15/O
                         net (fo=37, routed)          0.567    20.684    VexRiscv/IBusCachedPlugin_cache/banks_0_reg_i_15_n_0
    SLICE_X74Y48         LUT6 (Prop_lut6_I4_O)        0.124    20.808 r  VexRiscv/IBusCachedPlugin_cache/IBusCachedPlugin_fetchPc_pcReg[31]_i_2/O
                         net (fo=31, routed)          0.632    21.440    VexRiscv/IBusCachedPlugin_cache/_zz_IBusCachedPlugin_iBusRsp_stages_1_output_m2sPipe_valid_reg
    SLICE_X77Y48         LUT2 (Prop_lut2_I1_O)        0.124    21.564 r  VexRiscv/IBusCachedPlugin_cache/IBusCachedPlugin_fetchPc_pcReg[31]_i_1/O
                         net (fo=27, routed)          0.896    22.459    VexRiscv/IBusCachedPlugin_cache_n_294
    SLICE_X70Y50         FDRE                                         r  VexRiscv/IBusCachedPlugin_fetchPc_pcReg_reg[18]/R
  -------------------------------------------------------------------    -------------------

                         (clock soc_crg_clkout0 rise edge)
                                                     13.333    13.333 r  
    E3                                                0.000    13.333 r  clk100 (IN)
                         net (fo=0)                   0.000    13.333    clk100
    E3                   IBUF (Prop_ibuf_I_O)         1.411    14.745 r  clk100_IBUF_inst/O
                         net (fo=1, routed)           1.920    16.665    clk100_IBUF
    BUFGCTRL_X0Y16       BUFG (Prop_bufg_I_O)         0.091    16.756 r  clk100_IBUF_BUFG_inst/O
                         net (fo=1, routed)           1.796    18.551    clk100_IBUF_BUFG
    SLICE_X46Y31         LUT1 (Prop_lut1_I0_O)        0.100    18.651 r  clk100_inst/O
                         net (fo=9, routed)           1.604    20.255    soc_crg_clkin
    MMCME2_ADV_X0Y0      MMCME2_ADV (Prop_mmcme2_adv_CLKIN1_CLKOUT0)
                                                      0.083    20.338 r  MMCME2_ADV/CLKOUT0
                         net (fo=1, routed)           1.923    22.261    soc_crg_clkout0
    BUFGCTRL_X0Y0        BUFG (Prop_bufg_I_O)         0.091    22.352 r  BUFG/O
                         net (fo=3819, routed)        1.510    23.863    VexRiscv/stageB_flusher_counter_reg[0]
    SLICE_X70Y50         FDRE                                         r  VexRiscv/IBusCachedPlugin_fetchPc_pcReg_reg[18]/C
                         clock pessimism              0.753    24.616    
                         clock uncertainty           -0.070    24.546    
    SLICE_X70Y50         FDRE (Setup_fdre_C_R)       -0.524    24.022    VexRiscv/IBusCachedPlugin_fetchPc_pcReg_reg[18]
  -------------------------------------------------------------------
                         required time                         24.022    
                         arrival time                         -22.459    
  -------------------------------------------------------------------
                         slack                                  1.562    

Slack (MET) :             1.562ns  (required time - arrival time)
  Source:                 VexRiscv/decode_to_execute_INSTRUCTION_reg[13]/C
                            (rising edge-triggered cell FDRE clocked by soc_crg_clkout0  {rise@0.000ns fall@6.667ns period=13.333ns})
  Destination:            VexRiscv/IBusCachedPlugin_fetchPc_pcReg_reg[19]/R
                            (rising edge-triggered cell FDRE clocked by soc_crg_clkout0  {rise@0.000ns fall@6.667ns period=13.333ns})
  Path Group:             soc_crg_clkout0
  Path Type:              Setup (Max at Slow Process Corner)
  Requirement:            13.333ns  (soc_crg_clkout0 rise@13.333ns - soc_crg_clkout0 rise@0.000ns)
  Data Path Delay:        10.842ns  (logic 2.806ns (25.880%)  route 8.036ns (74.120%))
  Logic Levels:           12  (CARRY4=5 LUT2=1 LUT3=1 LUT4=1 LUT5=2 LUT6=2)
  Clock Path Skew:        -0.335ns (DCD - SCD + CPR)
    Destination Clock Delay (DCD):    10.529ns = ( 23.863 - 13.333 ) 
    Source Clock Delay      (SCD):    11.617ns
    Clock Pessimism Removal (CPR):    0.753ns
  Clock Uncertainty:      0.070ns  ((TSJ^2 + DJ^2)^1/2) / 2 + PE
    Total System Jitter     (TSJ):    0.071ns
    Discrete Jitter          (DJ):    0.121ns
    Phase Error              (PE):    0.000ns

    Location             Delay type                Incr(ns)  Path(ns)    Netlist Resource(s)
  -------------------------------------------------------------------    -------------------
                         (clock soc_crg_clkout0 rise edge)
                                                      0.000     0.000 r  
    E3                                                0.000     0.000 r  clk100 (IN)
                         net (fo=0)                   0.000     0.000    clk100
    E3                   IBUF (Prop_ibuf_I_O)         1.482     1.482 r  clk100_IBUF_inst/O
                         net (fo=1, routed)           2.025     3.506    clk100_IBUF
    BUFGCTRL_X0Y16       BUFG (Prop_bufg_I_O)         0.096     3.602 r  clk100_IBUF_BUFG_inst/O
                         net (fo=1, routed)           1.958     5.560    clk100_IBUF_BUFG
    SLICE_X46Y31         LUT1 (Prop_lut1_I0_O)        0.124     5.684 r  clk100_inst/O
                         net (fo=9, routed)           1.877     7.561    soc_crg_clkin
    MMCME2_ADV_X0Y0      MMCME2_ADV (Prop_mmcme2_adv_CLKIN1_CLKOUT0)
                                                      0.088     7.649 r  MMCME2_ADV/CLKOUT0
                         net (fo=1, routed)           2.018     9.668    soc_crg_clkout0
    BUFGCTRL_X0Y0        BUFG (Prop_bufg_I_O)         0.096     9.764 r  BUFG/O
                         net (fo=3819, routed)        1.853    11.617    VexRiscv/stageB_flusher_counter_reg[0]
    SLICE_X72Y44         FDRE                                         r  VexRiscv/decode_to_execute_INSTRUCTION_reg[13]/C
  -------------------------------------------------------------------    -------------------
    SLICE_X72Y44         FDRE (Prop_fdre_C_Q)         0.419    12.036 r  VexRiscv/decode_to_execute_INSTRUCTION_reg[13]/Q
                         net (fo=71, routed)          2.864    14.900    VexRiscv/IBusCachedPlugin_cache/CsrPlugin_exceptionPortCtrl_exceptionContext_badAddr_reg[31][10]
    SLICE_X53Y42         LUT4 (Prop_lut4_I2_O)        0.299    15.199 r  VexRiscv/IBusCachedPlugin_cache/execute_to_memory_REGFILE_WRITE_DATA[13]_i_4/O
                         net (fo=7, routed)           0.702    15.901    VexRiscv/IBusCachedPlugin_cache/decode_to_execute_RS1_reg[13]
    SLICE_X61Y44         CARRY4 (Prop_carry4_DI[1]_CO[3])
                                                      0.507    16.408 r  VexRiscv/IBusCachedPlugin_cache/execute_to_memory_REGFILE_WRITE_DATA_reg[15]_i_4/CO[3]
                         net (fo=1, routed)           0.000    16.408    VexRiscv/IBusCachedPlugin_cache/execute_to_memory_REGFILE_WRITE_DATA_reg[15]_i_4_n_0
    SLICE_X61Y45         CARRY4 (Prop_carry4_CI_CO[3])
                                                      0.114    16.522 r  VexRiscv/IBusCachedPlugin_cache/execute_to_memory_REGFILE_WRITE_DATA_reg[19]_i_4/CO[3]
                         net (fo=1, routed)           0.000    16.522    VexRiscv/IBusCachedPlugin_cache/execute_to_memory_REGFILE_WRITE_DATA_reg[19]_i_4_n_0
    SLICE_X61Y46         CARRY4 (Prop_carry4_CI_CO[3])
                                                      0.114    16.636 r  VexRiscv/IBusCachedPlugin_cache/execute_to_memory_REGFILE_WRITE_DATA_reg[23]_i_4/CO[3]
                         net (fo=1, routed)           0.000    16.636    VexRiscv/IBusCachedPlugin_cache/execute_to_memory_REGFILE_WRITE_DATA_reg[23]_i_4_n_0
    SLICE_X61Y47         CARRY4 (Prop_carry4_CI_CO[3])
                                                      0.114    16.750 r  VexRiscv/IBusCachedPlugin_cache/execute_to_memory_REGFILE_WRITE_DATA_reg[27]_i_4/CO[3]
                         net (fo=1, routed)           0.000    16.750    VexRiscv/IBusCachedPlugin_cache/execute_to_memory_REGFILE_WRITE_DATA_reg[27]_i_4_n_0
    SLICE_X61Y48         CARRY4 (Prop_carry4_CI_O[3])
                                                      0.313    17.063 f  VexRiscv/IBusCachedPlugin_cache/execute_to_memory_REGFILE_WRITE_DATA_reg[31]_i_5/O[3]
                         net (fo=2, routed)           0.557    17.620    VexRiscv/IBusCachedPlugin_cache/_zz_execute_SrcPlugin_addSub[19]
    SLICE_X62Y47         LUT5 (Prop_lut5_I1_O)        0.306    17.926 r  VexRiscv/IBusCachedPlugin_cache/execute_to_memory_REGFILE_WRITE_DATA[0]_i_7/O
                         net (fo=2, routed)           0.495    18.421    VexRiscv/IBusCachedPlugin_cache/decode_to_execute_SRC2_FORCE_ZERO_reg
    SLICE_X63Y47         LUT6 (Prop_lut6_I1_O)        0.124    18.545 r  VexRiscv/IBusCachedPlugin_cache/banks_0_reg_i_59/O
                         net (fo=1, routed)           0.511    19.056    VexRiscv/IBusCachedPlugin_cache/banks_0_reg_i_59_n_0
    SLICE_X66Y47         LUT5 (Prop_lut5_I0_O)        0.124    19.180 f  VexRiscv/IBusCachedPlugin_cache/banks_0_reg_i_36/O
                         net (fo=9, routed)           0.813    19.993    VexRiscv/IBusCachedPlugin_cache/decode_to_execute_BRANCH_CTRL_reg[1]
    SLICE_X73Y47         LUT3 (Prop_lut3_I1_O)        0.124    20.117 f  VexRiscv/IBusCachedPlugin_cache/banks_0_reg_i_15/O
                         net (fo=37, routed)          0.567    20.684    VexRiscv/IBusCachedPlugin_cache/banks_0_reg_i_15_n_0
    SLICE_X74Y48         LUT6 (Prop_lut6_I4_O)        0.124    20.808 r  VexRiscv/IBusCachedPlugin_cache/IBusCachedPlugin_fetchPc_pcReg[31]_i_2/O
                         net (fo=31, routed)          0.632    21.440    VexRiscv/IBusCachedPlugin_cache/_zz_IBusCachedPlugin_iBusRsp_stages_1_output_m2sPipe_valid_reg
    SLICE_X77Y48         LUT2 (Prop_lut2_I1_O)        0.124    21.564 r  VexRiscv/IBusCachedPlugin_cache/IBusCachedPlugin_fetchPc_pcReg[31]_i_1/O
                         net (fo=27, routed)          0.896    22.459    VexRiscv/IBusCachedPlugin_cache_n_294
    SLICE_X70Y50         FDRE                                         r  VexRiscv/IBusCachedPlugin_fetchPc_pcReg_reg[19]/R
  -------------------------------------------------------------------    -------------------

                         (clock soc_crg_clkout0 rise edge)
                                                     13.333    13.333 r  
    E3                                                0.000    13.333 r  clk100 (IN)
                         net (fo=0)                   0.000    13.333    clk100
    E3                   IBUF (Prop_ibuf_I_O)         1.411    14.745 r  clk100_IBUF_inst/O
                         net (fo=1, routed)           1.920    16.665    clk100_IBUF
    BUFGCTRL_X0Y16       BUFG (Prop_bufg_I_O)         0.091    16.756 r  clk100_IBUF_BUFG_inst/O
                         net (fo=1, routed)           1.796    18.551    clk100_IBUF_BUFG
    SLICE_X46Y31         LUT1 (Prop_lut1_I0_O)        0.100    18.651 r  clk100_inst/O
                         net (fo=9, routed)           1.604    20.255    soc_crg_clkin
    MMCME2_ADV_X0Y0      MMCME2_ADV (Prop_mmcme2_adv_CLKIN1_CLKOUT0)
                                                      0.083    20.338 r  MMCME2_ADV/CLKOUT0
                         net (fo=1, routed)           1.923    22.261    soc_crg_clkout0
    BUFGCTRL_X0Y0        BUFG (Prop_bufg_I_O)         0.091    22.352 r  BUFG/O
                         net (fo=3819, routed)        1.510    23.863    VexRiscv/stageB_flusher_counter_reg[0]
    SLICE_X70Y50         FDRE                                         r  VexRiscv/IBusCachedPlugin_fetchPc_pcReg_reg[19]/C
                         clock pessimism              0.753    24.616    
                         clock uncertainty           -0.070    24.546    
    SLICE_X70Y50         FDRE (Setup_fdre_C_R)       -0.524    24.022    VexRiscv/IBusCachedPlugin_fetchPc_pcReg_reg[19]
  -------------------------------------------------------------------
                         required time                         24.022    
                         arrival time                         -22.459    
  -------------------------------------------------------------------
                         slack                                  1.562    

Slack (MET) :             1.562ns  (required time - arrival time)
  Source:                 VexRiscv/decode_to_execute_INSTRUCTION_reg[13]/C
                            (rising edge-triggered cell FDRE clocked by soc_crg_clkout0  {rise@0.000ns fall@6.667ns period=13.333ns})
  Destination:            VexRiscv/IBusCachedPlugin_fetchPc_pcReg_reg[20]/R
                            (rising edge-triggered cell FDRE clocked by soc_crg_clkout0  {rise@0.000ns fall@6.667ns period=13.333ns})
  Path Group:             soc_crg_clkout0
  Path Type:              Setup (Max at Slow Process Corner)
  Requirement:            13.333ns  (soc_crg_clkout0 rise@13.333ns - soc_crg_clkout0 rise@0.000ns)
  Data Path Delay:        10.842ns  (logic 2.806ns (25.880%)  route 8.036ns (74.120%))
  Logic Levels:           12  (CARRY4=5 LUT2=1 LUT3=1 LUT4=1 LUT5=2 LUT6=2)
  Clock Path Skew:        -0.335ns (DCD - SCD + CPR)
    Destination Clock Delay (DCD):    10.529ns = ( 23.863 - 13.333 ) 
    Source Clock Delay      (SCD):    11.617ns
    Clock Pessimism Removal (CPR):    0.753ns
  Clock Uncertainty:      0.070ns  ((TSJ^2 + DJ^2)^1/2) / 2 + PE
    Total System Jitter     (TSJ):    0.071ns
    Discrete Jitter          (DJ):    0.121ns
    Phase Error              (PE):    0.000ns

    Location             Delay type                Incr(ns)  Path(ns)    Netlist Resource(s)
  -------------------------------------------------------------------    -------------------
                         (clock soc_crg_clkout0 rise edge)
                                                      0.000     0.000 r  
    E3                                                0.000     0.000 r  clk100 (IN)
                         net (fo=0)                   0.000     0.000    clk100
    E3                   IBUF (Prop_ibuf_I_O)         1.482     1.482 r  clk100_IBUF_inst/O
                         net (fo=1, routed)           2.025     3.506    clk100_IBUF
    BUFGCTRL_X0Y16       BUFG (Prop_bufg_I_O)         0.096     3.602 r  clk100_IBUF_BUFG_inst/O
                         net (fo=1, routed)           1.958     5.560    clk100_IBUF_BUFG
    SLICE_X46Y31         LUT1 (Prop_lut1_I0_O)        0.124     5.684 r  clk100_inst/O
                         net (fo=9, routed)           1.877     7.561    soc_crg_clkin
    MMCME2_ADV_X0Y0      MMCME2_ADV (Prop_mmcme2_adv_CLKIN1_CLKOUT0)
                                                      0.088     7.649 r  MMCME2_ADV/CLKOUT0
                         net (fo=1, routed)           2.018     9.668    soc_crg_clkout0
    BUFGCTRL_X0Y0        BUFG (Prop_bufg_I_O)         0.096     9.764 r  BUFG/O
                         net (fo=3819, routed)        1.853    11.617    VexRiscv/stageB_flusher_counter_reg[0]
    SLICE_X72Y44         FDRE                                         r  VexRiscv/decode_to_execute_INSTRUCTION_reg[13]/C
  -------------------------------------------------------------------    -------------------
    SLICE_X72Y44         FDRE (Prop_fdre_C_Q)         0.419    12.036 r  VexRiscv/decode_to_execute_INSTRUCTION_reg[13]/Q
                         net (fo=71, routed)          2.864    14.900    VexRiscv/IBusCachedPlugin_cache/CsrPlugin_exceptionPortCtrl_exceptionContext_badAddr_reg[31][10]
    SLICE_X53Y42         LUT4 (Prop_lut4_I2_O)        0.299    15.199 r  VexRiscv/IBusCachedPlugin_cache/execute_to_memory_REGFILE_WRITE_DATA[13]_i_4/O
                         net (fo=7, routed)           0.702    15.901    VexRiscv/IBusCachedPlugin_cache/decode_to_execute_RS1_reg[13]
    SLICE_X61Y44         CARRY4 (Prop_carry4_DI[1]_CO[3])
                                                      0.507    16.408 r  VexRiscv/IBusCachedPlugin_cache/execute_to_memory_REGFILE_WRITE_DATA_reg[15]_i_4/CO[3]
                         net (fo=1, routed)           0.000    16.408    VexRiscv/IBusCachedPlugin_cache/execute_to_memory_REGFILE_WRITE_DATA_reg[15]_i_4_n_0
    SLICE_X61Y45         CARRY4 (Prop_carry4_CI_CO[3])
                                                      0.114    16.522 r  VexRiscv/IBusCachedPlugin_cache/execute_to_memory_REGFILE_WRITE_DATA_reg[19]_i_4/CO[3]
                         net (fo=1, routed)           0.000    16.522    VexRiscv/IBusCachedPlugin_cache/execute_to_memory_REGFILE_WRITE_DATA_reg[19]_i_4_n_0
    SLICE_X61Y46         CARRY4 (Prop_carry4_CI_CO[3])
                                                      0.114    16.636 r  VexRiscv/IBusCachedPlugin_cache/execute_to_memory_REGFILE_WRITE_DATA_reg[23]_i_4/CO[3]
                         net (fo=1, routed)           0.000    16.636    VexRiscv/IBusCachedPlugin_cache/execute_to_memory_REGFILE_WRITE_DATA_reg[23]_i_4_n_0
    SLICE_X61Y47         CARRY4 (Prop_carry4_CI_CO[3])
                                                      0.114    16.750 r  VexRiscv/IBusCachedPlugin_cache/execute_to_memory_REGFILE_WRITE_DATA_reg[27]_i_4/CO[3]
                         net (fo=1, routed)           0.000    16.750    VexRiscv/IBusCachedPlugin_cache/execute_to_memory_REGFILE_WRITE_DATA_reg[27]_i_4_n_0
    SLICE_X61Y48         CARRY4 (Prop_carry4_CI_O[3])
                                                      0.313    17.063 f  VexRiscv/IBusCachedPlugin_cache/execute_to_memory_REGFILE_WRITE_DATA_reg[31]_i_5/O[3]
                         net (fo=2, routed)           0.557    17.620    VexRiscv/IBusCachedPlugin_cache/_zz_execute_SrcPlugin_addSub[19]
    SLICE_X62Y47         LUT5 (Prop_lut5_I1_O)        0.306    17.926 r  VexRiscv/IBusCachedPlugin_cache/execute_to_memory_REGFILE_WRITE_DATA[0]_i_7/O
                         net (fo=2, routed)           0.495    18.421    VexRiscv/IBusCachedPlugin_cache/decode_to_execute_SRC2_FORCE_ZERO_reg
    SLICE_X63Y47         LUT6 (Prop_lut6_I1_O)        0.124    18.545 r  VexRiscv/IBusCachedPlugin_cache/banks_0_reg_i_59/O
                         net (fo=1, routed)           0.511    19.056    VexRiscv/IBusCachedPlugin_cache/banks_0_reg_i_59_n_0
    SLICE_X66Y47         LUT5 (Prop_lut5_I0_O)        0.124    19.180 f  VexRiscv/IBusCachedPlugin_cache/banks_0_reg_i_36/O
                         net (fo=9, routed)           0.813    19.993    VexRiscv/IBusCachedPlugin_cache/decode_to_execute_BRANCH_CTRL_reg[1]
    SLICE_X73Y47         LUT3 (Prop_lut3_I1_O)        0.124    20.117 f  VexRiscv/IBusCachedPlugin_cache/banks_0_reg_i_15/O
                         net (fo=37, routed)          0.567    20.684    VexRiscv/IBusCachedPlugin_cache/banks_0_reg_i_15_n_0
    SLICE_X74Y48         LUT6 (Prop_lut6_I4_O)        0.124    20.808 r  VexRiscv/IBusCachedPlugin_cache/IBusCachedPlugin_fetchPc_pcReg[31]_i_2/O
                         net (fo=31, routed)          0.632    21.440    VexRiscv/IBusCachedPlugin_cache/_zz_IBusCachedPlugin_iBusRsp_stages_1_output_m2sPipe_valid_reg
    SLICE_X77Y48         LUT2 (Prop_lut2_I1_O)        0.124    21.564 r  VexRiscv/IBusCachedPlugin_cache/IBusCachedPlugin_fetchPc_pcReg[31]_i_1/O
                         net (fo=27, routed)          0.896    22.459    VexRiscv/IBusCachedPlugin_cache_n_294
    SLICE_X70Y50         FDRE                                         r  VexRiscv/IBusCachedPlugin_fetchPc_pcReg_reg[20]/R
  -------------------------------------------------------------------    -------------------

                         (clock soc_crg_clkout0 rise edge)
                                                     13.333    13.333 r  
    E3                                                0.000    13.333 r  clk100 (IN)
                         net (fo=0)                   0.000    13.333    clk100
    E3                   IBUF (Prop_ibuf_I_O)         1.411    14.745 r  clk100_IBUF_inst/O
                         net (fo=1, routed)           1.920    16.665    clk100_IBUF
    BUFGCTRL_X0Y16       BUFG (Prop_bufg_I_O)         0.091    16.756 r  clk100_IBUF_BUFG_inst/O
                         net (fo=1, routed)           1.796    18.551    clk100_IBUF_BUFG
    SLICE_X46Y31         LUT1 (Prop_lut1_I0_O)        0.100    18.651 r  clk100_inst/O
                         net (fo=9, routed)           1.604    20.255    soc_crg_clkin
    MMCME2_ADV_X0Y0      MMCME2_ADV (Prop_mmcme2_adv_CLKIN1_CLKOUT0)
                                                      0.083    20.338 r  MMCME2_ADV/CLKOUT0
                         net (fo=1, routed)           1.923    22.261    soc_crg_clkout0
    BUFGCTRL_X0Y0        BUFG (Prop_bufg_I_O)         0.091    22.352 r  BUFG/O
                         net (fo=3819, routed)        1.510    23.863    VexRiscv/stageB_flusher_counter_reg[0]
    SLICE_X70Y50         FDRE                                         r  VexRiscv/IBusCachedPlugin_fetchPc_pcReg_reg[20]/C
                         clock pessimism              0.753    24.616    
                         clock uncertainty           -0.070    24.546    
    SLICE_X70Y50         FDRE (Setup_fdre_C_R)       -0.524    24.022    VexRiscv/IBusCachedPlugin_fetchPc_pcReg_reg[20]
  -------------------------------------------------------------------
                         required time                         24.022    
                         arrival time                         -22.459    
  -------------------------------------------------------------------
                         slack                                  1.562    

Slack (MET) :             1.566ns  (required time - arrival time)
  Source:                 VexRiscv/decode_to_execute_INSTRUCTION_reg[13]/C
                            (rising edge-triggered cell FDRE clocked by soc_crg_clkout0  {rise@0.000ns fall@6.667ns period=13.333ns})
  Destination:            VexRiscv/IBusCachedPlugin_cache/ways_0_tags_reg/ADDRARDADDR[8]
                            (rising edge-triggered cell RAMB18E1 clocked by soc_crg_clkout0  {rise@0.000ns fall@6.667ns period=13.333ns})
  Path Group:             soc_crg_clkout0
  Path Type:              Setup (Max at Slow Process Corner)
  Requirement:            13.333ns  (soc_crg_clkout0 rise@13.333ns - soc_crg_clkout0 rise@0.000ns)
  Data Path Delay:        10.921ns  (logic 3.002ns (27.489%)  route 7.919ns (72.511%))
  Logic Levels:           12  (CARRY4=5 LUT3=1 LUT4=1 LUT5=2 LUT6=3)
  Clock Path Skew:        -0.211ns (DCD - SCD + CPR)
    Destination Clock Delay (DCD):    10.654ns = ( 23.987 - 13.333 ) 
    Source Clock Delay      (SCD):    11.617ns
    Clock Pessimism Removal (CPR):    0.753ns
  Clock Uncertainty:      0.070ns  ((TSJ^2 + DJ^2)^1/2) / 2 + PE
    Total System Jitter     (TSJ):    0.071ns
    Discrete Jitter          (DJ):    0.121ns
    Phase Error              (PE):    0.000ns

    Location             Delay type                Incr(ns)  Path(ns)    Netlist Resource(s)
  -------------------------------------------------------------------    -------------------
                         (clock soc_crg_clkout0 rise edge)
                                                      0.000     0.000 r  
    E3                                                0.000     0.000 r  clk100 (IN)
                         net (fo=0)                   0.000     0.000    clk100
    E3                   IBUF (Prop_ibuf_I_O)         1.482     1.482 r  clk100_IBUF_inst/O
                         net (fo=1, routed)           2.025     3.506    clk100_IBUF
    BUFGCTRL_X0Y16       BUFG (Prop_bufg_I_O)         0.096     3.602 r  clk100_IBUF_BUFG_inst/O
                         net (fo=1, routed)           1.958     5.560    clk100_IBUF_BUFG
    SLICE_X46Y31         LUT1 (Prop_lut1_I0_O)        0.124     5.684 r  clk100_inst/O
                         net (fo=9, routed)           1.877     7.561    soc_crg_clkin
    MMCME2_ADV_X0Y0      MMCME2_ADV (Prop_mmcme2_adv_CLKIN1_CLKOUT0)
                                                      0.088     7.649 r  MMCME2_ADV/CLKOUT0
                         net (fo=1, routed)           2.018     9.668    soc_crg_clkout0
    BUFGCTRL_X0Y0        BUFG (Prop_bufg_I_O)         0.096     9.764 r  BUFG/O
                         net (fo=3819, routed)        1.853    11.617    VexRiscv/stageB_flusher_counter_reg[0]
    SLICE_X72Y44         FDRE                                         r  VexRiscv/decode_to_execute_INSTRUCTION_reg[13]/C
  -------------------------------------------------------------------    -------------------
    SLICE_X72Y44         FDRE (Prop_fdre_C_Q)         0.419    12.036 r  VexRiscv/decode_to_execute_INSTRUCTION_reg[13]/Q
                         net (fo=71, routed)          2.864    14.900    VexRiscv/IBusCachedPlugin_cache/CsrPlugin_exceptionPortCtrl_exceptionContext_badAddr_reg[31][10]
    SLICE_X53Y42         LUT4 (Prop_lut4_I2_O)        0.299    15.199 r  VexRiscv/IBusCachedPlugin_cache/execute_to_memory_REGFILE_WRITE_DATA[13]_i_4/O
                         net (fo=7, routed)           0.702    15.901    VexRiscv/IBusCachedPlugin_cache/decode_to_execute_RS1_reg[13]
    SLICE_X61Y44         CARRY4 (Prop_carry4_DI[1]_CO[3])
                                                      0.507    16.408 r  VexRiscv/IBusCachedPlugin_cache/execute_to_memory_REGFILE_WRITE_DATA_reg[15]_i_4/CO[3]
                         net (fo=1, routed)           0.000    16.408    VexRiscv/IBusCachedPlugin_cache/execute_to_memory_REGFILE_WRITE_DATA_reg[15]_i_4_n_0
    SLICE_X61Y45         CARRY4 (Prop_carry4_CI_CO[3])
                                                      0.114    16.522 r  VexRiscv/IBusCachedPlugin_cache/execute_to_memory_REGFILE_WRITE_DATA_reg[19]_i_4/CO[3]
                         net (fo=1, routed)           0.000    16.522    VexRiscv/IBusCachedPlugin_cache/execute_to_memory_REGFILE_WRITE_DATA_reg[19]_i_4_n_0
    SLICE_X61Y46         CARRY4 (Prop_carry4_CI_CO[3])
                                                      0.114    16.636 r  VexRiscv/IBusCachedPlugin_cache/execute_to_memory_REGFILE_WRITE_DATA_reg[23]_i_4/CO[3]
                         net (fo=1, routed)           0.000    16.636    VexRiscv/IBusCachedPlugin_cache/execute_to_memory_REGFILE_WRITE_DATA_reg[23]_i_4_n_0
    SLICE_X61Y47         CARRY4 (Prop_carry4_CI_CO[3])
                                                      0.114    16.750 r  VexRiscv/IBusCachedPlugin_cache/execute_to_memory_REGFILE_WRITE_DATA_reg[27]_i_4/CO[3]
                         net (fo=1, routed)           0.000    16.750    VexRiscv/IBusCachedPlugin_cache/execute_to_memory_REGFILE_WRITE_DATA_reg[27]_i_4_n_0
    SLICE_X61Y48         CARRY4 (Prop_carry4_CI_O[3])
                                                      0.313    17.063 f  VexRiscv/IBusCachedPlugin_cache/execute_to_memory_REGFILE_WRITE_DATA_reg[31]_i_5/O[3]
                         net (fo=2, routed)           0.557    17.620    VexRiscv/IBusCachedPlugin_cache/_zz_execute_SrcPlugin_addSub[19]
    SLICE_X62Y47         LUT5 (Prop_lut5_I1_O)        0.306    17.926 r  VexRiscv/IBusCachedPlugin_cache/execute_to_memory_REGFILE_WRITE_DATA[0]_i_7/O
                         net (fo=2, routed)           0.495    18.421    VexRiscv/IBusCachedPlugin_cache/decode_to_execute_SRC2_FORCE_ZERO_reg
    SLICE_X63Y47         LUT6 (Prop_lut6_I1_O)        0.124    18.545 r  VexRiscv/IBusCachedPlugin_cache/banks_0_reg_i_59/O
                         net (fo=1, routed)           0.511    19.056    VexRiscv/IBusCachedPlugin_cache/banks_0_reg_i_59_n_0
    SLICE_X66Y47         LUT5 (Prop_lut5_I0_O)        0.124    19.180 f  VexRiscv/IBusCachedPlugin_cache/banks_0_reg_i_36/O
                         net (fo=9, routed)           0.813    19.993    VexRiscv/dataCache_1/_zz_IBusCachedPlugin_iBusRsp_stages_1_output_m2sPipe_valid_reg_0
    SLICE_X73Y47         LUT3 (Prop_lut3_I2_O)        0.118    20.111 r  VexRiscv/dataCache_1/banks_0_reg_i_40/O
                         net (fo=30, routed)          0.636    20.746    VexRiscv/IBusCachedPlugin_cache/IBusCachedPlugin_fetchPc_pcReg_reg[12]_0
    SLICE_X68Y47         LUT6 (Prop_lut6_I5_O)        0.326    21.072 f  VexRiscv/IBusCachedPlugin_cache/banks_0_reg_i_20/O
                         net (fo=2, routed)           0.523    21.595    VexRiscv/IBusCachedPlugin_cache/banks_0_reg_i_20_n_0
    SLICE_X73Y47         LUT6 (Prop_lut6_I5_O)        0.124    21.719 r  VexRiscv/IBusCachedPlugin_cache/banks_0_reg_i_5/O
                         net (fo=2, routed)           0.818    22.538    VexRiscv/IBusCachedPlugin_cache/IBusCachedPlugin_iBusRsp_stages_0_input_payload[8]
    RAMB18_X2Y20         RAMB18E1                                     r  VexRiscv/IBusCachedPlugin_cache/ways_0_tags_reg/ADDRARDADDR[8]
  -------------------------------------------------------------------    -------------------

                         (clock soc_crg_clkout0 rise edge)
                                                     13.333    13.333 r  
    E3                                                0.000    13.333 r  clk100 (IN)
                         net (fo=0)                   0.000    13.333    clk100
    E3                   IBUF (Prop_ibuf_I_O)         1.411    14.745 r  clk100_IBUF_inst/O
                         net (fo=1, routed)           1.920    16.665    clk100_IBUF
    BUFGCTRL_X0Y16       BUFG (Prop_bufg_I_O)         0.091    16.756 r  clk100_IBUF_BUFG_inst/O
                         net (fo=1, routed)           1.796    18.551    clk100_IBUF_BUFG
    SLICE_X46Y31         LUT1 (Prop_lut1_I0_O)        0.100    18.651 r  clk100_inst/O
                         net (fo=9, routed)           1.604    20.255    soc_crg_clkin
    MMCME2_ADV_X0Y0      MMCME2_ADV (Prop_mmcme2_adv_CLKIN1_CLKOUT0)
                                                      0.083    20.338 r  MMCME2_ADV/CLKOUT0
                         net (fo=1, routed)           1.923    22.261    soc_crg_clkout0
    BUFGCTRL_X0Y0        BUFG (Prop_bufg_I_O)         0.091    22.352 r  BUFG/O
                         net (fo=3819, routed)        1.635    23.987    VexRiscv/IBusCachedPlugin_cache/ways_0_tags_reg_0
    RAMB18_X2Y20         RAMB18E1                                     r  VexRiscv/IBusCachedPlugin_cache/ways_0_tags_reg/CLKARDCLK
                         clock pessimism              0.753    24.740    
                         clock uncertainty           -0.070    24.670    
    RAMB18_X2Y20         RAMB18E1 (Setup_ramb18e1_CLKARDCLK_ADDRARDADDR[8])
                                                     -0.566    24.104    VexRiscv/IBusCachedPlugin_cache/ways_0_tags_reg
  -------------------------------------------------------------------
                         required time                         24.104    
                         arrival time                         -22.538    
  -------------------------------------------------------------------
                         slack                                  1.566    

Slack (MET) :             1.577ns  (required time - arrival time)
  Source:                 VexRiscv/decode_to_execute_INSTRUCTION_reg[13]/C
                            (rising edge-triggered cell FDRE clocked by soc_crg_clkout0  {rise@0.000ns fall@6.667ns period=13.333ns})
  Destination:            VexRiscv/IBusCachedPlugin_fetchPc_pcReg_reg[27]/R
                            (rising edge-triggered cell FDRE clocked by soc_crg_clkout0  {rise@0.000ns fall@6.667ns period=13.333ns})
  Path Group:             soc_crg_clkout0
  Path Type:              Setup (Max at Slow Process Corner)
  Requirement:            13.333ns  (soc_crg_clkout0 rise@13.333ns - soc_crg_clkout0 rise@0.000ns)
  Data Path Delay:        10.922ns  (logic 2.806ns (25.692%)  route 8.116ns (74.308%))
  Logic Levels:           12  (CARRY4=5 LUT2=1 LUT3=1 LUT4=1 LUT5=2 LUT6=2)
  Clock Path Skew:        -0.336ns (DCD - SCD + CPR)
    Destination Clock Delay (DCD):    10.528ns = ( 23.862 - 13.333 ) 
    Source Clock Delay      (SCD):    11.617ns
    Clock Pessimism Removal (CPR):    0.753ns
  Clock Uncertainty:      0.070ns  ((TSJ^2 + DJ^2)^1/2) / 2 + PE
    Total System Jitter     (TSJ):    0.071ns
    Discrete Jitter          (DJ):    0.121ns
    Phase Error              (PE):    0.000ns

    Location             Delay type                Incr(ns)  Path(ns)    Netlist Resource(s)
  -------------------------------------------------------------------    -------------------
                         (clock soc_crg_clkout0 rise edge)
                                                      0.000     0.000 r  
    E3                                                0.000     0.000 r  clk100 (IN)
                         net (fo=0)                   0.000     0.000    clk100
    E3                   IBUF (Prop_ibuf_I_O)         1.482     1.482 r  clk100_IBUF_inst/O
                         net (fo=1, routed)           2.025     3.506    clk100_IBUF
    BUFGCTRL_X0Y16       BUFG (Prop_bufg_I_O)         0.096     3.602 r  clk100_IBUF_BUFG_inst/O
                         net (fo=1, routed)           1.958     5.560    clk100_IBUF_BUFG
    SLICE_X46Y31         LUT1 (Prop_lut1_I0_O)        0.124     5.684 r  clk100_inst/O
                         net (fo=9, routed)           1.877     7.561    soc_crg_clkin
    MMCME2_ADV_X0Y0      MMCME2_ADV (Prop_mmcme2_adv_CLKIN1_CLKOUT0)
                                                      0.088     7.649 r  MMCME2_ADV/CLKOUT0
                         net (fo=1, routed)           2.018     9.668    soc_crg_clkout0
    BUFGCTRL_X0Y0        BUFG (Prop_bufg_I_O)         0.096     9.764 r  BUFG/O
                         net (fo=3819, routed)        1.853    11.617    VexRiscv/stageB_flusher_counter_reg[0]
    SLICE_X72Y44         FDRE                                         r  VexRiscv/decode_to_execute_INSTRUCTION_reg[13]/C
  -------------------------------------------------------------------    -------------------
    SLICE_X72Y44         FDRE (Prop_fdre_C_Q)         0.419    12.036 r  VexRiscv/decode_to_execute_INSTRUCTION_reg[13]/Q
                         net (fo=71, routed)          2.864    14.900    VexRiscv/IBusCachedPlugin_cache/CsrPlugin_exceptionPortCtrl_exceptionContext_badAddr_reg[31][10]
    SLICE_X53Y42         LUT4 (Prop_lut4_I2_O)        0.299    15.199 r  VexRiscv/IBusCachedPlugin_cache/execute_to_memory_REGFILE_WRITE_DATA[13]_i_4/O
                         net (fo=7, routed)           0.702    15.901    VexRiscv/IBusCachedPlugin_cache/decode_to_execute_RS1_reg[13]
    SLICE_X61Y44         CARRY4 (Prop_carry4_DI[1]_CO[3])
                                                      0.507    16.408 r  VexRiscv/IBusCachedPlugin_cache/execute_to_memory_REGFILE_WRITE_DATA_reg[15]_i_4/CO[3]
                         net (fo=1, routed)           0.000    16.408    VexRiscv/IBusCachedPlugin_cache/execute_to_memory_REGFILE_WRITE_DATA_reg[15]_i_4_n_0
    SLICE_X61Y45         CARRY4 (Prop_carry4_CI_CO[3])
                                                      0.114    16.522 r  VexRiscv/IBusCachedPlugin_cache/execute_to_memory_REGFILE_WRITE_DATA_reg[19]_i_4/CO[3]
                         net (fo=1, routed)           0.000    16.522    VexRiscv/IBusCachedPlugin_cache/execute_to_memory_REGFILE_WRITE_DATA_reg[19]_i_4_n_0
    SLICE_X61Y46         CARRY4 (Prop_carry4_CI_CO[3])
                                                      0.114    16.636 r  VexRiscv/IBusCachedPlugin_cache/execute_to_memory_REGFILE_WRITE_DATA_reg[23]_i_4/CO[3]
                         net (fo=1, routed)           0.000    16.636    VexRiscv/IBusCachedPlugin_cache/execute_to_memory_REGFILE_WRITE_DATA_reg[23]_i_4_n_0
    SLICE_X61Y47         CARRY4 (Prop_carry4_CI_CO[3])
                                                      0.114    16.750 r  VexRiscv/IBusCachedPlugin_cache/execute_to_memory_REGFILE_WRITE_DATA_reg[27]_i_4/CO[3]
                         net (fo=1, routed)           0.000    16.750    VexRiscv/IBusCachedPlugin_cache/execute_to_memory_REGFILE_WRITE_DATA_reg[27]_i_4_n_0
    SLICE_X61Y48         CARRY4 (Prop_carry4_CI_O[3])
                                                      0.313    17.063 f  VexRiscv/IBusCachedPlugin_cache/execute_to_memory_REGFILE_WRITE_DATA_reg[31]_i_5/O[3]
                         net (fo=2, routed)           0.557    17.620    VexRiscv/IBusCachedPlugin_cache/_zz_execute_SrcPlugin_addSub[19]
    SLICE_X62Y47         LUT5 (Prop_lut5_I1_O)        0.306    17.926 r  VexRiscv/IBusCachedPlugin_cache/execute_to_memory_REGFILE_WRITE_DATA[0]_i_7/O
                         net (fo=2, routed)           0.495    18.421    VexRiscv/IBusCachedPlugin_cache/decode_to_execute_SRC2_FORCE_ZERO_reg
    SLICE_X63Y47         LUT6 (Prop_lut6_I1_O)        0.124    18.545 r  VexRiscv/IBusCachedPlugin_cache/banks_0_reg_i_59/O
                         net (fo=1, routed)           0.511    19.056    VexRiscv/IBusCachedPlugin_cache/banks_0_reg_i_59_n_0
    SLICE_X66Y47         LUT5 (Prop_lut5_I0_O)        0.124    19.180 f  VexRiscv/IBusCachedPlugin_cache/banks_0_reg_i_36/O
                         net (fo=9, routed)           0.813    19.993    VexRiscv/IBusCachedPlugin_cache/decode_to_execute_BRANCH_CTRL_reg[1]
    SLICE_X73Y47         LUT3 (Prop_lut3_I1_O)        0.124    20.117 f  VexRiscv/IBusCachedPlugin_cache/banks_0_reg_i_15/O
                         net (fo=37, routed)          0.567    20.684    VexRiscv/IBusCachedPlugin_cache/banks_0_reg_i_15_n_0
    SLICE_X74Y48         LUT6 (Prop_lut6_I4_O)        0.124    20.808 r  VexRiscv/IBusCachedPlugin_cache/IBusCachedPlugin_fetchPc_pcReg[31]_i_2/O
                         net (fo=31, routed)          0.632    21.440    VexRiscv/IBusCachedPlugin_cache/_zz_IBusCachedPlugin_iBusRsp_stages_1_output_m2sPipe_valid_reg
    SLICE_X77Y48         LUT2 (Prop_lut2_I1_O)        0.124    21.564 r  VexRiscv/IBusCachedPlugin_cache/IBusCachedPlugin_fetchPc_pcReg[31]_i_1/O
                         net (fo=27, routed)          0.975    22.539    VexRiscv/IBusCachedPlugin_cache_n_294
    SLICE_X68Y54         FDRE                                         r  VexRiscv/IBusCachedPlugin_fetchPc_pcReg_reg[27]/R
  -------------------------------------------------------------------    -------------------

                         (clock soc_crg_clkout0 rise edge)
                                                     13.333    13.333 r  
    E3                                                0.000    13.333 r  clk100 (IN)
                         net (fo=0)                   0.000    13.333    clk100
    E3                   IBUF (Prop_ibuf_I_O)         1.411    14.745 r  clk100_IBUF_inst/O
                         net (fo=1, routed)           1.920    16.665    clk100_IBUF
    BUFGCTRL_X0Y16       BUFG (Prop_bufg_I_O)         0.091    16.756 r  clk100_IBUF_BUFG_inst/O
                         net (fo=1, routed)           1.796    18.551    clk100_IBUF_BUFG
    SLICE_X46Y31         LUT1 (Prop_lut1_I0_O)        0.100    18.651 r  clk100_inst/O
                         net (fo=9, routed)           1.604    20.255    soc_crg_clkin
    MMCME2_ADV_X0Y0      MMCME2_ADV (Prop_mmcme2_adv_CLKIN1_CLKOUT0)
                                                      0.083    20.338 r  MMCME2_ADV/CLKOUT0
                         net (fo=1, routed)           1.923    22.261    soc_crg_clkout0
    BUFGCTRL_X0Y0        BUFG (Prop_bufg_I_O)         0.091    22.352 r  BUFG/O
                         net (fo=3819, routed)        1.509    23.862    VexRiscv/stageB_flusher_counter_reg[0]
    SLICE_X68Y54         FDRE                                         r  VexRiscv/IBusCachedPlugin_fetchPc_pcReg_reg[27]/C
                         clock pessimism              0.753    24.615    
                         clock uncertainty           -0.070    24.545    
    SLICE_X68Y54         FDRE (Setup_fdre_C_R)       -0.429    24.116    VexRiscv/IBusCachedPlugin_fetchPc_pcReg_reg[27]
  -------------------------------------------------------------------
                         required time                         24.116    
                         arrival time                         -22.539    
  -------------------------------------------------------------------
                         slack                                  1.577    





Min Delay Paths
--------------------------------------------------------------------------------------
Slack (MET) :             0.046ns  (arrival time - required time)
  Source:                 VexRiscv/IBusCachedPlugin_cache/lineLoader_address_reg[20]/C
                            (rising edge-triggered cell FDRE clocked by soc_crg_clkout0  {rise@0.000ns fall@6.667ns period=13.333ns})
  Destination:            VexRiscv/IBusCachedPlugin_cache/ways_0_tags_reg/DIADI[10]
                            (rising edge-triggered cell RAMB18E1 clocked by soc_crg_clkout0  {rise@0.000ns fall@6.667ns period=13.333ns})
  Path Group:             soc_crg_clkout0
  Path Type:              Hold (Min at Fast Process Corner)
  Requirement:            0.000ns  (soc_crg_clkout0 rise@0.000ns - soc_crg_clkout0 rise@0.000ns)
  Data Path Delay:        0.260ns  (logic 0.141ns (54.242%)  route 0.119ns (45.758%))
  Logic Levels:           0  
  Clock Path Skew:        0.058ns (DCD - SCD - CPR)
    Destination Clock Delay (DCD):    4.827ns
    Source Clock Delay      (SCD):    3.791ns
    Clock Pessimism Removal (CPR):    0.977ns

    Location             Delay type                Incr(ns)  Path(ns)    Netlist Resource(s)
  -------------------------------------------------------------------    -------------------
                         (clock soc_crg_clkout0 rise edge)
                                                      0.000     0.000 r  
    E3                                                0.000     0.000 r  clk100 (IN)
                         net (fo=0)                   0.000     0.000    clk100
    E3                   IBUF (Prop_ibuf_I_O)         0.250     0.250 r  clk100_IBUF_inst/O
                         net (fo=1, routed)           0.644     0.894    clk100_IBUF
    BUFGCTRL_X0Y16       BUFG (Prop_bufg_I_O)         0.026     0.920 r  clk100_IBUF_BUFG_inst/O
                         net (fo=1, routed)           0.684     1.604    clk100_IBUF_BUFG
    SLICE_X46Y31         LUT1 (Prop_lut1_I0_O)        0.045     1.649 r  clk100_inst/O
                         net (fo=9, routed)           0.825     2.474    soc_crg_clkin
    MMCME2_ADV_X0Y0      MMCME2_ADV (Prop_mmcme2_adv_CLKIN1_CLKOUT0)
                                                      0.050     2.524 r  MMCME2_ADV/CLKOUT0
                         net (fo=1, routed)           0.648     3.171    soc_crg_clkout0
    BUFGCTRL_X0Y0        BUFG (Prop_bufg_I_O)         0.026     3.197 r  BUFG/O
                         net (fo=3819, routed)        0.594     3.791    VexRiscv/IBusCachedPlugin_cache/ways_0_tags_reg_0
    SLICE_X73Y50         FDRE                                         r  VexRiscv/IBusCachedPlugin_cache/lineLoader_address_reg[20]/C
  -------------------------------------------------------------------    -------------------
    SLICE_X73Y50         FDRE (Prop_fdre_C_Q)         0.141     3.932 r  VexRiscv/IBusCachedPlugin_cache/lineLoader_address_reg[20]/Q
                         net (fo=2, routed)           0.119     4.051    VexRiscv/IBusCachedPlugin_cache/lineLoader_address[20]
    RAMB18_X2Y20         RAMB18E1                                     r  VexRiscv/IBusCachedPlugin_cache/ways_0_tags_reg/DIADI[10]
  -------------------------------------------------------------------    -------------------

                         (clock soc_crg_clkout0 rise edge)
                                                      0.000     0.000 r  
    E3                                                0.000     0.000 r  clk100 (IN)
                         net (fo=0)                   0.000     0.000    clk100
    E3                   IBUF (Prop_ibuf_I_O)         0.438     0.438 r  clk100_IBUF_inst/O
                         net (fo=1, routed)           0.699     1.136    clk100_IBUF
    BUFGCTRL_X0Y16       BUFG (Prop_bufg_I_O)         0.029     1.165 r  clk100_IBUF_BUFG_inst/O
                         net (fo=1, routed)           0.966     2.132    clk100_IBUF_BUFG
    SLICE_X46Y31         LUT1 (Prop_lut1_I0_O)        0.056     2.188 r  clk100_inst/O
                         net (fo=9, routed)           0.949     3.136    soc_crg_clkin
    MMCME2_ADV_X0Y0      MMCME2_ADV (Prop_mmcme2_adv_CLKIN1_CLKOUT0)
                                                      0.053     3.189 r  MMCME2_ADV/CLKOUT0
                         net (fo=1, routed)           0.700     3.890    soc_crg_clkout0
    BUFGCTRL_X0Y0        BUFG (Prop_bufg_I_O)         0.029     3.919 r  BUFG/O
                         net (fo=3819, routed)        0.908     4.827    VexRiscv/IBusCachedPlugin_cache/ways_0_tags_reg_0
    RAMB18_X2Y20         RAMB18E1                                     r  VexRiscv/IBusCachedPlugin_cache/ways_0_tags_reg/CLKBWRCLK
                         clock pessimism             -0.977     3.849    
    RAMB18_X2Y20         RAMB18E1 (Hold_ramb18e1_CLKBWRCLK_DIADI[10])
                                                      0.155     4.004    VexRiscv/IBusCachedPlugin_cache/ways_0_tags_reg
  -------------------------------------------------------------------
                         required time                         -4.004    
                         arrival time                           4.051    
  -------------------------------------------------------------------
                         slack                                  0.046    

Slack (MET) :             0.047ns  (arrival time - required time)
  Source:                 soc_basesoc_sdram_bankmachine4_cmd_buffer_lookahead_produce_reg[0]/C
                            (rising edge-triggered cell FDRE clocked by soc_crg_clkout0  {rise@0.000ns fall@6.667ns period=13.333ns})
  Destination:            storage_6_reg_0_7_12_17/RAMA/WADR0
                            (rising edge-triggered cell RAMD32 clocked by soc_crg_clkout0  {rise@0.000ns fall@6.667ns period=13.333ns})
  Path Group:             soc_crg_clkout0
  Path Type:              Hold (Min at Fast Process Corner)
  Requirement:            0.000ns  (soc_crg_clkout0 rise@0.000ns - soc_crg_clkout0 rise@0.000ns)
  Data Path Delay:        0.370ns  (logic 0.141ns (38.159%)  route 0.229ns (61.841%))
  Logic Levels:           0  
  Clock Path Skew:        0.013ns (DCD - SCD - CPR)
    Destination Clock Delay (DCD):    4.770ns
    Source Clock Delay      (SCD):    3.779ns
    Clock Pessimism Removal (CPR):    0.978ns

    Location             Delay type                Incr(ns)  Path(ns)    Netlist Resource(s)
  -------------------------------------------------------------------    -------------------
                         (clock soc_crg_clkout0 rise edge)
                                                      0.000     0.000 r  
    E3                                                0.000     0.000 r  clk100 (IN)
                         net (fo=0)                   0.000     0.000    clk100
    E3                   IBUF (Prop_ibuf_I_O)         0.250     0.250 r  clk100_IBUF_inst/O
                         net (fo=1, routed)           0.644     0.894    clk100_IBUF
    BUFGCTRL_X0Y16       BUFG (Prop_bufg_I_O)         0.026     0.920 r  clk100_IBUF_BUFG_inst/O
                         net (fo=1, routed)           0.684     1.604    clk100_IBUF_BUFG
    SLICE_X46Y31         LUT1 (Prop_lut1_I0_O)        0.045     1.649 r  clk100_inst/O
                         net (fo=9, routed)           0.825     2.474    soc_crg_clkin
    MMCME2_ADV_X0Y0      MMCME2_ADV (Prop_mmcme2_adv_CLKIN1_CLKOUT0)
                                                      0.050     2.524 r  MMCME2_ADV/CLKOUT0
                         net (fo=1, routed)           0.648     3.171    soc_crg_clkout0
    BUFGCTRL_X0Y0        BUFG (Prop_bufg_I_O)         0.026     3.197 r  BUFG/O
                         net (fo=3819, routed)        0.582     3.779    sys_clk
    SLICE_X77Y74         FDRE                                         r  soc_basesoc_sdram_bankmachine4_cmd_buffer_lookahead_produce_reg[0]/C
  -------------------------------------------------------------------    -------------------
    SLICE_X77Y74         FDRE (Prop_fdre_C_Q)         0.141     3.920 r  soc_basesoc_sdram_bankmachine4_cmd_buffer_lookahead_produce_reg[0]/Q
                         net (fo=35, routed)          0.229     4.149    storage_6_reg_0_7_12_17/ADDRD0
    SLICE_X76Y74         RAMD32                                       r  storage_6_reg_0_7_12_17/RAMA/WADR0
  -------------------------------------------------------------------    -------------------

                         (clock soc_crg_clkout0 rise edge)
                                                      0.000     0.000 r  
    E3                                                0.000     0.000 r  clk100 (IN)
                         net (fo=0)                   0.000     0.000    clk100
    E3                   IBUF (Prop_ibuf_I_O)         0.438     0.438 r  clk100_IBUF_inst/O
                         net (fo=1, routed)           0.699     1.136    clk100_IBUF
    BUFGCTRL_X0Y16       BUFG (Prop_bufg_I_O)         0.029     1.165 r  clk100_IBUF_BUFG_inst/O
                         net (fo=1, routed)           0.966     2.132    clk100_IBUF_BUFG
    SLICE_X46Y31         LUT1 (Prop_lut1_I0_O)        0.056     2.188 r  clk100_inst/O
                         net (fo=9, routed)           0.949     3.136    soc_crg_clkin
    MMCME2_ADV_X0Y0      MMCME2_ADV (Prop_mmcme2_adv_CLKIN1_CLKOUT0)
                                                      0.053     3.189 r  MMCME2_ADV/CLKOUT0
                         net (fo=1, routed)           0.700     3.890    soc_crg_clkout0
    BUFGCTRL_X0Y0        BUFG (Prop_bufg_I_O)         0.029     3.919 r  BUFG/O
                         net (fo=3819, routed)        0.852     4.770    storage_6_reg_0_7_12_17/WCLK
    SLICE_X76Y74         RAMD32                                       r  storage_6_reg_0_7_12_17/RAMA/CLK
                         clock pessimism             -0.978     3.792    
    SLICE_X76Y74         RAMD32 (Hold_ramd32_CLK_WADR0)
                                                      0.310     4.102    storage_6_reg_0_7_12_17/RAMA
  -------------------------------------------------------------------
                         required time                         -4.102    
                         arrival time                           4.149    
  -------------------------------------------------------------------
                         slack                                  0.047    

Slack (MET) :             0.047ns  (arrival time - required time)
  Source:                 soc_basesoc_sdram_bankmachine4_cmd_buffer_lookahead_produce_reg[0]/C
                            (rising edge-triggered cell FDRE clocked by soc_crg_clkout0  {rise@0.000ns fall@6.667ns period=13.333ns})
  Destination:            storage_6_reg_0_7_12_17/RAMA_D1/WADR0
                            (rising edge-triggered cell RAMD32 clocked by soc_crg_clkout0  {rise@0.000ns fall@6.667ns period=13.333ns})
  Path Group:             soc_crg_clkout0
  Path Type:              Hold (Min at Fast Process Corner)
  Requirement:            0.000ns  (soc_crg_clkout0 rise@0.000ns - soc_crg_clkout0 rise@0.000ns)
  Data Path Delay:        0.370ns  (logic 0.141ns (38.159%)  route 0.229ns (61.841%))
  Logic Levels:           0  
  Clock Path Skew:        0.013ns (DCD - SCD - CPR)
    Destination Clock Delay (DCD):    4.770ns
    Source Clock Delay      (SCD):    3.779ns
    Clock Pessimism Removal (CPR):    0.978ns

    Location             Delay type                Incr(ns)  Path(ns)    Netlist Resource(s)
  -------------------------------------------------------------------    -------------------
                         (clock soc_crg_clkout0 rise edge)
                                                      0.000     0.000 r  
    E3                                                0.000     0.000 r  clk100 (IN)
                         net (fo=0)                   0.000     0.000    clk100
    E3                   IBUF (Prop_ibuf_I_O)         0.250     0.250 r  clk100_IBUF_inst/O
                         net (fo=1, routed)           0.644     0.894    clk100_IBUF
    BUFGCTRL_X0Y16       BUFG (Prop_bufg_I_O)         0.026     0.920 r  clk100_IBUF_BUFG_inst/O
                         net (fo=1, routed)           0.684     1.604    clk100_IBUF_BUFG
    SLICE_X46Y31         LUT1 (Prop_lut1_I0_O)        0.045     1.649 r  clk100_inst/O
                         net (fo=9, routed)           0.825     2.474    soc_crg_clkin
    MMCME2_ADV_X0Y0      MMCME2_ADV (Prop_mmcme2_adv_CLKIN1_CLKOUT0)
                                                      0.050     2.524 r  MMCME2_ADV/CLKOUT0
                         net (fo=1, routed)           0.648     3.171    soc_crg_clkout0
    BUFGCTRL_X0Y0        BUFG (Prop_bufg_I_O)         0.026     3.197 r  BUFG/O
                         net (fo=3819, routed)        0.582     3.779    sys_clk
    SLICE_X77Y74         FDRE                                         r  soc_basesoc_sdram_bankmachine4_cmd_buffer_lookahead_produce_reg[0]/C
  -------------------------------------------------------------------    -------------------
    SLICE_X77Y74         FDRE (Prop_fdre_C_Q)         0.141     3.920 r  soc_basesoc_sdram_bankmachine4_cmd_buffer_lookahead_produce_reg[0]/Q
                         net (fo=35, routed)          0.229     4.149    storage_6_reg_0_7_12_17/ADDRD0
    SLICE_X76Y74         RAMD32                                       r  storage_6_reg_0_7_12_17/RAMA_D1/WADR0
  -------------------------------------------------------------------    -------------------

                         (clock soc_crg_clkout0 rise edge)
                                                      0.000     0.000 r  
    E3                                                0.000     0.000 r  clk100 (IN)
                         net (fo=0)                   0.000     0.000    clk100
    E3                   IBUF (Prop_ibuf_I_O)         0.438     0.438 r  clk100_IBUF_inst/O
                         net (fo=1, routed)           0.699     1.136    clk100_IBUF
    BUFGCTRL_X0Y16       BUFG (Prop_bufg_I_O)         0.029     1.165 r  clk100_IBUF_BUFG_inst/O
                         net (fo=1, routed)           0.966     2.132    clk100_IBUF_BUFG
    SLICE_X46Y31         LUT1 (Prop_lut1_I0_O)        0.056     2.188 r  clk100_inst/O
                         net (fo=9, routed)           0.949     3.136    soc_crg_clkin
    MMCME2_ADV_X0Y0      MMCME2_ADV (Prop_mmcme2_adv_CLKIN1_CLKOUT0)
                                                      0.053     3.189 r  MMCME2_ADV/CLKOUT0
                         net (fo=1, routed)           0.700     3.890    soc_crg_clkout0
    BUFGCTRL_X0Y0        BUFG (Prop_bufg_I_O)         0.029     3.919 r  BUFG/O
                         net (fo=3819, routed)        0.852     4.770    storage_6_reg_0_7_12_17/WCLK
    SLICE_X76Y74         RAMD32                                       r  storage_6_reg_0_7_12_17/RAMA_D1/CLK
                         clock pessimism             -0.978     3.792    
    SLICE_X76Y74         RAMD32 (Hold_ramd32_CLK_WADR0)
                                                      0.310     4.102    storage_6_reg_0_7_12_17/RAMA_D1
  -------------------------------------------------------------------
                         required time                         -4.102    
                         arrival time                           4.149    
  -------------------------------------------------------------------
                         slack                                  0.047    

Slack (MET) :             0.047ns  (arrival time - required time)
  Source:                 soc_basesoc_sdram_bankmachine4_cmd_buffer_lookahead_produce_reg[0]/C
                            (rising edge-triggered cell FDRE clocked by soc_crg_clkout0  {rise@0.000ns fall@6.667ns period=13.333ns})
  Destination:            storage_6_reg_0_7_12_17/RAMB/WADR0
                            (rising edge-triggered cell RAMD32 clocked by soc_crg_clkout0  {rise@0.000ns fall@6.667ns period=13.333ns})
  Path Group:             soc_crg_clkout0
  Path Type:              Hold (Min at Fast Process Corner)
  Requirement:            0.000ns  (soc_crg_clkout0 rise@0.000ns - soc_crg_clkout0 rise@0.000ns)
  Data Path Delay:        0.370ns  (logic 0.141ns (38.159%)  route 0.229ns (61.841%))
  Logic Levels:           0  
  Clock Path Skew:        0.013ns (DCD - SCD - CPR)
    Destination Clock Delay (DCD):    4.770ns
    Source Clock Delay      (SCD):    3.779ns
    Clock Pessimism Removal (CPR):    0.978ns

    Location             Delay type                Incr(ns)  Path(ns)    Netlist Resource(s)
  -------------------------------------------------------------------    -------------------
                         (clock soc_crg_clkout0 rise edge)
                                                      0.000     0.000 r  
    E3                                                0.000     0.000 r  clk100 (IN)
                         net (fo=0)                   0.000     0.000    clk100
    E3                   IBUF (Prop_ibuf_I_O)         0.250     0.250 r  clk100_IBUF_inst/O
                         net (fo=1, routed)           0.644     0.894    clk100_IBUF
    BUFGCTRL_X0Y16       BUFG (Prop_bufg_I_O)         0.026     0.920 r  clk100_IBUF_BUFG_inst/O
                         net (fo=1, routed)           0.684     1.604    clk100_IBUF_BUFG
    SLICE_X46Y31         LUT1 (Prop_lut1_I0_O)        0.045     1.649 r  clk100_inst/O
                         net (fo=9, routed)           0.825     2.474    soc_crg_clkin
    MMCME2_ADV_X0Y0      MMCME2_ADV (Prop_mmcme2_adv_CLKIN1_CLKOUT0)
                                                      0.050     2.524 r  MMCME2_ADV/CLKOUT0
                         net (fo=1, routed)           0.648     3.171    soc_crg_clkout0
    BUFGCTRL_X0Y0        BUFG (Prop_bufg_I_O)         0.026     3.197 r  BUFG/O
                         net (fo=3819, routed)        0.582     3.779    sys_clk
    SLICE_X77Y74         FDRE                                         r  soc_basesoc_sdram_bankmachine4_cmd_buffer_lookahead_produce_reg[0]/C
  -------------------------------------------------------------------    -------------------
    SLICE_X77Y74         FDRE (Prop_fdre_C_Q)         0.141     3.920 r  soc_basesoc_sdram_bankmachine4_cmd_buffer_lookahead_produce_reg[0]/Q
                         net (fo=35, routed)          0.229     4.149    storage_6_reg_0_7_12_17/ADDRD0
    SLICE_X76Y74         RAMD32                                       r  storage_6_reg_0_7_12_17/RAMB/WADR0
  -------------------------------------------------------------------    -------------------

                         (clock soc_crg_clkout0 rise edge)
                                                      0.000     0.000 r  
    E3                                                0.000     0.000 r  clk100 (IN)
                         net (fo=0)                   0.000     0.000    clk100
    E3                   IBUF (Prop_ibuf_I_O)         0.438     0.438 r  clk100_IBUF_inst/O
                         net (fo=1, routed)           0.699     1.136    clk100_IBUF
    BUFGCTRL_X0Y16       BUFG (Prop_bufg_I_O)         0.029     1.165 r  clk100_IBUF_BUFG_inst/O
                         net (fo=1, routed)           0.966     2.132    clk100_IBUF_BUFG
    SLICE_X46Y31         LUT1 (Prop_lut1_I0_O)        0.056     2.188 r  clk100_inst/O
                         net (fo=9, routed)           0.949     3.136    soc_crg_clkin
    MMCME2_ADV_X0Y0      MMCME2_ADV (Prop_mmcme2_adv_CLKIN1_CLKOUT0)
                                                      0.053     3.189 r  MMCME2_ADV/CLKOUT0
                         net (fo=1, routed)           0.700     3.890    soc_crg_clkout0
    BUFGCTRL_X0Y0        BUFG (Prop_bufg_I_O)         0.029     3.919 r  BUFG/O
                         net (fo=3819, routed)        0.852     4.770    storage_6_reg_0_7_12_17/WCLK
    SLICE_X76Y74         RAMD32                                       r  storage_6_reg_0_7_12_17/RAMB/CLK
                         clock pessimism             -0.978     3.792    
    SLICE_X76Y74         RAMD32 (Hold_ramd32_CLK_WADR0)
                                                      0.310     4.102    storage_6_reg_0_7_12_17/RAMB
  -------------------------------------------------------------------
                         required time                         -4.102    
                         arrival time                           4.149    
  -------------------------------------------------------------------
                         slack                                  0.047    

Slack (MET) :             0.047ns  (arrival time - required time)
  Source:                 soc_basesoc_sdram_bankmachine4_cmd_buffer_lookahead_produce_reg[0]/C
                            (rising edge-triggered cell FDRE clocked by soc_crg_clkout0  {rise@0.000ns fall@6.667ns period=13.333ns})
  Destination:            storage_6_reg_0_7_12_17/RAMB_D1/WADR0
                            (rising edge-triggered cell RAMD32 clocked by soc_crg_clkout0  {rise@0.000ns fall@6.667ns period=13.333ns})
  Path Group:             soc_crg_clkout0
  Path Type:              Hold (Min at Fast Process Corner)
  Requirement:            0.000ns  (soc_crg_clkout0 rise@0.000ns - soc_crg_clkout0 rise@0.000ns)
  Data Path Delay:        0.370ns  (logic 0.141ns (38.159%)  route 0.229ns (61.841%))
  Logic Levels:           0  
  Clock Path Skew:        0.013ns (DCD - SCD - CPR)
    Destination Clock Delay (DCD):    4.770ns
    Source Clock Delay      (SCD):    3.779ns
    Clock Pessimism Removal (CPR):    0.978ns

    Location             Delay type                Incr(ns)  Path(ns)    Netlist Resource(s)
  -------------------------------------------------------------------    -------------------
                         (clock soc_crg_clkout0 rise edge)
                                                      0.000     0.000 r  
    E3                                                0.000     0.000 r  clk100 (IN)
                         net (fo=0)                   0.000     0.000    clk100
    E3                   IBUF (Prop_ibuf_I_O)         0.250     0.250 r  clk100_IBUF_inst/O
                         net (fo=1, routed)           0.644     0.894    clk100_IBUF
    BUFGCTRL_X0Y16       BUFG (Prop_bufg_I_O)         0.026     0.920 r  clk100_IBUF_BUFG_inst/O
                         net (fo=1, routed)           0.684     1.604    clk100_IBUF_BUFG
    SLICE_X46Y31         LUT1 (Prop_lut1_I0_O)        0.045     1.649 r  clk100_inst/O
                         net (fo=9, routed)           0.825     2.474    soc_crg_clkin
    MMCME2_ADV_X0Y0      MMCME2_ADV (Prop_mmcme2_adv_CLKIN1_CLKOUT0)
                                                      0.050     2.524 r  MMCME2_ADV/CLKOUT0
                         net (fo=1, routed)           0.648     3.171    soc_crg_clkout0
    BUFGCTRL_X0Y0        BUFG (Prop_bufg_I_O)         0.026     3.197 r  BUFG/O
                         net (fo=3819, routed)        0.582     3.779    sys_clk
    SLICE_X77Y74         FDRE                                         r  soc_basesoc_sdram_bankmachine4_cmd_buffer_lookahead_produce_reg[0]/C
  -------------------------------------------------------------------    -------------------
    SLICE_X77Y74         FDRE (Prop_fdre_C_Q)         0.141     3.920 r  soc_basesoc_sdram_bankmachine4_cmd_buffer_lookahead_produce_reg[0]/Q
                         net (fo=35, routed)          0.229     4.149    storage_6_reg_0_7_12_17/ADDRD0
    SLICE_X76Y74         RAMD32                                       r  storage_6_reg_0_7_12_17/RAMB_D1/WADR0
  -------------------------------------------------------------------    -------------------

                         (clock soc_crg_clkout0 rise edge)
                                                      0.000     0.000 r  
    E3                                                0.000     0.000 r  clk100 (IN)
                         net (fo=0)                   0.000     0.000    clk100
    E3                   IBUF (Prop_ibuf_I_O)         0.438     0.438 r  clk100_IBUF_inst/O
                         net (fo=1, routed)           0.699     1.136    clk100_IBUF
    BUFGCTRL_X0Y16       BUFG (Prop_bufg_I_O)         0.029     1.165 r  clk100_IBUF_BUFG_inst/O
                         net (fo=1, routed)           0.966     2.132    clk100_IBUF_BUFG
    SLICE_X46Y31         LUT1 (Prop_lut1_I0_O)        0.056     2.188 r  clk100_inst/O
                         net (fo=9, routed)           0.949     3.136    soc_crg_clkin
    MMCME2_ADV_X0Y0      MMCME2_ADV (Prop_mmcme2_adv_CLKIN1_CLKOUT0)
                                                      0.053     3.189 r  MMCME2_ADV/CLKOUT0
                         net (fo=1, routed)           0.700     3.890    soc_crg_clkout0
    BUFGCTRL_X0Y0        BUFG (Prop_bufg_I_O)         0.029     3.919 r  BUFG/O
                         net (fo=3819, routed)        0.852     4.770    storage_6_reg_0_7_12_17/WCLK
    SLICE_X76Y74         RAMD32                                       r  storage_6_reg_0_7_12_17/RAMB_D1/CLK
                         clock pessimism             -0.978     3.792    
    SLICE_X76Y74         RAMD32 (Hold_ramd32_CLK_WADR0)
                                                      0.310     4.102    storage_6_reg_0_7_12_17/RAMB_D1
  -------------------------------------------------------------------
                         required time                         -4.102    
                         arrival time                           4.149    
  -------------------------------------------------------------------
                         slack                                  0.047    

Slack (MET) :             0.047ns  (arrival time - required time)
  Source:                 soc_basesoc_sdram_bankmachine4_cmd_buffer_lookahead_produce_reg[0]/C
                            (rising edge-triggered cell FDRE clocked by soc_crg_clkout0  {rise@0.000ns fall@6.667ns period=13.333ns})
  Destination:            storage_6_reg_0_7_12_17/RAMC/WADR0
                            (rising edge-triggered cell RAMD32 clocked by soc_crg_clkout0  {rise@0.000ns fall@6.667ns period=13.333ns})
  Path Group:             soc_crg_clkout0
  Path Type:              Hold (Min at Fast Process Corner)
  Requirement:            0.000ns  (soc_crg_clkout0 rise@0.000ns - soc_crg_clkout0 rise@0.000ns)
  Data Path Delay:        0.370ns  (logic 0.141ns (38.159%)  route 0.229ns (61.841%))
  Logic Levels:           0  
  Clock Path Skew:        0.013ns (DCD - SCD - CPR)
    Destination Clock Delay (DCD):    4.770ns
    Source Clock Delay      (SCD):    3.779ns
    Clock Pessimism Removal (CPR):    0.978ns

    Location             Delay type                Incr(ns)  Path(ns)    Netlist Resource(s)
  -------------------------------------------------------------------    -------------------
                         (clock soc_crg_clkout0 rise edge)
                                                      0.000     0.000 r  
    E3                                                0.000     0.000 r  clk100 (IN)
                         net (fo=0)                   0.000     0.000    clk100
    E3                   IBUF (Prop_ibuf_I_O)         0.250     0.250 r  clk100_IBUF_inst/O
                         net (fo=1, routed)           0.644     0.894    clk100_IBUF
    BUFGCTRL_X0Y16       BUFG (Prop_bufg_I_O)         0.026     0.920 r  clk100_IBUF_BUFG_inst/O
                         net (fo=1, routed)           0.684     1.604    clk100_IBUF_BUFG
    SLICE_X46Y31         LUT1 (Prop_lut1_I0_O)        0.045     1.649 r  clk100_inst/O
                         net (fo=9, routed)           0.825     2.474    soc_crg_clkin
    MMCME2_ADV_X0Y0      MMCME2_ADV (Prop_mmcme2_adv_CLKIN1_CLKOUT0)
                                                      0.050     2.524 r  MMCME2_ADV/CLKOUT0
                         net (fo=1, routed)           0.648     3.171    soc_crg_clkout0
    BUFGCTRL_X0Y0        BUFG (Prop_bufg_I_O)         0.026     3.197 r  BUFG/O
                         net (fo=3819, routed)        0.582     3.779    sys_clk
    SLICE_X77Y74         FDRE                                         r  soc_basesoc_sdram_bankmachine4_cmd_buffer_lookahead_produce_reg[0]/C
  -------------------------------------------------------------------    -------------------
    SLICE_X77Y74         FDRE (Prop_fdre_C_Q)         0.141     3.920 r  soc_basesoc_sdram_bankmachine4_cmd_buffer_lookahead_produce_reg[0]/Q
                         net (fo=35, routed)          0.229     4.149    storage_6_reg_0_7_12_17/ADDRD0
    SLICE_X76Y74         RAMD32                                       r  storage_6_reg_0_7_12_17/RAMC/WADR0
  -------------------------------------------------------------------    -------------------

                         (clock soc_crg_clkout0 rise edge)
                                                      0.000     0.000 r  
    E3                                                0.000     0.000 r  clk100 (IN)
                         net (fo=0)                   0.000     0.000    clk100
    E3                   IBUF (Prop_ibuf_I_O)         0.438     0.438 r  clk100_IBUF_inst/O
                         net (fo=1, routed)           0.699     1.136    clk100_IBUF
    BUFGCTRL_X0Y16       BUFG (Prop_bufg_I_O)         0.029     1.165 r  clk100_IBUF_BUFG_inst/O
                         net (fo=1, routed)           0.966     2.132    clk100_IBUF_BUFG
    SLICE_X46Y31         LUT1 (Prop_lut1_I0_O)        0.056     2.188 r  clk100_inst/O
                         net (fo=9, routed)           0.949     3.136    soc_crg_clkin
    MMCME2_ADV_X0Y0      MMCME2_ADV (Prop_mmcme2_adv_CLKIN1_CLKOUT0)
                                                      0.053     3.189 r  MMCME2_ADV/CLKOUT0
                         net (fo=1, routed)           0.700     3.890    soc_crg_clkout0
    BUFGCTRL_X0Y0        BUFG (Prop_bufg_I_O)         0.029     3.919 r  BUFG/O
                         net (fo=3819, routed)        0.852     4.770    storage_6_reg_0_7_12_17/WCLK
    SLICE_X76Y74         RAMD32                                       r  storage_6_reg_0_7_12_17/RAMC/CLK
                         clock pessimism             -0.978     3.792    
    SLICE_X76Y74         RAMD32 (Hold_ramd32_CLK_WADR0)
                                                      0.310     4.102    storage_6_reg_0_7_12_17/RAMC
  -------------------------------------------------------------------
                         required time                         -4.102    
                         arrival time                           4.149    
  -------------------------------------------------------------------
                         slack                                  0.047    

Slack (MET) :             0.047ns  (arrival time - required time)
  Source:                 soc_basesoc_sdram_bankmachine4_cmd_buffer_lookahead_produce_reg[0]/C
                            (rising edge-triggered cell FDRE clocked by soc_crg_clkout0  {rise@0.000ns fall@6.667ns period=13.333ns})
  Destination:            storage_6_reg_0_7_12_17/RAMC_D1/WADR0
                            (rising edge-triggered cell RAMD32 clocked by soc_crg_clkout0  {rise@0.000ns fall@6.667ns period=13.333ns})
  Path Group:             soc_crg_clkout0
  Path Type:              Hold (Min at Fast Process Corner)
  Requirement:            0.000ns  (soc_crg_clkout0 rise@0.000ns - soc_crg_clkout0 rise@0.000ns)
  Data Path Delay:        0.370ns  (logic 0.141ns (38.159%)  route 0.229ns (61.841%))
  Logic Levels:           0  
  Clock Path Skew:        0.013ns (DCD - SCD - CPR)
    Destination Clock Delay (DCD):    4.770ns
    Source Clock Delay      (SCD):    3.779ns
    Clock Pessimism Removal (CPR):    0.978ns

    Location             Delay type                Incr(ns)  Path(ns)    Netlist Resource(s)
  -------------------------------------------------------------------    -------------------
                         (clock soc_crg_clkout0 rise edge)
                                                      0.000     0.000 r  
    E3                                                0.000     0.000 r  clk100 (IN)
                         net (fo=0)                   0.000     0.000    clk100
    E3                   IBUF (Prop_ibuf_I_O)         0.250     0.250 r  clk100_IBUF_inst/O
                         net (fo=1, routed)           0.644     0.894    clk100_IBUF
    BUFGCTRL_X0Y16       BUFG (Prop_bufg_I_O)         0.026     0.920 r  clk100_IBUF_BUFG_inst/O
                         net (fo=1, routed)           0.684     1.604    clk100_IBUF_BUFG
    SLICE_X46Y31         LUT1 (Prop_lut1_I0_O)        0.045     1.649 r  clk100_inst/O
                         net (fo=9, routed)           0.825     2.474    soc_crg_clkin
    MMCME2_ADV_X0Y0      MMCME2_ADV (Prop_mmcme2_adv_CLKIN1_CLKOUT0)
                                                      0.050     2.524 r  MMCME2_ADV/CLKOUT0
                         net (fo=1, routed)           0.648     3.171    soc_crg_clkout0
    BUFGCTRL_X0Y0        BUFG (Prop_bufg_I_O)         0.026     3.197 r  BUFG/O
                         net (fo=3819, routed)        0.582     3.779    sys_clk
    SLICE_X77Y74         FDRE                                         r  soc_basesoc_sdram_bankmachine4_cmd_buffer_lookahead_produce_reg[0]/C
  -------------------------------------------------------------------    -------------------
    SLICE_X77Y74         FDRE (Prop_fdre_C_Q)         0.141     3.920 r  soc_basesoc_sdram_bankmachine4_cmd_buffer_lookahead_produce_reg[0]/Q
                         net (fo=35, routed)          0.229     4.149    storage_6_reg_0_7_12_17/ADDRD0
    SLICE_X76Y74         RAMD32                                       r  storage_6_reg_0_7_12_17/RAMC_D1/WADR0
  -------------------------------------------------------------------    -------------------

                         (clock soc_crg_clkout0 rise edge)
                                                      0.000     0.000 r  
    E3                                                0.000     0.000 r  clk100 (IN)
                         net (fo=0)                   0.000     0.000    clk100
    E3                   IBUF (Prop_ibuf_I_O)         0.438     0.438 r  clk100_IBUF_inst/O
                         net (fo=1, routed)           0.699     1.136    clk100_IBUF
    BUFGCTRL_X0Y16       BUFG (Prop_bufg_I_O)         0.029     1.165 r  clk100_IBUF_BUFG_inst/O
                         net (fo=1, routed)           0.966     2.132    clk100_IBUF_BUFG
    SLICE_X46Y31         LUT1 (Prop_lut1_I0_O)        0.056     2.188 r  clk100_inst/O
                         net (fo=9, routed)           0.949     3.136    soc_crg_clkin
    MMCME2_ADV_X0Y0      MMCME2_ADV (Prop_mmcme2_adv_CLKIN1_CLKOUT0)
                                                      0.053     3.189 r  MMCME2_ADV/CLKOUT0
                         net (fo=1, routed)           0.700     3.890    soc_crg_clkout0
    BUFGCTRL_X0Y0        BUFG (Prop_bufg_I_O)         0.029     3.919 r  BUFG/O
                         net (fo=3819, routed)        0.852     4.770    storage_6_reg_0_7_12_17/WCLK
    SLICE_X76Y74         RAMD32                                       r  storage_6_reg_0_7_12_17/RAMC_D1/CLK
                         clock pessimism             -0.978     3.792    
    SLICE_X76Y74         RAMD32 (Hold_ramd32_CLK_WADR0)
                                                      0.310     4.102    storage_6_reg_0_7_12_17/RAMC_D1
  -------------------------------------------------------------------
                         required time                         -4.102    
                         arrival time                           4.149    
  -------------------------------------------------------------------
                         slack                                  0.047    

Slack (MET) :             0.047ns  (arrival time - required time)
  Source:                 soc_basesoc_sdram_bankmachine4_cmd_buffer_lookahead_produce_reg[0]/C
                            (rising edge-triggered cell FDRE clocked by soc_crg_clkout0  {rise@0.000ns fall@6.667ns period=13.333ns})
  Destination:            storage_6_reg_0_7_12_17/RAMD/ADR0
                            (rising edge-triggered cell RAMS32 clocked by soc_crg_clkout0  {rise@0.000ns fall@6.667ns period=13.333ns})
  Path Group:             soc_crg_clkout0
  Path Type:              Hold (Min at Fast Process Corner)
  Requirement:            0.000ns  (soc_crg_clkout0 rise@0.000ns - soc_crg_clkout0 rise@0.000ns)
  Data Path Delay:        0.370ns  (logic 0.141ns (38.159%)  route 0.229ns (61.841%))
  Logic Levels:           0  
  Clock Path Skew:        0.013ns (DCD - SCD - CPR)
    Destination Clock Delay (DCD):    4.770ns
    Source Clock Delay      (SCD):    3.779ns
    Clock Pessimism Removal (CPR):    0.978ns

    Location             Delay type                Incr(ns)  Path(ns)    Netlist Resource(s)
  -------------------------------------------------------------------    -------------------
                         (clock soc_crg_clkout0 rise edge)
                                                      0.000     0.000 r  
    E3                                                0.000     0.000 r  clk100 (IN)
                         net (fo=0)                   0.000     0.000    clk100
    E3                   IBUF (Prop_ibuf_I_O)         0.250     0.250 r  clk100_IBUF_inst/O
                         net (fo=1, routed)           0.644     0.894    clk100_IBUF
    BUFGCTRL_X0Y16       BUFG (Prop_bufg_I_O)         0.026     0.920 r  clk100_IBUF_BUFG_inst/O
                         net (fo=1, routed)           0.684     1.604    clk100_IBUF_BUFG
    SLICE_X46Y31         LUT1 (Prop_lut1_I0_O)        0.045     1.649 r  clk100_inst/O
                         net (fo=9, routed)           0.825     2.474    soc_crg_clkin
    MMCME2_ADV_X0Y0      MMCME2_ADV (Prop_mmcme2_adv_CLKIN1_CLKOUT0)
                                                      0.050     2.524 r  MMCME2_ADV/CLKOUT0
                         net (fo=1, routed)           0.648     3.171    soc_crg_clkout0
    BUFGCTRL_X0Y0        BUFG (Prop_bufg_I_O)         0.026     3.197 r  BUFG/O
                         net (fo=3819, routed)        0.582     3.779    sys_clk
    SLICE_X77Y74         FDRE                                         r  soc_basesoc_sdram_bankmachine4_cmd_buffer_lookahead_produce_reg[0]/C
  -------------------------------------------------------------------    -------------------
    SLICE_X77Y74         FDRE (Prop_fdre_C_Q)         0.141     3.920 r  soc_basesoc_sdram_bankmachine4_cmd_buffer_lookahead_produce_reg[0]/Q
                         net (fo=35, routed)          0.229     4.149    storage_6_reg_0_7_12_17/ADDRD0
    SLICE_X76Y74         RAMS32                                       r  storage_6_reg_0_7_12_17/RAMD/ADR0
  -------------------------------------------------------------------    -------------------

                         (clock soc_crg_clkout0 rise edge)
                                                      0.000     0.000 r  
    E3                                                0.000     0.000 r  clk100 (IN)
                         net (fo=0)                   0.000     0.000    clk100
    E3                   IBUF (Prop_ibuf_I_O)         0.438     0.438 r  clk100_IBUF_inst/O
                         net (fo=1, routed)           0.699     1.136    clk100_IBUF
    BUFGCTRL_X0Y16       BUFG (Prop_bufg_I_O)         0.029     1.165 r  clk100_IBUF_BUFG_inst/O
                         net (fo=1, routed)           0.966     2.132    clk100_IBUF_BUFG
    SLICE_X46Y31         LUT1 (Prop_lut1_I0_O)        0.056     2.188 r  clk100_inst/O
                         net (fo=9, routed)           0.949     3.136    soc_crg_clkin
    MMCME2_ADV_X0Y0      MMCME2_ADV (Prop_mmcme2_adv_CLKIN1_CLKOUT0)
                                                      0.053     3.189 r  MMCME2_ADV/CLKOUT0
                         net (fo=1, routed)           0.700     3.890    soc_crg_clkout0
    BUFGCTRL_X0Y0        BUFG (Prop_bufg_I_O)         0.029     3.919 r  BUFG/O
                         net (fo=3819, routed)        0.852     4.770    storage_6_reg_0_7_12_17/WCLK
    SLICE_X76Y74         RAMS32                                       r  storage_6_reg_0_7_12_17/RAMD/CLK
                         clock pessimism             -0.978     3.792    
    SLICE_X76Y74         RAMS32 (Hold_rams32_CLK_ADR0)
                                                      0.310     4.102    storage_6_reg_0_7_12_17/RAMD
  -------------------------------------------------------------------
                         required time                         -4.102    
                         arrival time                           4.149    
  -------------------------------------------------------------------
                         slack                                  0.047    

Slack (MET) :             0.047ns  (arrival time - required time)
  Source:                 soc_basesoc_sdram_bankmachine4_cmd_buffer_lookahead_produce_reg[0]/C
                            (rising edge-triggered cell FDRE clocked by soc_crg_clkout0  {rise@0.000ns fall@6.667ns period=13.333ns})
  Destination:            storage_6_reg_0_7_12_17/RAMD_D1/ADR0
                            (rising edge-triggered cell RAMS32 clocked by soc_crg_clkout0  {rise@0.000ns fall@6.667ns period=13.333ns})
  Path Group:             soc_crg_clkout0
  Path Type:              Hold (Min at Fast Process Corner)
  Requirement:            0.000ns  (soc_crg_clkout0 rise@0.000ns - soc_crg_clkout0 rise@0.000ns)
  Data Path Delay:        0.370ns  (logic 0.141ns (38.159%)  route 0.229ns (61.841%))
  Logic Levels:           0  
  Clock Path Skew:        0.013ns (DCD - SCD - CPR)
    Destination Clock Delay (DCD):    4.770ns
    Source Clock Delay      (SCD):    3.779ns
    Clock Pessimism Removal (CPR):    0.978ns

    Location             Delay type                Incr(ns)  Path(ns)    Netlist Resource(s)
  -------------------------------------------------------------------    -------------------
                         (clock soc_crg_clkout0 rise edge)
                                                      0.000     0.000 r  
    E3                                                0.000     0.000 r  clk100 (IN)
                         net (fo=0)                   0.000     0.000    clk100
    E3                   IBUF (Prop_ibuf_I_O)         0.250     0.250 r  clk100_IBUF_inst/O
                         net (fo=1, routed)           0.644     0.894    clk100_IBUF
    BUFGCTRL_X0Y16       BUFG (Prop_bufg_I_O)         0.026     0.920 r  clk100_IBUF_BUFG_inst/O
                         net (fo=1, routed)           0.684     1.604    clk100_IBUF_BUFG
    SLICE_X46Y31         LUT1 (Prop_lut1_I0_O)        0.045     1.649 r  clk100_inst/O
                         net (fo=9, routed)           0.825     2.474    soc_crg_clkin
    MMCME2_ADV_X0Y0      MMCME2_ADV (Prop_mmcme2_adv_CLKIN1_CLKOUT0)
                                                      0.050     2.524 r  MMCME2_ADV/CLKOUT0
                         net (fo=1, routed)           0.648     3.171    soc_crg_clkout0
    BUFGCTRL_X0Y0        BUFG (Prop_bufg_I_O)         0.026     3.197 r  BUFG/O
                         net (fo=3819, routed)        0.582     3.779    sys_clk
    SLICE_X77Y74         FDRE                                         r  soc_basesoc_sdram_bankmachine4_cmd_buffer_lookahead_produce_reg[0]/C
  -------------------------------------------------------------------    -------------------
    SLICE_X77Y74         FDRE (Prop_fdre_C_Q)         0.141     3.920 r  soc_basesoc_sdram_bankmachine4_cmd_buffer_lookahead_produce_reg[0]/Q
                         net (fo=35, routed)          0.229     4.149    storage_6_reg_0_7_12_17/ADDRD0
    SLICE_X76Y74         RAMS32                                       r  storage_6_reg_0_7_12_17/RAMD_D1/ADR0
  -------------------------------------------------------------------    -------------------

                         (clock soc_crg_clkout0 rise edge)
                                                      0.000     0.000 r  
    E3                                                0.000     0.000 r  clk100 (IN)
                         net (fo=0)                   0.000     0.000    clk100
    E3                   IBUF (Prop_ibuf_I_O)         0.438     0.438 r  clk100_IBUF_inst/O
                         net (fo=1, routed)           0.699     1.136    clk100_IBUF
    BUFGCTRL_X0Y16       BUFG (Prop_bufg_I_O)         0.029     1.165 r  clk100_IBUF_BUFG_inst/O
                         net (fo=1, routed)           0.966     2.132    clk100_IBUF_BUFG
    SLICE_X46Y31         LUT1 (Prop_lut1_I0_O)        0.056     2.188 r  clk100_inst/O
                         net (fo=9, routed)           0.949     3.136    soc_crg_clkin
    MMCME2_ADV_X0Y0      MMCME2_ADV (Prop_mmcme2_adv_CLKIN1_CLKOUT0)
                                                      0.053     3.189 r  MMCME2_ADV/CLKOUT0
                         net (fo=1, routed)           0.700     3.890    soc_crg_clkout0
    BUFGCTRL_X0Y0        BUFG (Prop_bufg_I_O)         0.029     3.919 r  BUFG/O
                         net (fo=3819, routed)        0.852     4.770    storage_6_reg_0_7_12_17/WCLK
    SLICE_X76Y74         RAMS32                                       r  storage_6_reg_0_7_12_17/RAMD_D1/CLK
                         clock pessimism             -0.978     3.792    
    SLICE_X76Y74         RAMS32 (Hold_rams32_CLK_ADR0)
                                                      0.310     4.102    storage_6_reg_0_7_12_17/RAMD_D1
  -------------------------------------------------------------------
                         required time                         -4.102    
                         arrival time                           4.149    
  -------------------------------------------------------------------
                         slack                                  0.047    

Slack (MET) :             0.047ns  (arrival time - required time)
  Source:                 VexRiscv/IBusCachedPlugin_fetchPc_pcReg_reg[21]/C
                            (rising edge-triggered cell FDRE clocked by soc_crg_clkout0  {rise@0.000ns fall@6.667ns period=13.333ns})
  Destination:            VexRiscv/IBusCachedPlugin_cache/decodeStage_mmuRsp_physicalAddress_reg[21]/D
                            (rising edge-triggered cell FDRE clocked by soc_crg_clkout0  {rise@0.000ns fall@6.667ns period=13.333ns})
  Path Group:             soc_crg_clkout0
  Path Type:              Hold (Min at Fast Process Corner)
  Requirement:            0.000ns  (soc_crg_clkout0 rise@0.000ns - soc_crg_clkout0 rise@0.000ns)
  Data Path Delay:        0.317ns  (logic 0.141ns (44.444%)  route 0.176ns (55.556%))
  Logic Levels:           0  
  Clock Path Skew:        0.200ns (DCD - SCD - CPR)
    Destination Clock Delay (DCD):    4.757ns
    Source Clock Delay      (SCD):    3.831ns
    Clock Pessimism Removal (CPR):    0.726ns

    Location             Delay type                Incr(ns)  Path(ns)    Netlist Resource(s)
  -------------------------------------------------------------------    -------------------
                         (clock soc_crg_clkout0 rise edge)
                                                      0.000     0.000 r  
    E3                                                0.000     0.000 r  clk100 (IN)
                         net (fo=0)                   0.000     0.000    clk100
    E3                   IBUF (Prop_ibuf_I_O)         0.250     0.250 r  clk100_IBUF_inst/O
                         net (fo=1, routed)           0.644     0.894    clk100_IBUF
    BUFGCTRL_X0Y16       BUFG (Prop_bufg_I_O)         0.026     0.920 r  clk100_IBUF_BUFG_inst/O
                         net (fo=1, routed)           0.684     1.604    clk100_IBUF_BUFG
    SLICE_X46Y31         LUT1 (Prop_lut1_I0_O)        0.045     1.649 r  clk100_inst/O
                         net (fo=9, routed)           0.825     2.474    soc_crg_clkin
    MMCME2_ADV_X0Y0      MMCME2_ADV (Prop_mmcme2_adv_CLKIN1_CLKOUT0)
                                                      0.050     2.524 r  MMCME2_ADV/CLKOUT0
                         net (fo=1, routed)           0.648     3.171    soc_crg_clkout0
    BUFGCTRL_X0Y0        BUFG (Prop_bufg_I_O)         0.026     3.197 r  BUFG/O
                         net (fo=3819, routed)        0.633     3.831    VexRiscv/stageB_flusher_counter_reg[0]
    SLICE_X68Y49         FDRE                                         r  VexRiscv/IBusCachedPlugin_fetchPc_pcReg_reg[21]/C
  -------------------------------------------------------------------    -------------------
    SLICE_X68Y49         FDRE (Prop_fdre_C_Q)         0.141     3.972 r  VexRiscv/IBusCachedPlugin_fetchPc_pcReg_reg[21]/Q
                         net (fo=3, routed)           0.176     4.148    VexRiscv/IBusCachedPlugin_cache/decodeStage_mmuRsp_physicalAddress_reg[24]_2[0]
    SLICE_X68Y50         FDRE                                         r  VexRiscv/IBusCachedPlugin_cache/decodeStage_mmuRsp_physicalAddress_reg[21]/D
  -------------------------------------------------------------------    -------------------

                         (clock soc_crg_clkout0 rise edge)
                                                      0.000     0.000 r  
    E3                                                0.000     0.000 r  clk100 (IN)
                         net (fo=0)                   0.000     0.000    clk100
    E3                   IBUF (Prop_ibuf_I_O)         0.438     0.438 r  clk100_IBUF_inst/O
                         net (fo=1, routed)           0.699     1.136    clk100_IBUF
    BUFGCTRL_X0Y16       BUFG (Prop_bufg_I_O)         0.029     1.165 r  clk100_IBUF_BUFG_inst/O
                         net (fo=1, routed)           0.966     2.132    clk100_IBUF_BUFG
    SLICE_X46Y31         LUT1 (Prop_lut1_I0_O)        0.056     2.188 r  clk100_inst/O
                         net (fo=9, routed)           0.949     3.136    soc_crg_clkin
    MMCME2_ADV_X0Y0      MMCME2_ADV (Prop_mmcme2_adv_CLKIN1_CLKOUT0)
                                                      0.053     3.189 r  MMCME2_ADV/CLKOUT0
                         net (fo=1, routed)           0.700     3.890    soc_crg_clkout0
    BUFGCTRL_X0Y0        BUFG (Prop_bufg_I_O)         0.029     3.919 r  BUFG/O
                         net (fo=3819, routed)        0.839     4.757    VexRiscv/IBusCachedPlugin_cache/ways_0_tags_reg_0
    SLICE_X68Y50         FDRE                                         r  VexRiscv/IBusCachedPlugin_cache/decodeStage_mmuRsp_physicalAddress_reg[21]/C
                         clock pessimism             -0.726     4.031    
    SLICE_X68Y50         FDRE (Hold_fdre_C_D)         0.070     4.101    VexRiscv/IBusCachedPlugin_cache/decodeStage_mmuRsp_physicalAddress_reg[21]
  -------------------------------------------------------------------
                         required time                         -4.101    
                         arrival time                           4.148    
  -------------------------------------------------------------------
                         slack                                  0.047    





Pulse Width Checks
--------------------------------------------------------------------------------------
Clock Name:         soc_crg_clkout0
Waveform(ns):       { 0.000 6.667 }
Period(ns):         13.333
Sources:            { MMCME2_ADV/CLKOUT0 }

Check Type        Corner  Lib Pin             Reference Pin  Required(ns)  Actual(ns)  Slack(ns)  Location         Pin
Min Period        n/a     RAMB18E1/CLKARDCLK  n/a            2.944         13.333      10.389     RAMB18_X1Y14     VexRiscv/RegFilePlugin_regFile_reg_1/CLKARDCLK
Min Period        n/a     RAMB18E1/CLKBWRCLK  n/a            2.944         13.333      10.389     RAMB18_X1Y14     VexRiscv/RegFilePlugin_regFile_reg_1/CLKBWRCLK
Min Period        n/a     RAMB18E1/CLKARDCLK  n/a            2.944         13.333      10.389     RAMB18_X1Y15     VexRiscv/RegFilePlugin_regFile_reg_2/CLKARDCLK
Min Period        n/a     RAMB18E1/CLKBWRCLK  n/a            2.944         13.333      10.389     RAMB18_X1Y15     VexRiscv/RegFilePlugin_regFile_reg_2/CLKBWRCLK
Min Period        n/a     RAMB36E1/CLKARDCLK  n/a            2.944         13.333      10.389     RAMB36_X2Y9      VexRiscv/IBusCachedPlugin_cache/banks_0_reg/CLKARDCLK
Min Period        n/a     RAMB18E1/CLKARDCLK  n/a            2.944         13.333      10.389     RAMB18_X2Y20     VexRiscv/IBusCachedPlugin_cache/ways_0_tags_reg/CLKARDCLK
Min Period        n/a     RAMB18E1/CLKBWRCLK  n/a            2.944         13.333      10.389     RAMB18_X2Y20     VexRiscv/IBusCachedPlugin_cache/ways_0_tags_reg/CLKBWRCLK
Min Period        n/a     RAMB18E1/CLKARDCLK  n/a            2.944         13.333      10.389     RAMB18_X2Y16     VexRiscv/dataCache_1/ways_0_data_symbol0_reg/CLKARDCLK
Min Period        n/a     RAMB18E1/CLKARDCLK  n/a            2.944         13.333      10.389     RAMB18_X2Y14     VexRiscv/dataCache_1/ways_0_data_symbol1_reg/CLKARDCLK
Min Period        n/a     RAMB18E1/CLKARDCLK  n/a            2.944         13.333      10.389     RAMB18_X1Y16     VexRiscv/dataCache_1/ways_0_data_symbol2_reg/CLKARDCLK
Max Period        n/a     MMCME2_ADV/CLKOUT0  n/a            213.360       13.333      200.027    MMCME2_ADV_X0Y0  MMCME2_ADV/CLKOUT0
Low Pulse Width   Slow    RAMD32/CLK          n/a            1.250         6.667       5.417      SLICE_X80Y68     storage_1_reg_0_15_0_5/RAMA/CLK
Low Pulse Width   Fast    RAMD32/CLK          n/a            1.250         6.667       5.417      SLICE_X80Y68     storage_1_reg_0_15_0_5/RAMA/CLK
Low Pulse Width   Slow    RAMD32/CLK          n/a            1.250         6.667       5.417      SLICE_X80Y68     storage_1_reg_0_15_0_5/RAMA_D1/CLK
Low Pulse Width   Fast    RAMD32/CLK          n/a            1.250         6.667       5.417      SLICE_X80Y68     storage_1_reg_0_15_0_5/RAMA_D1/CLK
Low Pulse Width   Slow    RAMD32/CLK          n/a            1.250         6.667       5.417      SLICE_X80Y68     storage_1_reg_0_15_0_5/RAMB/CLK
Low Pulse Width   Fast    RAMD32/CLK          n/a            1.250         6.667       5.417      SLICE_X80Y68     storage_1_reg_0_15_0_5/RAMB/CLK
Low Pulse Width   Slow    RAMD32/CLK          n/a            1.250         6.667       5.417      SLICE_X80Y68     storage_1_reg_0_15_0_5/RAMB_D1/CLK
Low Pulse Width   Fast    RAMD32/CLK          n/a            1.250         6.667       5.417      SLICE_X80Y68     storage_1_reg_0_15_0_5/RAMB_D1/CLK
Low Pulse Width   Slow    RAMD32/CLK          n/a            1.250         6.667       5.417      SLICE_X80Y68     storage_1_reg_0_15_0_5/RAMC/CLK
Low Pulse Width   Fast    RAMD32/CLK          n/a            1.250         6.667       5.417      SLICE_X80Y68     storage_1_reg_0_15_0_5/RAMC/CLK
High Pulse Width  Slow    RAMD32/CLK          n/a            1.250         6.667       5.417      SLICE_X80Y68     storage_1_reg_0_15_0_5/RAMA/CLK
High Pulse Width  Fast    RAMD32/CLK          n/a            1.250         6.667       5.417      SLICE_X80Y68     storage_1_reg_0_15_0_5/RAMA/CLK
High Pulse Width  Slow    RAMD32/CLK          n/a            1.250         6.667       5.417      SLICE_X80Y68     storage_1_reg_0_15_0_5/RAMA_D1/CLK
High Pulse Width  Fast    RAMD32/CLK          n/a            1.250         6.667       5.417      SLICE_X80Y68     storage_1_reg_0_15_0_5/RAMA_D1/CLK
High Pulse Width  Slow    RAMD32/CLK          n/a            1.250         6.667       5.417      SLICE_X80Y68     storage_1_reg_0_15_0_5/RAMB/CLK
High Pulse Width  Fast    RAMD32/CLK          n/a            1.250         6.667       5.417      SLICE_X80Y68     storage_1_reg_0_15_0_5/RAMB/CLK
High Pulse Width  Slow    RAMD32/CLK          n/a            1.250         6.667       5.417      SLICE_X80Y68     storage_1_reg_0_15_0_5/RAMB_D1/CLK
High Pulse Width  Fast    RAMD32/CLK          n/a            1.250         6.667       5.417      SLICE_X80Y68     storage_1_reg_0_15_0_5/RAMB_D1/CLK
High Pulse Width  Slow    RAMD32/CLK          n/a            1.250         6.667       5.417      SLICE_X80Y68     storage_1_reg_0_15_0_5/RAMC/CLK
High Pulse Width  Fast    RAMD32/CLK          n/a            1.250         6.667       5.417      SLICE_X80Y68     storage_1_reg_0_15_0_5/RAMC/CLK



---------------------------------------------------------------------------------------------------
From Clock:  soc_crg_clkout1
  To Clock:  soc_crg_clkout1

Setup :           NA  Failing Endpoints,  Worst Slack           NA  ,  Total Violation           NA
Hold  :           NA  Failing Endpoints,  Worst Slack           NA  ,  Total Violation           NA
PW    :            0  Failing Endpoints,  Worst Slack        4.511ns,  Total Violation        0.000ns
---------------------------------------------------------------------------------------------------


Pulse Width Checks
--------------------------------------------------------------------------------------
Clock Name:         soc_crg_clkout1
Waveform(ns):       { 0.000 3.333 }
Period(ns):         6.667
Sources:            { MMCME2_ADV/CLKOUT1 }

Check Type  Corner  Lib Pin             Reference Pin  Required(ns)  Actual(ns)  Slack(ns)  Location         Pin
Min Period  n/a     BUFG/I              n/a            2.155         6.667       4.511      BUFGCTRL_X0Y1    BUFG_1/I
Min Period  n/a     ISERDESE2/CLK       n/a            1.667         6.667       5.000      ILOGIC_X1Y54     ISERDESE2/CLK
Min Period  n/a     ISERDESE2/CLKB      n/a            1.667         6.667       5.000      ILOGIC_X1Y54     ISERDESE2/CLKB
Min Period  n/a     ISERDESE2/CLK       n/a            1.667         6.667       5.000      ILOGIC_X1Y59     ISERDESE2_1/CLK
Min Period  n/a     ISERDESE2/CLKB      n/a            1.667         6.667       5.000      ILOGIC_X1Y59     ISERDESE2_1/CLKB
Min Period  n/a     ISERDESE2/CLK       n/a            1.667         6.667       5.000      ILOGIC_X1Y80     ISERDESE2_10/CLK
Min Period  n/a     ISERDESE2/CLKB      n/a            1.667         6.667       5.000      ILOGIC_X1Y80     ISERDESE2_10/CLKB
Min Period  n/a     ISERDESE2/CLK       n/a            1.667         6.667       5.000      ILOGIC_X1Y84     ISERDESE2_11/CLK
Min Period  n/a     ISERDESE2/CLKB      n/a            1.667         6.667       5.000      ILOGIC_X1Y84     ISERDESE2_11/CLKB
Min Period  n/a     ISERDESE2/CLK       n/a            1.667         6.667       5.000      ILOGIC_X1Y79     ISERDESE2_12/CLK
Max Period  n/a     MMCME2_ADV/CLKOUT1  n/a            213.360       6.667       206.693    MMCME2_ADV_X0Y0  MMCME2_ADV/CLKOUT1



---------------------------------------------------------------------------------------------------
From Clock:  soc_crg_clkout2
  To Clock:  soc_crg_clkout2

Setup :           NA  Failing Endpoints,  Worst Slack           NA  ,  Total Violation           NA
Hold  :           NA  Failing Endpoints,  Worst Slack           NA  ,  Total Violation           NA
PW    :            0  Failing Endpoints,  Worst Slack        4.511ns,  Total Violation        0.000ns
---------------------------------------------------------------------------------------------------


Pulse Width Checks
--------------------------------------------------------------------------------------
Clock Name:         soc_crg_clkout2
Waveform(ns):       { 1.667 5.000 }
Period(ns):         6.667
Sources:            { MMCME2_ADV/CLKOUT2 }

Check Type  Corner  Lib Pin             Reference Pin  Required(ns)  Actual(ns)  Slack(ns)  Location         Pin
Min Period  n/a     BUFG/I              n/a            2.155         6.667       4.511      BUFGCTRL_X0Y3    BUFG_2/I
Min Period  n/a     OSERDESE2/CLK       n/a            1.667         6.667       5.000      OLOGIC_X1Y58     OSERDESE2_23/CLK
Min Period  n/a     OSERDESE2/CLK       n/a            1.667         6.667       5.000      OLOGIC_X1Y82     OSERDESE2_24/CLK
Min Period  n/a     MMCME2_ADV/CLKOUT2  n/a            1.249         6.667       5.418      MMCME2_ADV_X0Y0  MMCME2_ADV/CLKOUT2
Max Period  n/a     MMCME2_ADV/CLKOUT2  n/a            213.360       6.667       206.693    MMCME2_ADV_X0Y0  MMCME2_ADV/CLKOUT2



---------------------------------------------------------------------------------------------------
From Clock:  soc_crg_clkout3
  To Clock:  soc_crg_clkout3

Setup :            0  Failing Endpoints,  Worst Slack        1.246ns,  Total Violation        0.000ns
Hold  :            0  Failing Endpoints,  Worst Slack        0.122ns,  Total Violation        0.000ns
PW    :            0  Failing Endpoints,  Worst Slack        0.264ns,  Total Violation        0.000ns
---------------------------------------------------------------------------------------------------


Max Delay Paths
--------------------------------------------------------------------------------------
Slack (MET) :             1.246ns  (required time - arrival time)
  Source:                 FDPE_6/C
                            (rising edge-triggered cell FDPE clocked by soc_crg_clkout3  {rise@0.000ns fall@2.500ns period=5.000ns})
  Destination:            FDPE_7/D
                            (rising edge-triggered cell FDPE clocked by soc_crg_clkout3  {rise@0.000ns fall@2.500ns period=5.000ns})
  Path Group:             soc_crg_clkout3
  Path Type:              Setup (Max at Slow Process Corner)
  Requirement:            2.000ns  (MaxDelay Path 2.000ns)
  Data Path Delay:        0.646ns  (logic 0.456ns (70.599%)  route 0.190ns (29.401%))
  Logic Levels:           0  
  Clock Path Skew:        0.000ns (DCD - SCD + CPR)
    Destination Clock Delay (DCD):    10.607ns
    Source Clock Delay      (SCD):    11.472ns
    Clock Pessimism Removal (CPR):    0.865ns
  Clock Uncertainty:      0.061ns  ((TSJ^2 + DJ^2)^1/2) / 2 + PE
    Total System Jitter     (TSJ):    0.071ns
    Discrete Jitter          (DJ):    0.100ns
    Phase Error              (PE):    0.000ns
  Timing Exception:       MaxDelay Path 2.000ns

    Location             Delay type                Incr(ns)  Path(ns)    Netlist Resource(s)
  -------------------------------------------------------------------    -------------------
                         (clock soc_crg_clkout3 rise edge)
                                                      0.000     0.000 r  
    E3                                                0.000     0.000 r  clk100 (IN)
                         net (fo=0)                   0.000     0.000    clk100
    E3                   IBUF (Prop_ibuf_I_O)         1.482     1.482 r  clk100_IBUF_inst/O
                         net (fo=1, routed)           2.025     3.506    clk100_IBUF
    BUFGCTRL_X0Y16       BUFG (Prop_bufg_I_O)         0.096     3.602 r  clk100_IBUF_BUFG_inst/O
                         net (fo=1, routed)           1.958     5.560    clk100_IBUF_BUFG
    SLICE_X46Y31         LUT1 (Prop_lut1_I0_O)        0.124     5.684 r  clk100_inst/O
                         net (fo=9, routed)           1.877     7.561    soc_crg_clkin
    MMCME2_ADV_X0Y0      MMCME2_ADV (Prop_mmcme2_adv_CLKIN1_CLKOUT3)
                                                      0.088     7.649 r  MMCME2_ADV/CLKOUT3
                         net (fo=1, routed)           2.018     9.668    soc_crg_clkout3
    BUFGCTRL_X0Y2        BUFG (Prop_bufg_I_O)         0.096     9.764 r  BUFG_3/O
                         net (fo=8, routed)           1.708    11.472    idelay_clk
    SLICE_X81Y71         FDPE                                         r  FDPE_6/C
  -------------------------------------------------------------------    -------------------
    SLICE_X81Y71         FDPE (Prop_fdpe_C_Q)         0.456    11.928 r  FDPE_6/Q
                         net (fo=1, routed)           0.190    12.118    soc_builder_xilinxasyncresetsynchronizerimpl3_rst_meta
    SLICE_X81Y71         FDPE                                         r  FDPE_7/D
  -------------------------------------------------------------------    -------------------

                         max delay                    2.000     2.000    
    E3                                                0.000     2.000 r  clk100 (IN)
                         net (fo=0)                   0.000     2.000    clk100
    E3                   IBUF (Prop_ibuf_I_O)         1.411     3.411 r  clk100_IBUF_inst/O
                         net (fo=1, routed)           1.920     5.331    clk100_IBUF
    BUFGCTRL_X0Y16       BUFG (Prop_bufg_I_O)         0.091     5.422 r  clk100_IBUF_BUFG_inst/O
                         net (fo=1, routed)           1.796     7.218    clk100_IBUF_BUFG
    SLICE_X46Y31         LUT1 (Prop_lut1_I0_O)        0.100     7.318 r  clk100_inst/O
                         net (fo=9, routed)           1.604     8.922    soc_crg_clkin
    MMCME2_ADV_X0Y0      MMCME2_ADV (Prop_mmcme2_adv_CLKIN1_CLKOUT3)
                                                      0.083     9.005 r  MMCME2_ADV/CLKOUT3
                         net (fo=1, routed)           1.923    10.928    soc_crg_clkout3
    BUFGCTRL_X0Y2        BUFG (Prop_bufg_I_O)         0.091    11.019 r  BUFG_3/O
                         net (fo=8, routed)           1.588    12.607    idelay_clk
    SLICE_X81Y71         FDPE                                         r  FDPE_7/C
                         clock pessimism              0.865    13.472    
                         clock uncertainty           -0.061    13.411    
    SLICE_X81Y71         FDPE (Setup_fdpe_C_D)       -0.047    13.364    FDPE_7
  -------------------------------------------------------------------
                         required time                         13.364    
                         arrival time                         -12.118    
  -------------------------------------------------------------------
                         slack                                  1.246    

Slack (MET) :             2.747ns  (required time - arrival time)
  Source:                 soc_crg_reset_counter_reg[2]/C
                            (rising edge-triggered cell FDSE clocked by soc_crg_clkout3  {rise@0.000ns fall@2.500ns period=5.000ns})
  Destination:            soc_crg_ic_reset_reg/D
                            (rising edge-triggered cell FDRE clocked by soc_crg_clkout3  {rise@0.000ns fall@2.500ns period=5.000ns})
  Path Group:             soc_crg_clkout3
  Path Type:              Setup (Max at Slow Process Corner)
  Requirement:            5.000ns  (soc_crg_clkout3 rise@5.000ns - soc_crg_clkout3 rise@0.000ns)
  Data Path Delay:        2.199ns  (logic 0.704ns (32.021%)  route 1.495ns (67.979%))
  Logic Levels:           2  (LUT3=1 LUT4=1)
  Clock Path Skew:        -0.022ns (DCD - SCD + CPR)
    Destination Clock Delay (DCD):    10.612ns = ( 15.612 - 5.000 ) 
    Source Clock Delay      (SCD):    11.475ns
    Clock Pessimism Removal (CPR):    0.841ns
  Clock Uncertainty:      0.061ns  ((TSJ^2 + DJ^2)^1/2) / 2 + PE
    Total System Jitter     (TSJ):    0.071ns
    Discrete Jitter          (DJ):    0.100ns
    Phase Error              (PE):    0.000ns

    Location             Delay type                Incr(ns)  Path(ns)    Netlist Resource(s)
  -------------------------------------------------------------------    -------------------
                         (clock soc_crg_clkout3 rise edge)
                                                      0.000     0.000 r  
    E3                                                0.000     0.000 r  clk100 (IN)
                         net (fo=0)                   0.000     0.000    clk100
    E3                   IBUF (Prop_ibuf_I_O)         1.482     1.482 r  clk100_IBUF_inst/O
                         net (fo=1, routed)           2.025     3.506    clk100_IBUF
    BUFGCTRL_X0Y16       BUFG (Prop_bufg_I_O)         0.096     3.602 r  clk100_IBUF_BUFG_inst/O
                         net (fo=1, routed)           1.958     5.560    clk100_IBUF_BUFG
    SLICE_X46Y31         LUT1 (Prop_lut1_I0_O)        0.124     5.684 r  clk100_inst/O
                         net (fo=9, routed)           1.877     7.561    soc_crg_clkin
    MMCME2_ADV_X0Y0      MMCME2_ADV (Prop_mmcme2_adv_CLKIN1_CLKOUT3)
                                                      0.088     7.649 r  MMCME2_ADV/CLKOUT3
                         net (fo=1, routed)           2.018     9.668    soc_crg_clkout3
    BUFGCTRL_X0Y2        BUFG (Prop_bufg_I_O)         0.096     9.764 r  BUFG_3/O
                         net (fo=8, routed)           1.711    11.475    idelay_clk
    SLICE_X82Y72         FDSE                                         r  soc_crg_reset_counter_reg[2]/C
  -------------------------------------------------------------------    -------------------
    SLICE_X82Y72         FDSE (Prop_fdse_C_Q)         0.456    11.931 r  soc_crg_reset_counter_reg[2]/Q
                         net (fo=3, routed)           0.872    12.803    soc_crg_reset_counter[2]
    SLICE_X82Y72         LUT4 (Prop_lut4_I2_O)        0.124    12.927 r  soc_crg_reset_counter[3]_i_1/O
                         net (fo=5, routed)           0.623    13.550    soc_crg_reset_counter[3]_i_1_n_0
    SLICE_X83Y72         LUT3 (Prop_lut3_I0_O)        0.124    13.674 r  soc_crg_ic_reset_i_1/O
                         net (fo=1, routed)           0.000    13.674    soc_crg_ic_reset_i_1_n_0
    SLICE_X83Y72         FDRE                                         r  soc_crg_ic_reset_reg/D
  -------------------------------------------------------------------    -------------------

                         (clock soc_crg_clkout3 rise edge)
                                                      5.000     5.000 r  
    E3                                                0.000     5.000 r  clk100 (IN)
                         net (fo=0)                   0.000     5.000    clk100
    E3                   IBUF (Prop_ibuf_I_O)         1.411     6.411 r  clk100_IBUF_inst/O
                         net (fo=1, routed)           1.920     8.331    clk100_IBUF
    BUFGCTRL_X0Y16       BUFG (Prop_bufg_I_O)         0.091     8.422 r  clk100_IBUF_BUFG_inst/O
                         net (fo=1, routed)           1.796    10.218    clk100_IBUF_BUFG
    SLICE_X46Y31         LUT1 (Prop_lut1_I0_O)        0.100    10.318 r  clk100_inst/O
                         net (fo=9, routed)           1.604    11.922    soc_crg_clkin
    MMCME2_ADV_X0Y0      MMCME2_ADV (Prop_mmcme2_adv_CLKIN1_CLKOUT3)
                                                      0.083    12.005 r  MMCME2_ADV/CLKOUT3
                         net (fo=1, routed)           1.923    13.928    soc_crg_clkout3
    BUFGCTRL_X0Y2        BUFG (Prop_bufg_I_O)         0.091    14.019 r  BUFG_3/O
                         net (fo=8, routed)           1.593    15.612    idelay_clk
    SLICE_X83Y72         FDRE                                         r  soc_crg_ic_reset_reg/C
                         clock pessimism              0.841    16.453    
                         clock uncertainty           -0.061    16.392    
    SLICE_X83Y72         FDRE (Setup_fdre_C_D)        0.029    16.421    soc_crg_ic_reset_reg
  -------------------------------------------------------------------
                         required time                         16.421    
                         arrival time                         -13.674    
  -------------------------------------------------------------------
                         slack                                  2.747    

Slack (MET) :             3.092ns  (required time - arrival time)
  Source:                 soc_crg_reset_counter_reg[2]/C
                            (rising edge-triggered cell FDSE clocked by soc_crg_clkout3  {rise@0.000ns fall@2.500ns period=5.000ns})
  Destination:            soc_crg_reset_counter_reg[0]/CE
                            (rising edge-triggered cell FDSE clocked by soc_crg_clkout3  {rise@0.000ns fall@2.500ns period=5.000ns})
  Path Group:             soc_crg_clkout3
  Path Type:              Setup (Max at Slow Process Corner)
  Requirement:            5.000ns  (soc_crg_clkout3 rise@5.000ns - soc_crg_clkout3 rise@0.000ns)
  Data Path Delay:        1.642ns  (logic 0.580ns (35.321%)  route 1.062ns (64.679%))
  Logic Levels:           1  (LUT4=1)
  Clock Path Skew:        0.000ns (DCD - SCD + CPR)
    Destination Clock Delay (DCD):    10.612ns = ( 15.612 - 5.000 ) 
    Source Clock Delay      (SCD):    11.475ns
    Clock Pessimism Removal (CPR):    0.863ns
  Clock Uncertainty:      0.061ns  ((TSJ^2 + DJ^2)^1/2) / 2 + PE
    Total System Jitter     (TSJ):    0.071ns
    Discrete Jitter          (DJ):    0.100ns
    Phase Error              (PE):    0.000ns

    Location             Delay type                Incr(ns)  Path(ns)    Netlist Resource(s)
  -------------------------------------------------------------------    -------------------
                         (clock soc_crg_clkout3 rise edge)
                                                      0.000     0.000 r  
    E3                                                0.000     0.000 r  clk100 (IN)
                         net (fo=0)                   0.000     0.000    clk100
    E3                   IBUF (Prop_ibuf_I_O)         1.482     1.482 r  clk100_IBUF_inst/O
                         net (fo=1, routed)           2.025     3.506    clk100_IBUF
    BUFGCTRL_X0Y16       BUFG (Prop_bufg_I_O)         0.096     3.602 r  clk100_IBUF_BUFG_inst/O
                         net (fo=1, routed)           1.958     5.560    clk100_IBUF_BUFG
    SLICE_X46Y31         LUT1 (Prop_lut1_I0_O)        0.124     5.684 r  clk100_inst/O
                         net (fo=9, routed)           1.877     7.561    soc_crg_clkin
    MMCME2_ADV_X0Y0      MMCME2_ADV (Prop_mmcme2_adv_CLKIN1_CLKOUT3)
                                                      0.088     7.649 r  MMCME2_ADV/CLKOUT3
                         net (fo=1, routed)           2.018     9.668    soc_crg_clkout3
    BUFGCTRL_X0Y2        BUFG (Prop_bufg_I_O)         0.096     9.764 r  BUFG_3/O
                         net (fo=8, routed)           1.711    11.475    idelay_clk
    SLICE_X82Y72         FDSE                                         r  soc_crg_reset_counter_reg[2]/C
  -------------------------------------------------------------------    -------------------
    SLICE_X82Y72         FDSE (Prop_fdse_C_Q)         0.456    11.931 r  soc_crg_reset_counter_reg[2]/Q
                         net (fo=3, routed)           0.872    12.803    soc_crg_reset_counter[2]
    SLICE_X82Y72         LUT4 (Prop_lut4_I2_O)        0.124    12.927 r  soc_crg_reset_counter[3]_i_1/O
                         net (fo=5, routed)           0.190    13.117    soc_crg_reset_counter[3]_i_1_n_0
    SLICE_X82Y72         FDSE                                         r  soc_crg_reset_counter_reg[0]/CE
  -------------------------------------------------------------------    -------------------

                         (clock soc_crg_clkout3 rise edge)
                                                      5.000     5.000 r  
    E3                                                0.000     5.000 r  clk100 (IN)
                         net (fo=0)                   0.000     5.000    clk100
    E3                   IBUF (Prop_ibuf_I_O)         1.411     6.411 r  clk100_IBUF_inst/O
                         net (fo=1, routed)           1.920     8.331    clk100_IBUF
    BUFGCTRL_X0Y16       BUFG (Prop_bufg_I_O)         0.091     8.422 r  clk100_IBUF_BUFG_inst/O
                         net (fo=1, routed)           1.796    10.218    clk100_IBUF_BUFG
    SLICE_X46Y31         LUT1 (Prop_lut1_I0_O)        0.100    10.318 r  clk100_inst/O
                         net (fo=9, routed)           1.604    11.922    soc_crg_clkin
    MMCME2_ADV_X0Y0      MMCME2_ADV (Prop_mmcme2_adv_CLKIN1_CLKOUT3)
                                                      0.083    12.005 r  MMCME2_ADV/CLKOUT3
                         net (fo=1, routed)           1.923    13.928    soc_crg_clkout3
    BUFGCTRL_X0Y2        BUFG (Prop_bufg_I_O)         0.091    14.019 r  BUFG_3/O
                         net (fo=8, routed)           1.593    15.612    idelay_clk
    SLICE_X82Y72         FDSE                                         r  soc_crg_reset_counter_reg[0]/C
                         clock pessimism              0.863    16.475    
                         clock uncertainty           -0.061    16.414    
    SLICE_X82Y72         FDSE (Setup_fdse_C_CE)      -0.205    16.209    soc_crg_reset_counter_reg[0]
  -------------------------------------------------------------------
                         required time                         16.209    
                         arrival time                         -13.117    
  -------------------------------------------------------------------
                         slack                                  3.092    

Slack (MET) :             3.092ns  (required time - arrival time)
  Source:                 soc_crg_reset_counter_reg[2]/C
                            (rising edge-triggered cell FDSE clocked by soc_crg_clkout3  {rise@0.000ns fall@2.500ns period=5.000ns})
  Destination:            soc_crg_reset_counter_reg[1]/CE
                            (rising edge-triggered cell FDSE clocked by soc_crg_clkout3  {rise@0.000ns fall@2.500ns period=5.000ns})
  Path Group:             soc_crg_clkout3
  Path Type:              Setup (Max at Slow Process Corner)
  Requirement:            5.000ns  (soc_crg_clkout3 rise@5.000ns - soc_crg_clkout3 rise@0.000ns)
  Data Path Delay:        1.642ns  (logic 0.580ns (35.321%)  route 1.062ns (64.679%))
  Logic Levels:           1  (LUT4=1)
  Clock Path Skew:        0.000ns (DCD - SCD + CPR)
    Destination Clock Delay (DCD):    10.612ns = ( 15.612 - 5.000 ) 
    Source Clock Delay      (SCD):    11.475ns
    Clock Pessimism Removal (CPR):    0.863ns
  Clock Uncertainty:      0.061ns  ((TSJ^2 + DJ^2)^1/2) / 2 + PE
    Total System Jitter     (TSJ):    0.071ns
    Discrete Jitter          (DJ):    0.100ns
    Phase Error              (PE):    0.000ns

    Location             Delay type                Incr(ns)  Path(ns)    Netlist Resource(s)
  -------------------------------------------------------------------    -------------------
                         (clock soc_crg_clkout3 rise edge)
                                                      0.000     0.000 r  
    E3                                                0.000     0.000 r  clk100 (IN)
                         net (fo=0)                   0.000     0.000    clk100
    E3                   IBUF (Prop_ibuf_I_O)         1.482     1.482 r  clk100_IBUF_inst/O
                         net (fo=1, routed)           2.025     3.506    clk100_IBUF
    BUFGCTRL_X0Y16       BUFG (Prop_bufg_I_O)         0.096     3.602 r  clk100_IBUF_BUFG_inst/O
                         net (fo=1, routed)           1.958     5.560    clk100_IBUF_BUFG
    SLICE_X46Y31         LUT1 (Prop_lut1_I0_O)        0.124     5.684 r  clk100_inst/O
                         net (fo=9, routed)           1.877     7.561    soc_crg_clkin
    MMCME2_ADV_X0Y0      MMCME2_ADV (Prop_mmcme2_adv_CLKIN1_CLKOUT3)
                                                      0.088     7.649 r  MMCME2_ADV/CLKOUT3
                         net (fo=1, routed)           2.018     9.668    soc_crg_clkout3
    BUFGCTRL_X0Y2        BUFG (Prop_bufg_I_O)         0.096     9.764 r  BUFG_3/O
                         net (fo=8, routed)           1.711    11.475    idelay_clk
    SLICE_X82Y72         FDSE                                         r  soc_crg_reset_counter_reg[2]/C
  -------------------------------------------------------------------    -------------------
    SLICE_X82Y72         FDSE (Prop_fdse_C_Q)         0.456    11.931 r  soc_crg_reset_counter_reg[2]/Q
                         net (fo=3, routed)           0.872    12.803    soc_crg_reset_counter[2]
    SLICE_X82Y72         LUT4 (Prop_lut4_I2_O)        0.124    12.927 r  soc_crg_reset_counter[3]_i_1/O
                         net (fo=5, routed)           0.190    13.117    soc_crg_reset_counter[3]_i_1_n_0
    SLICE_X82Y72         FDSE                                         r  soc_crg_reset_counter_reg[1]/CE
  -------------------------------------------------------------------    -------------------

                         (clock soc_crg_clkout3 rise edge)
                                                      5.000     5.000 r  
    E3                                                0.000     5.000 r  clk100 (IN)
                         net (fo=0)                   0.000     5.000    clk100
    E3                   IBUF (Prop_ibuf_I_O)         1.411     6.411 r  clk100_IBUF_inst/O
                         net (fo=1, routed)           1.920     8.331    clk100_IBUF
    BUFGCTRL_X0Y16       BUFG (Prop_bufg_I_O)         0.091     8.422 r  clk100_IBUF_BUFG_inst/O
                         net (fo=1, routed)           1.796    10.218    clk100_IBUF_BUFG
    SLICE_X46Y31         LUT1 (Prop_lut1_I0_O)        0.100    10.318 r  clk100_inst/O
                         net (fo=9, routed)           1.604    11.922    soc_crg_clkin
    MMCME2_ADV_X0Y0      MMCME2_ADV (Prop_mmcme2_adv_CLKIN1_CLKOUT3)
                                                      0.083    12.005 r  MMCME2_ADV/CLKOUT3
                         net (fo=1, routed)           1.923    13.928    soc_crg_clkout3
    BUFGCTRL_X0Y2        BUFG (Prop_bufg_I_O)         0.091    14.019 r  BUFG_3/O
                         net (fo=8, routed)           1.593    15.612    idelay_clk
    SLICE_X82Y72         FDSE                                         r  soc_crg_reset_counter_reg[1]/C
                         clock pessimism              0.863    16.475    
                         clock uncertainty           -0.061    16.414    
    SLICE_X82Y72         FDSE (Setup_fdse_C_CE)      -0.205    16.209    soc_crg_reset_counter_reg[1]
  -------------------------------------------------------------------
                         required time                         16.209    
                         arrival time                         -13.117    
  -------------------------------------------------------------------
                         slack                                  3.092    

Slack (MET) :             3.092ns  (required time - arrival time)
  Source:                 soc_crg_reset_counter_reg[2]/C
                            (rising edge-triggered cell FDSE clocked by soc_crg_clkout3  {rise@0.000ns fall@2.500ns period=5.000ns})
  Destination:            soc_crg_reset_counter_reg[2]/CE
                            (rising edge-triggered cell FDSE clocked by soc_crg_clkout3  {rise@0.000ns fall@2.500ns period=5.000ns})
  Path Group:             soc_crg_clkout3
  Path Type:              Setup (Max at Slow Process Corner)
  Requirement:            5.000ns  (soc_crg_clkout3 rise@5.000ns - soc_crg_clkout3 rise@0.000ns)
  Data Path Delay:        1.642ns  (logic 0.580ns (35.321%)  route 1.062ns (64.679%))
  Logic Levels:           1  (LUT4=1)
  Clock Path Skew:        0.000ns (DCD - SCD + CPR)
    Destination Clock Delay (DCD):    10.612ns = ( 15.612 - 5.000 ) 
    Source Clock Delay      (SCD):    11.475ns
    Clock Pessimism Removal (CPR):    0.863ns
  Clock Uncertainty:      0.061ns  ((TSJ^2 + DJ^2)^1/2) / 2 + PE
    Total System Jitter     (TSJ):    0.071ns
    Discrete Jitter          (DJ):    0.100ns
    Phase Error              (PE):    0.000ns

    Location             Delay type                Incr(ns)  Path(ns)    Netlist Resource(s)
  -------------------------------------------------------------------    -------------------
                         (clock soc_crg_clkout3 rise edge)
                                                      0.000     0.000 r  
    E3                                                0.000     0.000 r  clk100 (IN)
                         net (fo=0)                   0.000     0.000    clk100
    E3                   IBUF (Prop_ibuf_I_O)         1.482     1.482 r  clk100_IBUF_inst/O
                         net (fo=1, routed)           2.025     3.506    clk100_IBUF
    BUFGCTRL_X0Y16       BUFG (Prop_bufg_I_O)         0.096     3.602 r  clk100_IBUF_BUFG_inst/O
                         net (fo=1, routed)           1.958     5.560    clk100_IBUF_BUFG
    SLICE_X46Y31         LUT1 (Prop_lut1_I0_O)        0.124     5.684 r  clk100_inst/O
                         net (fo=9, routed)           1.877     7.561    soc_crg_clkin
    MMCME2_ADV_X0Y0      MMCME2_ADV (Prop_mmcme2_adv_CLKIN1_CLKOUT3)
                                                      0.088     7.649 r  MMCME2_ADV/CLKOUT3
                         net (fo=1, routed)           2.018     9.668    soc_crg_clkout3
    BUFGCTRL_X0Y2        BUFG (Prop_bufg_I_O)         0.096     9.764 r  BUFG_3/O
                         net (fo=8, routed)           1.711    11.475    idelay_clk
    SLICE_X82Y72         FDSE                                         r  soc_crg_reset_counter_reg[2]/C
  -------------------------------------------------------------------    -------------------
    SLICE_X82Y72         FDSE (Prop_fdse_C_Q)         0.456    11.931 r  soc_crg_reset_counter_reg[2]/Q
                         net (fo=3, routed)           0.872    12.803    soc_crg_reset_counter[2]
    SLICE_X82Y72         LUT4 (Prop_lut4_I2_O)        0.124    12.927 r  soc_crg_reset_counter[3]_i_1/O
                         net (fo=5, routed)           0.190    13.117    soc_crg_reset_counter[3]_i_1_n_0
    SLICE_X82Y72         FDSE                                         r  soc_crg_reset_counter_reg[2]/CE
  -------------------------------------------------------------------    -------------------

                         (clock soc_crg_clkout3 rise edge)
                                                      5.000     5.000 r  
    E3                                                0.000     5.000 r  clk100 (IN)
                         net (fo=0)                   0.000     5.000    clk100
    E3                   IBUF (Prop_ibuf_I_O)         1.411     6.411 r  clk100_IBUF_inst/O
                         net (fo=1, routed)           1.920     8.331    clk100_IBUF
    BUFGCTRL_X0Y16       BUFG (Prop_bufg_I_O)         0.091     8.422 r  clk100_IBUF_BUFG_inst/O
                         net (fo=1, routed)           1.796    10.218    clk100_IBUF_BUFG
    SLICE_X46Y31         LUT1 (Prop_lut1_I0_O)        0.100    10.318 r  clk100_inst/O
                         net (fo=9, routed)           1.604    11.922    soc_crg_clkin
    MMCME2_ADV_X0Y0      MMCME2_ADV (Prop_mmcme2_adv_CLKIN1_CLKOUT3)
                                                      0.083    12.005 r  MMCME2_ADV/CLKOUT3
                         net (fo=1, routed)           1.923    13.928    soc_crg_clkout3
    BUFGCTRL_X0Y2        BUFG (Prop_bufg_I_O)         0.091    14.019 r  BUFG_3/O
                         net (fo=8, routed)           1.593    15.612    idelay_clk
    SLICE_X82Y72         FDSE                                         r  soc_crg_reset_counter_reg[2]/C
                         clock pessimism              0.863    16.475    
                         clock uncertainty           -0.061    16.414    
    SLICE_X82Y72         FDSE (Setup_fdse_C_CE)      -0.205    16.209    soc_crg_reset_counter_reg[2]
  -------------------------------------------------------------------
                         required time                         16.209    
                         arrival time                         -13.117    
  -------------------------------------------------------------------
                         slack                                  3.092    

Slack (MET) :             3.092ns  (required time - arrival time)
  Source:                 soc_crg_reset_counter_reg[2]/C
                            (rising edge-triggered cell FDSE clocked by soc_crg_clkout3  {rise@0.000ns fall@2.500ns period=5.000ns})
  Destination:            soc_crg_reset_counter_reg[3]/CE
                            (rising edge-triggered cell FDSE clocked by soc_crg_clkout3  {rise@0.000ns fall@2.500ns period=5.000ns})
  Path Group:             soc_crg_clkout3
  Path Type:              Setup (Max at Slow Process Corner)
  Requirement:            5.000ns  (soc_crg_clkout3 rise@5.000ns - soc_crg_clkout3 rise@0.000ns)
  Data Path Delay:        1.642ns  (logic 0.580ns (35.321%)  route 1.062ns (64.679%))
  Logic Levels:           1  (LUT4=1)
  Clock Path Skew:        0.000ns (DCD - SCD + CPR)
    Destination Clock Delay (DCD):    10.612ns = ( 15.612 - 5.000 ) 
    Source Clock Delay      (SCD):    11.475ns
    Clock Pessimism Removal (CPR):    0.863ns
  Clock Uncertainty:      0.061ns  ((TSJ^2 + DJ^2)^1/2) / 2 + PE
    Total System Jitter     (TSJ):    0.071ns
    Discrete Jitter          (DJ):    0.100ns
    Phase Error              (PE):    0.000ns

    Location             Delay type                Incr(ns)  Path(ns)    Netlist Resource(s)
  -------------------------------------------------------------------    -------------------
                         (clock soc_crg_clkout3 rise edge)
                                                      0.000     0.000 r  
    E3                                                0.000     0.000 r  clk100 (IN)
                         net (fo=0)                   0.000     0.000    clk100
    E3                   IBUF (Prop_ibuf_I_O)         1.482     1.482 r  clk100_IBUF_inst/O
                         net (fo=1, routed)           2.025     3.506    clk100_IBUF
    BUFGCTRL_X0Y16       BUFG (Prop_bufg_I_O)         0.096     3.602 r  clk100_IBUF_BUFG_inst/O
                         net (fo=1, routed)           1.958     5.560    clk100_IBUF_BUFG
    SLICE_X46Y31         LUT1 (Prop_lut1_I0_O)        0.124     5.684 r  clk100_inst/O
                         net (fo=9, routed)           1.877     7.561    soc_crg_clkin
    MMCME2_ADV_X0Y0      MMCME2_ADV (Prop_mmcme2_adv_CLKIN1_CLKOUT3)
                                                      0.088     7.649 r  MMCME2_ADV/CLKOUT3
                         net (fo=1, routed)           2.018     9.668    soc_crg_clkout3
    BUFGCTRL_X0Y2        BUFG (Prop_bufg_I_O)         0.096     9.764 r  BUFG_3/O
                         net (fo=8, routed)           1.711    11.475    idelay_clk
    SLICE_X82Y72         FDSE                                         r  soc_crg_reset_counter_reg[2]/C
  -------------------------------------------------------------------    -------------------
    SLICE_X82Y72         FDSE (Prop_fdse_C_Q)         0.456    11.931 r  soc_crg_reset_counter_reg[2]/Q
                         net (fo=3, routed)           0.872    12.803    soc_crg_reset_counter[2]
    SLICE_X82Y72         LUT4 (Prop_lut4_I2_O)        0.124    12.927 r  soc_crg_reset_counter[3]_i_1/O
                         net (fo=5, routed)           0.190    13.117    soc_crg_reset_counter[3]_i_1_n_0
    SLICE_X82Y72         FDSE                                         r  soc_crg_reset_counter_reg[3]/CE
  -------------------------------------------------------------------    -------------------

                         (clock soc_crg_clkout3 rise edge)
                                                      5.000     5.000 r  
    E3                                                0.000     5.000 r  clk100 (IN)
                         net (fo=0)                   0.000     5.000    clk100
    E3                   IBUF (Prop_ibuf_I_O)         1.411     6.411 r  clk100_IBUF_inst/O
                         net (fo=1, routed)           1.920     8.331    clk100_IBUF
    BUFGCTRL_X0Y16       BUFG (Prop_bufg_I_O)         0.091     8.422 r  clk100_IBUF_BUFG_inst/O
                         net (fo=1, routed)           1.796    10.218    clk100_IBUF_BUFG
    SLICE_X46Y31         LUT1 (Prop_lut1_I0_O)        0.100    10.318 r  clk100_inst/O
                         net (fo=9, routed)           1.604    11.922    soc_crg_clkin
    MMCME2_ADV_X0Y0      MMCME2_ADV (Prop_mmcme2_adv_CLKIN1_CLKOUT3)
                                                      0.083    12.005 r  MMCME2_ADV/CLKOUT3
                         net (fo=1, routed)           1.923    13.928    soc_crg_clkout3
    BUFGCTRL_X0Y2        BUFG (Prop_bufg_I_O)         0.091    14.019 r  BUFG_3/O
                         net (fo=8, routed)           1.593    15.612    idelay_clk
    SLICE_X82Y72         FDSE                                         r  soc_crg_reset_counter_reg[3]/C
                         clock pessimism              0.863    16.475    
                         clock uncertainty           -0.061    16.414    
    SLICE_X82Y72         FDSE (Setup_fdse_C_CE)      -0.205    16.209    soc_crg_reset_counter_reg[3]
  -------------------------------------------------------------------
                         required time                         16.209    
                         arrival time                         -13.117    
  -------------------------------------------------------------------
                         slack                                  3.092    

Slack (MET) :             3.104ns  (required time - arrival time)
  Source:                 FDPE_7/C
                            (rising edge-triggered cell FDPE clocked by soc_crg_clkout3  {rise@0.000ns fall@2.500ns period=5.000ns})
  Destination:            soc_crg_reset_counter_reg[0]/S
                            (rising edge-triggered cell FDSE clocked by soc_crg_clkout3  {rise@0.000ns fall@2.500ns period=5.000ns})
  Path Group:             soc_crg_clkout3
  Path Type:              Setup (Max at Slow Process Corner)
  Requirement:            5.000ns  (soc_crg_clkout3 rise@5.000ns - soc_crg_clkout3 rise@0.000ns)
  Data Path Delay:        1.196ns  (logic 0.419ns (35.041%)  route 0.777ns (64.959%))
  Logic Levels:           0  
  Clock Path Skew:        -0.035ns (DCD - SCD + CPR)
    Destination Clock Delay (DCD):    10.612ns = ( 15.612 - 5.000 ) 
    Source Clock Delay      (SCD):    11.472ns
    Clock Pessimism Removal (CPR):    0.825ns
  Clock Uncertainty:      0.061ns  ((TSJ^2 + DJ^2)^1/2) / 2 + PE
    Total System Jitter     (TSJ):    0.071ns
    Discrete Jitter          (DJ):    0.100ns
    Phase Error              (PE):    0.000ns

    Location             Delay type                Incr(ns)  Path(ns)    Netlist Resource(s)
  -------------------------------------------------------------------    -------------------
                         (clock soc_crg_clkout3 rise edge)
                                                      0.000     0.000 r  
    E3                                                0.000     0.000 r  clk100 (IN)
                         net (fo=0)                   0.000     0.000    clk100
    E3                   IBUF (Prop_ibuf_I_O)         1.482     1.482 r  clk100_IBUF_inst/O
                         net (fo=1, routed)           2.025     3.506    clk100_IBUF
    BUFGCTRL_X0Y16       BUFG (Prop_bufg_I_O)         0.096     3.602 r  clk100_IBUF_BUFG_inst/O
                         net (fo=1, routed)           1.958     5.560    clk100_IBUF_BUFG
    SLICE_X46Y31         LUT1 (Prop_lut1_I0_O)        0.124     5.684 r  clk100_inst/O
                         net (fo=9, routed)           1.877     7.561    soc_crg_clkin
    MMCME2_ADV_X0Y0      MMCME2_ADV (Prop_mmcme2_adv_CLKIN1_CLKOUT3)
                                                      0.088     7.649 r  MMCME2_ADV/CLKOUT3
                         net (fo=1, routed)           2.018     9.668    soc_crg_clkout3
    BUFGCTRL_X0Y2        BUFG (Prop_bufg_I_O)         0.096     9.764 r  BUFG_3/O
                         net (fo=8, routed)           1.708    11.472    idelay_clk
    SLICE_X81Y71         FDPE                                         r  FDPE_7/C
  -------------------------------------------------------------------    -------------------
    SLICE_X81Y71         FDPE (Prop_fdpe_C_Q)         0.419    11.891 r  FDPE_7/Q
                         net (fo=5, routed)           0.777    12.668    idelay_rst
    SLICE_X82Y72         FDSE                                         r  soc_crg_reset_counter_reg[0]/S
  -------------------------------------------------------------------    -------------------

                         (clock soc_crg_clkout3 rise edge)
                                                      5.000     5.000 r  
    E3                                                0.000     5.000 r  clk100 (IN)
                         net (fo=0)                   0.000     5.000    clk100
    E3                   IBUF (Prop_ibuf_I_O)         1.411     6.411 r  clk100_IBUF_inst/O
                         net (fo=1, routed)           1.920     8.331    clk100_IBUF
    BUFGCTRL_X0Y16       BUFG (Prop_bufg_I_O)         0.091     8.422 r  clk100_IBUF_BUFG_inst/O
                         net (fo=1, routed)           1.796    10.218    clk100_IBUF_BUFG
    SLICE_X46Y31         LUT1 (Prop_lut1_I0_O)        0.100    10.318 r  clk100_inst/O
                         net (fo=9, routed)           1.604    11.922    soc_crg_clkin
    MMCME2_ADV_X0Y0      MMCME2_ADV (Prop_mmcme2_adv_CLKIN1_CLKOUT3)
                                                      0.083    12.005 r  MMCME2_ADV/CLKOUT3
                         net (fo=1, routed)           1.923    13.928    soc_crg_clkout3
    BUFGCTRL_X0Y2        BUFG (Prop_bufg_I_O)         0.091    14.019 r  BUFG_3/O
                         net (fo=8, routed)           1.593    15.612    idelay_clk
    SLICE_X82Y72         FDSE                                         r  soc_crg_reset_counter_reg[0]/C
                         clock pessimism              0.825    16.437    
                         clock uncertainty           -0.061    16.376    
    SLICE_X82Y72         FDSE (Setup_fdse_C_S)       -0.604    15.772    soc_crg_reset_counter_reg[0]
  -------------------------------------------------------------------
                         required time                         15.772    
                         arrival time                         -12.668    
  -------------------------------------------------------------------
                         slack                                  3.104    

Slack (MET) :             3.104ns  (required time - arrival time)
  Source:                 FDPE_7/C
                            (rising edge-triggered cell FDPE clocked by soc_crg_clkout3  {rise@0.000ns fall@2.500ns period=5.000ns})
  Destination:            soc_crg_reset_counter_reg[1]/S
                            (rising edge-triggered cell FDSE clocked by soc_crg_clkout3  {rise@0.000ns fall@2.500ns period=5.000ns})
  Path Group:             soc_crg_clkout3
  Path Type:              Setup (Max at Slow Process Corner)
  Requirement:            5.000ns  (soc_crg_clkout3 rise@5.000ns - soc_crg_clkout3 rise@0.000ns)
  Data Path Delay:        1.196ns  (logic 0.419ns (35.041%)  route 0.777ns (64.959%))
  Logic Levels:           0  
  Clock Path Skew:        -0.035ns (DCD - SCD + CPR)
    Destination Clock Delay (DCD):    10.612ns = ( 15.612 - 5.000 ) 
    Source Clock Delay      (SCD):    11.472ns
    Clock Pessimism Removal (CPR):    0.825ns
  Clock Uncertainty:      0.061ns  ((TSJ^2 + DJ^2)^1/2) / 2 + PE
    Total System Jitter     (TSJ):    0.071ns
    Discrete Jitter          (DJ):    0.100ns
    Phase Error              (PE):    0.000ns

    Location             Delay type                Incr(ns)  Path(ns)    Netlist Resource(s)
  -------------------------------------------------------------------    -------------------
                         (clock soc_crg_clkout3 rise edge)
                                                      0.000     0.000 r  
    E3                                                0.000     0.000 r  clk100 (IN)
                         net (fo=0)                   0.000     0.000    clk100
    E3                   IBUF (Prop_ibuf_I_O)         1.482     1.482 r  clk100_IBUF_inst/O
                         net (fo=1, routed)           2.025     3.506    clk100_IBUF
    BUFGCTRL_X0Y16       BUFG (Prop_bufg_I_O)         0.096     3.602 r  clk100_IBUF_BUFG_inst/O
                         net (fo=1, routed)           1.958     5.560    clk100_IBUF_BUFG
    SLICE_X46Y31         LUT1 (Prop_lut1_I0_O)        0.124     5.684 r  clk100_inst/O
                         net (fo=9, routed)           1.877     7.561    soc_crg_clkin
    MMCME2_ADV_X0Y0      MMCME2_ADV (Prop_mmcme2_adv_CLKIN1_CLKOUT3)
                                                      0.088     7.649 r  MMCME2_ADV/CLKOUT3
                         net (fo=1, routed)           2.018     9.668    soc_crg_clkout3
    BUFGCTRL_X0Y2        BUFG (Prop_bufg_I_O)         0.096     9.764 r  BUFG_3/O
                         net (fo=8, routed)           1.708    11.472    idelay_clk
    SLICE_X81Y71         FDPE                                         r  FDPE_7/C
  -------------------------------------------------------------------    -------------------
    SLICE_X81Y71         FDPE (Prop_fdpe_C_Q)         0.419    11.891 r  FDPE_7/Q
                         net (fo=5, routed)           0.777    12.668    idelay_rst
    SLICE_X82Y72         FDSE                                         r  soc_crg_reset_counter_reg[1]/S
  -------------------------------------------------------------------    -------------------

                         (clock soc_crg_clkout3 rise edge)
                                                      5.000     5.000 r  
    E3                                                0.000     5.000 r  clk100 (IN)
                         net (fo=0)                   0.000     5.000    clk100
    E3                   IBUF (Prop_ibuf_I_O)         1.411     6.411 r  clk100_IBUF_inst/O
                         net (fo=1, routed)           1.920     8.331    clk100_IBUF
    BUFGCTRL_X0Y16       BUFG (Prop_bufg_I_O)         0.091     8.422 r  clk100_IBUF_BUFG_inst/O
                         net (fo=1, routed)           1.796    10.218    clk100_IBUF_BUFG
    SLICE_X46Y31         LUT1 (Prop_lut1_I0_O)        0.100    10.318 r  clk100_inst/O
                         net (fo=9, routed)           1.604    11.922    soc_crg_clkin
    MMCME2_ADV_X0Y0      MMCME2_ADV (Prop_mmcme2_adv_CLKIN1_CLKOUT3)
                                                      0.083    12.005 r  MMCME2_ADV/CLKOUT3
                         net (fo=1, routed)           1.923    13.928    soc_crg_clkout3
    BUFGCTRL_X0Y2        BUFG (Prop_bufg_I_O)         0.091    14.019 r  BUFG_3/O
                         net (fo=8, routed)           1.593    15.612    idelay_clk
    SLICE_X82Y72         FDSE                                         r  soc_crg_reset_counter_reg[1]/C
                         clock pessimism              0.825    16.437    
                         clock uncertainty           -0.061    16.376    
    SLICE_X82Y72         FDSE (Setup_fdse_C_S)       -0.604    15.772    soc_crg_reset_counter_reg[1]
  -------------------------------------------------------------------
                         required time                         15.772    
                         arrival time                         -12.668    
  -------------------------------------------------------------------
                         slack                                  3.104    

Slack (MET) :             3.104ns  (required time - arrival time)
  Source:                 FDPE_7/C
                            (rising edge-triggered cell FDPE clocked by soc_crg_clkout3  {rise@0.000ns fall@2.500ns period=5.000ns})
  Destination:            soc_crg_reset_counter_reg[2]/S
                            (rising edge-triggered cell FDSE clocked by soc_crg_clkout3  {rise@0.000ns fall@2.500ns period=5.000ns})
  Path Group:             soc_crg_clkout3
  Path Type:              Setup (Max at Slow Process Corner)
  Requirement:            5.000ns  (soc_crg_clkout3 rise@5.000ns - soc_crg_clkout3 rise@0.000ns)
  Data Path Delay:        1.196ns  (logic 0.419ns (35.041%)  route 0.777ns (64.959%))
  Logic Levels:           0  
  Clock Path Skew:        -0.035ns (DCD - SCD + CPR)
    Destination Clock Delay (DCD):    10.612ns = ( 15.612 - 5.000 ) 
    Source Clock Delay      (SCD):    11.472ns
    Clock Pessimism Removal (CPR):    0.825ns
  Clock Uncertainty:      0.061ns  ((TSJ^2 + DJ^2)^1/2) / 2 + PE
    Total System Jitter     (TSJ):    0.071ns
    Discrete Jitter          (DJ):    0.100ns
    Phase Error              (PE):    0.000ns

    Location             Delay type                Incr(ns)  Path(ns)    Netlist Resource(s)
  -------------------------------------------------------------------    -------------------
                         (clock soc_crg_clkout3 rise edge)
                                                      0.000     0.000 r  
    E3                                                0.000     0.000 r  clk100 (IN)
                         net (fo=0)                   0.000     0.000    clk100
    E3                   IBUF (Prop_ibuf_I_O)         1.482     1.482 r  clk100_IBUF_inst/O
                         net (fo=1, routed)           2.025     3.506    clk100_IBUF
    BUFGCTRL_X0Y16       BUFG (Prop_bufg_I_O)         0.096     3.602 r  clk100_IBUF_BUFG_inst/O
                         net (fo=1, routed)           1.958     5.560    clk100_IBUF_BUFG
    SLICE_X46Y31         LUT1 (Prop_lut1_I0_O)        0.124     5.684 r  clk100_inst/O
                         net (fo=9, routed)           1.877     7.561    soc_crg_clkin
    MMCME2_ADV_X0Y0      MMCME2_ADV (Prop_mmcme2_adv_CLKIN1_CLKOUT3)
                                                      0.088     7.649 r  MMCME2_ADV/CLKOUT3
                         net (fo=1, routed)           2.018     9.668    soc_crg_clkout3
    BUFGCTRL_X0Y2        BUFG (Prop_bufg_I_O)         0.096     9.764 r  BUFG_3/O
                         net (fo=8, routed)           1.708    11.472    idelay_clk
    SLICE_X81Y71         FDPE                                         r  FDPE_7/C
  -------------------------------------------------------------------    -------------------
    SLICE_X81Y71         FDPE (Prop_fdpe_C_Q)         0.419    11.891 r  FDPE_7/Q
                         net (fo=5, routed)           0.777    12.668    idelay_rst
    SLICE_X82Y72         FDSE                                         r  soc_crg_reset_counter_reg[2]/S
  -------------------------------------------------------------------    -------------------

                         (clock soc_crg_clkout3 rise edge)
                                                      5.000     5.000 r  
    E3                                                0.000     5.000 r  clk100 (IN)
                         net (fo=0)                   0.000     5.000    clk100
    E3                   IBUF (Prop_ibuf_I_O)         1.411     6.411 r  clk100_IBUF_inst/O
                         net (fo=1, routed)           1.920     8.331    clk100_IBUF
    BUFGCTRL_X0Y16       BUFG (Prop_bufg_I_O)         0.091     8.422 r  clk100_IBUF_BUFG_inst/O
                         net (fo=1, routed)           1.796    10.218    clk100_IBUF_BUFG
    SLICE_X46Y31         LUT1 (Prop_lut1_I0_O)        0.100    10.318 r  clk100_inst/O
                         net (fo=9, routed)           1.604    11.922    soc_crg_clkin
    MMCME2_ADV_X0Y0      MMCME2_ADV (Prop_mmcme2_adv_CLKIN1_CLKOUT3)
                                                      0.083    12.005 r  MMCME2_ADV/CLKOUT3
                         net (fo=1, routed)           1.923    13.928    soc_crg_clkout3
    BUFGCTRL_X0Y2        BUFG (Prop_bufg_I_O)         0.091    14.019 r  BUFG_3/O
                         net (fo=8, routed)           1.593    15.612    idelay_clk
    SLICE_X82Y72         FDSE                                         r  soc_crg_reset_counter_reg[2]/C
                         clock pessimism              0.825    16.437    
                         clock uncertainty           -0.061    16.376    
    SLICE_X82Y72         FDSE (Setup_fdse_C_S)       -0.604    15.772    soc_crg_reset_counter_reg[2]
  -------------------------------------------------------------------
                         required time                         15.772    
                         arrival time                         -12.668    
  -------------------------------------------------------------------
                         slack                                  3.104    

Slack (MET) :             3.104ns  (required time - arrival time)
  Source:                 FDPE_7/C
                            (rising edge-triggered cell FDPE clocked by soc_crg_clkout3  {rise@0.000ns fall@2.500ns period=5.000ns})
  Destination:            soc_crg_reset_counter_reg[3]/S
                            (rising edge-triggered cell FDSE clocked by soc_crg_clkout3  {rise@0.000ns fall@2.500ns period=5.000ns})
  Path Group:             soc_crg_clkout3
  Path Type:              Setup (Max at Slow Process Corner)
  Requirement:            5.000ns  (soc_crg_clkout3 rise@5.000ns - soc_crg_clkout3 rise@0.000ns)
  Data Path Delay:        1.196ns  (logic 0.419ns (35.041%)  route 0.777ns (64.959%))
  Logic Levels:           0  
  Clock Path Skew:        -0.035ns (DCD - SCD + CPR)
    Destination Clock Delay (DCD):    10.612ns = ( 15.612 - 5.000 ) 
    Source Clock Delay      (SCD):    11.472ns
    Clock Pessimism Removal (CPR):    0.825ns
  Clock Uncertainty:      0.061ns  ((TSJ^2 + DJ^2)^1/2) / 2 + PE
    Total System Jitter     (TSJ):    0.071ns
    Discrete Jitter          (DJ):    0.100ns
    Phase Error              (PE):    0.000ns

    Location             Delay type                Incr(ns)  Path(ns)    Netlist Resource(s)
  -------------------------------------------------------------------    -------------------
                         (clock soc_crg_clkout3 rise edge)
                                                      0.000     0.000 r  
    E3                                                0.000     0.000 r  clk100 (IN)
                         net (fo=0)                   0.000     0.000    clk100
    E3                   IBUF (Prop_ibuf_I_O)         1.482     1.482 r  clk100_IBUF_inst/O
                         net (fo=1, routed)           2.025     3.506    clk100_IBUF
    BUFGCTRL_X0Y16       BUFG (Prop_bufg_I_O)         0.096     3.602 r  clk100_IBUF_BUFG_inst/O
                         net (fo=1, routed)           1.958     5.560    clk100_IBUF_BUFG
    SLICE_X46Y31         LUT1 (Prop_lut1_I0_O)        0.124     5.684 r  clk100_inst/O
                         net (fo=9, routed)           1.877     7.561    soc_crg_clkin
    MMCME2_ADV_X0Y0      MMCME2_ADV (Prop_mmcme2_adv_CLKIN1_CLKOUT3)
                                                      0.088     7.649 r  MMCME2_ADV/CLKOUT3
                         net (fo=1, routed)           2.018     9.668    soc_crg_clkout3
    BUFGCTRL_X0Y2        BUFG (Prop_bufg_I_O)         0.096     9.764 r  BUFG_3/O
                         net (fo=8, routed)           1.708    11.472    idelay_clk
    SLICE_X81Y71         FDPE                                         r  FDPE_7/C
  -------------------------------------------------------------------    -------------------
    SLICE_X81Y71         FDPE (Prop_fdpe_C_Q)         0.419    11.891 r  FDPE_7/Q
                         net (fo=5, routed)           0.777    12.668    idelay_rst
    SLICE_X82Y72         FDSE                                         r  soc_crg_reset_counter_reg[3]/S
  -------------------------------------------------------------------    -------------------

                         (clock soc_crg_clkout3 rise edge)
                                                      5.000     5.000 r  
    E3                                                0.000     5.000 r  clk100 (IN)
                         net (fo=0)                   0.000     5.000    clk100
    E3                   IBUF (Prop_ibuf_I_O)         1.411     6.411 r  clk100_IBUF_inst/O
                         net (fo=1, routed)           1.920     8.331    clk100_IBUF
    BUFGCTRL_X0Y16       BUFG (Prop_bufg_I_O)         0.091     8.422 r  clk100_IBUF_BUFG_inst/O
                         net (fo=1, routed)           1.796    10.218    clk100_IBUF_BUFG
    SLICE_X46Y31         LUT1 (Prop_lut1_I0_O)        0.100    10.318 r  clk100_inst/O
                         net (fo=9, routed)           1.604    11.922    soc_crg_clkin
    MMCME2_ADV_X0Y0      MMCME2_ADV (Prop_mmcme2_adv_CLKIN1_CLKOUT3)
                                                      0.083    12.005 r  MMCME2_ADV/CLKOUT3
                         net (fo=1, routed)           1.923    13.928    soc_crg_clkout3
    BUFGCTRL_X0Y2        BUFG (Prop_bufg_I_O)         0.091    14.019 r  BUFG_3/O
                         net (fo=8, routed)           1.593    15.612    idelay_clk
    SLICE_X82Y72         FDSE                                         r  soc_crg_reset_counter_reg[3]/C
                         clock pessimism              0.825    16.437    
                         clock uncertainty           -0.061    16.376    
    SLICE_X82Y72         FDSE (Setup_fdse_C_S)       -0.604    15.772    soc_crg_reset_counter_reg[3]
  -------------------------------------------------------------------
                         required time                         15.772    
                         arrival time                         -12.668    
  -------------------------------------------------------------------
                         slack                                  3.104    





Min Delay Paths
--------------------------------------------------------------------------------------
Slack (MET) :             0.122ns  (arrival time - required time)
  Source:                 FDPE_6/C
                            (rising edge-triggered cell FDPE clocked by soc_crg_clkout3  {rise@0.000ns fall@2.500ns period=5.000ns})
  Destination:            FDPE_7/D
                            (rising edge-triggered cell FDPE clocked by soc_crg_clkout3  {rise@0.000ns fall@2.500ns period=5.000ns})
  Path Group:             soc_crg_clkout3
  Path Type:              Hold (Min at Fast Process Corner)
  Requirement:            0.000ns  (soc_crg_clkout3 rise@0.000ns - soc_crg_clkout3 rise@0.000ns)
  Data Path Delay:        0.197ns  (logic 0.141ns (71.611%)  route 0.056ns (28.389%))
  Logic Levels:           0  
  Clock Path Skew:        0.000ns (DCD - SCD - CPR)
    Destination Clock Delay (DCD):    4.778ns
    Source Clock Delay      (SCD):    3.787ns
    Clock Pessimism Removal (CPR):    0.991ns

    Location             Delay type                Incr(ns)  Path(ns)    Netlist Resource(s)
  -------------------------------------------------------------------    -------------------
                         (clock soc_crg_clkout3 rise edge)
                                                      0.000     0.000 r  
    E3                                                0.000     0.000 r  clk100 (IN)
                         net (fo=0)                   0.000     0.000    clk100
    E3                   IBUF (Prop_ibuf_I_O)         0.250     0.250 r  clk100_IBUF_inst/O
                         net (fo=1, routed)           0.644     0.894    clk100_IBUF
    BUFGCTRL_X0Y16       BUFG (Prop_bufg_I_O)         0.026     0.920 r  clk100_IBUF_BUFG_inst/O
                         net (fo=1, routed)           0.684     1.604    clk100_IBUF_BUFG
    SLICE_X46Y31         LUT1 (Prop_lut1_I0_O)        0.045     1.649 r  clk100_inst/O
                         net (fo=9, routed)           0.825     2.474    soc_crg_clkin
    MMCME2_ADV_X0Y0      MMCME2_ADV (Prop_mmcme2_adv_CLKIN1_CLKOUT3)
                                                      0.050     2.524 r  MMCME2_ADV/CLKOUT3
                         net (fo=1, routed)           0.648     3.171    soc_crg_clkout3
    BUFGCTRL_X0Y2        BUFG (Prop_bufg_I_O)         0.026     3.197 r  BUFG_3/O
                         net (fo=8, routed)           0.590     3.787    idelay_clk
    SLICE_X81Y71         FDPE                                         r  FDPE_6/C
  -------------------------------------------------------------------    -------------------
    SLICE_X81Y71         FDPE (Prop_fdpe_C_Q)         0.141     3.928 r  FDPE_6/Q
                         net (fo=1, routed)           0.056     3.984    soc_builder_xilinxasyncresetsynchronizerimpl3_rst_meta
    SLICE_X81Y71         FDPE                                         r  FDPE_7/D
  -------------------------------------------------------------------    -------------------

                         (clock soc_crg_clkout3 rise edge)
                                                      0.000     0.000 r  
    E3                                                0.000     0.000 r  clk100 (IN)
                         net (fo=0)                   0.000     0.000    clk100
    E3                   IBUF (Prop_ibuf_I_O)         0.438     0.438 r  clk100_IBUF_inst/O
                         net (fo=1, routed)           0.699     1.136    clk100_IBUF
    BUFGCTRL_X0Y16       BUFG (Prop_bufg_I_O)         0.029     1.165 r  clk100_IBUF_BUFG_inst/O
                         net (fo=1, routed)           0.966     2.132    clk100_IBUF_BUFG
    SLICE_X46Y31         LUT1 (Prop_lut1_I0_O)        0.056     2.188 r  clk100_inst/O
                         net (fo=9, routed)           0.949     3.136    soc_crg_clkin
    MMCME2_ADV_X0Y0      MMCME2_ADV (Prop_mmcme2_adv_CLKIN1_CLKOUT3)
                                                      0.053     3.189 r  MMCME2_ADV/CLKOUT3
                         net (fo=1, routed)           0.700     3.890    soc_crg_clkout3
    BUFGCTRL_X0Y2        BUFG (Prop_bufg_I_O)         0.029     3.919 r  BUFG_3/O
                         net (fo=8, routed)           0.860     4.778    idelay_clk
    SLICE_X81Y71         FDPE                                         r  FDPE_7/C
                         clock pessimism             -0.991     3.787    
    SLICE_X81Y71         FDPE (Hold_fdpe_C_D)         0.075     3.862    FDPE_7
  -------------------------------------------------------------------
                         required time                         -3.862    
                         arrival time                           3.984    
  -------------------------------------------------------------------
                         slack                                  0.122    

Slack (MET) :             0.263ns  (arrival time - required time)
  Source:                 soc_crg_ic_reset_reg/C
                            (rising edge-triggered cell FDRE clocked by soc_crg_clkout3  {rise@0.000ns fall@2.500ns period=5.000ns})
  Destination:            soc_crg_ic_reset_reg/D
                            (rising edge-triggered cell FDRE clocked by soc_crg_clkout3  {rise@0.000ns fall@2.500ns period=5.000ns})
  Path Group:             soc_crg_clkout3
  Path Type:              Hold (Min at Fast Process Corner)
  Requirement:            0.000ns  (soc_crg_clkout3 rise@0.000ns - soc_crg_clkout3 rise@0.000ns)
  Data Path Delay:        0.354ns  (logic 0.186ns (52.498%)  route 0.168ns (47.502%))
  Logic Levels:           1  (LUT3=1)
  Clock Path Skew:        0.000ns (DCD - SCD - CPR)
    Destination Clock Delay (DCD):    4.781ns
    Source Clock Delay      (SCD):    3.791ns
    Clock Pessimism Removal (CPR):    0.990ns

    Location             Delay type                Incr(ns)  Path(ns)    Netlist Resource(s)
  -------------------------------------------------------------------    -------------------
                         (clock soc_crg_clkout3 rise edge)
                                                      0.000     0.000 r  
    E3                                                0.000     0.000 r  clk100 (IN)
                         net (fo=0)                   0.000     0.000    clk100
    E3                   IBUF (Prop_ibuf_I_O)         0.250     0.250 r  clk100_IBUF_inst/O
                         net (fo=1, routed)           0.644     0.894    clk100_IBUF
    BUFGCTRL_X0Y16       BUFG (Prop_bufg_I_O)         0.026     0.920 r  clk100_IBUF_BUFG_inst/O
                         net (fo=1, routed)           0.684     1.604    clk100_IBUF_BUFG
    SLICE_X46Y31         LUT1 (Prop_lut1_I0_O)        0.045     1.649 r  clk100_inst/O
                         net (fo=9, routed)           0.825     2.474    soc_crg_clkin
    MMCME2_ADV_X0Y0      MMCME2_ADV (Prop_mmcme2_adv_CLKIN1_CLKOUT3)
                                                      0.050     2.524 r  MMCME2_ADV/CLKOUT3
                         net (fo=1, routed)           0.648     3.171    soc_crg_clkout3
    BUFGCTRL_X0Y2        BUFG (Prop_bufg_I_O)         0.026     3.197 r  BUFG_3/O
                         net (fo=8, routed)           0.594     3.791    idelay_clk
    SLICE_X83Y72         FDRE                                         r  soc_crg_ic_reset_reg/C
  -------------------------------------------------------------------    -------------------
    SLICE_X83Y72         FDRE (Prop_fdre_C_Q)         0.141     3.932 r  soc_crg_ic_reset_reg/Q
                         net (fo=2, routed)           0.168     4.100    soc_crg_ic_reset
    SLICE_X83Y72         LUT3 (Prop_lut3_I1_O)        0.045     4.145 r  soc_crg_ic_reset_i_1/O
                         net (fo=1, routed)           0.000     4.145    soc_crg_ic_reset_i_1_n_0
    SLICE_X83Y72         FDRE                                         r  soc_crg_ic_reset_reg/D
  -------------------------------------------------------------------    -------------------

                         (clock soc_crg_clkout3 rise edge)
                                                      0.000     0.000 r  
    E3                                                0.000     0.000 r  clk100 (IN)
                         net (fo=0)                   0.000     0.000    clk100
    E3                   IBUF (Prop_ibuf_I_O)         0.438     0.438 r  clk100_IBUF_inst/O
                         net (fo=1, routed)           0.699     1.136    clk100_IBUF
    BUFGCTRL_X0Y16       BUFG (Prop_bufg_I_O)         0.029     1.165 r  clk100_IBUF_BUFG_inst/O
                         net (fo=1, routed)           0.966     2.132    clk100_IBUF_BUFG
    SLICE_X46Y31         LUT1 (Prop_lut1_I0_O)        0.056     2.188 r  clk100_inst/O
                         net (fo=9, routed)           0.949     3.136    soc_crg_clkin
    MMCME2_ADV_X0Y0      MMCME2_ADV (Prop_mmcme2_adv_CLKIN1_CLKOUT3)
                                                      0.053     3.189 r  MMCME2_ADV/CLKOUT3
                         net (fo=1, routed)           0.700     3.890    soc_crg_clkout3
    BUFGCTRL_X0Y2        BUFG (Prop_bufg_I_O)         0.029     3.919 r  BUFG_3/O
                         net (fo=8, routed)           0.863     4.781    idelay_clk
    SLICE_X83Y72         FDRE                                         r  soc_crg_ic_reset_reg/C
                         clock pessimism             -0.990     3.791    
    SLICE_X83Y72         FDRE (Hold_fdre_C_D)         0.091     3.882    soc_crg_ic_reset_reg
  -------------------------------------------------------------------
                         required time                         -3.882    
                         arrival time                           4.145    
  -------------------------------------------------------------------
                         slack                                  0.263    

Slack (MET) :             0.304ns  (arrival time - required time)
  Source:                 soc_crg_reset_counter_reg[1]/C
                            (rising edge-triggered cell FDSE clocked by soc_crg_clkout3  {rise@0.000ns fall@2.500ns period=5.000ns})
  Destination:            soc_crg_reset_counter_reg[1]/D
                            (rising edge-triggered cell FDSE clocked by soc_crg_clkout3  {rise@0.000ns fall@2.500ns period=5.000ns})
  Path Group:             soc_crg_clkout3
  Path Type:              Hold (Min at Fast Process Corner)
  Requirement:            0.000ns  (soc_crg_clkout3 rise@0.000ns - soc_crg_clkout3 rise@0.000ns)
  Data Path Delay:        0.411ns  (logic 0.230ns (55.962%)  route 0.181ns (44.038%))
  Logic Levels:           1  (LUT2=1)
  Clock Path Skew:        0.000ns (DCD - SCD - CPR)
    Destination Clock Delay (DCD):    4.781ns
    Source Clock Delay      (SCD):    3.791ns
    Clock Pessimism Removal (CPR):    0.990ns

    Location             Delay type                Incr(ns)  Path(ns)    Netlist Resource(s)
  -------------------------------------------------------------------    -------------------
                         (clock soc_crg_clkout3 rise edge)
                                                      0.000     0.000 r  
    E3                                                0.000     0.000 r  clk100 (IN)
                         net (fo=0)                   0.000     0.000    clk100
    E3                   IBUF (Prop_ibuf_I_O)         0.250     0.250 r  clk100_IBUF_inst/O
                         net (fo=1, routed)           0.644     0.894    clk100_IBUF
    BUFGCTRL_X0Y16       BUFG (Prop_bufg_I_O)         0.026     0.920 r  clk100_IBUF_BUFG_inst/O
                         net (fo=1, routed)           0.684     1.604    clk100_IBUF_BUFG
    SLICE_X46Y31         LUT1 (Prop_lut1_I0_O)        0.045     1.649 r  clk100_inst/O
                         net (fo=9, routed)           0.825     2.474    soc_crg_clkin
    MMCME2_ADV_X0Y0      MMCME2_ADV (Prop_mmcme2_adv_CLKIN1_CLKOUT3)
                                                      0.050     2.524 r  MMCME2_ADV/CLKOUT3
                         net (fo=1, routed)           0.648     3.171    soc_crg_clkout3
    BUFGCTRL_X0Y2        BUFG (Prop_bufg_I_O)         0.026     3.197 r  BUFG_3/O
                         net (fo=8, routed)           0.594     3.791    idelay_clk
    SLICE_X82Y72         FDSE                                         r  soc_crg_reset_counter_reg[1]/C
  -------------------------------------------------------------------    -------------------
    SLICE_X82Y72         FDSE (Prop_fdse_C_Q)         0.128     3.919 r  soc_crg_reset_counter_reg[1]/Q
                         net (fo=4, routed)           0.181     4.100    soc_crg_reset_counter[1]
    SLICE_X82Y72         LUT2 (Prop_lut2_I1_O)        0.102     4.202 r  soc_crg_reset_counter[1]_i_1/O
                         net (fo=1, routed)           0.000     4.202    soc_crg_reset_counter[1]_i_1_n_0
    SLICE_X82Y72         FDSE                                         r  soc_crg_reset_counter_reg[1]/D
  -------------------------------------------------------------------    -------------------

                         (clock soc_crg_clkout3 rise edge)
                                                      0.000     0.000 r  
    E3                                                0.000     0.000 r  clk100 (IN)
                         net (fo=0)                   0.000     0.000    clk100
    E3                   IBUF (Prop_ibuf_I_O)         0.438     0.438 r  clk100_IBUF_inst/O
                         net (fo=1, routed)           0.699     1.136    clk100_IBUF
    BUFGCTRL_X0Y16       BUFG (Prop_bufg_I_O)         0.029     1.165 r  clk100_IBUF_BUFG_inst/O
                         net (fo=1, routed)           0.966     2.132    clk100_IBUF_BUFG
    SLICE_X46Y31         LUT1 (Prop_lut1_I0_O)        0.056     2.188 r  clk100_inst/O
                         net (fo=9, routed)           0.949     3.136    soc_crg_clkin
    MMCME2_ADV_X0Y0      MMCME2_ADV (Prop_mmcme2_adv_CLKIN1_CLKOUT3)
                                                      0.053     3.189 r  MMCME2_ADV/CLKOUT3
                         net (fo=1, routed)           0.700     3.890    soc_crg_clkout3
    BUFGCTRL_X0Y2        BUFG (Prop_bufg_I_O)         0.029     3.919 r  BUFG_3/O
                         net (fo=8, routed)           0.863     4.781    idelay_clk
    SLICE_X82Y72         FDSE                                         r  soc_crg_reset_counter_reg[1]/C
                         clock pessimism             -0.990     3.791    
    SLICE_X82Y72         FDSE (Hold_fdse_C_D)         0.107     3.898    soc_crg_reset_counter_reg[1]
  -------------------------------------------------------------------
                         required time                         -3.898    
                         arrival time                           4.202    
  -------------------------------------------------------------------
                         slack                                  0.304    

Slack (MET) :             0.306ns  (arrival time - required time)
  Source:                 soc_crg_reset_counter_reg[1]/C
                            (rising edge-triggered cell FDSE clocked by soc_crg_clkout3  {rise@0.000ns fall@2.500ns period=5.000ns})
  Destination:            soc_crg_reset_counter_reg[3]/D
                            (rising edge-triggered cell FDSE clocked by soc_crg_clkout3  {rise@0.000ns fall@2.500ns period=5.000ns})
  Path Group:             soc_crg_clkout3
  Path Type:              Hold (Min at Fast Process Corner)
  Requirement:            0.000ns  (soc_crg_clkout3 rise@0.000ns - soc_crg_clkout3 rise@0.000ns)
  Data Path Delay:        0.413ns  (logic 0.231ns (55.933%)  route 0.182ns (44.067%))
  Logic Levels:           1  (LUT4=1)
  Clock Path Skew:        0.000ns (DCD - SCD - CPR)
    Destination Clock Delay (DCD):    4.781ns
    Source Clock Delay      (SCD):    3.791ns
    Clock Pessimism Removal (CPR):    0.990ns

    Location             Delay type                Incr(ns)  Path(ns)    Netlist Resource(s)
  -------------------------------------------------------------------    -------------------
                         (clock soc_crg_clkout3 rise edge)
                                                      0.000     0.000 r  
    E3                                                0.000     0.000 r  clk100 (IN)
                         net (fo=0)                   0.000     0.000    clk100
    E3                   IBUF (Prop_ibuf_I_O)         0.250     0.250 r  clk100_IBUF_inst/O
                         net (fo=1, routed)           0.644     0.894    clk100_IBUF
    BUFGCTRL_X0Y16       BUFG (Prop_bufg_I_O)         0.026     0.920 r  clk100_IBUF_BUFG_inst/O
                         net (fo=1, routed)           0.684     1.604    clk100_IBUF_BUFG
    SLICE_X46Y31         LUT1 (Prop_lut1_I0_O)        0.045     1.649 r  clk100_inst/O
                         net (fo=9, routed)           0.825     2.474    soc_crg_clkin
    MMCME2_ADV_X0Y0      MMCME2_ADV (Prop_mmcme2_adv_CLKIN1_CLKOUT3)
                                                      0.050     2.524 r  MMCME2_ADV/CLKOUT3
                         net (fo=1, routed)           0.648     3.171    soc_crg_clkout3
    BUFGCTRL_X0Y2        BUFG (Prop_bufg_I_O)         0.026     3.197 r  BUFG_3/O
                         net (fo=8, routed)           0.594     3.791    idelay_clk
    SLICE_X82Y72         FDSE                                         r  soc_crg_reset_counter_reg[1]/C
  -------------------------------------------------------------------    -------------------
    SLICE_X82Y72         FDSE (Prop_fdse_C_Q)         0.128     3.919 r  soc_crg_reset_counter_reg[1]/Q
                         net (fo=4, routed)           0.182     4.101    soc_crg_reset_counter[1]
    SLICE_X82Y72         LUT4 (Prop_lut4_I2_O)        0.103     4.204 r  soc_crg_reset_counter[3]_i_2/O
                         net (fo=1, routed)           0.000     4.204    soc_crg_reset_counter[3]_i_2_n_0
    SLICE_X82Y72         FDSE                                         r  soc_crg_reset_counter_reg[3]/D
  -------------------------------------------------------------------    -------------------

                         (clock soc_crg_clkout3 rise edge)
                                                      0.000     0.000 r  
    E3                                                0.000     0.000 r  clk100 (IN)
                         net (fo=0)                   0.000     0.000    clk100
    E3                   IBUF (Prop_ibuf_I_O)         0.438     0.438 r  clk100_IBUF_inst/O
                         net (fo=1, routed)           0.699     1.136    clk100_IBUF
    BUFGCTRL_X0Y16       BUFG (Prop_bufg_I_O)         0.029     1.165 r  clk100_IBUF_BUFG_inst/O
                         net (fo=1, routed)           0.966     2.132    clk100_IBUF_BUFG
    SLICE_X46Y31         LUT1 (Prop_lut1_I0_O)        0.056     2.188 r  clk100_inst/O
                         net (fo=9, routed)           0.949     3.136    soc_crg_clkin
    MMCME2_ADV_X0Y0      MMCME2_ADV (Prop_mmcme2_adv_CLKIN1_CLKOUT3)
                                                      0.053     3.189 r  MMCME2_ADV/CLKOUT3
                         net (fo=1, routed)           0.700     3.890    soc_crg_clkout3
    BUFGCTRL_X0Y2        BUFG (Prop_bufg_I_O)         0.029     3.919 r  BUFG_3/O
                         net (fo=8, routed)           0.863     4.781    idelay_clk
    SLICE_X82Y72         FDSE                                         r  soc_crg_reset_counter_reg[3]/C
                         clock pessimism             -0.990     3.791    
    SLICE_X82Y72         FDSE (Hold_fdse_C_D)         0.107     3.898    soc_crg_reset_counter_reg[3]
  -------------------------------------------------------------------
                         required time                         -3.898    
                         arrival time                           4.204    
  -------------------------------------------------------------------
                         slack                                  0.306    

Slack (MET) :             0.317ns  (arrival time - required time)
  Source:                 soc_crg_reset_counter_reg[1]/C
                            (rising edge-triggered cell FDSE clocked by soc_crg_clkout3  {rise@0.000ns fall@2.500ns period=5.000ns})
  Destination:            soc_crg_reset_counter_reg[2]/D
                            (rising edge-triggered cell FDSE clocked by soc_crg_clkout3  {rise@0.000ns fall@2.500ns period=5.000ns})
  Path Group:             soc_crg_clkout3
  Path Type:              Hold (Min at Fast Process Corner)
  Requirement:            0.000ns  (soc_crg_clkout3 rise@0.000ns - soc_crg_clkout3 rise@0.000ns)
  Data Path Delay:        0.409ns  (logic 0.227ns (55.502%)  route 0.182ns (44.498%))
  Logic Levels:           1  (LUT3=1)
  Clock Path Skew:        0.000ns (DCD - SCD - CPR)
    Destination Clock Delay (DCD):    4.781ns
    Source Clock Delay      (SCD):    3.791ns
    Clock Pessimism Removal (CPR):    0.990ns

    Location             Delay type                Incr(ns)  Path(ns)    Netlist Resource(s)
  -------------------------------------------------------------------    -------------------
                         (clock soc_crg_clkout3 rise edge)
                                                      0.000     0.000 r  
    E3                                                0.000     0.000 r  clk100 (IN)
                         net (fo=0)                   0.000     0.000    clk100
    E3                   IBUF (Prop_ibuf_I_O)         0.250     0.250 r  clk100_IBUF_inst/O
                         net (fo=1, routed)           0.644     0.894    clk100_IBUF
    BUFGCTRL_X0Y16       BUFG (Prop_bufg_I_O)         0.026     0.920 r  clk100_IBUF_BUFG_inst/O
                         net (fo=1, routed)           0.684     1.604    clk100_IBUF_BUFG
    SLICE_X46Y31         LUT1 (Prop_lut1_I0_O)        0.045     1.649 r  clk100_inst/O
                         net (fo=9, routed)           0.825     2.474    soc_crg_clkin
    MMCME2_ADV_X0Y0      MMCME2_ADV (Prop_mmcme2_adv_CLKIN1_CLKOUT3)
                                                      0.050     2.524 r  MMCME2_ADV/CLKOUT3
                         net (fo=1, routed)           0.648     3.171    soc_crg_clkout3
    BUFGCTRL_X0Y2        BUFG (Prop_bufg_I_O)         0.026     3.197 r  BUFG_3/O
                         net (fo=8, routed)           0.594     3.791    idelay_clk
    SLICE_X82Y72         FDSE                                         r  soc_crg_reset_counter_reg[1]/C
  -------------------------------------------------------------------    -------------------
    SLICE_X82Y72         FDSE (Prop_fdse_C_Q)         0.128     3.919 r  soc_crg_reset_counter_reg[1]/Q
                         net (fo=4, routed)           0.182     4.101    soc_crg_reset_counter[1]
    SLICE_X82Y72         LUT3 (Prop_lut3_I0_O)        0.099     4.200 r  soc_crg_reset_counter[2]_i_1/O
                         net (fo=1, routed)           0.000     4.200    soc_crg_reset_counter[2]_i_1_n_0
    SLICE_X82Y72         FDSE                                         r  soc_crg_reset_counter_reg[2]/D
  -------------------------------------------------------------------    -------------------

                         (clock soc_crg_clkout3 rise edge)
                                                      0.000     0.000 r  
    E3                                                0.000     0.000 r  clk100 (IN)
                         net (fo=0)                   0.000     0.000    clk100
    E3                   IBUF (Prop_ibuf_I_O)         0.438     0.438 r  clk100_IBUF_inst/O
                         net (fo=1, routed)           0.699     1.136    clk100_IBUF
    BUFGCTRL_X0Y16       BUFG (Prop_bufg_I_O)         0.029     1.165 r  clk100_IBUF_BUFG_inst/O
                         net (fo=1, routed)           0.966     2.132    clk100_IBUF_BUFG
    SLICE_X46Y31         LUT1 (Prop_lut1_I0_O)        0.056     2.188 r  clk100_inst/O
                         net (fo=9, routed)           0.949     3.136    soc_crg_clkin
    MMCME2_ADV_X0Y0      MMCME2_ADV (Prop_mmcme2_adv_CLKIN1_CLKOUT3)
                                                      0.053     3.189 r  MMCME2_ADV/CLKOUT3
                         net (fo=1, routed)           0.700     3.890    soc_crg_clkout3
    BUFGCTRL_X0Y2        BUFG (Prop_bufg_I_O)         0.029     3.919 r  BUFG_3/O
                         net (fo=8, routed)           0.863     4.781    idelay_clk
    SLICE_X82Y72         FDSE                                         r  soc_crg_reset_counter_reg[2]/C
                         clock pessimism             -0.990     3.791    
    SLICE_X82Y72         FDSE (Hold_fdse_C_D)         0.092     3.883    soc_crg_reset_counter_reg[2]
  -------------------------------------------------------------------
                         required time                         -3.883    
                         arrival time                           4.200    
  -------------------------------------------------------------------
                         slack                                  0.317    

Slack (MET) :             0.442ns  (arrival time - required time)
  Source:                 soc_crg_reset_counter_reg[3]/C
                            (rising edge-triggered cell FDSE clocked by soc_crg_clkout3  {rise@0.000ns fall@2.500ns period=5.000ns})
  Destination:            soc_crg_reset_counter_reg[0]/CE
                            (rising edge-triggered cell FDSE clocked by soc_crg_clkout3  {rise@0.000ns fall@2.500ns period=5.000ns})
  Path Group:             soc_crg_clkout3
  Path Type:              Hold (Min at Fast Process Corner)
  Requirement:            0.000ns  (soc_crg_clkout3 rise@0.000ns - soc_crg_clkout3 rise@0.000ns)
  Data Path Delay:        0.403ns  (logic 0.226ns (56.034%)  route 0.177ns (43.966%))
  Logic Levels:           1  (LUT4=1)
  Clock Path Skew:        0.000ns (DCD - SCD - CPR)
    Destination Clock Delay (DCD):    4.781ns
    Source Clock Delay      (SCD):    3.791ns
    Clock Pessimism Removal (CPR):    0.990ns

    Location             Delay type                Incr(ns)  Path(ns)    Netlist Resource(s)
  -------------------------------------------------------------------    -------------------
                         (clock soc_crg_clkout3 rise edge)
                                                      0.000     0.000 r  
    E3                                                0.000     0.000 r  clk100 (IN)
                         net (fo=0)                   0.000     0.000    clk100
    E3                   IBUF (Prop_ibuf_I_O)         0.250     0.250 r  clk100_IBUF_inst/O
                         net (fo=1, routed)           0.644     0.894    clk100_IBUF
    BUFGCTRL_X0Y16       BUFG (Prop_bufg_I_O)         0.026     0.920 r  clk100_IBUF_BUFG_inst/O
                         net (fo=1, routed)           0.684     1.604    clk100_IBUF_BUFG
    SLICE_X46Y31         LUT1 (Prop_lut1_I0_O)        0.045     1.649 r  clk100_inst/O
                         net (fo=9, routed)           0.825     2.474    soc_crg_clkin
    MMCME2_ADV_X0Y0      MMCME2_ADV (Prop_mmcme2_adv_CLKIN1_CLKOUT3)
                                                      0.050     2.524 r  MMCME2_ADV/CLKOUT3
                         net (fo=1, routed)           0.648     3.171    soc_crg_clkout3
    BUFGCTRL_X0Y2        BUFG (Prop_bufg_I_O)         0.026     3.197 r  BUFG_3/O
                         net (fo=8, routed)           0.594     3.791    idelay_clk
    SLICE_X82Y72         FDSE                                         r  soc_crg_reset_counter_reg[3]/C
  -------------------------------------------------------------------    -------------------
    SLICE_X82Y72         FDSE (Prop_fdse_C_Q)         0.128     3.919 r  soc_crg_reset_counter_reg[3]/Q
                         net (fo=2, routed)           0.121     4.040    soc_crg_reset_counter[3]
    SLICE_X82Y72         LUT4 (Prop_lut4_I3_O)        0.098     4.138 r  soc_crg_reset_counter[3]_i_1/O
                         net (fo=5, routed)           0.056     4.194    soc_crg_reset_counter[3]_i_1_n_0
    SLICE_X82Y72         FDSE                                         r  soc_crg_reset_counter_reg[0]/CE
  -------------------------------------------------------------------    -------------------

                         (clock soc_crg_clkout3 rise edge)
                                                      0.000     0.000 r  
    E3                                                0.000     0.000 r  clk100 (IN)
                         net (fo=0)                   0.000     0.000    clk100
    E3                   IBUF (Prop_ibuf_I_O)         0.438     0.438 r  clk100_IBUF_inst/O
                         net (fo=1, routed)           0.699     1.136    clk100_IBUF
    BUFGCTRL_X0Y16       BUFG (Prop_bufg_I_O)         0.029     1.165 r  clk100_IBUF_BUFG_inst/O
                         net (fo=1, routed)           0.966     2.132    clk100_IBUF_BUFG
    SLICE_X46Y31         LUT1 (Prop_lut1_I0_O)        0.056     2.188 r  clk100_inst/O
                         net (fo=9, routed)           0.949     3.136    soc_crg_clkin
    MMCME2_ADV_X0Y0      MMCME2_ADV (Prop_mmcme2_adv_CLKIN1_CLKOUT3)
                                                      0.053     3.189 r  MMCME2_ADV/CLKOUT3
                         net (fo=1, routed)           0.700     3.890    soc_crg_clkout3
    BUFGCTRL_X0Y2        BUFG (Prop_bufg_I_O)         0.029     3.919 r  BUFG_3/O
                         net (fo=8, routed)           0.863     4.781    idelay_clk
    SLICE_X82Y72         FDSE                                         r  soc_crg_reset_counter_reg[0]/C
                         clock pessimism             -0.990     3.791    
    SLICE_X82Y72         FDSE (Hold_fdse_C_CE)       -0.039     3.752    soc_crg_reset_counter_reg[0]
  -------------------------------------------------------------------
                         required time                         -3.752    
                         arrival time                           4.194    
  -------------------------------------------------------------------
                         slack                                  0.442    

Slack (MET) :             0.442ns  (arrival time - required time)
  Source:                 soc_crg_reset_counter_reg[3]/C
                            (rising edge-triggered cell FDSE clocked by soc_crg_clkout3  {rise@0.000ns fall@2.500ns period=5.000ns})
  Destination:            soc_crg_reset_counter_reg[1]/CE
                            (rising edge-triggered cell FDSE clocked by soc_crg_clkout3  {rise@0.000ns fall@2.500ns period=5.000ns})
  Path Group:             soc_crg_clkout3
  Path Type:              Hold (Min at Fast Process Corner)
  Requirement:            0.000ns  (soc_crg_clkout3 rise@0.000ns - soc_crg_clkout3 rise@0.000ns)
  Data Path Delay:        0.403ns  (logic 0.226ns (56.034%)  route 0.177ns (43.966%))
  Logic Levels:           1  (LUT4=1)
  Clock Path Skew:        0.000ns (DCD - SCD - CPR)
    Destination Clock Delay (DCD):    4.781ns
    Source Clock Delay      (SCD):    3.791ns
    Clock Pessimism Removal (CPR):    0.990ns

    Location             Delay type                Incr(ns)  Path(ns)    Netlist Resource(s)
  -------------------------------------------------------------------    -------------------
                         (clock soc_crg_clkout3 rise edge)
                                                      0.000     0.000 r  
    E3                                                0.000     0.000 r  clk100 (IN)
                         net (fo=0)                   0.000     0.000    clk100
    E3                   IBUF (Prop_ibuf_I_O)         0.250     0.250 r  clk100_IBUF_inst/O
                         net (fo=1, routed)           0.644     0.894    clk100_IBUF
    BUFGCTRL_X0Y16       BUFG (Prop_bufg_I_O)         0.026     0.920 r  clk100_IBUF_BUFG_inst/O
                         net (fo=1, routed)           0.684     1.604    clk100_IBUF_BUFG
    SLICE_X46Y31         LUT1 (Prop_lut1_I0_O)        0.045     1.649 r  clk100_inst/O
                         net (fo=9, routed)           0.825     2.474    soc_crg_clkin
    MMCME2_ADV_X0Y0      MMCME2_ADV (Prop_mmcme2_adv_CLKIN1_CLKOUT3)
                                                      0.050     2.524 r  MMCME2_ADV/CLKOUT3
                         net (fo=1, routed)           0.648     3.171    soc_crg_clkout3
    BUFGCTRL_X0Y2        BUFG (Prop_bufg_I_O)         0.026     3.197 r  BUFG_3/O
                         net (fo=8, routed)           0.594     3.791    idelay_clk
    SLICE_X82Y72         FDSE                                         r  soc_crg_reset_counter_reg[3]/C
  -------------------------------------------------------------------    -------------------
    SLICE_X82Y72         FDSE (Prop_fdse_C_Q)         0.128     3.919 r  soc_crg_reset_counter_reg[3]/Q
                         net (fo=2, routed)           0.121     4.040    soc_crg_reset_counter[3]
    SLICE_X82Y72         LUT4 (Prop_lut4_I3_O)        0.098     4.138 r  soc_crg_reset_counter[3]_i_1/O
                         net (fo=5, routed)           0.056     4.194    soc_crg_reset_counter[3]_i_1_n_0
    SLICE_X82Y72         FDSE                                         r  soc_crg_reset_counter_reg[1]/CE
  -------------------------------------------------------------------    -------------------

                         (clock soc_crg_clkout3 rise edge)
                                                      0.000     0.000 r  
    E3                                                0.000     0.000 r  clk100 (IN)
                         net (fo=0)                   0.000     0.000    clk100
    E3                   IBUF (Prop_ibuf_I_O)         0.438     0.438 r  clk100_IBUF_inst/O
                         net (fo=1, routed)           0.699     1.136    clk100_IBUF
    BUFGCTRL_X0Y16       BUFG (Prop_bufg_I_O)         0.029     1.165 r  clk100_IBUF_BUFG_inst/O
                         net (fo=1, routed)           0.966     2.132    clk100_IBUF_BUFG
    SLICE_X46Y31         LUT1 (Prop_lut1_I0_O)        0.056     2.188 r  clk100_inst/O
                         net (fo=9, routed)           0.949     3.136    soc_crg_clkin
    MMCME2_ADV_X0Y0      MMCME2_ADV (Prop_mmcme2_adv_CLKIN1_CLKOUT3)
                                                      0.053     3.189 r  MMCME2_ADV/CLKOUT3
                         net (fo=1, routed)           0.700     3.890    soc_crg_clkout3
    BUFGCTRL_X0Y2        BUFG (Prop_bufg_I_O)         0.029     3.919 r  BUFG_3/O
                         net (fo=8, routed)           0.863     4.781    idelay_clk
    SLICE_X82Y72         FDSE                                         r  soc_crg_reset_counter_reg[1]/C
                         clock pessimism             -0.990     3.791    
    SLICE_X82Y72         FDSE (Hold_fdse_C_CE)       -0.039     3.752    soc_crg_reset_counter_reg[1]
  -------------------------------------------------------------------
                         required time                         -3.752    
                         arrival time                           4.194    
  -------------------------------------------------------------------
                         slack                                  0.442    

Slack (MET) :             0.442ns  (arrival time - required time)
  Source:                 soc_crg_reset_counter_reg[3]/C
                            (rising edge-triggered cell FDSE clocked by soc_crg_clkout3  {rise@0.000ns fall@2.500ns period=5.000ns})
  Destination:            soc_crg_reset_counter_reg[2]/CE
                            (rising edge-triggered cell FDSE clocked by soc_crg_clkout3  {rise@0.000ns fall@2.500ns period=5.000ns})
  Path Group:             soc_crg_clkout3
  Path Type:              Hold (Min at Fast Process Corner)
  Requirement:            0.000ns  (soc_crg_clkout3 rise@0.000ns - soc_crg_clkout3 rise@0.000ns)
  Data Path Delay:        0.403ns  (logic 0.226ns (56.034%)  route 0.177ns (43.966%))
  Logic Levels:           1  (LUT4=1)
  Clock Path Skew:        0.000ns (DCD - SCD - CPR)
    Destination Clock Delay (DCD):    4.781ns
    Source Clock Delay      (SCD):    3.791ns
    Clock Pessimism Removal (CPR):    0.990ns

    Location             Delay type                Incr(ns)  Path(ns)    Netlist Resource(s)
  -------------------------------------------------------------------    -------------------
                         (clock soc_crg_clkout3 rise edge)
                                                      0.000     0.000 r  
    E3                                                0.000     0.000 r  clk100 (IN)
                         net (fo=0)                   0.000     0.000    clk100
    E3                   IBUF (Prop_ibuf_I_O)         0.250     0.250 r  clk100_IBUF_inst/O
                         net (fo=1, routed)           0.644     0.894    clk100_IBUF
    BUFGCTRL_X0Y16       BUFG (Prop_bufg_I_O)         0.026     0.920 r  clk100_IBUF_BUFG_inst/O
                         net (fo=1, routed)           0.684     1.604    clk100_IBUF_BUFG
    SLICE_X46Y31         LUT1 (Prop_lut1_I0_O)        0.045     1.649 r  clk100_inst/O
                         net (fo=9, routed)           0.825     2.474    soc_crg_clkin
    MMCME2_ADV_X0Y0      MMCME2_ADV (Prop_mmcme2_adv_CLKIN1_CLKOUT3)
                                                      0.050     2.524 r  MMCME2_ADV/CLKOUT3
                         net (fo=1, routed)           0.648     3.171    soc_crg_clkout3
    BUFGCTRL_X0Y2        BUFG (Prop_bufg_I_O)         0.026     3.197 r  BUFG_3/O
                         net (fo=8, routed)           0.594     3.791    idelay_clk
    SLICE_X82Y72         FDSE                                         r  soc_crg_reset_counter_reg[3]/C
  -------------------------------------------------------------------    -------------------
    SLICE_X82Y72         FDSE (Prop_fdse_C_Q)         0.128     3.919 r  soc_crg_reset_counter_reg[3]/Q
                         net (fo=2, routed)           0.121     4.040    soc_crg_reset_counter[3]
    SLICE_X82Y72         LUT4 (Prop_lut4_I3_O)        0.098     4.138 r  soc_crg_reset_counter[3]_i_1/O
                         net (fo=5, routed)           0.056     4.194    soc_crg_reset_counter[3]_i_1_n_0
    SLICE_X82Y72         FDSE                                         r  soc_crg_reset_counter_reg[2]/CE
  -------------------------------------------------------------------    -------------------

                         (clock soc_crg_clkout3 rise edge)
                                                      0.000     0.000 r  
    E3                                                0.000     0.000 r  clk100 (IN)
                         net (fo=0)                   0.000     0.000    clk100
    E3                   IBUF (Prop_ibuf_I_O)         0.438     0.438 r  clk100_IBUF_inst/O
                         net (fo=1, routed)           0.699     1.136    clk100_IBUF
    BUFGCTRL_X0Y16       BUFG (Prop_bufg_I_O)         0.029     1.165 r  clk100_IBUF_BUFG_inst/O
                         net (fo=1, routed)           0.966     2.132    clk100_IBUF_BUFG
    SLICE_X46Y31         LUT1 (Prop_lut1_I0_O)        0.056     2.188 r  clk100_inst/O
                         net (fo=9, routed)           0.949     3.136    soc_crg_clkin
    MMCME2_ADV_X0Y0      MMCME2_ADV (Prop_mmcme2_adv_CLKIN1_CLKOUT3)
                                                      0.053     3.189 r  MMCME2_ADV/CLKOUT3
                         net (fo=1, routed)           0.700     3.890    soc_crg_clkout3
    BUFGCTRL_X0Y2        BUFG (Prop_bufg_I_O)         0.029     3.919 r  BUFG_3/O
                         net (fo=8, routed)           0.863     4.781    idelay_clk
    SLICE_X82Y72         FDSE                                         r  soc_crg_reset_counter_reg[2]/C
                         clock pessimism             -0.990     3.791    
    SLICE_X82Y72         FDSE (Hold_fdse_C_CE)       -0.039     3.752    soc_crg_reset_counter_reg[2]
  -------------------------------------------------------------------
                         required time                         -3.752    
                         arrival time                           4.194    
  -------------------------------------------------------------------
                         slack                                  0.442    

Slack (MET) :             0.442ns  (arrival time - required time)
  Source:                 soc_crg_reset_counter_reg[3]/C
                            (rising edge-triggered cell FDSE clocked by soc_crg_clkout3  {rise@0.000ns fall@2.500ns period=5.000ns})
  Destination:            soc_crg_reset_counter_reg[3]/CE
                            (rising edge-triggered cell FDSE clocked by soc_crg_clkout3  {rise@0.000ns fall@2.500ns period=5.000ns})
  Path Group:             soc_crg_clkout3
  Path Type:              Hold (Min at Fast Process Corner)
  Requirement:            0.000ns  (soc_crg_clkout3 rise@0.000ns - soc_crg_clkout3 rise@0.000ns)
  Data Path Delay:        0.403ns  (logic 0.226ns (56.034%)  route 0.177ns (43.966%))
  Logic Levels:           1  (LUT4=1)
  Clock Path Skew:        0.000ns (DCD - SCD - CPR)
    Destination Clock Delay (DCD):    4.781ns
    Source Clock Delay      (SCD):    3.791ns
    Clock Pessimism Removal (CPR):    0.990ns

    Location             Delay type                Incr(ns)  Path(ns)    Netlist Resource(s)
  -------------------------------------------------------------------    -------------------
                         (clock soc_crg_clkout3 rise edge)
                                                      0.000     0.000 r  
    E3                                                0.000     0.000 r  clk100 (IN)
                         net (fo=0)                   0.000     0.000    clk100
    E3                   IBUF (Prop_ibuf_I_O)         0.250     0.250 r  clk100_IBUF_inst/O
                         net (fo=1, routed)           0.644     0.894    clk100_IBUF
    BUFGCTRL_X0Y16       BUFG (Prop_bufg_I_O)         0.026     0.920 r  clk100_IBUF_BUFG_inst/O
                         net (fo=1, routed)           0.684     1.604    clk100_IBUF_BUFG
    SLICE_X46Y31         LUT1 (Prop_lut1_I0_O)        0.045     1.649 r  clk100_inst/O
                         net (fo=9, routed)           0.825     2.474    soc_crg_clkin
    MMCME2_ADV_X0Y0      MMCME2_ADV (Prop_mmcme2_adv_CLKIN1_CLKOUT3)
                                                      0.050     2.524 r  MMCME2_ADV/CLKOUT3
                         net (fo=1, routed)           0.648     3.171    soc_crg_clkout3
    BUFGCTRL_X0Y2        BUFG (Prop_bufg_I_O)         0.026     3.197 r  BUFG_3/O
                         net (fo=8, routed)           0.594     3.791    idelay_clk
    SLICE_X82Y72         FDSE                                         r  soc_crg_reset_counter_reg[3]/C
  -------------------------------------------------------------------    -------------------
    SLICE_X82Y72         FDSE (Prop_fdse_C_Q)         0.128     3.919 r  soc_crg_reset_counter_reg[3]/Q
                         net (fo=2, routed)           0.121     4.040    soc_crg_reset_counter[3]
    SLICE_X82Y72         LUT4 (Prop_lut4_I3_O)        0.098     4.138 r  soc_crg_reset_counter[3]_i_1/O
                         net (fo=5, routed)           0.056     4.194    soc_crg_reset_counter[3]_i_1_n_0
    SLICE_X82Y72         FDSE                                         r  soc_crg_reset_counter_reg[3]/CE
  -------------------------------------------------------------------    -------------------

                         (clock soc_crg_clkout3 rise edge)
                                                      0.000     0.000 r  
    E3                                                0.000     0.000 r  clk100 (IN)
                         net (fo=0)                   0.000     0.000    clk100
    E3                   IBUF (Prop_ibuf_I_O)         0.438     0.438 r  clk100_IBUF_inst/O
                         net (fo=1, routed)           0.699     1.136    clk100_IBUF
    BUFGCTRL_X0Y16       BUFG (Prop_bufg_I_O)         0.029     1.165 r  clk100_IBUF_BUFG_inst/O
                         net (fo=1, routed)           0.966     2.132    clk100_IBUF_BUFG
    SLICE_X46Y31         LUT1 (Prop_lut1_I0_O)        0.056     2.188 r  clk100_inst/O
                         net (fo=9, routed)           0.949     3.136    soc_crg_clkin
    MMCME2_ADV_X0Y0      MMCME2_ADV (Prop_mmcme2_adv_CLKIN1_CLKOUT3)
                                                      0.053     3.189 r  MMCME2_ADV/CLKOUT3
                         net (fo=1, routed)           0.700     3.890    soc_crg_clkout3
    BUFGCTRL_X0Y2        BUFG (Prop_bufg_I_O)         0.029     3.919 r  BUFG_3/O
                         net (fo=8, routed)           0.863     4.781    idelay_clk
    SLICE_X82Y72         FDSE                                         r  soc_crg_reset_counter_reg[3]/C
                         clock pessimism             -0.990     3.791    
    SLICE_X82Y72         FDSE (Hold_fdse_C_CE)       -0.039     3.752    soc_crg_reset_counter_reg[3]
  -------------------------------------------------------------------
                         required time                         -3.752    
                         arrival time                           4.194    
  -------------------------------------------------------------------
                         slack                                  0.442    

Slack (MET) :             0.480ns  (arrival time - required time)
  Source:                 FDPE_7/C
                            (rising edge-triggered cell FDPE clocked by soc_crg_clkout3  {rise@0.000ns fall@2.500ns period=5.000ns})
  Destination:            soc_crg_reset_counter_reg[0]/S
                            (rising edge-triggered cell FDSE clocked by soc_crg_clkout3  {rise@0.000ns fall@2.500ns period=5.000ns})
  Path Group:             soc_crg_clkout3
  Path Type:              Hold (Min at Fast Process Corner)
  Requirement:            0.000ns  (soc_crg_clkout3 rise@0.000ns - soc_crg_clkout3 rise@0.000ns)
  Data Path Delay:        0.447ns  (logic 0.128ns (28.652%)  route 0.319ns (71.348%))
  Logic Levels:           0  
  Clock Path Skew:        0.039ns (DCD - SCD - CPR)
    Destination Clock Delay (DCD):    4.781ns
    Source Clock Delay      (SCD):    3.787ns
    Clock Pessimism Removal (CPR):    0.955ns

    Location             Delay type                Incr(ns)  Path(ns)    Netlist Resource(s)
  -------------------------------------------------------------------    -------------------
                         (clock soc_crg_clkout3 rise edge)
                                                      0.000     0.000 r  
    E3                                                0.000     0.000 r  clk100 (IN)
                         net (fo=0)                   0.000     0.000    clk100
    E3                   IBUF (Prop_ibuf_I_O)         0.250     0.250 r  clk100_IBUF_inst/O
                         net (fo=1, routed)           0.644     0.894    clk100_IBUF
    BUFGCTRL_X0Y16       BUFG (Prop_bufg_I_O)         0.026     0.920 r  clk100_IBUF_BUFG_inst/O
                         net (fo=1, routed)           0.684     1.604    clk100_IBUF_BUFG
    SLICE_X46Y31         LUT1 (Prop_lut1_I0_O)        0.045     1.649 r  clk100_inst/O
                         net (fo=9, routed)           0.825     2.474    soc_crg_clkin
    MMCME2_ADV_X0Y0      MMCME2_ADV (Prop_mmcme2_adv_CLKIN1_CLKOUT3)
                                                      0.050     2.524 r  MMCME2_ADV/CLKOUT3
                         net (fo=1, routed)           0.648     3.171    soc_crg_clkout3
    BUFGCTRL_X0Y2        BUFG (Prop_bufg_I_O)         0.026     3.197 r  BUFG_3/O
                         net (fo=8, routed)           0.590     3.787    idelay_clk
    SLICE_X81Y71         FDPE                                         r  FDPE_7/C
  -------------------------------------------------------------------    -------------------
    SLICE_X81Y71         FDPE (Prop_fdpe_C_Q)         0.128     3.915 r  FDPE_7/Q
                         net (fo=5, routed)           0.319     4.234    idelay_rst
    SLICE_X82Y72         FDSE                                         r  soc_crg_reset_counter_reg[0]/S
  -------------------------------------------------------------------    -------------------

                         (clock soc_crg_clkout3 rise edge)
                                                      0.000     0.000 r  
    E3                                                0.000     0.000 r  clk100 (IN)
                         net (fo=0)                   0.000     0.000    clk100
    E3                   IBUF (Prop_ibuf_I_O)         0.438     0.438 r  clk100_IBUF_inst/O
                         net (fo=1, routed)           0.699     1.136    clk100_IBUF
    BUFGCTRL_X0Y16       BUFG (Prop_bufg_I_O)         0.029     1.165 r  clk100_IBUF_BUFG_inst/O
                         net (fo=1, routed)           0.966     2.132    clk100_IBUF_BUFG
    SLICE_X46Y31         LUT1 (Prop_lut1_I0_O)        0.056     2.188 r  clk100_inst/O
                         net (fo=9, routed)           0.949     3.136    soc_crg_clkin
    MMCME2_ADV_X0Y0      MMCME2_ADV (Prop_mmcme2_adv_CLKIN1_CLKOUT3)
                                                      0.053     3.189 r  MMCME2_ADV/CLKOUT3
                         net (fo=1, routed)           0.700     3.890    soc_crg_clkout3
    BUFGCTRL_X0Y2        BUFG (Prop_bufg_I_O)         0.029     3.919 r  BUFG_3/O
                         net (fo=8, routed)           0.863     4.781    idelay_clk
    SLICE_X82Y72         FDSE                                         r  soc_crg_reset_counter_reg[0]/C
                         clock pessimism             -0.955     3.826    
    SLICE_X82Y72         FDSE (Hold_fdse_C_S)        -0.072     3.754    soc_crg_reset_counter_reg[0]
  -------------------------------------------------------------------
                         required time                         -3.754    
                         arrival time                           4.234    
  -------------------------------------------------------------------
                         slack                                  0.480    





Pulse Width Checks
--------------------------------------------------------------------------------------
Clock Name:         soc_crg_clkout3
Waveform(ns):       { 0.000 2.500 }
Period(ns):         5.000
Sources:            { MMCME2_ADV/CLKOUT3 }

Check Type        Corner  Lib Pin             Reference Pin  Required(ns)  Actual(ns)  Slack(ns)  Location         Pin
Min Period        n/a     IDELAYCTRL/REFCLK   n/a            3.225         5.000       1.775      IDELAYCTRL_X1Y1  IDELAYCTRL/REFCLK
Min Period        n/a     BUFG/I              n/a            2.155         5.000       2.845      BUFGCTRL_X0Y2    BUFG_3/I
Min Period        n/a     MMCME2_ADV/CLKOUT3  n/a            1.249         5.000       3.751      MMCME2_ADV_X0Y0  MMCME2_ADV/CLKOUT3
Min Period        n/a     FDPE/C              n/a            1.000         5.000       4.000      SLICE_X81Y71     FDPE_6/C
Min Period        n/a     FDPE/C              n/a            1.000         5.000       4.000      SLICE_X81Y71     FDPE_7/C
Min Period        n/a     FDRE/C              n/a            1.000         5.000       4.000      SLICE_X83Y72     soc_crg_ic_reset_reg/C
Min Period        n/a     FDSE/C              n/a            1.000         5.000       4.000      SLICE_X82Y72     soc_crg_reset_counter_reg[0]/C
Min Period        n/a     FDSE/C              n/a            1.000         5.000       4.000      SLICE_X82Y72     soc_crg_reset_counter_reg[1]/C
Min Period        n/a     FDSE/C              n/a            1.000         5.000       4.000      SLICE_X82Y72     soc_crg_reset_counter_reg[2]/C
Min Period        n/a     FDSE/C              n/a            1.000         5.000       4.000      SLICE_X82Y72     soc_crg_reset_counter_reg[3]/C
Max Period        n/a     IDELAYCTRL/REFCLK   n/a            5.264         5.000       0.264      IDELAYCTRL_X1Y1  IDELAYCTRL/REFCLK
Max Period        n/a     MMCME2_ADV/CLKOUT3  n/a            213.360       5.000       208.360    MMCME2_ADV_X0Y0  MMCME2_ADV/CLKOUT3
Low Pulse Width   Slow    FDPE/C              n/a            0.500         2.500       2.000      SLICE_X81Y71     FDPE_6/C
Low Pulse Width   Fast    FDPE/C              n/a            0.500         2.500       2.000      SLICE_X81Y71     FDPE_6/C
Low Pulse Width   Slow    FDPE/C              n/a            0.500         2.500       2.000      SLICE_X81Y71     FDPE_7/C
Low Pulse Width   Fast    FDPE/C              n/a            0.500         2.500       2.000      SLICE_X81Y71     FDPE_7/C
Low Pulse Width   Slow    FDRE/C              n/a            0.500         2.500       2.000      SLICE_X83Y72     soc_crg_ic_reset_reg/C
Low Pulse Width   Fast    FDRE/C              n/a            0.500         2.500       2.000      SLICE_X83Y72     soc_crg_ic_reset_reg/C
Low Pulse Width   Slow    FDSE/C              n/a            0.500         2.500       2.000      SLICE_X82Y72     soc_crg_reset_counter_reg[0]/C
Low Pulse Width   Fast    FDSE/C              n/a            0.500         2.500       2.000      SLICE_X82Y72     soc_crg_reset_counter_reg[0]/C
Low Pulse Width   Slow    FDSE/C              n/a            0.500         2.500       2.000      SLICE_X82Y72     soc_crg_reset_counter_reg[1]/C
Low Pulse Width   Fast    FDSE/C              n/a            0.500         2.500       2.000      SLICE_X82Y72     soc_crg_reset_counter_reg[1]/C
High Pulse Width  Slow    FDPE/C              n/a            0.500         2.500       2.000      SLICE_X81Y71     FDPE_6/C
High Pulse Width  Fast    FDPE/C              n/a            0.500         2.500       2.000      SLICE_X81Y71     FDPE_6/C
High Pulse Width  Slow    FDPE/C              n/a            0.500         2.500       2.000      SLICE_X81Y71     FDPE_7/C
High Pulse Width  Fast    FDPE/C              n/a            0.500         2.500       2.000      SLICE_X81Y71     FDPE_7/C
High Pulse Width  Slow    FDRE/C              n/a            0.500         2.500       2.000      SLICE_X83Y72     soc_crg_ic_reset_reg/C
High Pulse Width  Fast    FDRE/C              n/a            0.500         2.500       2.000      SLICE_X83Y72     soc_crg_ic_reset_reg/C
High Pulse Width  Slow    FDSE/C              n/a            0.500         2.500       2.000      SLICE_X82Y72     soc_crg_reset_counter_reg[0]/C
High Pulse Width  Fast    FDSE/C              n/a            0.500         2.500       2.000      SLICE_X82Y72     soc_crg_reset_counter_reg[0]/C
High Pulse Width  Slow    FDSE/C              n/a            0.500         2.500       2.000      SLICE_X82Y72     soc_crg_reset_counter_reg[1]/C
High Pulse Width  Fast    FDSE/C              n/a            0.500         2.500       2.000      SLICE_X82Y72     soc_crg_reset_counter_reg[1]/C



------------------------------------------------------------------------------------------------
| Data sheet
| ----------
------------------------------------------------------------------------------------------------

Input Ports Setup/Hold

----------+--------------+----------------+----------+---------------+---------+---------------+---------+-----------------+
Reference | Input        | IO Reg         | Delay    |     Setup(ns) | Process |      Hold(ns) | Process | Internal        |
Clock     | Port         | Type           | Type     | to Clk (Edge) | Corner  | to Clk (Edge) | Corner  | Clock           |
----------+--------------+----------------+----------+---------------+---------+---------------+---------+-----------------+
clk100    | cpu_reset    | FDCE           | -        |     0.724 (r) | FAST    |     1.788 (r) | SLOW    |                 |
clk100    | serial_rx    | FDRE           | -        |    -1.897 (r) | FAST    |     7.966 (r) | SLOW    | soc_crg_clkout0 |
clk100    | ddram_dq[0]  | ISERDESE2 (IO) | VARIABLE |    -2.953 (r) | FAST    |    10.038 (r) | SLOW    | soc_crg_clkout1 |
clk100    | ddram_dq[0]  | ISERDESE2 (IO) | VARIABLE |    -2.881 (f) | FAST    |    10.038 (f) | SLOW    | soc_crg_clkout1 |
clk100    | ddram_dq[1]  | ISERDESE2 (IO) | VARIABLE |    -2.951 (r) | FAST    |    10.036 (r) | SLOW    | soc_crg_clkout1 |
clk100    | ddram_dq[1]  | ISERDESE2 (IO) | VARIABLE |    -2.879 (f) | FAST    |    10.036 (f) | SLOW    | soc_crg_clkout1 |
clk100    | ddram_dq[2]  | ISERDESE2 (IO) | VARIABLE |    -2.969 (r) | FAST    |    10.054 (r) | SLOW    | soc_crg_clkout1 |
clk100    | ddram_dq[2]  | ISERDESE2 (IO) | VARIABLE |    -2.897 (f) | FAST    |    10.054 (f) | SLOW    | soc_crg_clkout1 |
clk100    | ddram_dq[3]  | ISERDESE2 (IO) | VARIABLE |    -2.952 (r) | FAST    |    10.038 (r) | SLOW    | soc_crg_clkout1 |
clk100    | ddram_dq[3]  | ISERDESE2 (IO) | VARIABLE |    -2.880 (f) | FAST    |    10.038 (f) | SLOW    | soc_crg_clkout1 |
clk100    | ddram_dq[4]  | ISERDESE2 (IO) | VARIABLE |    -2.945 (r) | FAST    |    10.030 (r) | SLOW    | soc_crg_clkout1 |
clk100    | ddram_dq[4]  | ISERDESE2 (IO) | VARIABLE |    -2.873 (f) | FAST    |    10.030 (f) | SLOW    | soc_crg_clkout1 |
clk100    | ddram_dq[5]  | ISERDESE2 (IO) | VARIABLE |    -2.960 (r) | FAST    |    10.045 (r) | SLOW    | soc_crg_clkout1 |
clk100    | ddram_dq[5]  | ISERDESE2 (IO) | VARIABLE |    -2.888 (f) | FAST    |    10.045 (f) | SLOW    | soc_crg_clkout1 |
clk100    | ddram_dq[6]  | ISERDESE2 (IO) | VARIABLE |    -2.948 (r) | FAST    |    10.034 (r) | SLOW    | soc_crg_clkout1 |
clk100    | ddram_dq[6]  | ISERDESE2 (IO) | VARIABLE |    -2.876 (f) | FAST    |    10.034 (f) | SLOW    | soc_crg_clkout1 |
clk100    | ddram_dq[7]  | ISERDESE2 (IO) | VARIABLE |    -2.970 (r) | FAST    |    10.054 (r) | SLOW    | soc_crg_clkout1 |
clk100    | ddram_dq[7]  | ISERDESE2 (IO) | VARIABLE |    -2.898 (f) | FAST    |    10.054 (f) | SLOW    | soc_crg_clkout1 |
clk100    | ddram_dq[8]  | ISERDESE2 (IO) | VARIABLE |    -2.947 (r) | FAST    |    10.025 (r) | SLOW    | soc_crg_clkout1 |
clk100    | ddram_dq[8]  | ISERDESE2 (IO) | VARIABLE |    -2.875 (f) | FAST    |    10.025 (f) | SLOW    | soc_crg_clkout1 |
clk100    | ddram_dq[9]  | ISERDESE2 (IO) | VARIABLE |    -2.938 (r) | FAST    |    10.020 (r) | SLOW    | soc_crg_clkout1 |
clk100    | ddram_dq[9]  | ISERDESE2 (IO) | VARIABLE |    -2.866 (f) | FAST    |    10.020 (f) | SLOW    | soc_crg_clkout1 |
clk100    | ddram_dq[10] | ISERDESE2 (IO) | VARIABLE |    -2.940 (r) | FAST    |    10.019 (r) | SLOW    | soc_crg_clkout1 |
clk100    | ddram_dq[10] | ISERDESE2 (IO) | VARIABLE |    -2.868 (f) | FAST    |    10.019 (f) | SLOW    | soc_crg_clkout1 |
clk100    | ddram_dq[11] | ISERDESE2 (IO) | VARIABLE |    -2.933 (r) | FAST    |    10.016 (r) | SLOW    | soc_crg_clkout1 |
clk100    | ddram_dq[11] | ISERDESE2 (IO) | VARIABLE |    -2.861 (f) | FAST    |    10.016 (f) | SLOW    | soc_crg_clkout1 |
clk100    | ddram_dq[12] | ISERDESE2 (IO) | VARIABLE |    -2.928 (r) | FAST    |    10.007 (r) | SLOW    | soc_crg_clkout1 |
clk100    | ddram_dq[12] | ISERDESE2 (IO) | VARIABLE |    -2.856 (f) | FAST    |    10.007 (f) | SLOW    | soc_crg_clkout1 |
clk100    | ddram_dq[13] | ISERDESE2 (IO) | VARIABLE |    -2.952 (r) | FAST    |    10.030 (r) | SLOW    | soc_crg_clkout1 |
clk100    | ddram_dq[13] | ISERDESE2 (IO) | VARIABLE |    -2.880 (f) | FAST    |    10.030 (f) | SLOW    | soc_crg_clkout1 |
clk100    | ddram_dq[14] | ISERDESE2 (IO) | VARIABLE |    -2.940 (r) | FAST    |    10.024 (r) | SLOW    | soc_crg_clkout1 |
clk100    | ddram_dq[14] | ISERDESE2 (IO) | VARIABLE |    -2.868 (f) | FAST    |    10.024 (f) | SLOW    | soc_crg_clkout1 |
clk100    | ddram_dq[15] | ISERDESE2 (IO) | VARIABLE |    -2.953 (r) | FAST    |    10.031 (r) | SLOW    | soc_crg_clkout1 |
clk100    | ddram_dq[15] | ISERDESE2 (IO) | VARIABLE |    -2.881 (f) | FAST    |    10.031 (f) | SLOW    | soc_crg_clkout1 |
----------+--------------+----------------+----------+---------------+---------+---------------+---------+-----------------+


Output Ports Clock-to-out

----------+----------------+----------------+-------+----------------+---------+----------------+---------+-----------------+
Reference | Output         | IO Reg         | Delay | Max Clk (Edge) | Process | Min Clk (Edge) | Process | Internal        |
Clock     | Port           | Type           | Type  |    to port(ns) | Corner  |    to port(ns) | Corner  | Clock           |
----------+----------------+----------------+-------+----------------+---------+----------------+---------+-----------------+
clk100    | ddram_dq[0]    | FDRE           | -     |     17.983 (r) | SLOW    |      5.465 (r) | FAST    | soc_crg_clkout0 |
clk100    | ddram_dq[1]    | FDRE           | -     |     17.532 (r) | SLOW    |      5.265 (r) | FAST    | soc_crg_clkout0 |
clk100    | ddram_dq[2]    | FDRE           | -     |     18.264 (r) | SLOW    |      5.557 (r) | FAST    | soc_crg_clkout0 |
clk100    | ddram_dq[3]    | FDRE           | -     |     17.974 (r) | SLOW    |      5.457 (r) | FAST    | soc_crg_clkout0 |
clk100    | ddram_dq[4]    | FDRE           | -     |     17.382 (r) | SLOW    |      5.208 (r) | FAST    | soc_crg_clkout0 |
clk100    | ddram_dq[5]    | FDRE           | -     |     17.410 (r) | SLOW    |      5.178 (r) | FAST    | soc_crg_clkout0 |
clk100    | ddram_dq[6]    | FDRE           | -     |     17.834 (r) | SLOW    |      5.406 (r) | FAST    | soc_crg_clkout0 |
clk100    | ddram_dq[7]    | FDRE           | -     |     17.232 (r) | SLOW    |      5.121 (r) | FAST    | soc_crg_clkout0 |
clk100    | ddram_dq[8]    | FDRE           | -     |     16.294 (r) | SLOW    |      4.713 (r) | FAST    | soc_crg_clkout0 |
clk100    | ddram_dq[9]    | FDRE           | -     |     17.039 (r) | SLOW    |      5.051 (r) | FAST    | soc_crg_clkout0 |
clk100    | ddram_dq[10]   | FDRE           | -     |     16.746 (r) | SLOW    |      4.921 (r) | FAST    | soc_crg_clkout0 |
clk100    | ddram_dq[11]   | FDRE           | -     |     17.189 (r) | SLOW    |      5.121 (r) | FAST    | soc_crg_clkout0 |
clk100    | ddram_dq[12]   | FDRE           | -     |     16.596 (r) | SLOW    |      4.867 (r) | FAST    | soc_crg_clkout0 |
clk100    | ddram_dq[13]   | FDRE           | -     |     16.444 (r) | SLOW    |      4.771 (r) | FAST    | soc_crg_clkout0 |
clk100    | ddram_dq[14]   | FDRE           | -     |     17.329 (r) | SLOW    |      5.169 (r) | FAST    | soc_crg_clkout0 |
clk100    | ddram_dq[15]   | FDRE           | -     |     16.444 (r) | SLOW    |      4.773 (r) | FAST    | soc_crg_clkout0 |
clk100    | ddram_dqs_n[0] | FDRE           | -     |     16.946 (r) | SLOW    |      4.956 (r) | FAST    | soc_crg_clkout0 |
clk100    | ddram_dqs_n[1] | FDRE           | -     |     16.781 (r) | SLOW    |      4.906 (r) | FAST    | soc_crg_clkout0 |
clk100    | ddram_dqs_p[0] | FDRE           | -     |     16.947 (r) | SLOW    |      4.958 (r) | FAST    | soc_crg_clkout0 |
clk100    | ddram_dqs_p[1] | FDRE           | -     |     16.782 (r) | SLOW    |      4.907 (r) | FAST    | soc_crg_clkout0 |
clk100    | serial_tx      | FDSE           | -     |     18.916 (r) | SLOW    |      6.022 (r) | FAST    | soc_crg_clkout0 |
clk100    | user_led0      | FDRE           | -     |     21.599 (r) | SLOW    |      7.171 (r) | FAST    | soc_crg_clkout0 |
clk100    | user_led1      | FDRE           | -     |     21.361 (r) | SLOW    |      7.006 (r) | FAST    | soc_crg_clkout0 |
clk100    | user_led10     | FDRE           | -     |     21.042 (r) | SLOW    |      6.765 (r) | FAST    | soc_crg_clkout0 |
clk100    | user_led11     | FDRE           | -     |     20.830 (r) | SLOW    |      6.740 (r) | FAST    | soc_crg_clkout0 |
clk100    | user_led12     | FDRE           | -     |     21.192 (r) | SLOW    |      6.760 (r) | FAST    | soc_crg_clkout0 |
clk100    | user_led13     | FDRE           | -     |     20.008 (r) | SLOW    |      6.404 (r) | FAST    | soc_crg_clkout0 |
clk100    | user_led14     | FDRE           | -     |     20.736 (r) | SLOW    |      6.877 (r) | FAST    | soc_crg_clkout0 |
clk100    | user_led15     | FDRE           | -     |     21.122 (r) | SLOW    |      6.916 (r) | FAST    | soc_crg_clkout0 |
clk100    | user_led2      | FDRE           | -     |     21.930 (r) | SLOW    |      7.301 (r) | FAST    | soc_crg_clkout0 |
clk100    | user_led3      | FDRE           | -     |     21.094 (r) | SLOW    |      6.865 (r) | FAST    | soc_crg_clkout0 |
clk100    | user_led4      | FDRE           | -     |     21.446 (r) | SLOW    |      7.116 (r) | FAST    | soc_crg_clkout0 |
clk100    | user_led5      | FDRE           | -     |     20.553 (r) | SLOW    |      6.756 (r) | FAST    | soc_crg_clkout0 |
clk100    | user_led6      | FDRE           | -     |     21.246 (r) | SLOW    |      6.924 (r) | FAST    | soc_crg_clkout0 |
clk100    | user_led7      | FDRE           | -     |     20.596 (r) | SLOW    |      6.653 (r) | FAST    | soc_crg_clkout0 |
clk100    | user_led8      | FDRE           | -     |     21.052 (r) | SLOW    |      6.689 (r) | FAST    | soc_crg_clkout0 |
clk100    | user_led9      | FDRE           | -     |     21.100 (r) | SLOW    |      6.727 (r) | FAST    | soc_crg_clkout0 |
clk100    | ddram_a[0]     | OSERDESE2 (IO) | -     |     13.648 (r) | SLOW    |      4.333 (r) | FAST    | soc_crg_clkout1 |
clk100    | ddram_a[1]     | OSERDESE2 (IO) | -     |     13.663 (r) | SLOW    |      4.351 (r) | FAST    | soc_crg_clkout1 |
clk100    | ddram_a[2]     | OSERDESE2 (IO) | -     |     13.674 (r) | SLOW    |      4.357 (r) | FAST    | soc_crg_clkout1 |
clk100    | ddram_a[3]     | OSERDESE2 (IO) | -     |     13.674 (r) | SLOW    |      4.358 (r) | FAST    | soc_crg_clkout1 |
clk100    | ddram_a[4]     | OSERDESE2 (IO) | -     |     13.670 (r) | SLOW    |      4.351 (r) | FAST    | soc_crg_clkout1 |
clk100    | ddram_a[5]     | OSERDESE2 (IO) | -     |     13.665 (r) | SLOW    |      4.354 (r) | FAST    | soc_crg_clkout1 |
clk100    | ddram_a[6]     | OSERDESE2 (IO) | -     |     13.679 (r) | SLOW    |      4.360 (r) | FAST    | soc_crg_clkout1 |
clk100    | ddram_a[7]     | OSERDESE2 (IO) | -     |     13.680 (r) | SLOW    |      4.361 (r) | FAST    | soc_crg_clkout1 |
clk100    | ddram_a[8]     | OSERDESE2 (IO) | -     |     13.670 (r) | SLOW    |      4.352 (r) | FAST    | soc_crg_clkout1 |
clk100    | ddram_a[9]     | OSERDESE2 (IO) | -     |     13.664 (r) | SLOW    |      4.353 (r) | FAST    | soc_crg_clkout1 |
clk100    | ddram_a[10]    | OSERDESE2 (IO) | -     |     13.665 (r) | SLOW    |      4.353 (r) | FAST    | soc_crg_clkout1 |
clk100    | ddram_a[11]    | OSERDESE2 (IO) | -     |     13.658 (r) | SLOW    |      4.340 (r) | FAST    | soc_crg_clkout1 |
clk100    | ddram_a[12]    | OSERDESE2 (IO) | -     |     13.670 (r) | SLOW    |      4.353 (r) | FAST    | soc_crg_clkout1 |
clk100    | ddram_ba[0]    | OSERDESE2 (IO) | -     |     13.668 (r) | SLOW    |      4.356 (r) | FAST    | soc_crg_clkout1 |
clk100    | ddram_ba[1]    | OSERDESE2 (IO) | -     |     13.661 (r) | SLOW    |      4.349 (r) | FAST    | soc_crg_clkout1 |
clk100    | ddram_ba[2]    | OSERDESE2 (IO) | -     |     13.673 (r) | SLOW    |      4.357 (r) | FAST    | soc_crg_clkout1 |
clk100    | ddram_cas_n    | OSERDESE2 (IO) | -     |     13.689 (r) | SLOW    |      4.370 (r) | FAST    | soc_crg_clkout1 |
clk100    | ddram_cke      | OSERDESE2 (IO) | -     |     13.682 (r) | SLOW    |      4.362 (r) | FAST    | soc_crg_clkout1 |
clk100    | ddram_clk_n    | OSERDESE2 (IO) | -     |     13.751 (r) | SLOW    |      4.333 (r) | FAST    | soc_crg_clkout1 |
clk100    | ddram_clk_p    | OSERDESE2 (IO) | -     |     13.764 (r) | SLOW    |      4.345 (r) | FAST    | soc_crg_clkout1 |
clk100    | ddram_cs_n     | OSERDESE2 (IO) | -     |     13.639 (r) | SLOW    |      4.320 (r) | FAST    | soc_crg_clkout1 |
clk100    | ddram_dm[0]    | OSERDESE2 (IO) | -     |     13.703 (r) | SLOW    |      4.384 (r) | FAST    | soc_crg_clkout1 |
clk100    | ddram_dm[1]    | OSERDESE2 (IO) | -     |     13.705 (r) | SLOW    |      4.388 (r) | FAST    | soc_crg_clkout1 |
clk100    | ddram_dq[0]    | OSERDESE2 (IO) | -     |     14.560 (r) | SLOW    |      4.073 (r) | FAST    | soc_crg_clkout1 |
clk100    | ddram_dq[1]    | OSERDESE2 (IO) | -     |     14.558 (r) | SLOW    |      4.073 (r) | FAST    | soc_crg_clkout1 |
clk100    | ddram_dq[2]    | OSERDESE2 (IO) | -     |     14.561 (r) | SLOW    |      4.059 (r) | FAST    | soc_crg_clkout1 |
clk100    | ddram_dq[3]    | OSERDESE2 (IO) | -     |     14.559 (r) | SLOW    |      4.072 (r) | FAST    | soc_crg_clkout1 |
clk100    | ddram_dq[4]    | OSERDESE2 (IO) | -     |     14.558 (r) | SLOW    |      4.078 (r) | FAST    | soc_crg_clkout1 |
clk100    | ddram_dq[5]    | OSERDESE2 (IO) | -     |     14.558 (r) | SLOW    |      4.064 (r) | FAST    | soc_crg_clkout1 |
clk100    | ddram_dq[6]    | OSERDESE2 (IO) | -     |     14.559 (r) | SLOW    |      4.076 (r) | FAST    | soc_crg_clkout1 |
clk100    | ddram_dq[7]    | OSERDESE2 (IO) | -     |     14.558 (r) | SLOW    |      4.054 (r) | FAST    | soc_crg_clkout1 |
clk100    | ddram_dq[8]    | OSERDESE2 (IO) | -     |     14.544 (r) | SLOW    |      4.063 (r) | FAST    | soc_crg_clkout1 |
clk100    | ddram_dq[9]    | OSERDESE2 (IO) | -     |     14.554 (r) | SLOW    |      4.082 (r) | FAST    | soc_crg_clkout1 |
clk100    | ddram_dq[10]   | OSERDESE2 (IO) | -     |     14.547 (r) | SLOW    |      4.074 (r) | FAST    | soc_crg_clkout1 |
clk100    | ddram_dq[11]   | OSERDESE2 (IO) | -     |     14.554 (r) | SLOW    |      4.087 (r) | FAST    | soc_crg_clkout1 |
clk100    | ddram_dq[12]   | OSERDESE2 (IO) | -     |     14.547 (r) | SLOW    |      4.085 (r) | FAST    | soc_crg_clkout1 |
clk100    | ddram_dq[13]   | OSERDESE2 (IO) | -     |     14.544 (r) | SLOW    |      4.058 (r) | FAST    | soc_crg_clkout1 |
clk100    | ddram_dq[14]   | OSERDESE2 (IO) | -     |     14.555 (r) | SLOW    |      4.080 (r) | FAST    | soc_crg_clkout1 |
clk100    | ddram_dq[15]   | OSERDESE2 (IO) | -     |     14.546 (r) | SLOW    |      4.059 (r) | FAST    | soc_crg_clkout1 |
clk100    | ddram_odt      | OSERDESE2 (IO) | -     |     13.674 (r) | SLOW    |      4.355 (r) | FAST    | soc_crg_clkout1 |
clk100    | ddram_ras_n    | OSERDESE2 (IO) | -     |     13.659 (r) | SLOW    |      4.344 (r) | FAST    | soc_crg_clkout1 |
clk100    | ddram_we_n     | OSERDESE2 (IO) | -     |     13.691 (r) | SLOW    |      4.372 (r) | FAST    | soc_crg_clkout1 |
clk100    | ddram_dqs_n[0] | OSERDESE2 (IO) | -     |     16.225 (r) | SLOW    |      5.739 (r) | FAST    | soc_crg_clkout2 |
clk100    | ddram_dqs_n[1] | OSERDESE2 (IO) | -     |     16.218 (r) | SLOW    |      5.737 (r) | FAST    | soc_crg_clkout2 |
clk100    | ddram_dqs_p[0] | OSERDESE2 (IO) | -     |     16.226 (r) | SLOW    |      5.741 (r) | FAST    | soc_crg_clkout2 |
clk100    | ddram_dqs_p[1] | OSERDESE2 (IO) | -     |     16.219 (r) | SLOW    |      5.738 (r) | FAST    | soc_crg_clkout2 |
----------+----------------+----------------+-------+----------------+---------+----------------+---------+-----------------+


Setup between Clocks

-------+-------------+---------------+---------+---------------+---------+---------------+---------+---------------+---------+
Source | Destination |  Src:Rise     | Process |  Src:Rise     | Process |  Src:Fall     | Process |  Src:Fall     | Process |
Clock  | Clock       | Dest:Rise(ns) | Corner  | Dest:Fall(ns) | Corner  | Dest:Rise(ns) | Corner  | Dest:Fall(ns) | Corner  |
-------+-------------+---------------+---------+---------------+---------+---------------+---------+---------------+---------+
clk100 | clk100      |        12.079 | SLOW    |               |         |               |         |               |         |
-------+-------------+---------------+---------+---------------+---------+---------------+---------+---------------+---------+


Setup / Hold times for input bus
Clocked by: clk100
Worst Case Data Window: 7.198 ns
Ideal Clock Offset to Actual Clock: 6.455 ns
-------------------+-------------+---------+--------------+---------+-----------+-----------+---------------+
                   |             | Process |              | Process | Setup     |  Hold     | Source Offset |
Source             |   Setup(ns) | Corner  |     Hold(ns) | Corner  | Slack(ns) | Slack(ns) | to Center(ns) |
-------------------+-------------+---------+--------------+---------+-----------+-----------+---------------+
ddram_dq[0]        |  -2.953 (r) | FAST    |   10.038 (r) | SLOW    |       inf |       inf |             - |
ddram_dq[0]        |  -2.881 (f) | FAST    |   10.038 (f) | SLOW    |       inf |       inf |             - |
ddram_dq[1]        |  -2.951 (r) | FAST    |   10.036 (r) | SLOW    |       inf |       inf |             - |
ddram_dq[1]        |  -2.879 (f) | FAST    |   10.036 (f) | SLOW    |       inf |       inf |             - |
ddram_dq[2]        |  -2.969 (r) | FAST    |   10.054 (r) | SLOW    |       inf |       inf |             - |
ddram_dq[2]        |  -2.897 (f) | FAST    |   10.054 (f) | SLOW    |       inf |       inf |             - |
ddram_dq[3]        |  -2.952 (r) | FAST    |   10.038 (r) | SLOW    |       inf |       inf |             - |
ddram_dq[3]        |  -2.880 (f) | FAST    |   10.038 (f) | SLOW    |       inf |       inf |             - |
ddram_dq[4]        |  -2.945 (r) | FAST    |   10.030 (r) | SLOW    |       inf |       inf |             - |
ddram_dq[4]        |  -2.873 (f) | FAST    |   10.030 (f) | SLOW    |       inf |       inf |             - |
ddram_dq[5]        |  -2.960 (r) | FAST    |   10.045 (r) | SLOW    |       inf |       inf |             - |
ddram_dq[5]        |  -2.888 (f) | FAST    |   10.045 (f) | SLOW    |       inf |       inf |             - |
ddram_dq[6]        |  -2.948 (r) | FAST    |   10.034 (r) | SLOW    |       inf |       inf |             - |
ddram_dq[6]        |  -2.876 (f) | FAST    |   10.034 (f) | SLOW    |       inf |       inf |             - |
ddram_dq[7]        |  -2.970 (r) | FAST    |   10.054 (r) | SLOW    |       inf |       inf |             - |
ddram_dq[7]        |  -2.898 (f) | FAST    |   10.054 (f) | SLOW    |       inf |       inf |             - |
ddram_dq[8]        |  -2.947 (r) | FAST    |   10.025 (r) | SLOW    |       inf |       inf |             - |
ddram_dq[8]        |  -2.875 (f) | FAST    |   10.025 (f) | SLOW    |       inf |       inf |             - |
ddram_dq[9]        |  -2.938 (r) | FAST    |   10.020 (r) | SLOW    |       inf |       inf |             - |
ddram_dq[9]        |  -2.866 (f) | FAST    |   10.020 (f) | SLOW    |       inf |       inf |             - |
ddram_dq[10]       |  -2.940 (r) | FAST    |   10.019 (r) | SLOW    |       inf |       inf |             - |
ddram_dq[10]       |  -2.868 (f) | FAST    |   10.019 (f) | SLOW    |       inf |       inf |             - |
ddram_dq[11]       |  -2.933 (r) | FAST    |   10.016 (r) | SLOW    |       inf |       inf |             - |
ddram_dq[11]       |  -2.861 (f) | FAST    |   10.016 (f) | SLOW    |       inf |       inf |             - |
ddram_dq[12]       |  -2.928 (r) | FAST    |   10.007 (r) | SLOW    |       inf |       inf |             - |
ddram_dq[12]       |  -2.856 (f) | FAST    |   10.007 (f) | SLOW    |       inf |       inf |             - |
ddram_dq[13]       |  -2.952 (r) | FAST    |   10.030 (r) | SLOW    |       inf |       inf |             - |
ddram_dq[13]       |  -2.880 (f) | FAST    |   10.030 (f) | SLOW    |       inf |       inf |             - |
ddram_dq[14]       |  -2.940 (r) | FAST    |   10.024 (r) | SLOW    |       inf |       inf |             - |
ddram_dq[14]       |  -2.868 (f) | FAST    |   10.024 (f) | SLOW    |       inf |       inf |             - |
ddram_dq[15]       |  -2.953 (r) | FAST    |   10.031 (r) | SLOW    |       inf |       inf |             - |
ddram_dq[15]       |  -2.881 (f) | FAST    |   10.031 (f) | SLOW    |       inf |       inf |             - |
-------------------+-------------+---------+--------------+---------+-----------+-----------+---------------+
Worst Case Summary |  -2.856 (f) | FAST    |   10.054 (r) | SLOW    |       inf |       inf |             - |
-------------------+-------------+---------+--------------+---------+-----------+-----------+---------------+



Max / Min delays for output bus
Clocked by: clk100
Bus Skew: 0.032 ns
-------------------+--------------+---------+-------------+---------+----------+
                   |      Max     | Process |     Min     | Process | Edge     |
Pad                |    Delay(ns) | Corner  |   Delay(ns) | Corner  | Skew(ns) |
-------------------+--------------+---------+-------------+---------+----------+
ddram_a[0]         |   13.648 (r) | SLOW    |   4.333 (r) | FAST    |    0.000 |
ddram_a[1]         |   13.663 (r) | SLOW    |   4.351 (r) | FAST    |    0.017 |
ddram_a[2]         |   13.674 (r) | SLOW    |   4.357 (r) | FAST    |    0.026 |
ddram_a[3]         |   13.674 (r) | SLOW    |   4.358 (r) | FAST    |    0.026 |
ddram_a[4]         |   13.670 (r) | SLOW    |   4.351 (r) | FAST    |    0.022 |
ddram_a[5]         |   13.665 (r) | SLOW    |   4.354 (r) | FAST    |    0.020 |
ddram_a[6]         |   13.679 (r) | SLOW    |   4.360 (r) | FAST    |    0.031 |
ddram_a[7]         |   13.680 (r) | SLOW    |   4.361 (r) | FAST    |    0.032 |
ddram_a[8]         |   13.670 (r) | SLOW    |   4.352 (r) | FAST    |    0.022 |
ddram_a[9]         |   13.664 (r) | SLOW    |   4.353 (r) | FAST    |    0.019 |
ddram_a[10]        |   13.665 (r) | SLOW    |   4.353 (r) | FAST    |    0.020 |
ddram_a[11]        |   13.658 (r) | SLOW    |   4.340 (r) | FAST    |    0.010 |
ddram_a[12]        |   13.670 (r) | SLOW    |   4.353 (r) | FAST    |    0.022 |
-------------------+--------------+---------+-------------+---------+----------+
Worst Case Summary |   13.680 (r) | SLOW    |   4.333 (r) | FAST    |    0.032 |
-------------------+--------------+---------+-------------+---------+----------+



Max / Min delays for output bus
Clocked by: clk100
Bus Skew: 0.012 ns
-------------------+--------------+---------+-------------+---------+----------+
                   |      Max     | Process |     Min     | Process | Edge     |
Pad                |    Delay(ns) | Corner  |   Delay(ns) | Corner  | Skew(ns) |
-------------------+--------------+---------+-------------+---------+----------+
ddram_ba[0]        |   13.668 (r) | SLOW    |   4.356 (r) | FAST    |    0.008 |
ddram_ba[1]        |   13.661 (r) | SLOW    |   4.349 (r) | FAST    |    0.000 |
ddram_ba[2]        |   13.673 (r) | SLOW    |   4.357 (r) | FAST    |    0.012 |
-------------------+--------------+---------+-------------+---------+----------+
Worst Case Summary |   13.673 (r) | SLOW    |   4.349 (r) | FAST    |    0.012 |
-------------------+--------------+---------+-------------+---------+----------+



Max / Min delays for output bus
Clocked by: clk100
Bus Skew: 0.004 ns
-------------------+--------------+---------+-------------+---------+----------+
                   |      Max     | Process |     Min     | Process | Edge     |
Pad                |    Delay(ns) | Corner  |   Delay(ns) | Corner  | Skew(ns) |
-------------------+--------------+---------+-------------+---------+----------+
ddram_dm[0]        |   13.703 (r) | SLOW    |   4.384 (r) | FAST    |    0.000 |
ddram_dm[1]        |   13.705 (r) | SLOW    |   4.388 (r) | FAST    |    0.004 |
-------------------+--------------+---------+-------------+---------+----------+
Worst Case Summary |   13.705 (r) | SLOW    |   4.384 (r) | FAST    |    0.004 |
-------------------+--------------+---------+-------------+---------+----------+



Max / Min delays for output bus
Clocked by: clk100
Bus Skew: 1.970 ns
-------------------+--------------+---------+-------------+---------+----------+
                   |      Max     | Process |     Min     | Process | Edge     |
Pad                |    Delay(ns) | Corner  |   Delay(ns) | Corner  | Skew(ns) |
-------------------+--------------+---------+-------------+---------+----------+
ddram_dq[0]        |   17.983 (r) | SLOW    |   4.073 (r) | FAST    |    1.689 |
ddram_dq[1]        |   17.532 (r) | SLOW    |   4.073 (r) | FAST    |    1.238 |
ddram_dq[2]        |   18.264 (r) | SLOW    |   4.059 (r) | FAST    |    1.970 |
ddram_dq[3]        |   17.974 (r) | SLOW    |   4.072 (r) | FAST    |    1.680 |
ddram_dq[4]        |   17.382 (r) | SLOW    |   4.078 (r) | FAST    |    1.088 |
ddram_dq[5]        |   17.410 (r) | SLOW    |   4.064 (r) | FAST    |    1.116 |
ddram_dq[6]        |   17.834 (r) | SLOW    |   4.076 (r) | FAST    |    1.540 |
ddram_dq[7]        |   17.232 (r) | SLOW    |   4.054 (r) | FAST    |    0.938 |
ddram_dq[8]        |   16.294 (r) | SLOW    |   4.063 (r) | FAST    |    0.009 |
ddram_dq[9]        |   17.039 (r) | SLOW    |   4.082 (r) | FAST    |    0.745 |
ddram_dq[10]       |   16.746 (r) | SLOW    |   4.074 (r) | FAST    |    0.452 |
ddram_dq[11]       |   17.189 (r) | SLOW    |   4.087 (r) | FAST    |    0.895 |
ddram_dq[12]       |   16.596 (r) | SLOW    |   4.085 (r) | FAST    |    0.302 |
ddram_dq[13]       |   16.444 (r) | SLOW    |   4.058 (r) | FAST    |    0.150 |
ddram_dq[14]       |   17.329 (r) | SLOW    |   4.080 (r) | FAST    |    1.035 |
ddram_dq[15]       |   16.444 (r) | SLOW    |   4.059 (r) | FAST    |    0.150 |
-------------------+--------------+---------+-------------+---------+----------+
Worst Case Summary |   18.264 (r) | SLOW    |   4.054 (r) | FAST    |    1.970 |
-------------------+--------------+---------+-------------+---------+----------+



Max / Min delays for output bus
Clocked by: clk100
Bus Skew: 0.166 ns
-------------------+--------------+---------+-------------+---------+----------+
                   |      Max     | Process |     Min     | Process | Edge     |
Pad                |    Delay(ns) | Corner  |   Delay(ns) | Corner  | Skew(ns) |
-------------------+--------------+---------+-------------+---------+----------+
ddram_dqs_n[0]     |   16.946 (r) | SLOW    |   4.956 (r) | FAST    |    0.165 |
ddram_dqs_n[1]     |   16.781 (r) | SLOW    |   4.906 (r) | FAST    |    0.000 |
ddram_dqs_p[0]     |   16.947 (r) | SLOW    |   4.958 (r) | FAST    |    0.166 |
ddram_dqs_p[1]     |   16.782 (r) | SLOW    |   4.907 (r) | FAST    |    0.001 |
-------------------+--------------+---------+-------------+---------+----------+
Worst Case Summary |   16.947 (r) | SLOW    |   4.906 (r) | FAST    |    0.166 |
-------------------+--------------+---------+-------------+---------+----------+




