#-----------------------------------------------------------
# Vivado v2023.2 (64-bit)
# SW Build 4029153 on Fri Oct 13 20:13:54 MDT 2023
# IP Build 4028589 on Sat Oct 14 00:45:43 MDT 2023
# SharedData Build 4025554 on Tue Oct 10 17:18:54 MDT 2023
# Start of session at: Wed Oct  1 19:42:52 2025
# Process ID: 254411
# Current directory: /home/masamuneprog/AAML/CFU-Playground/soc/build/digilent_nexys4ddr.my_first_cfu/gateware
# Command line: vivado -mode batch -source digilent_nexys4ddr.tcl
# Log file: /home/masamuneprog/AAML/CFU-Playground/soc/build/digilent_nexys4ddr.my_first_cfu/gateware/vivado.log
# Journal file: /home/masamuneprog/AAML/CFU-Playground/soc/build/digilent_nexys4ddr.my_first_cfu/gateware/vivado.jou
# Running On: DESKTOP-8IM51LT, OS: Linux, CPU Frequency: 3187.201 MHz, CPU Physical cores: 8, Host memory: 12545 MB
#-----------------------------------------------------------
source digilent_nexys4ddr.tcl
# create_project -force -name digilent_nexys4ddr -part xc7a100t-CSG324-1
create_project: Time (s): cpu = 00:00:06 ; elapsed = 00:00:07 . Memory (MB): peak = 1263.105 ; gain = 0.027 ; free physical = 6288 ; free virtual = 11920
# set_msg_config -id {Common 17-55} -new_severity {Warning}
# read_verilog {/home/masamuneprog/AAML/CFU-Playground/proj/my_first_cfu/cfu.v}
# read_verilog {/home/masamuneprog/AAML/CFU-Playground/third_party/python/pythondata_cpu_vexriscv/pythondata_cpu_vexriscv/verilog/VexRiscv_FullCfu.v}
# read_verilog {/home/masamuneprog/AAML/CFU-Playground/soc/build/digilent_nexys4ddr.my_first_cfu/gateware/digilent_nexys4ddr.v}
# read_xdc digilent_nexys4ddr.xdc
# set_property PROCESSING_ORDER EARLY [get_files digilent_nexys4ddr.xdc]
# synth_design -directive default -top digilent_nexys4ddr -part xc7a100t-CSG324-1
Command: synth_design -directive default -top digilent_nexys4ddr -part xc7a100t-CSG324-1
Starting synth_design
Attempting to get a license for feature 'Synthesis' and/or device 'xc7a100t'
INFO: [Common 17-349] Got license for feature 'Synthesis' and/or device 'xc7a100t'
INFO: [Device 21-403] Loading part xc7a100tcsg324-1
INFO: [Synth 8-7079] Multithreading enabled for synth_design using a maximum of 4 processes.
INFO: [Synth 8-7078] Launching helper process for spawning children vivado processes
INFO: [Synth 8-7075] Helper process launched with PID 254644
---------------------------------------------------------------------------------
Starting RTL Elaboration : Time (s): cpu = 00:00:04 ; elapsed = 00:00:04 . Memory (MB): peak = 2016.797 ; gain = 403.715 ; free physical = 5207 ; free virtual = 10839
---------------------------------------------------------------------------------
INFO: [Synth 8-6157] synthesizing module 'digilent_nexys4ddr' [/home/masamuneprog/AAML/CFU-Playground/soc/build/digilent_nexys4ddr.my_first_cfu/gateware/digilent_nexys4ddr.v:20]
INFO: [Synth 8-3876] $readmem data file 'digilent_nexys4ddr_rom.init' is read successfully [/home/masamuneprog/AAML/CFU-Playground/soc/build/digilent_nexys4ddr.my_first_cfu/gateware/digilent_nexys4ddr.v:9717]
INFO: [Synth 8-3876] $readmem data file 'digilent_nexys4ddr_sram.init' is read successfully [/home/masamuneprog/AAML/CFU-Playground/soc/build/digilent_nexys4ddr.my_first_cfu/gateware/digilent_nexys4ddr.v:9732]
INFO: [Synth 8-3876] $readmem data file 'digilent_nexys4ddr_mem.init' is read successfully [/home/masamuneprog/AAML/CFU-Playground/soc/build/digilent_nexys4ddr.my_first_cfu/gateware/digilent_nexys4ddr.v:9755]
INFO: [Synth 8-155] case statement is not full and has no default [/home/masamuneprog/AAML/CFU-Playground/soc/build/digilent_nexys4ddr.my_first_cfu/gateware/digilent_nexys4ddr.v:9098]
INFO: [Synth 8-155] case statement is not full and has no default [/home/masamuneprog/AAML/CFU-Playground/soc/build/digilent_nexys4ddr.my_first_cfu/gateware/digilent_nexys4ddr.v:9121]
INFO: [Synth 8-155] case statement is not full and has no default [/home/masamuneprog/AAML/CFU-Playground/soc/build/digilent_nexys4ddr.my_first_cfu/gateware/digilent_nexys4ddr.v:9190]
INFO: [Synth 8-155] case statement is not full and has no default [/home/masamuneprog/AAML/CFU-Playground/soc/build/digilent_nexys4ddr.my_first_cfu/gateware/digilent_nexys4ddr.v:9202]
INFO: [Synth 8-155] case statement is not full and has no default [/home/masamuneprog/AAML/CFU-Playground/soc/build/digilent_nexys4ddr.my_first_cfu/gateware/digilent_nexys4ddr.v:9284]
INFO: [Synth 8-155] case statement is not full and has no default [/home/masamuneprog/AAML/CFU-Playground/soc/build/digilent_nexys4ddr.my_first_cfu/gateware/digilent_nexys4ddr.v:9339]
INFO: [Synth 8-6157] synthesizing module 'BUFG' [/tools/Xilinx/Vivado/2023.2/scripts/rt/data/unisim_comp.v:1951]
INFO: [Synth 8-6155] done synthesizing module 'BUFG' (0#1) [/tools/Xilinx/Vivado/2023.2/scripts/rt/data/unisim_comp.v:1951]
WARNING: [Synth 8-4446] all outputs are unconnected for this instance and logic may be removed [/home/masamuneprog/AAML/CFU-Playground/soc/build/digilent_nexys4ddr.my_first_cfu/gateware/digilent_nexys4ddr.v:9706]
INFO: [Synth 8-6157] synthesizing module 'IDELAYCTRL' [/tools/Xilinx/Vivado/2023.2/scripts/rt/data/unisim_comp.v:75727]
INFO: [Synth 8-6155] done synthesizing module 'IDELAYCTRL' (0#1) [/tools/Xilinx/Vivado/2023.2/scripts/rt/data/unisim_comp.v:75727]
WARNING: [Synth 8-7071] port 'RDY' of module 'IDELAYCTRL' is unconnected for instance 'IDELAYCTRL' [/home/masamuneprog/AAML/CFU-Playground/soc/build/digilent_nexys4ddr.my_first_cfu/gateware/digilent_nexys4ddr.v:9706]
WARNING: [Synth 8-7023] instance 'IDELAYCTRL' of module 'IDELAYCTRL' has 3 connections declared, but only 2 given [/home/masamuneprog/AAML/CFU-Playground/soc/build/digilent_nexys4ddr.my_first_cfu/gateware/digilent_nexys4ddr.v:9706]
INFO: [Synth 8-6157] synthesizing module 'OSERDESE2' [/tools/Xilinx/Vivado/2023.2/scripts/rt/data/unisim_comp.v:97310]
	Parameter DATA_RATE_OQ bound to: DDR - type: string 
	Parameter DATA_RATE_TQ bound to: BUF - type: string 
	Parameter DATA_WIDTH bound to: 4 - type: integer 
	Parameter SERDES_MODE bound to: MASTER - type: string 
	Parameter TRISTATE_WIDTH bound to: 1 - type: integer 
INFO: [Synth 8-6155] done synthesizing module 'OSERDESE2' (0#1) [/tools/Xilinx/Vivado/2023.2/scripts/rt/data/unisim_comp.v:97310]
WARNING: [Synth 8-7071] port 'OFB' of module 'OSERDESE2' is unconnected for instance 'OSERDESE2' [/home/masamuneprog/AAML/CFU-Playground/soc/build/digilent_nexys4ddr.my_first_cfu/gateware/digilent_nexys4ddr.v:9812]
WARNING: [Synth 8-7071] port 'SHIFTOUT1' of module 'OSERDESE2' is unconnected for instance 'OSERDESE2' [/home/masamuneprog/AAML/CFU-Playground/soc/build/digilent_nexys4ddr.my_first_cfu/gateware/digilent_nexys4ddr.v:9812]
WARNING: [Synth 8-7071] port 'SHIFTOUT2' of module 'OSERDESE2' is unconnected for instance 'OSERDESE2' [/home/masamuneprog/AAML/CFU-Playground/soc/build/digilent_nexys4ddr.my_first_cfu/gateware/digilent_nexys4ddr.v:9812]
WARNING: [Synth 8-7071] port 'TBYTEOUT' of module 'OSERDESE2' is unconnected for instance 'OSERDESE2' [/home/masamuneprog/AAML/CFU-Playground/soc/build/digilent_nexys4ddr.my_first_cfu/gateware/digilent_nexys4ddr.v:9812]
WARNING: [Synth 8-7071] port 'TFB' of module 'OSERDESE2' is unconnected for instance 'OSERDESE2' [/home/masamuneprog/AAML/CFU-Playground/soc/build/digilent_nexys4ddr.my_first_cfu/gateware/digilent_nexys4ddr.v:9812]
WARNING: [Synth 8-7071] port 'TQ' of module 'OSERDESE2' is unconnected for instance 'OSERDESE2' [/home/masamuneprog/AAML/CFU-Playground/soc/build/digilent_nexys4ddr.my_first_cfu/gateware/digilent_nexys4ddr.v:9812]
WARNING: [Synth 8-7071] port 'SHIFTIN1' of module 'OSERDESE2' is unconnected for instance 'OSERDESE2' [/home/masamuneprog/AAML/CFU-Playground/soc/build/digilent_nexys4ddr.my_first_cfu/gateware/digilent_nexys4ddr.v:9812]
WARNING: [Synth 8-7071] port 'SHIFTIN2' of module 'OSERDESE2' is unconnected for instance 'OSERDESE2' [/home/masamuneprog/AAML/CFU-Playground/soc/build/digilent_nexys4ddr.my_first_cfu/gateware/digilent_nexys4ddr.v:9812]
WARNING: [Synth 8-7071] port 'T1' of module 'OSERDESE2' is unconnected for instance 'OSERDESE2' [/home/masamuneprog/AAML/CFU-Playground/soc/build/digilent_nexys4ddr.my_first_cfu/gateware/digilent_nexys4ddr.v:9812]
WARNING: [Synth 8-7071] port 'T2' of module 'OSERDESE2' is unconnected for instance 'OSERDESE2' [/home/masamuneprog/AAML/CFU-Playground/soc/build/digilent_nexys4ddr.my_first_cfu/gateware/digilent_nexys4ddr.v:9812]
WARNING: [Synth 8-7071] port 'T3' of module 'OSERDESE2' is unconnected for instance 'OSERDESE2' [/home/masamuneprog/AAML/CFU-Playground/soc/build/digilent_nexys4ddr.my_first_cfu/gateware/digilent_nexys4ddr.v:9812]
WARNING: [Synth 8-7071] port 'T4' of module 'OSERDESE2' is unconnected for instance 'OSERDESE2' [/home/masamuneprog/AAML/CFU-Playground/soc/build/digilent_nexys4ddr.my_first_cfu/gateware/digilent_nexys4ddr.v:9812]
WARNING: [Synth 8-7071] port 'TBYTEIN' of module 'OSERDESE2' is unconnected for instance 'OSERDESE2' [/home/masamuneprog/AAML/CFU-Playground/soc/build/digilent_nexys4ddr.my_first_cfu/gateware/digilent_nexys4ddr.v:9812]
WARNING: [Synth 8-7071] port 'TCE' of module 'OSERDESE2' is unconnected for instance 'OSERDESE2' [/home/masamuneprog/AAML/CFU-Playground/soc/build/digilent_nexys4ddr.my_first_cfu/gateware/digilent_nexys4ddr.v:9812]
WARNING: [Synth 8-7023] instance 'OSERDESE2' of module 'OSERDESE2' has 27 connections declared, but only 13 given [/home/masamuneprog/AAML/CFU-Playground/soc/build/digilent_nexys4ddr.my_first_cfu/gateware/digilent_nexys4ddr.v:9812]
INFO: [Synth 8-6157] synthesizing module 'OBUFDS' [/tools/Xilinx/Vivado/2023.2/scripts/rt/data/unisim_comp.v:93073]
INFO: [Synth 8-6155] done synthesizing module 'OBUFDS' (0#1) [/tools/Xilinx/Vivado/2023.2/scripts/rt/data/unisim_comp.v:93073]
WARNING: [Synth 8-7071] port 'OFB' of module 'OSERDESE2' is unconnected for instance 'OSERDESE2_1' [/home/masamuneprog/AAML/CFU-Playground/soc/build/digilent_nexys4ddr.my_first_cfu/gateware/digilent_nexys4ddr.v:9840]
WARNING: [Synth 8-7071] port 'SHIFTOUT1' of module 'OSERDESE2' is unconnected for instance 'OSERDESE2_1' [/home/masamuneprog/AAML/CFU-Playground/soc/build/digilent_nexys4ddr.my_first_cfu/gateware/digilent_nexys4ddr.v:9840]
WARNING: [Synth 8-7071] port 'SHIFTOUT2' of module 'OSERDESE2' is unconnected for instance 'OSERDESE2_1' [/home/masamuneprog/AAML/CFU-Playground/soc/build/digilent_nexys4ddr.my_first_cfu/gateware/digilent_nexys4ddr.v:9840]
WARNING: [Synth 8-7071] port 'TBYTEOUT' of module 'OSERDESE2' is unconnected for instance 'OSERDESE2_1' [/home/masamuneprog/AAML/CFU-Playground/soc/build/digilent_nexys4ddr.my_first_cfu/gateware/digilent_nexys4ddr.v:9840]
WARNING: [Synth 8-7071] port 'TFB' of module 'OSERDESE2' is unconnected for instance 'OSERDESE2_1' [/home/masamuneprog/AAML/CFU-Playground/soc/build/digilent_nexys4ddr.my_first_cfu/gateware/digilent_nexys4ddr.v:9840]
WARNING: [Synth 8-7071] port 'TQ' of module 'OSERDESE2' is unconnected for instance 'OSERDESE2_1' [/home/masamuneprog/AAML/CFU-Playground/soc/build/digilent_nexys4ddr.my_first_cfu/gateware/digilent_nexys4ddr.v:9840]
WARNING: [Synth 8-7071] port 'SHIFTIN1' of module 'OSERDESE2' is unconnected for instance 'OSERDESE2_1' [/home/masamuneprog/AAML/CFU-Playground/soc/build/digilent_nexys4ddr.my_first_cfu/gateware/digilent_nexys4ddr.v:9840]
WARNING: [Synth 8-7071] port 'SHIFTIN2' of module 'OSERDESE2' is unconnected for instance 'OSERDESE2_1' [/home/masamuneprog/AAML/CFU-Playground/soc/build/digilent_nexys4ddr.my_first_cfu/gateware/digilent_nexys4ddr.v:9840]
WARNING: [Synth 8-7071] port 'T1' of module 'OSERDESE2' is unconnected for instance 'OSERDESE2_1' [/home/masamuneprog/AAML/CFU-Playground/soc/build/digilent_nexys4ddr.my_first_cfu/gateware/digilent_nexys4ddr.v:9840]
WARNING: [Synth 8-7071] port 'T2' of module 'OSERDESE2' is unconnected for instance 'OSERDESE2_1' [/home/masamuneprog/AAML/CFU-Playground/soc/build/digilent_nexys4ddr.my_first_cfu/gateware/digilent_nexys4ddr.v:9840]
WARNING: [Synth 8-7071] port 'T3' of module 'OSERDESE2' is unconnected for instance 'OSERDESE2_1' [/home/masamuneprog/AAML/CFU-Playground/soc/build/digilent_nexys4ddr.my_first_cfu/gateware/digilent_nexys4ddr.v:9840]
WARNING: [Synth 8-7071] port 'T4' of module 'OSERDESE2' is unconnected for instance 'OSERDESE2_1' [/home/masamuneprog/AAML/CFU-Playground/soc/build/digilent_nexys4ddr.my_first_cfu/gateware/digilent_nexys4ddr.v:9840]
WARNING: [Synth 8-7071] port 'TBYTEIN' of module 'OSERDESE2' is unconnected for instance 'OSERDESE2_1' [/home/masamuneprog/AAML/CFU-Playground/soc/build/digilent_nexys4ddr.my_first_cfu/gateware/digilent_nexys4ddr.v:9840]
WARNING: [Synth 8-7071] port 'TCE' of module 'OSERDESE2' is unconnected for instance 'OSERDESE2_1' [/home/masamuneprog/AAML/CFU-Playground/soc/build/digilent_nexys4ddr.my_first_cfu/gateware/digilent_nexys4ddr.v:9840]
WARNING: [Synth 8-7023] instance 'OSERDESE2_1' of module 'OSERDESE2' has 27 connections declared, but only 13 given [/home/masamuneprog/AAML/CFU-Playground/soc/build/digilent_nexys4ddr.my_first_cfu/gateware/digilent_nexys4ddr.v:9840]
WARNING: [Synth 8-7071] port 'OFB' of module 'OSERDESE2' is unconnected for instance 'OSERDESE2_2' [/home/masamuneprog/AAML/CFU-Playground/soc/build/digilent_nexys4ddr.my_first_cfu/gateware/digilent_nexys4ddr.v:9862]
WARNING: [Synth 8-7071] port 'SHIFTOUT1' of module 'OSERDESE2' is unconnected for instance 'OSERDESE2_2' [/home/masamuneprog/AAML/CFU-Playground/soc/build/digilent_nexys4ddr.my_first_cfu/gateware/digilent_nexys4ddr.v:9862]
WARNING: [Synth 8-7071] port 'SHIFTOUT2' of module 'OSERDESE2' is unconnected for instance 'OSERDESE2_2' [/home/masamuneprog/AAML/CFU-Playground/soc/build/digilent_nexys4ddr.my_first_cfu/gateware/digilent_nexys4ddr.v:9862]
WARNING: [Synth 8-7071] port 'TBYTEOUT' of module 'OSERDESE2' is unconnected for instance 'OSERDESE2_2' [/home/masamuneprog/AAML/CFU-Playground/soc/build/digilent_nexys4ddr.my_first_cfu/gateware/digilent_nexys4ddr.v:9862]
WARNING: [Synth 8-7071] port 'TFB' of module 'OSERDESE2' is unconnected for instance 'OSERDESE2_2' [/home/masamuneprog/AAML/CFU-Playground/soc/build/digilent_nexys4ddr.my_first_cfu/gateware/digilent_nexys4ddr.v:9862]
WARNING: [Synth 8-7071] port 'TQ' of module 'OSERDESE2' is unconnected for instance 'OSERDESE2_2' [/home/masamuneprog/AAML/CFU-Playground/soc/build/digilent_nexys4ddr.my_first_cfu/gateware/digilent_nexys4ddr.v:9862]
WARNING: [Synth 8-7071] port 'SHIFTIN1' of module 'OSERDESE2' is unconnected for instance 'OSERDESE2_2' [/home/masamuneprog/AAML/CFU-Playground/soc/build/digilent_nexys4ddr.my_first_cfu/gateware/digilent_nexys4ddr.v:9862]
WARNING: [Synth 8-7071] port 'SHIFTIN2' of module 'OSERDESE2' is unconnected for instance 'OSERDESE2_2' [/home/masamuneprog/AAML/CFU-Playground/soc/build/digilent_nexys4ddr.my_first_cfu/gateware/digilent_nexys4ddr.v:9862]
WARNING: [Synth 8-7071] port 'T1' of module 'OSERDESE2' is unconnected for instance 'OSERDESE2_2' [/home/masamuneprog/AAML/CFU-Playground/soc/build/digilent_nexys4ddr.my_first_cfu/gateware/digilent_nexys4ddr.v:9862]
WARNING: [Synth 8-7071] port 'T2' of module 'OSERDESE2' is unconnected for instance 'OSERDESE2_2' [/home/masamuneprog/AAML/CFU-Playground/soc/build/digilent_nexys4ddr.my_first_cfu/gateware/digilent_nexys4ddr.v:9862]
WARNING: [Synth 8-7071] port 'T3' of module 'OSERDESE2' is unconnected for instance 'OSERDESE2_2' [/home/masamuneprog/AAML/CFU-Playground/soc/build/digilent_nexys4ddr.my_first_cfu/gateware/digilent_nexys4ddr.v:9862]
WARNING: [Synth 8-7071] port 'T4' of module 'OSERDESE2' is unconnected for instance 'OSERDESE2_2' [/home/masamuneprog/AAML/CFU-Playground/soc/build/digilent_nexys4ddr.my_first_cfu/gateware/digilent_nexys4ddr.v:9862]
WARNING: [Synth 8-7071] port 'TBYTEIN' of module 'OSERDESE2' is unconnected for instance 'OSERDESE2_2' [/home/masamuneprog/AAML/CFU-Playground/soc/build/digilent_nexys4ddr.my_first_cfu/gateware/digilent_nexys4ddr.v:9862]
WARNING: [Synth 8-7071] port 'TCE' of module 'OSERDESE2' is unconnected for instance 'OSERDESE2_2' [/home/masamuneprog/AAML/CFU-Playground/soc/build/digilent_nexys4ddr.my_first_cfu/gateware/digilent_nexys4ddr.v:9862]
WARNING: [Synth 8-7023] instance 'OSERDESE2_2' of module 'OSERDESE2' has 27 connections declared, but only 13 given [/home/masamuneprog/AAML/CFU-Playground/soc/build/digilent_nexys4ddr.my_first_cfu/gateware/digilent_nexys4ddr.v:9862]
WARNING: [Synth 8-7071] port 'OFB' of module 'OSERDESE2' is unconnected for instance 'OSERDESE2_3' [/home/masamuneprog/AAML/CFU-Playground/soc/build/digilent_nexys4ddr.my_first_cfu/gateware/digilent_nexys4ddr.v:9884]
WARNING: [Synth 8-7071] port 'SHIFTOUT1' of module 'OSERDESE2' is unconnected for instance 'OSERDESE2_3' [/home/masamuneprog/AAML/CFU-Playground/soc/build/digilent_nexys4ddr.my_first_cfu/gateware/digilent_nexys4ddr.v:9884]
WARNING: [Synth 8-7071] port 'SHIFTOUT2' of module 'OSERDESE2' is unconnected for instance 'OSERDESE2_3' [/home/masamuneprog/AAML/CFU-Playground/soc/build/digilent_nexys4ddr.my_first_cfu/gateware/digilent_nexys4ddr.v:9884]
WARNING: [Synth 8-7071] port 'TBYTEOUT' of module 'OSERDESE2' is unconnected for instance 'OSERDESE2_3' [/home/masamuneprog/AAML/CFU-Playground/soc/build/digilent_nexys4ddr.my_first_cfu/gateware/digilent_nexys4ddr.v:9884]
WARNING: [Synth 8-7071] port 'TFB' of module 'OSERDESE2' is unconnected for instance 'OSERDESE2_3' [/home/masamuneprog/AAML/CFU-Playground/soc/build/digilent_nexys4ddr.my_first_cfu/gateware/digilent_nexys4ddr.v:9884]
WARNING: [Synth 8-7071] port 'TQ' of module 'OSERDESE2' is unconnected for instance 'OSERDESE2_3' [/home/masamuneprog/AAML/CFU-Playground/soc/build/digilent_nexys4ddr.my_first_cfu/gateware/digilent_nexys4ddr.v:9884]
WARNING: [Synth 8-7071] port 'SHIFTIN1' of module 'OSERDESE2' is unconnected for instance 'OSERDESE2_3' [/home/masamuneprog/AAML/CFU-Playground/soc/build/digilent_nexys4ddr.my_first_cfu/gateware/digilent_nexys4ddr.v:9884]
WARNING: [Synth 8-7071] port 'SHIFTIN2' of module 'OSERDESE2' is unconnected for instance 'OSERDESE2_3' [/home/masamuneprog/AAML/CFU-Playground/soc/build/digilent_nexys4ddr.my_first_cfu/gateware/digilent_nexys4ddr.v:9884]
WARNING: [Synth 8-7071] port 'T1' of module 'OSERDESE2' is unconnected for instance 'OSERDESE2_3' [/home/masamuneprog/AAML/CFU-Playground/soc/build/digilent_nexys4ddr.my_first_cfu/gateware/digilent_nexys4ddr.v:9884]
WARNING: [Synth 8-7071] port 'T2' of module 'OSERDESE2' is unconnected for instance 'OSERDESE2_3' [/home/masamuneprog/AAML/CFU-Playground/soc/build/digilent_nexys4ddr.my_first_cfu/gateware/digilent_nexys4ddr.v:9884]
WARNING: [Synth 8-7071] port 'T3' of module 'OSERDESE2' is unconnected for instance 'OSERDESE2_3' [/home/masamuneprog/AAML/CFU-Playground/soc/build/digilent_nexys4ddr.my_first_cfu/gateware/digilent_nexys4ddr.v:9884]
WARNING: [Synth 8-7071] port 'T4' of module 'OSERDESE2' is unconnected for instance 'OSERDESE2_3' [/home/masamuneprog/AAML/CFU-Playground/soc/build/digilent_nexys4ddr.my_first_cfu/gateware/digilent_nexys4ddr.v:9884]
WARNING: [Synth 8-7071] port 'TBYTEIN' of module 'OSERDESE2' is unconnected for instance 'OSERDESE2_3' [/home/masamuneprog/AAML/CFU-Playground/soc/build/digilent_nexys4ddr.my_first_cfu/gateware/digilent_nexys4ddr.v:9884]
WARNING: [Synth 8-7071] port 'TCE' of module 'OSERDESE2' is unconnected for instance 'OSERDESE2_3' [/home/masamuneprog/AAML/CFU-Playground/soc/build/digilent_nexys4ddr.my_first_cfu/gateware/digilent_nexys4ddr.v:9884]
WARNING: [Synth 8-7023] instance 'OSERDESE2_3' of module 'OSERDESE2' has 27 connections declared, but only 13 given [/home/masamuneprog/AAML/CFU-Playground/soc/build/digilent_nexys4ddr.my_first_cfu/gateware/digilent_nexys4ddr.v:9884]
WARNING: [Synth 8-7071] port 'OFB' of module 'OSERDESE2' is unconnected for instance 'OSERDESE2_4' [/home/masamuneprog/AAML/CFU-Playground/soc/build/digilent_nexys4ddr.my_first_cfu/gateware/digilent_nexys4ddr.v:9906]
WARNING: [Synth 8-7071] port 'SHIFTOUT1' of module 'OSERDESE2' is unconnected for instance 'OSERDESE2_4' [/home/masamuneprog/AAML/CFU-Playground/soc/build/digilent_nexys4ddr.my_first_cfu/gateware/digilent_nexys4ddr.v:9906]
WARNING: [Synth 8-7071] port 'SHIFTOUT2' of module 'OSERDESE2' is unconnected for instance 'OSERDESE2_4' [/home/masamuneprog/AAML/CFU-Playground/soc/build/digilent_nexys4ddr.my_first_cfu/gateware/digilent_nexys4ddr.v:9906]
WARNING: [Synth 8-7071] port 'TBYTEOUT' of module 'OSERDESE2' is unconnected for instance 'OSERDESE2_4' [/home/masamuneprog/AAML/CFU-Playground/soc/build/digilent_nexys4ddr.my_first_cfu/gateware/digilent_nexys4ddr.v:9906]
WARNING: [Synth 8-7071] port 'TFB' of module 'OSERDESE2' is unconnected for instance 'OSERDESE2_4' [/home/masamuneprog/AAML/CFU-Playground/soc/build/digilent_nexys4ddr.my_first_cfu/gateware/digilent_nexys4ddr.v:9906]
WARNING: [Synth 8-7071] port 'TQ' of module 'OSERDESE2' is unconnected for instance 'OSERDESE2_4' [/home/masamuneprog/AAML/CFU-Playground/soc/build/digilent_nexys4ddr.my_first_cfu/gateware/digilent_nexys4ddr.v:9906]
WARNING: [Synth 8-7071] port 'SHIFTIN1' of module 'OSERDESE2' is unconnected for instance 'OSERDESE2_4' [/home/masamuneprog/AAML/CFU-Playground/soc/build/digilent_nexys4ddr.my_first_cfu/gateware/digilent_nexys4ddr.v:9906]
WARNING: [Synth 8-7071] port 'SHIFTIN2' of module 'OSERDESE2' is unconnected for instance 'OSERDESE2_4' [/home/masamuneprog/AAML/CFU-Playground/soc/build/digilent_nexys4ddr.my_first_cfu/gateware/digilent_nexys4ddr.v:9906]
WARNING: [Synth 8-7071] port 'T1' of module 'OSERDESE2' is unconnected for instance 'OSERDESE2_4' [/home/masamuneprog/AAML/CFU-Playground/soc/build/digilent_nexys4ddr.my_first_cfu/gateware/digilent_nexys4ddr.v:9906]
WARNING: [Synth 8-7071] port 'T2' of module 'OSERDESE2' is unconnected for instance 'OSERDESE2_4' [/home/masamuneprog/AAML/CFU-Playground/soc/build/digilent_nexys4ddr.my_first_cfu/gateware/digilent_nexys4ddr.v:9906]
WARNING: [Synth 8-7071] port 'T3' of module 'OSERDESE2' is unconnected for instance 'OSERDESE2_4' [/home/masamuneprog/AAML/CFU-Playground/soc/build/digilent_nexys4ddr.my_first_cfu/gateware/digilent_nexys4ddr.v:9906]
WARNING: [Synth 8-7071] port 'T4' of module 'OSERDESE2' is unconnected for instance 'OSERDESE2_4' [/home/masamuneprog/AAML/CFU-Playground/soc/build/digilent_nexys4ddr.my_first_cfu/gateware/digilent_nexys4ddr.v:9906]
WARNING: [Synth 8-7071] port 'TBYTEIN' of module 'OSERDESE2' is unconnected for instance 'OSERDESE2_4' [/home/masamuneprog/AAML/CFU-Playground/soc/build/digilent_nexys4ddr.my_first_cfu/gateware/digilent_nexys4ddr.v:9906]
WARNING: [Synth 8-7071] port 'TCE' of module 'OSERDESE2' is unconnected for instance 'OSERDESE2_4' [/home/masamuneprog/AAML/CFU-Playground/soc/build/digilent_nexys4ddr.my_first_cfu/gateware/digilent_nexys4ddr.v:9906]
WARNING: [Synth 8-7023] instance 'OSERDESE2_4' of module 'OSERDESE2' has 27 connections declared, but only 13 given [/home/masamuneprog/AAML/CFU-Playground/soc/build/digilent_nexys4ddr.my_first_cfu/gateware/digilent_nexys4ddr.v:9906]
WARNING: [Synth 8-7071] port 'OFB' of module 'OSERDESE2' is unconnected for instance 'OSERDESE2_5' [/home/masamuneprog/AAML/CFU-Playground/soc/build/digilent_nexys4ddr.my_first_cfu/gateware/digilent_nexys4ddr.v:9928]
WARNING: [Synth 8-7071] port 'SHIFTOUT1' of module 'OSERDESE2' is unconnected for instance 'OSERDESE2_5' [/home/masamuneprog/AAML/CFU-Playground/soc/build/digilent_nexys4ddr.my_first_cfu/gateware/digilent_nexys4ddr.v:9928]
WARNING: [Synth 8-7071] port 'SHIFTOUT2' of module 'OSERDESE2' is unconnected for instance 'OSERDESE2_5' [/home/masamuneprog/AAML/CFU-Playground/soc/build/digilent_nexys4ddr.my_first_cfu/gateware/digilent_nexys4ddr.v:9928]
WARNING: [Synth 8-7071] port 'TBYTEOUT' of module 'OSERDESE2' is unconnected for instance 'OSERDESE2_5' [/home/masamuneprog/AAML/CFU-Playground/soc/build/digilent_nexys4ddr.my_first_cfu/gateware/digilent_nexys4ddr.v:9928]
WARNING: [Synth 8-7071] port 'TFB' of module 'OSERDESE2' is unconnected for instance 'OSERDESE2_5' [/home/masamuneprog/AAML/CFU-Playground/soc/build/digilent_nexys4ddr.my_first_cfu/gateware/digilent_nexys4ddr.v:9928]
WARNING: [Synth 8-7071] port 'TQ' of module 'OSERDESE2' is unconnected for instance 'OSERDESE2_5' [/home/masamuneprog/AAML/CFU-Playground/soc/build/digilent_nexys4ddr.my_first_cfu/gateware/digilent_nexys4ddr.v:9928]
WARNING: [Synth 8-7071] port 'SHIFTIN1' of module 'OSERDESE2' is unconnected for instance 'OSERDESE2_5' [/home/masamuneprog/AAML/CFU-Playground/soc/build/digilent_nexys4ddr.my_first_cfu/gateware/digilent_nexys4ddr.v:9928]
WARNING: [Synth 8-7071] port 'SHIFTIN2' of module 'OSERDESE2' is unconnected for instance 'OSERDESE2_5' [/home/masamuneprog/AAML/CFU-Playground/soc/build/digilent_nexys4ddr.my_first_cfu/gateware/digilent_nexys4ddr.v:9928]
WARNING: [Synth 8-7071] port 'T1' of module 'OSERDESE2' is unconnected for instance 'OSERDESE2_5' [/home/masamuneprog/AAML/CFU-Playground/soc/build/digilent_nexys4ddr.my_first_cfu/gateware/digilent_nexys4ddr.v:9928]
WARNING: [Synth 8-7071] port 'T2' of module 'OSERDESE2' is unconnected for instance 'OSERDESE2_5' [/home/masamuneprog/AAML/CFU-Playground/soc/build/digilent_nexys4ddr.my_first_cfu/gateware/digilent_nexys4ddr.v:9928]
WARNING: [Synth 8-7071] port 'T3' of module 'OSERDESE2' is unconnected for instance 'OSERDESE2_5' [/home/masamuneprog/AAML/CFU-Playground/soc/build/digilent_nexys4ddr.my_first_cfu/gateware/digilent_nexys4ddr.v:9928]
WARNING: [Synth 8-7071] port 'T4' of module 'OSERDESE2' is unconnected for instance 'OSERDESE2_5' [/home/masamuneprog/AAML/CFU-Playground/soc/build/digilent_nexys4ddr.my_first_cfu/gateware/digilent_nexys4ddr.v:9928]
WARNING: [Synth 8-7071] port 'TBYTEIN' of module 'OSERDESE2' is unconnected for instance 'OSERDESE2_5' [/home/masamuneprog/AAML/CFU-Playground/soc/build/digilent_nexys4ddr.my_first_cfu/gateware/digilent_nexys4ddr.v:9928]
WARNING: [Synth 8-7071] port 'TCE' of module 'OSERDESE2' is unconnected for instance 'OSERDESE2_5' [/home/masamuneprog/AAML/CFU-Playground/soc/build/digilent_nexys4ddr.my_first_cfu/gateware/digilent_nexys4ddr.v:9928]
WARNING: [Synth 8-7023] instance 'OSERDESE2_5' of module 'OSERDESE2' has 27 connections declared, but only 13 given [/home/masamuneprog/AAML/CFU-Playground/soc/build/digilent_nexys4ddr.my_first_cfu/gateware/digilent_nexys4ddr.v:9928]
WARNING: [Synth 8-7071] port 'OFB' of module 'OSERDESE2' is unconnected for instance 'OSERDESE2_6' [/home/masamuneprog/AAML/CFU-Playground/soc/build/digilent_nexys4ddr.my_first_cfu/gateware/digilent_nexys4ddr.v:9950]
WARNING: [Synth 8-7071] port 'SHIFTOUT1' of module 'OSERDESE2' is unconnected for instance 'OSERDESE2_6' [/home/masamuneprog/AAML/CFU-Playground/soc/build/digilent_nexys4ddr.my_first_cfu/gateware/digilent_nexys4ddr.v:9950]
WARNING: [Synth 8-7071] port 'SHIFTOUT2' of module 'OSERDESE2' is unconnected for instance 'OSERDESE2_6' [/home/masamuneprog/AAML/CFU-Playground/soc/build/digilent_nexys4ddr.my_first_cfu/gateware/digilent_nexys4ddr.v:9950]
WARNING: [Synth 8-7071] port 'TBYTEOUT' of module 'OSERDESE2' is unconnected for instance 'OSERDESE2_6' [/home/masamuneprog/AAML/CFU-Playground/soc/build/digilent_nexys4ddr.my_first_cfu/gateware/digilent_nexys4ddr.v:9950]
WARNING: [Synth 8-7071] port 'TFB' of module 'OSERDESE2' is unconnected for instance 'OSERDESE2_6' [/home/masamuneprog/AAML/CFU-Playground/soc/build/digilent_nexys4ddr.my_first_cfu/gateware/digilent_nexys4ddr.v:9950]
WARNING: [Synth 8-7071] port 'TQ' of module 'OSERDESE2' is unconnected for instance 'OSERDESE2_6' [/home/masamuneprog/AAML/CFU-Playground/soc/build/digilent_nexys4ddr.my_first_cfu/gateware/digilent_nexys4ddr.v:9950]
WARNING: [Synth 8-7071] port 'SHIFTIN1' of module 'OSERDESE2' is unconnected for instance 'OSERDESE2_6' [/home/masamuneprog/AAML/CFU-Playground/soc/build/digilent_nexys4ddr.my_first_cfu/gateware/digilent_nexys4ddr.v:9950]
WARNING: [Synth 8-7071] port 'SHIFTIN2' of module 'OSERDESE2' is unconnected for instance 'OSERDESE2_6' [/home/masamuneprog/AAML/CFU-Playground/soc/build/digilent_nexys4ddr.my_first_cfu/gateware/digilent_nexys4ddr.v:9950]
WARNING: [Synth 8-7071] port 'T1' of module 'OSERDESE2' is unconnected for instance 'OSERDESE2_6' [/home/masamuneprog/AAML/CFU-Playground/soc/build/digilent_nexys4ddr.my_first_cfu/gateware/digilent_nexys4ddr.v:9950]
WARNING: [Synth 8-7071] port 'T2' of module 'OSERDESE2' is unconnected for instance 'OSERDESE2_6' [/home/masamuneprog/AAML/CFU-Playground/soc/build/digilent_nexys4ddr.my_first_cfu/gateware/digilent_nexys4ddr.v:9950]
WARNING: [Synth 8-7071] port 'T3' of module 'OSERDESE2' is unconnected for instance 'OSERDESE2_6' [/home/masamuneprog/AAML/CFU-Playground/soc/build/digilent_nexys4ddr.my_first_cfu/gateware/digilent_nexys4ddr.v:9950]
WARNING: [Synth 8-7071] port 'T4' of module 'OSERDESE2' is unconnected for instance 'OSERDESE2_6' [/home/masamuneprog/AAML/CFU-Playground/soc/build/digilent_nexys4ddr.my_first_cfu/gateware/digilent_nexys4ddr.v:9950]
WARNING: [Synth 8-7071] port 'TBYTEIN' of module 'OSERDESE2' is unconnected for instance 'OSERDESE2_6' [/home/masamuneprog/AAML/CFU-Playground/soc/build/digilent_nexys4ddr.my_first_cfu/gateware/digilent_nexys4ddr.v:9950]
WARNING: [Synth 8-7071] port 'TCE' of module 'OSERDESE2' is unconnected for instance 'OSERDESE2_6' [/home/masamuneprog/AAML/CFU-Playground/soc/build/digilent_nexys4ddr.my_first_cfu/gateware/digilent_nexys4ddr.v:9950]
WARNING: [Synth 8-7023] instance 'OSERDESE2_6' of module 'OSERDESE2' has 27 connections declared, but only 13 given [/home/masamuneprog/AAML/CFU-Playground/soc/build/digilent_nexys4ddr.my_first_cfu/gateware/digilent_nexys4ddr.v:9950]
WARNING: [Synth 8-7071] port 'OFB' of module 'OSERDESE2' is unconnected for instance 'OSERDESE2_7' [/home/masamuneprog/AAML/CFU-Playground/soc/build/digilent_nexys4ddr.my_first_cfu/gateware/digilent_nexys4ddr.v:9972]
INFO: [Common 17-14] Message 'Synth 8-7071' appears 100 times and further instances of the messages will be disabled. Use the Tcl command set_msg_config to change the current settings.
WARNING: [Synth 8-7023] instance 'OSERDESE2_7' of module 'OSERDESE2' has 27 connections declared, but only 13 given [/home/masamuneprog/AAML/CFU-Playground/soc/build/digilent_nexys4ddr.my_first_cfu/gateware/digilent_nexys4ddr.v:9972]
WARNING: [Synth 8-7023] instance 'OSERDESE2_8' of module 'OSERDESE2' has 27 connections declared, but only 13 given [/home/masamuneprog/AAML/CFU-Playground/soc/build/digilent_nexys4ddr.my_first_cfu/gateware/digilent_nexys4ddr.v:9994]
WARNING: [Synth 8-7023] instance 'OSERDESE2_9' of module 'OSERDESE2' has 27 connections declared, but only 13 given [/home/masamuneprog/AAML/CFU-Playground/soc/build/digilent_nexys4ddr.my_first_cfu/gateware/digilent_nexys4ddr.v:10016]
WARNING: [Synth 8-7023] instance 'OSERDESE2_10' of module 'OSERDESE2' has 27 connections declared, but only 13 given [/home/masamuneprog/AAML/CFU-Playground/soc/build/digilent_nexys4ddr.my_first_cfu/gateware/digilent_nexys4ddr.v:10038]
WARNING: [Synth 8-7023] instance 'OSERDESE2_11' of module 'OSERDESE2' has 27 connections declared, but only 13 given [/home/masamuneprog/AAML/CFU-Playground/soc/build/digilent_nexys4ddr.my_first_cfu/gateware/digilent_nexys4ddr.v:10060]
WARNING: [Synth 8-7023] instance 'OSERDESE2_12' of module 'OSERDESE2' has 27 connections declared, but only 13 given [/home/masamuneprog/AAML/CFU-Playground/soc/build/digilent_nexys4ddr.my_first_cfu/gateware/digilent_nexys4ddr.v:10082]
WARNING: [Synth 8-7023] instance 'OSERDESE2_13' of module 'OSERDESE2' has 27 connections declared, but only 13 given [/home/masamuneprog/AAML/CFU-Playground/soc/build/digilent_nexys4ddr.my_first_cfu/gateware/digilent_nexys4ddr.v:10104]
WARNING: [Synth 8-7023] instance 'OSERDESE2_14' of module 'OSERDESE2' has 27 connections declared, but only 13 given [/home/masamuneprog/AAML/CFU-Playground/soc/build/digilent_nexys4ddr.my_first_cfu/gateware/digilent_nexys4ddr.v:10126]
WARNING: [Synth 8-7023] instance 'OSERDESE2_15' of module 'OSERDESE2' has 27 connections declared, but only 13 given [/home/masamuneprog/AAML/CFU-Playground/soc/build/digilent_nexys4ddr.my_first_cfu/gateware/digilent_nexys4ddr.v:10148]
WARNING: [Synth 8-7023] instance 'OSERDESE2_16' of module 'OSERDESE2' has 27 connections declared, but only 13 given [/home/masamuneprog/AAML/CFU-Playground/soc/build/digilent_nexys4ddr.my_first_cfu/gateware/digilent_nexys4ddr.v:10170]
WARNING: [Synth 8-7023] instance 'OSERDESE2_17' of module 'OSERDESE2' has 27 connections declared, but only 13 given [/home/masamuneprog/AAML/CFU-Playground/soc/build/digilent_nexys4ddr.my_first_cfu/gateware/digilent_nexys4ddr.v:10192]
WARNING: [Synth 8-7023] instance 'OSERDESE2_18' of module 'OSERDESE2' has 27 connections declared, but only 13 given [/home/masamuneprog/AAML/CFU-Playground/soc/build/digilent_nexys4ddr.my_first_cfu/gateware/digilent_nexys4ddr.v:10214]
WARNING: [Synth 8-7023] instance 'OSERDESE2_19' of module 'OSERDESE2' has 27 connections declared, but only 13 given [/home/masamuneprog/AAML/CFU-Playground/soc/build/digilent_nexys4ddr.my_first_cfu/gateware/digilent_nexys4ddr.v:10236]
WARNING: [Synth 8-7023] instance 'OSERDESE2_20' of module 'OSERDESE2' has 27 connections declared, but only 13 given [/home/masamuneprog/AAML/CFU-Playground/soc/build/digilent_nexys4ddr.my_first_cfu/gateware/digilent_nexys4ddr.v:10258]
WARNING: [Synth 8-7023] instance 'OSERDESE2_21' of module 'OSERDESE2' has 27 connections declared, but only 13 given [/home/masamuneprog/AAML/CFU-Playground/soc/build/digilent_nexys4ddr.my_first_cfu/gateware/digilent_nexys4ddr.v:10280]
WARNING: [Synth 8-7023] instance 'OSERDESE2_22' of module 'OSERDESE2' has 27 connections declared, but only 13 given [/home/masamuneprog/AAML/CFU-Playground/soc/build/digilent_nexys4ddr.my_first_cfu/gateware/digilent_nexys4ddr.v:10302]
WARNING: [Synth 8-7023] instance 'OSERDESE2_23' of module 'OSERDESE2' has 27 connections declared, but only 17 given [/home/masamuneprog/AAML/CFU-Playground/soc/build/digilent_nexys4ddr.my_first_cfu/gateware/digilent_nexys4ddr.v:10324]
INFO: [Synth 8-6157] synthesizing module 'IOBUFDS' [/tools/Xilinx/Vivado/2023.2/scripts/rt/data/unisim_comp.v:78214]
INFO: [Synth 8-6155] done synthesizing module 'IOBUFDS' (0#1) [/tools/Xilinx/Vivado/2023.2/scripts/rt/data/unisim_comp.v:78214]
WARNING: [Synth 8-7023] instance 'IOBUFDS' of module 'IOBUFDS' has 5 connections declared, but only 4 given [/home/masamuneprog/AAML/CFU-Playground/soc/build/digilent_nexys4ddr.my_first_cfu/gateware/digilent_nexys4ddr.v:10344]
WARNING: [Synth 8-7023] instance 'OSERDESE2_24' of module 'OSERDESE2' has 27 connections declared, but only 17 given [/home/masamuneprog/AAML/CFU-Playground/soc/build/digilent_nexys4ddr.my_first_cfu/gateware/digilent_nexys4ddr.v:10357]
WARNING: [Synth 8-7023] instance 'IOBUFDS_1' of module 'IOBUFDS' has 5 connections declared, but only 4 given [/home/masamuneprog/AAML/CFU-Playground/soc/build/digilent_nexys4ddr.my_first_cfu/gateware/digilent_nexys4ddr.v:10377]
WARNING: [Synth 8-7023] instance 'OSERDESE2_25' of module 'OSERDESE2' has 27 connections declared, but only 13 given [/home/masamuneprog/AAML/CFU-Playground/soc/build/digilent_nexys4ddr.my_first_cfu/gateware/digilent_nexys4ddr.v:10390]
WARNING: [Synth 8-7023] instance 'OSERDESE2_26' of module 'OSERDESE2' has 27 connections declared, but only 13 given [/home/masamuneprog/AAML/CFU-Playground/soc/build/digilent_nexys4ddr.my_first_cfu/gateware/digilent_nexys4ddr.v:10412]
WARNING: [Synth 8-7023] instance 'OSERDESE2_27' of module 'OSERDESE2' has 27 connections declared, but only 16 given [/home/masamuneprog/AAML/CFU-Playground/soc/build/digilent_nexys4ddr.my_first_cfu/gateware/digilent_nexys4ddr.v:10434]
INFO: [Synth 8-6157] synthesizing module 'ISERDESE2' [/tools/Xilinx/Vivado/2023.2/scripts/rt/data/unisim_comp.v:80759]
	Parameter DATA_RATE bound to: DDR - type: string 
	Parameter DATA_WIDTH bound to: 4 - type: integer 
	Parameter INTERFACE_TYPE bound to: NETWORKING - type: string 
	Parameter IOBDELAY bound to: IFD - type: string 
	Parameter NUM_CE bound to: 1 - type: integer 
	Parameter SERDES_MODE bound to: MASTER - type: string 
INFO: [Synth 8-6155] done synthesizing module 'ISERDESE2' (0#1) [/tools/Xilinx/Vivado/2023.2/scripts/rt/data/unisim_comp.v:80759]
WARNING: [Synth 8-7023] instance 'ISERDESE2' of module 'ISERDESE2' has 28 connections declared, but only 15 given [/home/masamuneprog/AAML/CFU-Playground/soc/build/digilent_nexys4ddr.my_first_cfu/gateware/digilent_nexys4ddr.v:10460]
INFO: [Synth 8-6157] synthesizing module 'IDELAYE2' [/tools/Xilinx/Vivado/2023.2/scripts/rt/data/unisim_comp.v:75740]
	Parameter CINVCTRL_SEL bound to: FALSE - type: string 
	Parameter DELAY_SRC bound to: IDATAIN - type: string 
	Parameter HIGH_PERFORMANCE_MODE bound to: TRUE - type: string 
	Parameter IDELAY_TYPE bound to: VARIABLE - type: string 
	Parameter IDELAY_VALUE bound to: 0 - type: integer 
	Parameter PIPE_SEL bound to: FALSE - type: string 
	Parameter REFCLK_FREQUENCY bound to: 200.000000 - type: double 
	Parameter SIGNAL_PATTERN bound to: DATA - type: string 
INFO: [Synth 8-6155] done synthesizing module 'IDELAYE2' (0#1) [/tools/Xilinx/Vivado/2023.2/scripts/rt/data/unisim_comp.v:75740]
WARNING: [Synth 8-7023] instance 'IDELAYE2' of module 'IDELAYE2' has 12 connections declared, but only 7 given [/home/masamuneprog/AAML/CFU-Playground/soc/build/digilent_nexys4ddr.my_first_cfu/gateware/digilent_nexys4ddr.v:10487]
INFO: [Synth 8-6157] synthesizing module 'IOBUF' [/tools/Xilinx/Vivado/2023.2/scripts/rt/data/unisim_comp.v:78197]
INFO: [Synth 8-6155] done synthesizing module 'IOBUF' (0#1) [/tools/Xilinx/Vivado/2023.2/scripts/rt/data/unisim_comp.v:78197]
WARNING: [Synth 8-7023] instance 'OSERDESE2_28' of module 'OSERDESE2' has 27 connections declared, but only 16 given [/home/masamuneprog/AAML/CFU-Playground/soc/build/digilent_nexys4ddr.my_first_cfu/gateware/digilent_nexys4ddr.v:10510]
WARNING: [Synth 8-7023] instance 'ISERDESE2_1' of module 'ISERDESE2' has 28 connections declared, but only 15 given [/home/masamuneprog/AAML/CFU-Playground/soc/build/digilent_nexys4ddr.my_first_cfu/gateware/digilent_nexys4ddr.v:10536]
WARNING: [Synth 8-7023] instance 'IDELAYE2_1' of module 'IDELAYE2' has 12 connections declared, but only 7 given [/home/masamuneprog/AAML/CFU-Playground/soc/build/digilent_nexys4ddr.my_first_cfu/gateware/digilent_nexys4ddr.v:10563]
WARNING: [Synth 8-7023] instance 'OSERDESE2_29' of module 'OSERDESE2' has 27 connections declared, but only 16 given [/home/masamuneprog/AAML/CFU-Playground/soc/build/digilent_nexys4ddr.my_first_cfu/gateware/digilent_nexys4ddr.v:10586]
WARNING: [Synth 8-7023] instance 'ISERDESE2_2' of module 'ISERDESE2' has 28 connections declared, but only 15 given [/home/masamuneprog/AAML/CFU-Playground/soc/build/digilent_nexys4ddr.my_first_cfu/gateware/digilent_nexys4ddr.v:10612]
WARNING: [Synth 8-7023] instance 'IDELAYE2_2' of module 'IDELAYE2' has 12 connections declared, but only 7 given [/home/masamuneprog/AAML/CFU-Playground/soc/build/digilent_nexys4ddr.my_first_cfu/gateware/digilent_nexys4ddr.v:10639]
WARNING: [Synth 8-7023] instance 'OSERDESE2_30' of module 'OSERDESE2' has 27 connections declared, but only 16 given [/home/masamuneprog/AAML/CFU-Playground/soc/build/digilent_nexys4ddr.my_first_cfu/gateware/digilent_nexys4ddr.v:10662]
WARNING: [Synth 8-7023] instance 'ISERDESE2_3' of module 'ISERDESE2' has 28 connections declared, but only 15 given [/home/masamuneprog/AAML/CFU-Playground/soc/build/digilent_nexys4ddr.my_first_cfu/gateware/digilent_nexys4ddr.v:10688]
WARNING: [Synth 8-7023] instance 'IDELAYE2_3' of module 'IDELAYE2' has 12 connections declared, but only 7 given [/home/masamuneprog/AAML/CFU-Playground/soc/build/digilent_nexys4ddr.my_first_cfu/gateware/digilent_nexys4ddr.v:10715]
WARNING: [Synth 8-7023] instance 'OSERDESE2_31' of module 'OSERDESE2' has 27 connections declared, but only 16 given [/home/masamuneprog/AAML/CFU-Playground/soc/build/digilent_nexys4ddr.my_first_cfu/gateware/digilent_nexys4ddr.v:10738]
WARNING: [Synth 8-7023] instance 'ISERDESE2_4' of module 'ISERDESE2' has 28 connections declared, but only 15 given [/home/masamuneprog/AAML/CFU-Playground/soc/build/digilent_nexys4ddr.my_first_cfu/gateware/digilent_nexys4ddr.v:10764]
WARNING: [Synth 8-7023] instance 'IDELAYE2_4' of module 'IDELAYE2' has 12 connections declared, but only 7 given [/home/masamuneprog/AAML/CFU-Playground/soc/build/digilent_nexys4ddr.my_first_cfu/gateware/digilent_nexys4ddr.v:10791]
WARNING: [Synth 8-7023] instance 'OSERDESE2_32' of module 'OSERDESE2' has 27 connections declared, but only 16 given [/home/masamuneprog/AAML/CFU-Playground/soc/build/digilent_nexys4ddr.my_first_cfu/gateware/digilent_nexys4ddr.v:10814]
WARNING: [Synth 8-7023] instance 'ISERDESE2_5' of module 'ISERDESE2' has 28 connections declared, but only 15 given [/home/masamuneprog/AAML/CFU-Playground/soc/build/digilent_nexys4ddr.my_first_cfu/gateware/digilent_nexys4ddr.v:10840]
WARNING: [Synth 8-7023] instance 'IDELAYE2_5' of module 'IDELAYE2' has 12 connections declared, but only 7 given [/home/masamuneprog/AAML/CFU-Playground/soc/build/digilent_nexys4ddr.my_first_cfu/gateware/digilent_nexys4ddr.v:10867]
WARNING: [Synth 8-7023] instance 'OSERDESE2_33' of module 'OSERDESE2' has 27 connections declared, but only 16 given [/home/masamuneprog/AAML/CFU-Playground/soc/build/digilent_nexys4ddr.my_first_cfu/gateware/digilent_nexys4ddr.v:10890]
WARNING: [Synth 8-7023] instance 'ISERDESE2_6' of module 'ISERDESE2' has 28 connections declared, but only 15 given [/home/masamuneprog/AAML/CFU-Playground/soc/build/digilent_nexys4ddr.my_first_cfu/gateware/digilent_nexys4ddr.v:10916]
WARNING: [Synth 8-7023] instance 'IDELAYE2_6' of module 'IDELAYE2' has 12 connections declared, but only 7 given [/home/masamuneprog/AAML/CFU-Playground/soc/build/digilent_nexys4ddr.my_first_cfu/gateware/digilent_nexys4ddr.v:10943]
WARNING: [Synth 8-7023] instance 'OSERDESE2_34' of module 'OSERDESE2' has 27 connections declared, but only 16 given [/home/masamuneprog/AAML/CFU-Playground/soc/build/digilent_nexys4ddr.my_first_cfu/gateware/digilent_nexys4ddr.v:10966]
WARNING: [Synth 8-7023] instance 'ISERDESE2_7' of module 'ISERDESE2' has 28 connections declared, but only 15 given [/home/masamuneprog/AAML/CFU-Playground/soc/build/digilent_nexys4ddr.my_first_cfu/gateware/digilent_nexys4ddr.v:10992]
WARNING: [Synth 8-7023] instance 'IDELAYE2_7' of module 'IDELAYE2' has 12 connections declared, but only 7 given [/home/masamuneprog/AAML/CFU-Playground/soc/build/digilent_nexys4ddr.my_first_cfu/gateware/digilent_nexys4ddr.v:11019]
WARNING: [Synth 8-7023] instance 'OSERDESE2_35' of module 'OSERDESE2' has 27 connections declared, but only 16 given [/home/masamuneprog/AAML/CFU-Playground/soc/build/digilent_nexys4ddr.my_first_cfu/gateware/digilent_nexys4ddr.v:11042]
WARNING: [Synth 8-7023] instance 'ISERDESE2_8' of module 'ISERDESE2' has 28 connections declared, but only 15 given [/home/masamuneprog/AAML/CFU-Playground/soc/build/digilent_nexys4ddr.my_first_cfu/gateware/digilent_nexys4ddr.v:11068]
WARNING: [Synth 8-7023] instance 'IDELAYE2_8' of module 'IDELAYE2' has 12 connections declared, but only 7 given [/home/masamuneprog/AAML/CFU-Playground/soc/build/digilent_nexys4ddr.my_first_cfu/gateware/digilent_nexys4ddr.v:11095]
WARNING: [Synth 8-7023] instance 'OSERDESE2_36' of module 'OSERDESE2' has 27 connections declared, but only 16 given [/home/masamuneprog/AAML/CFU-Playground/soc/build/digilent_nexys4ddr.my_first_cfu/gateware/digilent_nexys4ddr.v:11118]
WARNING: [Synth 8-7023] instance 'ISERDESE2_9' of module 'ISERDESE2' has 28 connections declared, but only 15 given [/home/masamuneprog/AAML/CFU-Playground/soc/build/digilent_nexys4ddr.my_first_cfu/gateware/digilent_nexys4ddr.v:11144]
WARNING: [Synth 8-7023] instance 'IDELAYE2_9' of module 'IDELAYE2' has 12 connections declared, but only 7 given [/home/masamuneprog/AAML/CFU-Playground/soc/build/digilent_nexys4ddr.my_first_cfu/gateware/digilent_nexys4ddr.v:11171]
WARNING: [Synth 8-7023] instance 'OSERDESE2_37' of module 'OSERDESE2' has 27 connections declared, but only 16 given [/home/masamuneprog/AAML/CFU-Playground/soc/build/digilent_nexys4ddr.my_first_cfu/gateware/digilent_nexys4ddr.v:11194]
WARNING: [Synth 8-7023] instance 'ISERDESE2_10' of module 'ISERDESE2' has 28 connections declared, but only 15 given [/home/masamuneprog/AAML/CFU-Playground/soc/build/digilent_nexys4ddr.my_first_cfu/gateware/digilent_nexys4ddr.v:11220]
WARNING: [Synth 8-7023] instance 'IDELAYE2_10' of module 'IDELAYE2' has 12 connections declared, but only 7 given [/home/masamuneprog/AAML/CFU-Playground/soc/build/digilent_nexys4ddr.my_first_cfu/gateware/digilent_nexys4ddr.v:11247]
WARNING: [Synth 8-7023] instance 'OSERDESE2_38' of module 'OSERDESE2' has 27 connections declared, but only 16 given [/home/masamuneprog/AAML/CFU-Playground/soc/build/digilent_nexys4ddr.my_first_cfu/gateware/digilent_nexys4ddr.v:11270]
WARNING: [Synth 8-7023] instance 'ISERDESE2_11' of module 'ISERDESE2' has 28 connections declared, but only 15 given [/home/masamuneprog/AAML/CFU-Playground/soc/build/digilent_nexys4ddr.my_first_cfu/gateware/digilent_nexys4ddr.v:11296]
WARNING: [Synth 8-7023] instance 'IDELAYE2_11' of module 'IDELAYE2' has 12 connections declared, but only 7 given [/home/masamuneprog/AAML/CFU-Playground/soc/build/digilent_nexys4ddr.my_first_cfu/gateware/digilent_nexys4ddr.v:11323]
WARNING: [Synth 8-7023] instance 'OSERDESE2_39' of module 'OSERDESE2' has 27 connections declared, but only 16 given [/home/masamuneprog/AAML/CFU-Playground/soc/build/digilent_nexys4ddr.my_first_cfu/gateware/digilent_nexys4ddr.v:11346]
WARNING: [Synth 8-7023] instance 'ISERDESE2_12' of module 'ISERDESE2' has 28 connections declared, but only 15 given [/home/masamuneprog/AAML/CFU-Playground/soc/build/digilent_nexys4ddr.my_first_cfu/gateware/digilent_nexys4ddr.v:11372]
WARNING: [Synth 8-7023] instance 'IDELAYE2_12' of module 'IDELAYE2' has 12 connections declared, but only 7 given [/home/masamuneprog/AAML/CFU-Playground/soc/build/digilent_nexys4ddr.my_first_cfu/gateware/digilent_nexys4ddr.v:11399]
WARNING: [Synth 8-7023] instance 'OSERDESE2_40' of module 'OSERDESE2' has 27 connections declared, but only 16 given [/home/masamuneprog/AAML/CFU-Playground/soc/build/digilent_nexys4ddr.my_first_cfu/gateware/digilent_nexys4ddr.v:11422]
WARNING: [Synth 8-7023] instance 'ISERDESE2_13' of module 'ISERDESE2' has 28 connections declared, but only 15 given [/home/masamuneprog/AAML/CFU-Playground/soc/build/digilent_nexys4ddr.my_first_cfu/gateware/digilent_nexys4ddr.v:11448]
WARNING: [Synth 8-7023] instance 'IDELAYE2_13' of module 'IDELAYE2' has 12 connections declared, but only 7 given [/home/masamuneprog/AAML/CFU-Playground/soc/build/digilent_nexys4ddr.my_first_cfu/gateware/digilent_nexys4ddr.v:11475]
WARNING: [Synth 8-7023] instance 'OSERDESE2_41' of module 'OSERDESE2' has 27 connections declared, but only 16 given [/home/masamuneprog/AAML/CFU-Playground/soc/build/digilent_nexys4ddr.my_first_cfu/gateware/digilent_nexys4ddr.v:11498]
WARNING: [Synth 8-7023] instance 'ISERDESE2_14' of module 'ISERDESE2' has 28 connections declared, but only 15 given [/home/masamuneprog/AAML/CFU-Playground/soc/build/digilent_nexys4ddr.my_first_cfu/gateware/digilent_nexys4ddr.v:11524]
WARNING: [Synth 8-7023] instance 'IDELAYE2_14' of module 'IDELAYE2' has 12 connections declared, but only 7 given [/home/masamuneprog/AAML/CFU-Playground/soc/build/digilent_nexys4ddr.my_first_cfu/gateware/digilent_nexys4ddr.v:11551]
WARNING: [Synth 8-7023] instance 'OSERDESE2_42' of module 'OSERDESE2' has 27 connections declared, but only 16 given [/home/masamuneprog/AAML/CFU-Playground/soc/build/digilent_nexys4ddr.my_first_cfu/gateware/digilent_nexys4ddr.v:11574]
WARNING: [Synth 8-7023] instance 'ISERDESE2_15' of module 'ISERDESE2' has 28 connections declared, but only 15 given [/home/masamuneprog/AAML/CFU-Playground/soc/build/digilent_nexys4ddr.my_first_cfu/gateware/digilent_nexys4ddr.v:11600]
WARNING: [Synth 8-7023] instance 'IDELAYE2_15' of module 'IDELAYE2' has 12 connections declared, but only 7 given [/home/masamuneprog/AAML/CFU-Playground/soc/build/digilent_nexys4ddr.my_first_cfu/gateware/digilent_nexys4ddr.v:11627]
INFO: [Synth 8-6157] synthesizing module 'FDCE' [/tools/Xilinx/Vivado/2023.2/scripts/rt/data/unisim_comp.v:40789]
INFO: [Synth 8-6155] done synthesizing module 'FDCE' (0#1) [/tools/Xilinx/Vivado/2023.2/scripts/rt/data/unisim_comp.v:40789]
INFO: [Synth 8-6157] synthesizing module 'MMCME2_ADV' [/tools/Xilinx/Vivado/2023.2/scripts/rt/data/unisim_comp.v:82174]
	Parameter BANDWIDTH bound to: OPTIMIZED - type: string 
	Parameter CLKFBOUT_MULT_F bound to: 12.000000 - type: double 
	Parameter CLKIN1_PERIOD bound to: 10.000000 - type: double 
	Parameter CLKOUT0_DIVIDE_F bound to: 16.000000 - type: double 
	Parameter CLKOUT0_PHASE bound to: 0.000000 - type: double 
	Parameter CLKOUT1_DIVIDE bound to: 8 - type: integer 
	Parameter CLKOUT1_PHASE bound to: 0.000000 - type: double 
	Parameter CLKOUT2_DIVIDE bound to: 8 - type: integer 
	Parameter CLKOUT2_PHASE bound to: 90.000000 - type: double 
	Parameter CLKOUT3_DIVIDE bound to: 6 - type: integer 
	Parameter CLKOUT3_PHASE bound to: 0.000000 - type: double 
	Parameter CLKOUT4_DIVIDE bound to: 24 - type: integer 
	Parameter CLKOUT4_PHASE bound to: 0.000000 - type: double 
	Parameter CLKOUT5_DIVIDE bound to: 30 - type: integer 
	Parameter CLKOUT5_PHASE bound to: 0.000000 - type: double 
	Parameter DIVCLK_DIVIDE bound to: 1 - type: integer 
	Parameter REF_JITTER1 bound to: 0.010000 - type: double 
INFO: [Synth 8-6155] done synthesizing module 'MMCME2_ADV' (0#1) [/tools/Xilinx/Vivado/2023.2/scripts/rt/data/unisim_comp.v:82174]
WARNING: [Synth 8-7023] instance 'MMCME2_ADV' of module 'MMCME2_ADV' has 33 connections declared, but only 12 given [/home/masamuneprog/AAML/CFU-Playground/soc/build/digilent_nexys4ddr.my_first_cfu/gateware/digilent_nexys4ddr.v:11884]
INFO: [Synth 8-6157] synthesizing module 'VexRiscv' [/home/masamuneprog/AAML/CFU-Playground/third_party/python/pythondata_cpu_vexriscv/pythondata_cpu_vexriscv/verilog/VexRiscv_FullCfu.v:7]
INFO: [Synth 8-6157] synthesizing module 'InstructionCache' [/home/masamuneprog/AAML/CFU-Playground/third_party/python/pythondata_cpu_vexriscv/pythondata_cpu_vexriscv/verilog/VexRiscv_FullCfu.v:6648]
INFO: [Synth 8-6155] done synthesizing module 'InstructionCache' (0#1) [/home/masamuneprog/AAML/CFU-Playground/third_party/python/pythondata_cpu_vexriscv/pythondata_cpu_vexriscv/verilog/VexRiscv_FullCfu.v:6648]
INFO: [Synth 8-6157] synthesizing module 'DataCache' [/home/masamuneprog/AAML/CFU-Playground/third_party/python/pythondata_cpu_vexriscv/pythondata_cpu_vexriscv/verilog/VexRiscv_FullCfu.v:5807]
INFO: [Synth 8-6155] done synthesizing module 'DataCache' (0#1) [/home/masamuneprog/AAML/CFU-Playground/third_party/python/pythondata_cpu_vexriscv/pythondata_cpu_vexriscv/verilog/VexRiscv_FullCfu.v:5807]
INFO: [Synth 8-6155] done synthesizing module 'VexRiscv' (0#1) [/home/masamuneprog/AAML/CFU-Playground/third_party/python/pythondata_cpu_vexriscv/pythondata_cpu_vexriscv/verilog/VexRiscv_FullCfu.v:7]
INFO: [Synth 8-6157] synthesizing module 'Cfu' [/home/masamuneprog/AAML/CFU-Playground/proj/my_first_cfu/cfu.v:17]
INFO: [Synth 8-6155] done synthesizing module 'Cfu' (0#1) [/home/masamuneprog/AAML/CFU-Playground/proj/my_first_cfu/cfu.v:17]
INFO: [Synth 8-6157] synthesizing module 'FDPE' [/tools/Xilinx/Vivado/2023.2/scripts/rt/data/unisim_comp.v:40945]
	Parameter INIT bound to: 1'b1 
INFO: [Synth 8-6155] done synthesizing module 'FDPE' (0#1) [/tools/Xilinx/Vivado/2023.2/scripts/rt/data/unisim_comp.v:40945]
INFO: [Synth 8-6155] done synthesizing module 'digilent_nexys4ddr' (0#1) [/home/masamuneprog/AAML/CFU-Playground/soc/build/digilent_nexys4ddr.my_first_cfu/gateware/digilent_nexys4ddr.v:20]
WARNING: [Synth 8-6014] Unused sequential element decodeStage_mmuRsp_isIoAccess_reg was removed.  [/home/masamuneprog/AAML/CFU-Playground/third_party/python/pythondata_cpu_vexriscv/pythondata_cpu_vexriscv/verilog/VexRiscv_FullCfu.v:6926]
WARNING: [Synth 8-6014] Unused sequential element decodeStage_mmuRsp_allowRead_reg was removed.  [/home/masamuneprog/AAML/CFU-Playground/third_party/python/pythondata_cpu_vexriscv/pythondata_cpu_vexriscv/verilog/VexRiscv_FullCfu.v:6928]
WARNING: [Synth 8-6014] Unused sequential element decodeStage_mmuRsp_allowWrite_reg was removed.  [/home/masamuneprog/AAML/CFU-Playground/third_party/python/pythondata_cpu_vexriscv/pythondata_cpu_vexriscv/verilog/VexRiscv_FullCfu.v:6929]
WARNING: [Synth 8-6014] Unused sequential element decodeStage_mmuRsp_bypassTranslation_reg was removed.  [/home/masamuneprog/AAML/CFU-Playground/third_party/python/pythondata_cpu_vexriscv/pythondata_cpu_vexriscv/verilog/VexRiscv_FullCfu.v:6933]
WARNING: [Synth 8-6014] Unused sequential element tagsWriteLastCmd_valid_reg was removed.  [/home/masamuneprog/AAML/CFU-Playground/third_party/python/pythondata_cpu_vexriscv/pythondata_cpu_vexriscv/verilog/VexRiscv_FullCfu.v:6516]
WARNING: [Synth 8-6014] Unused sequential element tagsWriteLastCmd_payload_way_reg was removed.  [/home/masamuneprog/AAML/CFU-Playground/third_party/python/pythondata_cpu_vexriscv/pythondata_cpu_vexriscv/verilog/VexRiscv_FullCfu.v:6517]
WARNING: [Synth 8-6014] Unused sequential element tagsWriteLastCmd_payload_address_reg was removed.  [/home/masamuneprog/AAML/CFU-Playground/third_party/python/pythondata_cpu_vexriscv/pythondata_cpu_vexriscv/verilog/VexRiscv_FullCfu.v:6518]
WARNING: [Synth 8-6014] Unused sequential element tagsWriteLastCmd_payload_data_valid_reg was removed.  [/home/masamuneprog/AAML/CFU-Playground/third_party/python/pythondata_cpu_vexriscv/pythondata_cpu_vexriscv/verilog/VexRiscv_FullCfu.v:6519]
WARNING: [Synth 8-6014] Unused sequential element tagsWriteLastCmd_payload_data_error_reg was removed.  [/home/masamuneprog/AAML/CFU-Playground/third_party/python/pythondata_cpu_vexriscv/pythondata_cpu_vexriscv/verilog/VexRiscv_FullCfu.v:6520]
WARNING: [Synth 8-6014] Unused sequential element tagsWriteLastCmd_payload_data_address_reg was removed.  [/home/masamuneprog/AAML/CFU-Playground/third_party/python/pythondata_cpu_vexriscv/pythondata_cpu_vexriscv/verilog/VexRiscv_FullCfu.v:6521]
WARNING: [Synth 8-6014] Unused sequential element stageA_request_totalyConsistent_reg was removed.  [/home/masamuneprog/AAML/CFU-Playground/third_party/python/pythondata_cpu_vexriscv/pythondata_cpu_vexriscv/verilog/VexRiscv_FullCfu.v:6525]
WARNING: [Synth 8-6014] Unused sequential element stageB_request_totalyConsistent_reg was removed.  [/home/masamuneprog/AAML/CFU-Playground/third_party/python/pythondata_cpu_vexriscv/pythondata_cpu_vexriscv/verilog/VexRiscv_FullCfu.v:6539]
WARNING: [Synth 8-6014] Unused sequential element stageB_mmuRsp_allowExecute_reg was removed.  [/home/masamuneprog/AAML/CFU-Playground/third_party/python/pythondata_cpu_vexriscv/pythondata_cpu_vexriscv/verilog/VexRiscv_FullCfu.v:6547]
WARNING: [Synth 8-6014] Unused sequential element stageB_mmuRsp_bypassTranslation_reg was removed.  [/home/masamuneprog/AAML/CFU-Playground/third_party/python/pythondata_cpu_vexriscv/pythondata_cpu_vexriscv/verilog/VexRiscv_FullCfu.v:6550]
WARNING: [Synth 8-6014] Unused sequential element stageB_tagsReadRsp_0_valid_reg was removed.  [/home/masamuneprog/AAML/CFU-Playground/third_party/python/pythondata_cpu_vexriscv/pythondata_cpu_vexriscv/verilog/VexRiscv_FullCfu.v:6553]
WARNING: [Synth 8-6014] Unused sequential element stageB_tagsReadRsp_0_address_reg was removed.  [/home/masamuneprog/AAML/CFU-Playground/third_party/python/pythondata_cpu_vexriscv/pythondata_cpu_vexriscv/verilog/VexRiscv_FullCfu.v:6555]
WARNING: [Synth 8-3848] Net io_cpu_writeBack_exclusiveOk in module/entity DataCache does not have driver. [/home/masamuneprog/AAML/CFU-Playground/third_party/python/pythondata_cpu_vexriscv/pythondata_cpu_vexriscv/verilog/VexRiscv_FullCfu.v:5850]
WARNING: [Synth 8-6014] Unused sequential element IBusCachedPlugin_fetchPc_correctionReg_reg was removed.  [/home/masamuneprog/AAML/CFU-Playground/third_party/python/pythondata_cpu_vexriscv/pythondata_cpu_vexriscv/verilog/VexRiscv_FullCfu.v:3175]
WARNING: [Synth 8-6014] Unused sequential element IBusCachedPlugin_injector_nextPcCalc_valids_2_reg was removed.  [/home/masamuneprog/AAML/CFU-Playground/third_party/python/pythondata_cpu_vexriscv/pythondata_cpu_vexriscv/verilog/VexRiscv_FullCfu.v:3283]
WARNING: [Synth 8-6014] Unused sequential element IBusCachedPlugin_injector_nextPcCalc_valids_3_reg was removed.  [/home/masamuneprog/AAML/CFU-Playground/third_party/python/pythondata_cpu_vexriscv/pythondata_cpu_vexriscv/verilog/VexRiscv_FullCfu.v:3284]
WARNING: [Synth 8-6014] Unused sequential element IBusCachedPlugin_injector_nextPcCalc_valids_4_reg was removed.  [/home/masamuneprog/AAML/CFU-Playground/third_party/python/pythondata_cpu_vexriscv/pythondata_cpu_vexriscv/verilog/VexRiscv_FullCfu.v:3285]
WARNING: [Synth 8-6014] Unused sequential element IBusCachedPlugin_rspCounter_reg was removed.  [/home/masamuneprog/AAML/CFU-Playground/third_party/python/pythondata_cpu_vexriscv/pythondata_cpu_vexriscv/verilog/VexRiscv_FullCfu.v:5082]
WARNING: [Synth 8-6014] Unused sequential element DBusCachedPlugin_rspCounter_reg was removed.  [/home/masamuneprog/AAML/CFU-Playground/third_party/python/pythondata_cpu_vexriscv/pythondata_cpu_vexriscv/verilog/VexRiscv_FullCfu.v:5085]
WARNING: [Synth 8-6014] Unused sequential element CsrPlugin_lastStageWasWfi_reg was removed.  [/home/masamuneprog/AAML/CFU-Playground/third_party/python/pythondata_cpu_vexriscv/pythondata_cpu_vexriscv/verilog/VexRiscv_FullCfu.v:5103]
WARNING: [Synth 8-6014] Unused sequential element dataCache_1_io_mem_cmd_rData_uncached_reg was removed.  [/home/masamuneprog/AAML/CFU-Playground/third_party/python/pythondata_cpu_vexriscv/pythondata_cpu_vexriscv/verilog/VexRiscv_FullCfu.v:3485]
WARNING: [Synth 8-6014] Unused sequential element dataCache_1_io_mem_cmd_rData_last_reg was removed.  [/home/masamuneprog/AAML/CFU-Playground/third_party/python/pythondata_cpu_vexriscv/pythondata_cpu_vexriscv/verilog/VexRiscv_FullCfu.v:3490]
WARNING: [Synth 8-6014] Unused sequential element dataCache_1_io_mem_cmd_s2mPipe_rData_uncached_reg was removed.  [/home/masamuneprog/AAML/CFU-Playground/third_party/python/pythondata_cpu_vexriscv/pythondata_cpu_vexriscv/verilog/VexRiscv_FullCfu.v:3501]
WARNING: [Synth 8-6014] Unused sequential element dataCache_1_io_mem_cmd_s2mPipe_rData_last_reg was removed.  [/home/masamuneprog/AAML/CFU-Playground/third_party/python/pythondata_cpu_vexriscv/pythondata_cpu_vexriscv/verilog/VexRiscv_FullCfu.v:3506]
WARNING: [Synth 8-6014] Unused sequential element decode_to_execute_FORMAL_PC_NEXT_reg was removed.  [/home/masamuneprog/AAML/CFU-Playground/third_party/python/pythondata_cpu_vexriscv/pythondata_cpu_vexriscv/verilog/VexRiscv_FullCfu.v:2677]
WARNING: [Synth 8-6014] Unused sequential element execute_to_memory_FORMAL_PC_NEXT_reg was removed.  [/home/masamuneprog/AAML/CFU-Playground/third_party/python/pythondata_cpu_vexriscv/pythondata_cpu_vexriscv/verilog/VexRiscv_FullCfu.v:2676]
WARNING: [Synth 8-6014] Unused sequential element memory_to_writeBack_FORMAL_PC_NEXT_reg was removed.  [/home/masamuneprog/AAML/CFU-Playground/third_party/python/pythondata_cpu_vexriscv/pythondata_cpu_vexriscv/verilog/VexRiscv_FullCfu.v:2675]
WARNING: [Synth 8-6014] Unused sequential element memory_to_writeBack_CfuPlugin_CFU_IN_FLIGHT_reg was removed.  [/home/masamuneprog/AAML/CFU-Playground/third_party/python/pythondata_cpu_vexriscv/pythondata_cpu_vexriscv/verilog/VexRiscv_FullCfu.v:2624]
WARNING: [Synth 8-3848] Net IBusCachedPlugin_cache_io_cpu_fetch_isRemoved in module/entity VexRiscv does not have driver. [/home/masamuneprog/AAML/CFU-Playground/third_party/python/pythondata_cpu_vexriscv/pythondata_cpu_vexriscv/verilog/VexRiscv_FullCfu.v:78]
WARNING: [Synth 8-3848] Net IBusCachedPlugin_mmuBus_rsp_bypassTranslation in module/entity VexRiscv does not have driver. [/home/masamuneprog/AAML/CFU-Playground/third_party/python/pythondata_cpu_vexriscv/pythondata_cpu_vexriscv/verilog/VexRiscv_FullCfu.v:664]
WARNING: [Synth 8-3848] Net DBusCachedPlugin_mmuBus_rsp_bypassTranslation in module/entity VexRiscv does not have driver. [/home/masamuneprog/AAML/CFU-Playground/third_party/python/pythondata_cpu_vexriscv/pythondata_cpu_vexriscv/verilog/VexRiscv_FullCfu.v:692]
WARNING: [Synth 8-3848] Net dataCache_1_io_cpu_writeBack_fence_SW in module/entity VexRiscv does not have driver. [/home/masamuneprog/AAML/CFU-Playground/third_party/python/pythondata_cpu_vexriscv/pythondata_cpu_vexriscv/verilog/VexRiscv_FullCfu.v:92]
WARNING: [Synth 8-3848] Net dataCache_1_io_cpu_writeBack_fence_SR in module/entity VexRiscv does not have driver. [/home/masamuneprog/AAML/CFU-Playground/third_party/python/pythondata_cpu_vexriscv/pythondata_cpu_vexriscv/verilog/VexRiscv_FullCfu.v:93]
WARNING: [Synth 8-3848] Net dataCache_1_io_cpu_writeBack_fence_SO in module/entity VexRiscv does not have driver. [/home/masamuneprog/AAML/CFU-Playground/third_party/python/pythondata_cpu_vexriscv/pythondata_cpu_vexriscv/verilog/VexRiscv_FullCfu.v:94]
WARNING: [Synth 8-3848] Net dataCache_1_io_cpu_writeBack_fence_SI in module/entity VexRiscv does not have driver. [/home/masamuneprog/AAML/CFU-Playground/third_party/python/pythondata_cpu_vexriscv/pythondata_cpu_vexriscv/verilog/VexRiscv_FullCfu.v:95]
WARNING: [Synth 8-3848] Net dataCache_1_io_cpu_writeBack_fence_PW in module/entity VexRiscv does not have driver. [/home/masamuneprog/AAML/CFU-Playground/third_party/python/pythondata_cpu_vexriscv/pythondata_cpu_vexriscv/verilog/VexRiscv_FullCfu.v:96]
WARNING: [Synth 8-3848] Net dataCache_1_io_cpu_writeBack_fence_PR in module/entity VexRiscv does not have driver. [/home/masamuneprog/AAML/CFU-Playground/third_party/python/pythondata_cpu_vexriscv/pythondata_cpu_vexriscv/verilog/VexRiscv_FullCfu.v:97]
WARNING: [Synth 8-3848] Net dataCache_1_io_cpu_writeBack_fence_PO in module/entity VexRiscv does not have driver. [/home/masamuneprog/AAML/CFU-Playground/third_party/python/pythondata_cpu_vexriscv/pythondata_cpu_vexriscv/verilog/VexRiscv_FullCfu.v:98]
WARNING: [Synth 8-3848] Net dataCache_1_io_cpu_writeBack_fence_PI in module/entity VexRiscv does not have driver. [/home/masamuneprog/AAML/CFU-Playground/third_party/python/pythondata_cpu_vexriscv/pythondata_cpu_vexriscv/verilog/VexRiscv_FullCfu.v:99]
WARNING: [Synth 8-3848] Net dataCache_1_io_cpu_writeBack_fence_FM in module/entity VexRiscv does not have driver. [/home/masamuneprog/AAML/CFU-Playground/third_party/python/pythondata_cpu_vexriscv/pythondata_cpu_vexriscv/verilog/VexRiscv_FullCfu.v:100]
WARNING: [Synth 8-3848] Net dBus_rsp_payload_last in module/entity VexRiscv does not have driver. [/home/masamuneprog/AAML/CFU-Playground/third_party/python/pythondata_cpu_vexriscv/pythondata_cpu_vexriscv/verilog/VexRiscv_FullCfu.v:677]
WARNING: [Synth 8-6014] Unused sequential element soc_basesoc_sdram_bankmachine0_cmd_buffer_source_first_reg was removed.  [/home/masamuneprog/AAML/CFU-Playground/soc/build/digilent_nexys4ddr.my_first_cfu/gateware/digilent_nexys4ddr.v:8108]
WARNING: [Synth 8-6014] Unused sequential element soc_basesoc_sdram_bankmachine0_cmd_buffer_source_last_reg was removed.  [/home/masamuneprog/AAML/CFU-Playground/soc/build/digilent_nexys4ddr.my_first_cfu/gateware/digilent_nexys4ddr.v:8109]
WARNING: [Synth 8-6014] Unused sequential element soc_basesoc_sdram_bankmachine1_cmd_buffer_source_first_reg was removed.  [/home/masamuneprog/AAML/CFU-Playground/soc/build/digilent_nexys4ddr.my_first_cfu/gateware/digilent_nexys4ddr.v:8154]
WARNING: [Synth 8-6014] Unused sequential element soc_basesoc_sdram_bankmachine1_cmd_buffer_source_last_reg was removed.  [/home/masamuneprog/AAML/CFU-Playground/soc/build/digilent_nexys4ddr.my_first_cfu/gateware/digilent_nexys4ddr.v:8155]
WARNING: [Synth 8-6014] Unused sequential element soc_basesoc_sdram_bankmachine2_cmd_buffer_source_first_reg was removed.  [/home/masamuneprog/AAML/CFU-Playground/soc/build/digilent_nexys4ddr.my_first_cfu/gateware/digilent_nexys4ddr.v:8200]
WARNING: [Synth 8-6014] Unused sequential element soc_basesoc_sdram_bankmachine2_cmd_buffer_source_last_reg was removed.  [/home/masamuneprog/AAML/CFU-Playground/soc/build/digilent_nexys4ddr.my_first_cfu/gateware/digilent_nexys4ddr.v:8201]
WARNING: [Synth 8-6014] Unused sequential element soc_basesoc_sdram_bankmachine3_cmd_buffer_source_first_reg was removed.  [/home/masamuneprog/AAML/CFU-Playground/soc/build/digilent_nexys4ddr.my_first_cfu/gateware/digilent_nexys4ddr.v:8246]
WARNING: [Synth 8-6014] Unused sequential element soc_basesoc_sdram_bankmachine3_cmd_buffer_source_last_reg was removed.  [/home/masamuneprog/AAML/CFU-Playground/soc/build/digilent_nexys4ddr.my_first_cfu/gateware/digilent_nexys4ddr.v:8247]
WARNING: [Synth 8-6014] Unused sequential element soc_basesoc_sdram_bankmachine4_cmd_buffer_source_first_reg was removed.  [/home/masamuneprog/AAML/CFU-Playground/soc/build/digilent_nexys4ddr.my_first_cfu/gateware/digilent_nexys4ddr.v:8292]
WARNING: [Synth 8-6014] Unused sequential element soc_basesoc_sdram_bankmachine4_cmd_buffer_source_last_reg was removed.  [/home/masamuneprog/AAML/CFU-Playground/soc/build/digilent_nexys4ddr.my_first_cfu/gateware/digilent_nexys4ddr.v:8293]
WARNING: [Synth 8-6014] Unused sequential element soc_basesoc_sdram_bankmachine5_cmd_buffer_source_first_reg was removed.  [/home/masamuneprog/AAML/CFU-Playground/soc/build/digilent_nexys4ddr.my_first_cfu/gateware/digilent_nexys4ddr.v:8338]
WARNING: [Synth 8-6014] Unused sequential element soc_basesoc_sdram_bankmachine5_cmd_buffer_source_last_reg was removed.  [/home/masamuneprog/AAML/CFU-Playground/soc/build/digilent_nexys4ddr.my_first_cfu/gateware/digilent_nexys4ddr.v:8339]
WARNING: [Synth 8-6014] Unused sequential element soc_basesoc_sdram_bankmachine6_cmd_buffer_source_first_reg was removed.  [/home/masamuneprog/AAML/CFU-Playground/soc/build/digilent_nexys4ddr.my_first_cfu/gateware/digilent_nexys4ddr.v:8384]
WARNING: [Synth 8-6014] Unused sequential element soc_basesoc_sdram_bankmachine6_cmd_buffer_source_last_reg was removed.  [/home/masamuneprog/AAML/CFU-Playground/soc/build/digilent_nexys4ddr.my_first_cfu/gateware/digilent_nexys4ddr.v:8385]
WARNING: [Synth 8-6014] Unused sequential element soc_basesoc_sdram_bankmachine7_cmd_buffer_source_first_reg was removed.  [/home/masamuneprog/AAML/CFU-Playground/soc/build/digilent_nexys4ddr.my_first_cfu/gateware/digilent_nexys4ddr.v:8430]
WARNING: [Synth 8-6014] Unused sequential element soc_basesoc_sdram_bankmachine7_cmd_buffer_source_last_reg was removed.  [/home/masamuneprog/AAML/CFU-Playground/soc/build/digilent_nexys4ddr.my_first_cfu/gateware/digilent_nexys4ddr.v:8431]
WARNING: [Synth 8-6014] Unused sequential element soc_basesoc_wishbone_bridge_rdata_converter_converter_source_first_reg was removed.  [/home/masamuneprog/AAML/CFU-Playground/soc/build/digilent_nexys4ddr.my_first_cfu/gateware/digilent_nexys4ddr.v:5854]
WARNING: [Synth 8-6014] Unused sequential element soc_basesoc_wishbone_bridge_rdata_converter_converter_source_last_reg was removed.  [/home/masamuneprog/AAML/CFU-Playground/soc/build/digilent_nexys4ddr.my_first_cfu/gateware/digilent_nexys4ddr.v:5855]
WARNING: [Synth 8-6014] Unused sequential element soc_basesoc_wishbone_bridge_rdata_converter_converter_source_payload_valid_token_count_reg was removed.  [/home/masamuneprog/AAML/CFU-Playground/soc/build/digilent_nexys4ddr.my_first_cfu/gateware/digilent_nexys4ddr.v:9043]
WARNING: [Synth 8-6014] Unused sequential element soc_basesoc_scratch_re_reg was removed.  [/home/masamuneprog/AAML/CFU-Playground/soc/build/digilent_nexys4ddr.my_first_cfu/gateware/digilent_nexys4ddr.v:9117]
WARNING: [Synth 8-6014] Unused sequential element soc_basesoc_bus_errors_re_reg was removed.  [/home/masamuneprog/AAML/CFU-Playground/soc/build/digilent_nexys4ddr.my_first_cfu/gateware/digilent_nexys4ddr.v:9118]
WARNING: [Synth 8-6014] Unused sequential element soc_a7ddrphy_rst_re_reg was removed.  [/home/masamuneprog/AAML/CFU-Playground/soc/build/digilent_nexys4ddr.my_first_cfu/gateware/digilent_nexys4ddr.v:9166]
WARNING: [Synth 8-6014] Unused sequential element soc_a7ddrphy_dly_sel_re_reg was removed.  [/home/masamuneprog/AAML/CFU-Playground/soc/build/digilent_nexys4ddr.my_first_cfu/gateware/digilent_nexys4ddr.v:9170]
WARNING: [Synth 8-6014] Unused sequential element soc_a7ddrphy_half_sys8x_taps_re_reg was removed.  [/home/masamuneprog/AAML/CFU-Playground/soc/build/digilent_nexys4ddr.my_first_cfu/gateware/digilent_nexys4ddr.v:9174]
WARNING: [Synth 8-6014] Unused sequential element soc_a7ddrphy_wlevel_en_re_reg was removed.  [/home/masamuneprog/AAML/CFU-Playground/soc/build/digilent_nexys4ddr.my_first_cfu/gateware/digilent_nexys4ddr.v:9178]
WARNING: [Synth 8-6014] Unused sequential element soc_a7ddrphy_rdphase_re_reg was removed.  [/home/masamuneprog/AAML/CFU-Playground/soc/build/digilent_nexys4ddr.my_first_cfu/gateware/digilent_nexys4ddr.v:9182]
WARNING: [Synth 8-6014] Unused sequential element soc_a7ddrphy_wrphase_re_reg was removed.  [/home/masamuneprog/AAML/CFU-Playground/soc/build/digilent_nexys4ddr.my_first_cfu/gateware/digilent_nexys4ddr.v:9186]
WARNING: [Synth 8-6014] Unused sequential element soc_basesoc_sdram_re_reg was removed.  [/home/masamuneprog/AAML/CFU-Playground/soc/build/digilent_nexys4ddr.my_first_cfu/gateware/digilent_nexys4ddr.v:9247]
WARNING: [Synth 8-6014] Unused sequential element soc_basesoc_sdram_phaseinjector0_command_re_reg was removed.  [/home/masamuneprog/AAML/CFU-Playground/soc/build/digilent_nexys4ddr.my_first_cfu/gateware/digilent_nexys4ddr.v:9251]
WARNING: [Synth 8-6014] Unused sequential element soc_basesoc_sdram_phaseinjector0_address_re_reg was removed.  [/home/masamuneprog/AAML/CFU-Playground/soc/build/digilent_nexys4ddr.my_first_cfu/gateware/digilent_nexys4ddr.v:9255]
WARNING: [Synth 8-6014] Unused sequential element soc_basesoc_sdram_phaseinjector0_baddress_re_reg was removed.  [/home/masamuneprog/AAML/CFU-Playground/soc/build/digilent_nexys4ddr.my_first_cfu/gateware/digilent_nexys4ddr.v:9259]
WARNING: [Synth 8-6014] Unused sequential element soc_basesoc_sdram_phaseinjector0_wrdata_re_reg was removed.  [/home/masamuneprog/AAML/CFU-Playground/soc/build/digilent_nexys4ddr.my_first_cfu/gateware/digilent_nexys4ddr.v:9263]
WARNING: [Synth 8-6014] Unused sequential element soc_basesoc_sdram_phaseinjector0_rddata_re_reg was removed.  [/home/masamuneprog/AAML/CFU-Playground/soc/build/digilent_nexys4ddr.my_first_cfu/gateware/digilent_nexys4ddr.v:9264]
WARNING: [Synth 8-6014] Unused sequential element soc_basesoc_sdram_phaseinjector1_command_re_reg was removed.  [/home/masamuneprog/AAML/CFU-Playground/soc/build/digilent_nexys4ddr.my_first_cfu/gateware/digilent_nexys4ddr.v:9268]
WARNING: [Synth 8-6014] Unused sequential element soc_basesoc_sdram_phaseinjector1_address_re_reg was removed.  [/home/masamuneprog/AAML/CFU-Playground/soc/build/digilent_nexys4ddr.my_first_cfu/gateware/digilent_nexys4ddr.v:9272]
WARNING: [Synth 8-6014] Unused sequential element soc_basesoc_sdram_phaseinjector1_baddress_re_reg was removed.  [/home/masamuneprog/AAML/CFU-Playground/soc/build/digilent_nexys4ddr.my_first_cfu/gateware/digilent_nexys4ddr.v:9276]
WARNING: [Synth 8-6014] Unused sequential element soc_basesoc_sdram_phaseinjector1_wrdata_re_reg was removed.  [/home/masamuneprog/AAML/CFU-Playground/soc/build/digilent_nexys4ddr.my_first_cfu/gateware/digilent_nexys4ddr.v:9280]
WARNING: [Synth 8-6014] Unused sequential element soc_basesoc_sdram_phaseinjector1_rddata_re_reg was removed.  [/home/masamuneprog/AAML/CFU-Playground/soc/build/digilent_nexys4ddr.my_first_cfu/gateware/digilent_nexys4ddr.v:9281]
WARNING: [Synth 8-6014] Unused sequential element soc_basesoc_timer_load_re_reg was removed.  [/home/masamuneprog/AAML/CFU-Playground/soc/build/digilent_nexys4ddr.my_first_cfu/gateware/digilent_nexys4ddr.v:9314]
WARNING: [Synth 8-6014] Unused sequential element soc_basesoc_timer_reload_re_reg was removed.  [/home/masamuneprog/AAML/CFU-Playground/soc/build/digilent_nexys4ddr.my_first_cfu/gateware/digilent_nexys4ddr.v:9318]
WARNING: [Synth 8-6014] Unused sequential element soc_basesoc_timer_en_re_reg was removed.  [/home/masamuneprog/AAML/CFU-Playground/soc/build/digilent_nexys4ddr.my_first_cfu/gateware/digilent_nexys4ddr.v:9322]
WARNING: [Synth 8-6014] Unused sequential element soc_basesoc_timer_value_re_reg was removed.  [/home/masamuneprog/AAML/CFU-Playground/soc/build/digilent_nexys4ddr.my_first_cfu/gateware/digilent_nexys4ddr.v:9327]
WARNING: [Synth 8-6014] Unused sequential element soc_basesoc_timer_status_re_reg was removed.  [/home/masamuneprog/AAML/CFU-Playground/soc/build/digilent_nexys4ddr.my_first_cfu/gateware/digilent_nexys4ddr.v:9328]
WARNING: [Synth 8-6014] Unused sequential element soc_basesoc_timer_enable_re_reg was removed.  [/home/masamuneprog/AAML/CFU-Playground/soc/build/digilent_nexys4ddr.my_first_cfu/gateware/digilent_nexys4ddr.v:9336]
WARNING: [Synth 8-6014] Unused sequential element soc_basesoc_uart_txfull_re_reg was removed.  [/home/masamuneprog/AAML/CFU-Playground/soc/build/digilent_nexys4ddr.my_first_cfu/gateware/digilent_nexys4ddr.v:9366]
WARNING: [Synth 8-6014] Unused sequential element soc_basesoc_uart_rxempty_re_reg was removed.  [/home/masamuneprog/AAML/CFU-Playground/soc/build/digilent_nexys4ddr.my_first_cfu/gateware/digilent_nexys4ddr.v:9367]
WARNING: [Synth 8-6014] Unused sequential element soc_basesoc_uart_status_re_reg was removed.  [/home/masamuneprog/AAML/CFU-Playground/soc/build/digilent_nexys4ddr.my_first_cfu/gateware/digilent_nexys4ddr.v:9368]
WARNING: [Synth 8-6014] Unused sequential element soc_basesoc_uart_enable_re_reg was removed.  [/home/masamuneprog/AAML/CFU-Playground/soc/build/digilent_nexys4ddr.my_first_cfu/gateware/digilent_nexys4ddr.v:9376]
WARNING: [Synth 8-6014] Unused sequential element soc_basesoc_uart_txempty_re_reg was removed.  [/home/masamuneprog/AAML/CFU-Playground/soc/build/digilent_nexys4ddr.my_first_cfu/gateware/digilent_nexys4ddr.v:9377]
WARNING: [Synth 8-6014] Unused sequential element soc_basesoc_uart_rxfull_re_reg was removed.  [/home/masamuneprog/AAML/CFU-Playground/soc/build/digilent_nexys4ddr.my_first_cfu/gateware/digilent_nexys4ddr.v:9378]
WARNING: [Synth 8-6014] Unused sequential element storage_dat0_reg was removed.  [/home/masamuneprog/AAML/CFU-Playground/soc/build/digilent_nexys4ddr.my_first_cfu/gateware/digilent_nexys4ddr.v:9775]
WARNING: [Synth 8-6014] Unused sequential element storage_1_dat0_reg was removed.  [/home/masamuneprog/AAML/CFU-Playground/soc/build/digilent_nexys4ddr.my_first_cfu/gateware/digilent_nexys4ddr.v:9796]
WARNING: [Synth 8-6014] Unused sequential element storage_2_dat0_reg was removed.  [/home/masamuneprog/AAML/CFU-Playground/soc/build/digilent_nexys4ddr.my_first_cfu/gateware/digilent_nexys4ddr.v:11654]
WARNING: [Synth 8-6014] Unused sequential element storage_3_dat0_reg was removed.  [/home/masamuneprog/AAML/CFU-Playground/soc/build/digilent_nexys4ddr.my_first_cfu/gateware/digilent_nexys4ddr.v:11672]
WARNING: [Synth 8-6014] Unused sequential element storage_4_dat0_reg was removed.  [/home/masamuneprog/AAML/CFU-Playground/soc/build/digilent_nexys4ddr.my_first_cfu/gateware/digilent_nexys4ddr.v:11690]
WARNING: [Synth 8-6014] Unused sequential element storage_5_dat0_reg was removed.  [/home/masamuneprog/AAML/CFU-Playground/soc/build/digilent_nexys4ddr.my_first_cfu/gateware/digilent_nexys4ddr.v:11708]
WARNING: [Synth 8-6014] Unused sequential element storage_6_dat0_reg was removed.  [/home/masamuneprog/AAML/CFU-Playground/soc/build/digilent_nexys4ddr.my_first_cfu/gateware/digilent_nexys4ddr.v:11726]
WARNING: [Synth 8-6014] Unused sequential element storage_7_dat0_reg was removed.  [/home/masamuneprog/AAML/CFU-Playground/soc/build/digilent_nexys4ddr.my_first_cfu/gateware/digilent_nexys4ddr.v:11744]
WARNING: [Synth 8-6014] Unused sequential element storage_8_dat0_reg was removed.  [/home/masamuneprog/AAML/CFU-Playground/soc/build/digilent_nexys4ddr.my_first_cfu/gateware/digilent_nexys4ddr.v:11762]
WARNING: [Synth 8-6014] Unused sequential element storage_9_dat0_reg was removed.  [/home/masamuneprog/AAML/CFU-Playground/soc/build/digilent_nexys4ddr.my_first_cfu/gateware/digilent_nexys4ddr.v:11780]
WARNING: [Synth 8-6014] Unused sequential element data_mem_grain1_adr0_reg was removed.  [/home/masamuneprog/AAML/CFU-Playground/soc/build/digilent_nexys4ddr.my_first_cfu/gateware/digilent_nexys4ddr.v:11974]
WARNING: [Synth 8-6014] Unused sequential element data_mem_grain2_adr0_reg was removed.  [/home/masamuneprog/AAML/CFU-Playground/soc/build/digilent_nexys4ddr.my_first_cfu/gateware/digilent_nexys4ddr.v:11988]
WARNING: [Synth 8-6014] Unused sequential element data_mem_grain3_adr0_reg was removed.  [/home/masamuneprog/AAML/CFU-Playground/soc/build/digilent_nexys4ddr.my_first_cfu/gateware/digilent_nexys4ddr.v:12002]
WARNING: [Synth 8-6014] Unused sequential element data_mem_grain4_adr0_reg was removed.  [/home/masamuneprog/AAML/CFU-Playground/soc/build/digilent_nexys4ddr.my_first_cfu/gateware/digilent_nexys4ddr.v:12016]
WARNING: [Synth 8-6014] Unused sequential element data_mem_grain5_adr0_reg was removed.  [/home/masamuneprog/AAML/CFU-Playground/soc/build/digilent_nexys4ddr.my_first_cfu/gateware/digilent_nexys4ddr.v:12030]
WARNING: [Synth 8-6014] Unused sequential element data_mem_grain6_adr0_reg was removed.  [/home/masamuneprog/AAML/CFU-Playground/soc/build/digilent_nexys4ddr.my_first_cfu/gateware/digilent_nexys4ddr.v:12044]
WARNING: [Synth 8-6014] Unused sequential element data_mem_grain7_adr0_reg was removed.  [/home/masamuneprog/AAML/CFU-Playground/soc/build/digilent_nexys4ddr.my_first_cfu/gateware/digilent_nexys4ddr.v:12058]
WARNING: [Synth 8-6014] Unused sequential element data_mem_grain8_adr0_reg was removed.  [/home/masamuneprog/AAML/CFU-Playground/soc/build/digilent_nexys4ddr.my_first_cfu/gateware/digilent_nexys4ddr.v:12072]
WARNING: [Synth 8-6014] Unused sequential element data_mem_grain9_adr0_reg was removed.  [/home/masamuneprog/AAML/CFU-Playground/soc/build/digilent_nexys4ddr.my_first_cfu/gateware/digilent_nexys4ddr.v:12086]
INFO: [Common 17-14] Message 'Synth 8-6014' appears 100 times and further instances of the messages will be disabled. Use the Tcl command set_msg_config to change the current settings.
WARNING: [Synth 8-3936] Found unconnected internal register 'soc_a7ddrphy_bitslip142_reg' and it is trimmed from '8' to '4' bits. [/home/masamuneprog/AAML/CFU-Playground/soc/build/digilent_nexys4ddr.my_first_cfu/gateware/digilent_nexys4ddr.v:3581]
WARNING: [Synth 8-3936] Found unconnected internal register 'soc_a7ddrphy_bitslip132_reg' and it is trimmed from '8' to '4' bits. [/home/masamuneprog/AAML/CFU-Playground/soc/build/digilent_nexys4ddr.my_first_cfu/gateware/digilent_nexys4ddr.v:3523]
WARNING: [Synth 8-3936] Found unconnected internal register 'soc_a7ddrphy_bitslip122_reg' and it is trimmed from '8' to '4' bits. [/home/masamuneprog/AAML/CFU-Playground/soc/build/digilent_nexys4ddr.my_first_cfu/gateware/digilent_nexys4ddr.v:3465]
WARNING: [Synth 8-3936] Found unconnected internal register 'soc_a7ddrphy_bitslip112_reg' and it is trimmed from '8' to '4' bits. [/home/masamuneprog/AAML/CFU-Playground/soc/build/digilent_nexys4ddr.my_first_cfu/gateware/digilent_nexys4ddr.v:3407]
WARNING: [Synth 8-3936] Found unconnected internal register 'soc_a7ddrphy_bitslip102_reg' and it is trimmed from '8' to '4' bits. [/home/masamuneprog/AAML/CFU-Playground/soc/build/digilent_nexys4ddr.my_first_cfu/gateware/digilent_nexys4ddr.v:3349]
WARNING: [Synth 8-3936] Found unconnected internal register 'soc_a7ddrphy_bitslip92_reg' and it is trimmed from '8' to '4' bits. [/home/masamuneprog/AAML/CFU-Playground/soc/build/digilent_nexys4ddr.my_first_cfu/gateware/digilent_nexys4ddr.v:3291]
WARNING: [Synth 8-3936] Found unconnected internal register 'soc_a7ddrphy_bitslip82_reg' and it is trimmed from '8' to '4' bits. [/home/masamuneprog/AAML/CFU-Playground/soc/build/digilent_nexys4ddr.my_first_cfu/gateware/digilent_nexys4ddr.v:3233]
WARNING: [Synth 8-3936] Found unconnected internal register 'soc_a7ddrphy_bitslip72_reg' and it is trimmed from '8' to '4' bits. [/home/masamuneprog/AAML/CFU-Playground/soc/build/digilent_nexys4ddr.my_first_cfu/gateware/digilent_nexys4ddr.v:3175]
WARNING: [Synth 8-3936] Found unconnected internal register 'soc_a7ddrphy_bitslip62_reg' and it is trimmed from '8' to '4' bits. [/home/masamuneprog/AAML/CFU-Playground/soc/build/digilent_nexys4ddr.my_first_cfu/gateware/digilent_nexys4ddr.v:3117]
WARNING: [Synth 8-3936] Found unconnected internal register 'soc_a7ddrphy_bitslip52_reg' and it is trimmed from '8' to '4' bits. [/home/masamuneprog/AAML/CFU-Playground/soc/build/digilent_nexys4ddr.my_first_cfu/gateware/digilent_nexys4ddr.v:3059]
WARNING: [Synth 8-3936] Found unconnected internal register 'soc_a7ddrphy_bitslip42_reg' and it is trimmed from '8' to '4' bits. [/home/masamuneprog/AAML/CFU-Playground/soc/build/digilent_nexys4ddr.my_first_cfu/gateware/digilent_nexys4ddr.v:3001]
WARNING: [Synth 8-3936] Found unconnected internal register 'soc_a7ddrphy_bitslip32_reg' and it is trimmed from '8' to '4' bits. [/home/masamuneprog/AAML/CFU-Playground/soc/build/digilent_nexys4ddr.my_first_cfu/gateware/digilent_nexys4ddr.v:2943]
WARNING: [Synth 8-3936] Found unconnected internal register 'soc_a7ddrphy_bitslip22_reg' and it is trimmed from '8' to '4' bits. [/home/masamuneprog/AAML/CFU-Playground/soc/build/digilent_nexys4ddr.my_first_cfu/gateware/digilent_nexys4ddr.v:2885]
WARNING: [Synth 8-3936] Found unconnected internal register 'soc_a7ddrphy_bitslip14_reg' and it is trimmed from '8' to '4' bits. [/home/masamuneprog/AAML/CFU-Playground/soc/build/digilent_nexys4ddr.my_first_cfu/gateware/digilent_nexys4ddr.v:2827]
WARNING: [Synth 8-3936] Found unconnected internal register 'soc_a7ddrphy_bitslip04_reg' and it is trimmed from '8' to '4' bits. [/home/masamuneprog/AAML/CFU-Playground/soc/build/digilent_nexys4ddr.my_first_cfu/gateware/digilent_nexys4ddr.v:2769]
WARNING: [Synth 8-3936] Found unconnected internal register 'soc_a7ddrphy_bitslip152_reg' and it is trimmed from '8' to '4' bits. [/home/masamuneprog/AAML/CFU-Playground/soc/build/digilent_nexys4ddr.my_first_cfu/gateware/digilent_nexys4ddr.v:3639]
WARNING: [Synth 8-7129] Port cmd_payload_function_id[9] in module Cfu is either unconnected or has no load
WARNING: [Synth 8-7129] Port cmd_payload_function_id[8] in module Cfu is either unconnected or has no load
WARNING: [Synth 8-7129] Port cmd_payload_function_id[7] in module Cfu is either unconnected or has no load
WARNING: [Synth 8-7129] Port cmd_payload_function_id[6] in module Cfu is either unconnected or has no load
WARNING: [Synth 8-7129] Port cmd_payload_function_id[5] in module Cfu is either unconnected or has no load
WARNING: [Synth 8-7129] Port cmd_payload_function_id[4] in module Cfu is either unconnected or has no load
WARNING: [Synth 8-7129] Port cmd_payload_function_id[3] in module Cfu is either unconnected or has no load
WARNING: [Synth 8-7129] Port cmd_payload_function_id[2] in module Cfu is either unconnected or has no load
WARNING: [Synth 8-7129] Port cmd_payload_function_id[1] in module Cfu is either unconnected or has no load
WARNING: [Synth 8-7129] Port reset in module Cfu is either unconnected or has no load
WARNING: [Synth 8-7129] Port clk in module Cfu is either unconnected or has no load
WARNING: [Synth 8-7129] Port io_cpu_writeBack_exclusiveOk in module DataCache is either unconnected or has no load
WARNING: [Synth 8-7129] Port io_cpu_execute_address[31] in module DataCache is either unconnected or has no load
WARNING: [Synth 8-7129] Port io_cpu_execute_address[30] in module DataCache is either unconnected or has no load
WARNING: [Synth 8-7129] Port io_cpu_execute_address[29] in module DataCache is either unconnected or has no load
WARNING: [Synth 8-7129] Port io_cpu_execute_address[28] in module DataCache is either unconnected or has no load
WARNING: [Synth 8-7129] Port io_cpu_execute_address[27] in module DataCache is either unconnected or has no load
WARNING: [Synth 8-7129] Port io_cpu_execute_address[26] in module DataCache is either unconnected or has no load
WARNING: [Synth 8-7129] Port io_cpu_execute_address[25] in module DataCache is either unconnected or has no load
WARNING: [Synth 8-7129] Port io_cpu_execute_address[24] in module DataCache is either unconnected or has no load
WARNING: [Synth 8-7129] Port io_cpu_execute_address[23] in module DataCache is either unconnected or has no load
WARNING: [Synth 8-7129] Port io_cpu_execute_address[22] in module DataCache is either unconnected or has no load
WARNING: [Synth 8-7129] Port io_cpu_execute_address[21] in module DataCache is either unconnected or has no load
WARNING: [Synth 8-7129] Port io_cpu_execute_address[20] in module DataCache is either unconnected or has no load
WARNING: [Synth 8-7129] Port io_cpu_execute_address[19] in module DataCache is either unconnected or has no load
WARNING: [Synth 8-7129] Port io_cpu_execute_address[18] in module DataCache is either unconnected or has no load
WARNING: [Synth 8-7129] Port io_cpu_execute_address[17] in module DataCache is either unconnected or has no load
WARNING: [Synth 8-7129] Port io_cpu_execute_address[16] in module DataCache is either unconnected or has no load
WARNING: [Synth 8-7129] Port io_cpu_execute_address[15] in module DataCache is either unconnected or has no load
WARNING: [Synth 8-7129] Port io_cpu_execute_address[14] in module DataCache is either unconnected or has no load
WARNING: [Synth 8-7129] Port io_cpu_execute_address[13] in module DataCache is either unconnected or has no load
WARNING: [Synth 8-7129] Port io_cpu_execute_address[12] in module DataCache is either unconnected or has no load
WARNING: [Synth 8-7129] Port io_cpu_execute_args_totalyConsistent in module DataCache is either unconnected or has no load
WARNING: [Synth 8-7129] Port io_cpu_memory_address[31] in module DataCache is either unconnected or has no load
WARNING: [Synth 8-7129] Port io_cpu_memory_address[30] in module DataCache is either unconnected or has no load
WARNING: [Synth 8-7129] Port io_cpu_memory_address[29] in module DataCache is either unconnected or has no load
WARNING: [Synth 8-7129] Port io_cpu_memory_address[28] in module DataCache is either unconnected or has no load
WARNING: [Synth 8-7129] Port io_cpu_memory_address[27] in module DataCache is either unconnected or has no load
WARNING: [Synth 8-7129] Port io_cpu_memory_address[26] in module DataCache is either unconnected or has no load
WARNING: [Synth 8-7129] Port io_cpu_memory_address[25] in module DataCache is either unconnected or has no load
WARNING: [Synth 8-7129] Port io_cpu_memory_address[24] in module DataCache is either unconnected or has no load
WARNING: [Synth 8-7129] Port io_cpu_memory_address[23] in module DataCache is either unconnected or has no load
WARNING: [Synth 8-7129] Port io_cpu_memory_address[22] in module DataCache is either unconnected or has no load
WARNING: [Synth 8-7129] Port io_cpu_memory_address[21] in module DataCache is either unconnected or has no load
WARNING: [Synth 8-7129] Port io_cpu_memory_address[20] in module DataCache is either unconnected or has no load
WARNING: [Synth 8-7129] Port io_cpu_memory_address[19] in module DataCache is either unconnected or has no load
WARNING: [Synth 8-7129] Port io_cpu_memory_address[18] in module DataCache is either unconnected or has no load
WARNING: [Synth 8-7129] Port io_cpu_memory_address[17] in module DataCache is either unconnected or has no load
WARNING: [Synth 8-7129] Port io_cpu_memory_address[16] in module DataCache is either unconnected or has no load
WARNING: [Synth 8-7129] Port io_cpu_memory_address[15] in module DataCache is either unconnected or has no load
WARNING: [Synth 8-7129] Port io_cpu_memory_address[14] in module DataCache is either unconnected or has no load
WARNING: [Synth 8-7129] Port io_cpu_memory_address[13] in module DataCache is either unconnected or has no load
WARNING: [Synth 8-7129] Port io_cpu_memory_address[12] in module DataCache is either unconnected or has no load
WARNING: [Synth 8-7129] Port io_cpu_memory_mmuRsp_allowExecute in module DataCache is either unconnected or has no load
WARNING: [Synth 8-7129] Port io_cpu_memory_mmuRsp_bypassTranslation in module DataCache is either unconnected or has no load
WARNING: [Synth 8-7129] Port io_cpu_writeBack_isFiring in module DataCache is either unconnected or has no load
WARNING: [Synth 8-7129] Port io_cpu_writeBack_isUser in module DataCache is either unconnected or has no load
WARNING: [Synth 8-7129] Port io_cpu_writeBack_address[31] in module DataCache is either unconnected or has no load
WARNING: [Synth 8-7129] Port io_cpu_writeBack_address[30] in module DataCache is either unconnected or has no load
WARNING: [Synth 8-7129] Port io_cpu_writeBack_address[29] in module DataCache is either unconnected or has no load
WARNING: [Synth 8-7129] Port io_cpu_writeBack_address[28] in module DataCache is either unconnected or has no load
WARNING: [Synth 8-7129] Port io_cpu_writeBack_address[27] in module DataCache is either unconnected or has no load
WARNING: [Synth 8-7129] Port io_cpu_writeBack_address[26] in module DataCache is either unconnected or has no load
WARNING: [Synth 8-7129] Port io_cpu_writeBack_address[25] in module DataCache is either unconnected or has no load
WARNING: [Synth 8-7129] Port io_cpu_writeBack_address[24] in module DataCache is either unconnected or has no load
WARNING: [Synth 8-7129] Port io_cpu_writeBack_address[23] in module DataCache is either unconnected or has no load
WARNING: [Synth 8-7129] Port io_cpu_writeBack_address[22] in module DataCache is either unconnected or has no load
WARNING: [Synth 8-7129] Port io_cpu_writeBack_address[21] in module DataCache is either unconnected or has no load
WARNING: [Synth 8-7129] Port io_cpu_writeBack_address[20] in module DataCache is either unconnected or has no load
WARNING: [Synth 8-7129] Port io_cpu_writeBack_address[19] in module DataCache is either unconnected or has no load
WARNING: [Synth 8-7129] Port io_cpu_writeBack_address[18] in module DataCache is either unconnected or has no load
WARNING: [Synth 8-7129] Port io_cpu_writeBack_address[17] in module DataCache is either unconnected or has no load
WARNING: [Synth 8-7129] Port io_cpu_writeBack_address[16] in module DataCache is either unconnected or has no load
WARNING: [Synth 8-7129] Port io_cpu_writeBack_address[15] in module DataCache is either unconnected or has no load
WARNING: [Synth 8-7129] Port io_cpu_writeBack_address[14] in module DataCache is either unconnected or has no load
WARNING: [Synth 8-7129] Port io_cpu_writeBack_address[13] in module DataCache is either unconnected or has no load
WARNING: [Synth 8-7129] Port io_cpu_writeBack_address[12] in module DataCache is either unconnected or has no load
WARNING: [Synth 8-7129] Port io_cpu_writeBack_address[11] in module DataCache is either unconnected or has no load
WARNING: [Synth 8-7129] Port io_cpu_writeBack_address[10] in module DataCache is either unconnected or has no load
WARNING: [Synth 8-7129] Port io_cpu_writeBack_address[9] in module DataCache is either unconnected or has no load
WARNING: [Synth 8-7129] Port io_cpu_writeBack_address[8] in module DataCache is either unconnected or has no load
WARNING: [Synth 8-7129] Port io_cpu_writeBack_address[7] in module DataCache is either unconnected or has no load
WARNING: [Synth 8-7129] Port io_cpu_writeBack_address[6] in module DataCache is either unconnected or has no load
WARNING: [Synth 8-7129] Port io_cpu_writeBack_address[5] in module DataCache is either unconnected or has no load
WARNING: [Synth 8-7129] Port io_cpu_writeBack_address[4] in module DataCache is either unconnected or has no load
WARNING: [Synth 8-7129] Port io_cpu_writeBack_address[3] in module DataCache is either unconnected or has no load
WARNING: [Synth 8-7129] Port io_cpu_writeBack_address[2] in module DataCache is either unconnected or has no load
WARNING: [Synth 8-7129] Port io_cpu_writeBack_address[1] in module DataCache is either unconnected or has no load
WARNING: [Synth 8-7129] Port io_cpu_writeBack_address[0] in module DataCache is either unconnected or has no load
WARNING: [Synth 8-7129] Port io_cpu_writeBack_fence_SW in module DataCache is either unconnected or has no load
WARNING: [Synth 8-7129] Port io_cpu_writeBack_fence_SR in module DataCache is either unconnected or has no load
WARNING: [Synth 8-7129] Port io_cpu_writeBack_fence_SO in module DataCache is either unconnected or has no load
WARNING: [Synth 8-7129] Port io_cpu_writeBack_fence_SI in module DataCache is either unconnected or has no load
WARNING: [Synth 8-7129] Port io_cpu_writeBack_fence_PW in module DataCache is either unconnected or has no load
WARNING: [Synth 8-7129] Port io_cpu_writeBack_fence_PR in module DataCache is either unconnected or has no load
WARNING: [Synth 8-7129] Port io_cpu_writeBack_fence_PO in module DataCache is either unconnected or has no load
WARNING: [Synth 8-7129] Port io_cpu_writeBack_fence_PI in module DataCache is either unconnected or has no load
WARNING: [Synth 8-7129] Port io_cpu_writeBack_fence_FM[3] in module DataCache is either unconnected or has no load
WARNING: [Synth 8-7129] Port io_cpu_writeBack_fence_FM[2] in module DataCache is either unconnected or has no load
WARNING: [Synth 8-7129] Port io_cpu_writeBack_fence_FM[1] in module DataCache is either unconnected or has no load
INFO: [Common 17-14] Message 'Synth 8-7129' appears 100 times and further instances of the messages will be disabled. Use the Tcl command set_msg_config to change the current settings.
---------------------------------------------------------------------------------
Finished RTL Elaboration : Time (s): cpu = 00:00:07 ; elapsed = 00:00:08 . Memory (MB): peak = 2184.766 ; gain = 571.684 ; free physical = 5028 ; free virtual = 10663
---------------------------------------------------------------------------------
---------------------------------------------------------------------------------
Start Handling Custom Attributes
---------------------------------------------------------------------------------
---------------------------------------------------------------------------------
Finished Handling Custom Attributes : Time (s): cpu = 00:00:07 ; elapsed = 00:00:08 . Memory (MB): peak = 2193.672 ; gain = 580.590 ; free physical = 5020 ; free virtual = 10655
---------------------------------------------------------------------------------
---------------------------------------------------------------------------------
Finished RTL Optimization Phase 1 : Time (s): cpu = 00:00:07 ; elapsed = 00:00:08 . Memory (MB): peak = 2193.672 ; gain = 580.590 ; free physical = 5020 ; free virtual = 10655
---------------------------------------------------------------------------------
Netlist sorting complete. Time (s): cpu = 00:00:00.08 ; elapsed = 00:00:00.08 . Memory (MB): peak = 2199.609 ; gain = 0.000 ; free physical = 5010 ; free virtual = 10645
INFO: [Netlist 29-17] Analyzing 52 Unisim elements for replacement
INFO: [Netlist 29-28] Unisim Transformation completed in 0 CPU seconds
INFO: [Project 1-570] Preparing netlist for logic optimization

Processing XDC Constraints
Initializing timing engine
Parsing XDC File [/home/masamuneprog/AAML/CFU-Playground/soc/build/digilent_nexys4ddr.my_first_cfu/gateware/digilent_nexys4ddr.xdc]
INFO: [Timing 38-2] Deriving generated clocks [/home/masamuneprog/AAML/CFU-Playground/soc/build/digilent_nexys4ddr.my_first_cfu/gateware/digilent_nexys4ddr.xdc:343]
WARNING: [Vivado 12-3521] Clock specified in more than one group: soc_crg_clkout0 [/home/masamuneprog/AAML/CFU-Playground/soc/build/digilent_nexys4ddr.my_first_cfu/gateware/digilent_nexys4ddr.xdc:343]
Finished Parsing XDC File [/home/masamuneprog/AAML/CFU-Playground/soc/build/digilent_nexys4ddr.my_first_cfu/gateware/digilent_nexys4ddr.xdc]
INFO: [Project 1-236] Implementation specific constraints were found while reading constraint file [/home/masamuneprog/AAML/CFU-Playground/soc/build/digilent_nexys4ddr.my_first_cfu/gateware/digilent_nexys4ddr.xdc]. These constraints will be ignored for synthesis but will be used in implementation. Impacted constraints are listed in the file [.Xil/digilent_nexys4ddr_propImpl.xdc].
Resolution: To avoid this warning, move constraints listed in [.Xil/digilent_nexys4ddr_propImpl.xdc] to another XDC file and exclude this new file from synthesis with the used_in_synthesis property (File Properties dialog in GUI) and re-run elaboration/synthesis.
Completed Processing XDC Constraints

Netlist sorting complete. Time (s): cpu = 00:00:00 ; elapsed = 00:00:00 . Memory (MB): peak = 2339.422 ; gain = 0.000 ; free physical = 4928 ; free virtual = 10562
INFO: [Project 1-111] Unisim Transformation Summary:
  A total of 19 instances were transformed.
  IOBUF => IOBUF (IBUF, OBUFT): 16 instances
  IOBUFDS => IOBUFDS (IBUFDS, INV, OBUFTDS(x2)): 2 instances
  OBUFDS => OBUFDS_DUAL_BUF (INV, OBUFDS(x2)): 1 instance 

Constraint Validation Runtime : Time (s): cpu = 00:00:00.02 ; elapsed = 00:00:00.02 . Memory (MB): peak = 2339.457 ; gain = 0.000 ; free physical = 4932 ; free virtual = 10566
---------------------------------------------------------------------------------
Finished Constraint Validation : Time (s): cpu = 00:00:15 ; elapsed = 00:00:16 . Memory (MB): peak = 2339.457 ; gain = 726.375 ; free physical = 4931 ; free virtual = 10565
---------------------------------------------------------------------------------
---------------------------------------------------------------------------------
Start Loading Part and Timing Information
---------------------------------------------------------------------------------
Loading part: xc7a100tcsg324-1
---------------------------------------------------------------------------------
Finished Loading Part and Timing Information : Time (s): cpu = 00:00:15 ; elapsed = 00:00:16 . Memory (MB): peak = 2339.457 ; gain = 726.375 ; free physical = 4931 ; free virtual = 10565
---------------------------------------------------------------------------------
---------------------------------------------------------------------------------
Start Applying 'set_property' XDC Constraints
---------------------------------------------------------------------------------
---------------------------------------------------------------------------------
Finished applying 'set_property' XDC Constraints : Time (s): cpu = 00:00:16 ; elapsed = 00:00:16 . Memory (MB): peak = 2339.457 ; gain = 726.375 ; free physical = 4931 ; free virtual = 10565
---------------------------------------------------------------------------------
WARNING: [Synth 8-3936] Found unconnected internal register 'memory_to_writeBack_INSTRUCTION_reg' and it is trimmed from '32' to '30' bits. [/home/masamuneprog/AAML/CFU-Playground/third_party/python/pythondata_cpu_vexriscv/pythondata_cpu_vexriscv/verilog/VexRiscv_FullCfu.v:2932]
WARNING: [Synth 8-3936] Found unconnected internal register 'execute_to_memory_INSTRUCTION_reg' and it is trimmed from '32' to '30' bits. [/home/masamuneprog/AAML/CFU-Playground/third_party/python/pythondata_cpu_vexriscv/pythondata_cpu_vexriscv/verilog/VexRiscv_FullCfu.v:2733]
WARNING: [Synth 8-3936] Found unconnected internal register 'storage_1_dat1_reg' and it is trimmed from '10' to '8' bits. [/home/masamuneprog/AAML/CFU-Playground/soc/build/digilent_nexys4ddr.my_first_cfu/gateware/digilent_nexys4ddr.v:9800]
WARNING: [Synth 8-3936] Found unconnected internal register 'storage_dat1_reg' and it is trimmed from '10' to '8' bits. [/home/masamuneprog/AAML/CFU-Playground/soc/build/digilent_nexys4ddr.my_first_cfu/gateware/digilent_nexys4ddr.v:9779]
INFO: [Synth 8-802] inferred FSM for state register 'soc_builder_basesoc_refresher_state_reg' in module 'digilent_nexys4ddr'
INFO: [Synth 8-802] inferred FSM for state register 'soc_builder_basesoc_fsm_state_reg' in module 'digilent_nexys4ddr'
INFO: [Synth 8-802] inferred FSM for state register 'soc_builder_basesoc_wishbone2csr_state_reg' in module 'digilent_nexys4ddr'
---------------------------------------------------------------------------------------------------
                   State |                     New Encoding |                Previous Encoding 
---------------------------------------------------------------------------------------------------
                  iSTATE |                              001 |                               00
*
                 iSTATE0 |                              010 |                               01
                 iSTATE1 |                              100 |                               10
---------------------------------------------------------------------------------------------------
INFO: [Synth 8-3354] encoded FSM with state register 'soc_builder_basesoc_refresher_state_reg' using encoding 'one-hot' in module 'digilent_nexys4ddr'
---------------------------------------------------------------------------------------------------
                   State |                     New Encoding |                Previous Encoding 
---------------------------------------------------------------------------------------------------
                  iSTATE |                               00 |                               00
*
                 iSTATE1 |                               01 |                               10
                 iSTATE0 |                               10 |                               01
---------------------------------------------------------------------------------------------------
INFO: [Synth 8-3354] encoded FSM with state register 'soc_builder_basesoc_fsm_state_reg' using encoding 'sequential' in module 'digilent_nexys4ddr'
---------------------------------------------------------------------------------------------------
                   State |                     New Encoding |                Previous Encoding 
---------------------------------------------------------------------------------------------------
                  iSTATE |                              001 |                               00
*
                 iSTATE0 |                              010 |                               01
                 iSTATE1 |                              100 |                               10
---------------------------------------------------------------------------------------------------
INFO: [Synth 8-3354] encoded FSM with state register 'soc_builder_basesoc_wishbone2csr_state_reg' using encoding 'one-hot' in module 'digilent_nexys4ddr'
---------------------------------------------------------------------------------
Finished RTL Optimization Phase 2 : Time (s): cpu = 00:00:19 ; elapsed = 00:00:20 . Memory (MB): peak = 2339.457 ; gain = 726.375 ; free physical = 4928 ; free virtual = 10566
---------------------------------------------------------------------------------
---------------------------------------------------------------------------------
Start RTL Component Statistics 
---------------------------------------------------------------------------------
Detailed RTL Component Info : 
+---Adders : 
	   2 Input   64 Bit       Adders := 3     
	   3 Input   52 Bit       Adders := 1     
	   2 Input   33 Bit       Adders := 3     
	   3 Input   33 Bit       Adders := 1     
	   3 Input   32 Bit       Adders := 1     
	   2 Input   32 Bit       Adders := 6     
	   2 Input   10 Bit       Adders := 1     
	   2 Input    8 Bit       Adders := 2     
	   2 Input    6 Bit       Adders := 1     
	   2 Input    5 Bit       Adders := 3     
	   2 Input    4 Bit       Adders := 20    
	   2 Input    3 Bit       Adders := 56    
	   2 Input    2 Bit       Adders := 9     
	   2 Input    1 Bit       Adders := 7     
+---XORs : 
	   2 Input     32 Bit         XORs := 1     
	   2 Input      1 Bit         XORs := 2     
+---Registers : 
	              128 Bit    Registers := 1     
	               65 Bit    Registers := 1     
	               64 Bit    Registers := 2     
	               52 Bit    Registers := 1     
	               34 Bit    Registers := 1     
	               33 Bit    Registers := 1     
	               32 Bit    Registers := 56    
	               30 Bit    Registers := 3     
	               26 Bit    Registers := 1     
	               22 Bit    Registers := 2     
	               21 Bit    Registers := 8     
	               16 Bit    Registers := 38    
	               14 Bit    Registers := 1     
	               13 Bit    Registers := 13    
	               11 Bit    Registers := 1     
	               10 Bit    Registers := 1     
	                9 Bit    Registers := 17    
	                8 Bit    Registers := 11    
	                6 Bit    Registers := 4     
	                5 Bit    Registers := 5     
	                4 Bit    Registers := 27    
	                3 Bit    Registers := 57    
	                2 Bit    Registers := 31    
	                1 Bit    Registers := 253   
+---RAMs : 
	              64K Bit	(2048 X 32 bit)          RAMs := 1     
	              32K Bit	(1024 X 32 bit)          RAMs := 1     
	              12K Bit	(512 X 24 bit)          RAMs := 1     
	               8K Bit	(1024 X 8 bit)          RAMs := 4     
	               4K Bit	(512 X 8 bit)          RAMs := 16    
	               2K Bit	(128 X 22 bit)          RAMs := 2     
	             1024 Bit	(32 X 32 bit)          RAMs := 1     
	              176 Bit	(8 X 22 bit)          RAMs := 8     
	              160 Bit	(16 X 10 bit)          RAMs := 2     
+---ROMs : 
	                    ROMs := 1     
+---Muxes : 
	   2 Input  128 Bit        Muxes := 4     
	   3 Input  128 Bit        Muxes := 1     
	   2 Input   72 Bit        Muxes := 1     
	   2 Input   64 Bit        Muxes := 1     
	   2 Input   33 Bit        Muxes := 3     
	   2 Input   32 Bit        Muxes := 130   
	   3 Input   32 Bit        Muxes := 5     
	   4 Input   32 Bit        Muxes := 5     
	   2 Input   30 Bit        Muxes := 1     
	   2 Input   25 Bit        Muxes := 1     
	   2 Input   24 Bit        Muxes := 1     
	   2 Input   16 Bit        Muxes := 3     
	   2 Input   14 Bit        Muxes := 1     
	   3 Input   14 Bit        Muxes := 1     
	   2 Input   13 Bit        Muxes := 11    
	   4 Input   13 Bit        Muxes := 1     
	   3 Input   13 Bit        Muxes := 1     
	   2 Input   11 Bit        Muxes := 3     
	   2 Input   10 Bit        Muxes := 1     
	   2 Input    8 Bit        Muxes := 15    
	   4 Input    8 Bit        Muxes := 1     
	   5 Input    8 Bit        Muxes := 1     
	   3 Input    8 Bit        Muxes := 3     
	   2 Input    7 Bit        Muxes := 4     
	   2 Input    5 Bit        Muxes := 4     
	  14 Input    5 Bit        Muxes := 1     
	   4 Input    4 Bit        Muxes := 3     
	   2 Input    4 Bit        Muxes := 14    
	   5 Input    4 Bit        Muxes := 1     
	   3 Input    4 Bit        Muxes := 1     
	   7 Input    4 Bit        Muxes := 1     
	   2 Input    3 Bit        Muxes := 30    
	   3 Input    3 Bit        Muxes := 4     
	   7 Input    3 Bit        Muxes := 20    
	   6 Input    3 Bit        Muxes := 2     
	   4 Input    3 Bit        Muxes := 1     
	   2 Input    2 Bit        Muxes := 16    
	   4 Input    2 Bit        Muxes := 1     
	   3 Input    2 Bit        Muxes := 14    
	  11 Input    2 Bit        Muxes := 2     
	   2 Input    1 Bit        Muxes := 292   
	   3 Input    1 Bit        Muxes := 19    
	   4 Input    1 Bit        Muxes := 13    
	  11 Input    1 Bit        Muxes := 5     
	   7 Input    1 Bit        Muxes := 104   
---------------------------------------------------------------------------------
Finished RTL Component Statistics 
---------------------------------------------------------------------------------
---------------------------------------------------------------------------------
Start Part Resource Summary
---------------------------------------------------------------------------------
Part Resources:
DSPs: 240 (col length:80)
BRAMs: 270 (col length: RAMB18 80 RAMB36 40)
---------------------------------------------------------------------------------
Finished Part Resource Summary
---------------------------------------------------------------------------------
---------------------------------------------------------------------------------
Start Cross Boundary and Area Optimization
---------------------------------------------------------------------------------
WARNING: [Synth 8-7080] Parallel synthesis criteria is not met
WARNING: [Synth 8-3936] Found unconnected internal register 'memory_to_writeBack_MUL_HH_reg' and it is trimmed from '34' to '32' bits. [/home/masamuneprog/AAML/CFU-Playground/third_party/python/pythondata_cpu_vexriscv/pythondata_cpu_vexriscv/verilog/VexRiscv_FullCfu.v:2704]
WARNING: [Synth 8-3936] Found unconnected internal register 'execute_to_memory_MUL_HH_reg' and it is trimmed from '34' to '32' bits. [/home/masamuneprog/AAML/CFU-Playground/third_party/python/pythondata_cpu_vexriscv/pythondata_cpu_vexriscv/verilog/VexRiscv_FullCfu.v:2626]
DSP Report: Generating DSP memory_to_writeBack_MUL_HH_reg, operation Mode is: (A*B)'.
DSP Report: register memory_to_writeBack_MUL_HH_reg is absorbed into DSP memory_to_writeBack_MUL_HH_reg.
DSP Report: register execute_to_memory_MUL_HH_reg is absorbed into DSP memory_to_writeBack_MUL_HH_reg.
DSP Report: operator execute_MUL_HH is absorbed into DSP memory_to_writeBack_MUL_HH_reg.
DSP Report: Generating DSP execute_to_memory_MUL_LH_reg, operation Mode is: (A*B)'.
DSP Report: register execute_to_memory_MUL_LH_reg is absorbed into DSP execute_to_memory_MUL_LH_reg.
DSP Report: operator execute_MUL_LH is absorbed into DSP execute_to_memory_MUL_LH_reg.
DSP Report: Generating DSP execute_to_memory_MUL_HL_reg, operation Mode is: (A*B)'.
DSP Report: register execute_to_memory_MUL_HL_reg is absorbed into DSP execute_to_memory_MUL_HL_reg.
DSP Report: operator execute_MUL_HL is absorbed into DSP execute_to_memory_MUL_HL_reg.
DSP Report: Generating DSP execute_to_memory_MUL_LL_reg, operation Mode is: (A*B)'.
DSP Report: register execute_to_memory_MUL_LL_reg is absorbed into DSP execute_to_memory_MUL_LL_reg.
DSP Report: operator execute_MUL_LL is absorbed into DSP execute_to_memory_MUL_LL_reg.
INFO: [Synth 8-3971] The signal "VexRiscv/RegFilePlugin_regFile_reg" was recognized as a true dual port RAM template.
RAM Pipeline Warning: Read Address Register Found For RAM tag_mem_reg. We will not be able to pipeline it. This may degrade performance. 
INFO: [Synth 8-5784] Optimized 4 bits of RAM "tag_mem_reg" due to constant propagation. Old ram width 24 bits, new ram width 20 bits.
RAM Pipeline Warning: Read Address Register Found For RAM tag_mem_reg. We will not be able to pipeline it. This may degrade performance. 
RAM Pipeline Warning: Read Address Register Found For RAM sram_reg. We will not be able to pipeline it. This may degrade performance. 
RAM Pipeline Warning: Read Address Register Found For RAM sram_reg. We will not be able to pipeline it. This may degrade performance. 
RAM Pipeline Warning: Read Address Register Found For RAM data_mem_grain0_reg. We will not be able to pipeline it. This may degrade performance. 
RAM Pipeline Warning: Read Address Register Found For RAM data_mem_grain0_reg. We will not be able to pipeline it. This may degrade performance. 
RAM Pipeline Warning: Read Address Register Found For RAM data_mem_grain1_reg. We will not be able to pipeline it. This may degrade performance. 
RAM Pipeline Warning: Read Address Register Found For RAM data_mem_grain1_reg. We will not be able to pipeline it. This may degrade performance. 
RAM Pipeline Warning: Read Address Register Found For RAM data_mem_grain2_reg. We will not be able to pipeline it. This may degrade performance. 
RAM Pipeline Warning: Read Address Register Found For RAM data_mem_grain2_reg. We will not be able to pipeline it. This may degrade performance. 
RAM Pipeline Warning: Read Address Register Found For RAM data_mem_grain3_reg. We will not be able to pipeline it. This may degrade performance. 
RAM Pipeline Warning: Read Address Register Found For RAM data_mem_grain3_reg. We will not be able to pipeline it. This may degrade performance. 
RAM Pipeline Warning: Read Address Register Found For RAM data_mem_grain4_reg. We will not be able to pipeline it. This may degrade performance. 
RAM Pipeline Warning: Read Address Register Found For RAM data_mem_grain4_reg. We will not be able to pipeline it. This may degrade performance. 
RAM Pipeline Warning: Read Address Register Found For RAM data_mem_grain5_reg. We will not be able to pipeline it. This may degrade performance. 
RAM Pipeline Warning: Read Address Register Found For RAM data_mem_grain5_reg. We will not be able to pipeline it. This may degrade performance. 
RAM Pipeline Warning: Read Address Register Found For RAM data_mem_grain6_reg. We will not be able to pipeline it. This may degrade performance. 
RAM Pipeline Warning: Read Address Register Found For RAM data_mem_grain6_reg. We will not be able to pipeline it. This may degrade performance. 
RAM Pipeline Warning: Read Address Register Found For RAM data_mem_grain7_reg. We will not be able to pipeline it. This may degrade performance. 
RAM Pipeline Warning: Read Address Register Found For RAM data_mem_grain7_reg. We will not be able to pipeline it. This may degrade performance. 
RAM Pipeline Warning: Read Address Register Found For RAM data_mem_grain8_reg. We will not be able to pipeline it. This may degrade performance. 
RAM Pipeline Warning: Read Address Register Found For RAM data_mem_grain8_reg. We will not be able to pipeline it. This may degrade performance. 
RAM Pipeline Warning: Read Address Register Found For RAM data_mem_grain9_reg. We will not be able to pipeline it. This may degrade performance. 
RAM Pipeline Warning: Read Address Register Found For RAM data_mem_grain9_reg. We will not be able to pipeline it. This may degrade performance. 
RAM Pipeline Warning: Read Address Register Found For RAM data_mem_grain10_reg. We will not be able to pipeline it. This may degrade performance. 
RAM Pipeline Warning: Read Address Register Found For RAM data_mem_grain10_reg. We will not be able to pipeline it. This may degrade performance. 
RAM Pipeline Warning: Read Address Register Found For RAM data_mem_grain11_reg. We will not be able to pipeline it. This may degrade performance. 
RAM Pipeline Warning: Read Address Register Found For RAM data_mem_grain11_reg. We will not be able to pipeline it. This may degrade performance. 
RAM Pipeline Warning: Read Address Register Found For RAM data_mem_grain12_reg. We will not be able to pipeline it. This may degrade performance. 
RAM Pipeline Warning: Read Address Register Found For RAM data_mem_grain12_reg. We will not be able to pipeline it. This may degrade performance. 
RAM Pipeline Warning: Read Address Register Found For RAM data_mem_grain13_reg. We will not be able to pipeline it. This may degrade performance. 
RAM Pipeline Warning: Read Address Register Found For RAM data_mem_grain13_reg. We will not be able to pipeline it. This may degrade performance. 
RAM Pipeline Warning: Read Address Register Found For RAM data_mem_grain14_reg. We will not be able to pipeline it. This may degrade performance. 
RAM Pipeline Warning: Read Address Register Found For RAM data_mem_grain14_reg. We will not be able to pipeline it. This may degrade performance. 
RAM Pipeline Warning: Read Address Register Found For RAM data_mem_grain15_reg. We will not be able to pipeline it. This may degrade performance. 
RAM Pipeline Warning: Read Address Register Found For RAM data_mem_grain15_reg. We will not be able to pipeline it. This may degrade performance. 
RAM Pipeline Warning: Read Address Register Found For RAM tag_mem_reg. We will not be able to pipeline it. This may degrade performance. 
RAM Pipeline Warning: Read Address Register Found For RAM sram_reg. We will not be able to pipeline it. This may degrade performance. 
RAM Pipeline Warning: Read Address Register Found For RAM data_mem_grain0_reg. We will not be able to pipeline it. This may degrade performance. 
RAM Pipeline Warning: Read Address Register Found For RAM data_mem_grain1_reg. We will not be able to pipeline it. This may degrade performance. 
RAM Pipeline Warning: Read Address Register Found For RAM data_mem_grain2_reg. We will not be able to pipeline it. This may degrade performance. 
RAM Pipeline Warning: Read Address Register Found For RAM data_mem_grain3_reg. We will not be able to pipeline it. This may degrade performance. 
RAM Pipeline Warning: Read Address Register Found For RAM data_mem_grain4_reg. We will not be able to pipeline it. This may degrade performance. 
RAM Pipeline Warning: Read Address Register Found For RAM data_mem_grain5_reg. We will not be able to pipeline it. This may degrade performance. 
RAM Pipeline Warning: Read Address Register Found For RAM data_mem_grain6_reg. We will not be able to pipeline it. This may degrade performance. 
RAM Pipeline Warning: Read Address Register Found For RAM data_mem_grain7_reg. We will not be able to pipeline it. This may degrade performance. 
RAM Pipeline Warning: Read Address Register Found For RAM data_mem_grain8_reg. We will not be able to pipeline it. This may degrade performance. 
RAM Pipeline Warning: Read Address Register Found For RAM data_mem_grain9_reg. We will not be able to pipeline it. This may degrade performance. 
RAM Pipeline Warning: Read Address Register Found For RAM data_mem_grain10_reg. We will not be able to pipeline it. This may degrade performance. 
RAM Pipeline Warning: Read Address Register Found For RAM data_mem_grain11_reg. We will not be able to pipeline it. This may degrade performance. 
RAM Pipeline Warning: Read Address Register Found For RAM data_mem_grain12_reg. We will not be able to pipeline it. This may degrade performance. 
RAM Pipeline Warning: Read Address Register Found For RAM data_mem_grain13_reg. We will not be able to pipeline it. This may degrade performance. 
RAM Pipeline Warning: Read Address Register Found For RAM data_mem_grain14_reg. We will not be able to pipeline it. This may degrade performance. 
RAM Pipeline Warning: Read Address Register Found For RAM data_mem_grain15_reg. We will not be able to pipeline it. This may degrade performance. 
WARNING: [Synth 8-3332] Sequential element (FDPE_2) is unused and will be removed from module digilent_nexys4ddr.
WARNING: [Synth 8-3332] Sequential element (FDPE_3) is unused and will be removed from module digilent_nexys4ddr.
WARNING: [Synth 8-3332] Sequential element (FDPE_4) is unused and will be removed from module digilent_nexys4ddr.
WARNING: [Synth 8-3332] Sequential element (FDPE_5) is unused and will be removed from module digilent_nexys4ddr.
WARNING: [Synth 8-3332] Sequential element (FDPE_8) is unused and will be removed from module digilent_nexys4ddr.
WARNING: [Synth 8-3332] Sequential element (FDPE_9) is unused and will be removed from module digilent_nexys4ddr.
WARNING: [Synth 8-3332] Sequential element (FDPE_10) is unused and will be removed from module digilent_nexys4ddr.
WARNING: [Synth 8-3332] Sequential element (FDPE_11) is unused and will be removed from module digilent_nexys4ddr.
WARNING: [Synth 8-3332] Sequential element (FSM_onehot_soc_builder_basesoc_refresher_state_reg[0]) is unused and will be removed from module digilent_nexys4ddr.
WARNING: [Synth 8-3332] Sequential element (FSM_onehot_soc_builder_basesoc_wishbone2csr_state_reg[0]) is unused and will be removed from module digilent_nexys4ddr.
---------------------------------------------------------------------------------
Finished Cross Boundary and Area Optimization : Time (s): cpu = 00:00:39 ; elapsed = 00:00:40 . Memory (MB): peak = 2339.457 ; gain = 726.375 ; free physical = 4913 ; free virtual = 10564
---------------------------------------------------------------------------------
 Sort Area is  memory_to_writeBack_MUL_HH_reg_5 : 0 0 : 2328 2328 : Used 1 time 0
 Sort Area is  execute_to_memory_MUL_HL_reg_2 : 0 0 : 2298 2298 : Used 1 time 0
 Sort Area is  execute_to_memory_MUL_LH_reg_4 : 0 0 : 2298 2298 : Used 1 time 0
 Sort Area is  execute_to_memory_MUL_LL_reg_0 : 0 0 : 1978 1978 : Used 1 time 0
---------------------------------------------------------------------------------
Start ROM, RAM, DSP, Shift Register and Retiming Reporting
---------------------------------------------------------------------------------

ROM: Preliminary Mapping Report
+-------------------+--------------+---------------+----------------+
|Module Name        | RTL Object   | Depth x Width | Implemented As | 
+-------------------+--------------+---------------+----------------+
|digilent_nexys4ddr | mem          | 64x8          | LUT            | 
|digilent_nexys4ddr | p_0_out      | 64x8          | LUT            | 
|digilent_nexys4ddr | rom_dat0_reg | 8192x32       | Block RAM      | 
+-------------------+--------------+---------------+----------------+


Block RAM: Preliminary Mapping Report (see note below)
+--------------------------------+-------------------------+------------------------+---+---+------------------------+---+---+------------------+--------+--------+
|Module Name                     | RTL Object              | PORT A (Depth x Width) | W | R | PORT B (Depth x Width) | W | R | Ports driving FF | RAMB18 | RAMB36 | 
+--------------------------------+-------------------------+------------------------+---+---+------------------------+---+---+------------------+--------+--------+
|VexRiscv/IBusCachedPlugin_cache | banks_0_reg             | 1 K x 32(READ_FIRST)   | W |   | 1 K x 32(WRITE_FIRST)  |   | R | Port A and B     | 0      | 1      | 
|VexRiscv/IBusCachedPlugin_cache | ways_0_tags_reg         | 128 x 22(READ_FIRST)   | W |   | 128 x 22(WRITE_FIRST)  |   | R | Port A and B     | 1      | 0      | 
|VexRiscv/dataCache_1            | ways_0_tags_reg         | 128 x 22(READ_FIRST)   | W |   | 128 x 22(WRITE_FIRST)  |   | R | Port A and B     | 1      | 0      | 
|VexRiscv/dataCache_1            | ways_0_data_symbol0_reg | 1 K x 8(READ_FIRST)    | W |   | 1 K x 8(WRITE_FIRST)   |   | R | Port A and B     | 1      | 0      | 
|VexRiscv/dataCache_1            | ways_0_data_symbol1_reg | 1 K x 8(READ_FIRST)    | W |   | 1 K x 8(WRITE_FIRST)   |   | R | Port A and B     | 1      | 0      | 
|VexRiscv/dataCache_1            | ways_0_data_symbol2_reg | 1 K x 8(READ_FIRST)    | W |   | 1 K x 8(WRITE_FIRST)   |   | R | Port A and B     | 1      | 0      | 
|VexRiscv/dataCache_1            | ways_0_data_symbol3_reg | 1 K x 8(READ_FIRST)    | W |   | 1 K x 8(WRITE_FIRST)   |   | R | Port A and B     | 1      | 0      | 
|digilent_nexys4ddr              | tag_mem_reg             | 512 x 24(WRITE_FIRST)  | W | R |                        |   |   | Port A           | 1      | 0      | 
|digilent_nexys4ddr              | sram_reg                | 2 K x 32(WRITE_FIRST)  | W | R |                        |   |   | Port A           | 0      | 2      | 
|digilent_nexys4ddr              | data_mem_grain0_reg     | 512 x 8(WRITE_FIRST)   | W | R |                        |   |   | Port A           | 1      | 0      | 
|digilent_nexys4ddr              | data_mem_grain1_reg     | 512 x 8(WRITE_FIRST)   | W | R |                        |   |   | Port A           | 1      | 0      | 
|digilent_nexys4ddr              | data_mem_grain2_reg     | 512 x 8(WRITE_FIRST)   | W | R |                        |   |   | Port A           | 1      | 0      | 
|digilent_nexys4ddr              | data_mem_grain3_reg     | 512 x 8(WRITE_FIRST)   | W | R |                        |   |   | Port A           | 1      | 0      | 
|digilent_nexys4ddr              | data_mem_grain4_reg     | 512 x 8(WRITE_FIRST)   | W | R |                        |   |   | Port A           | 1      | 0      | 
|digilent_nexys4ddr              | data_mem_grain5_reg     | 512 x 8(WRITE_FIRST)   | W | R |                        |   |   | Port A           | 1      | 0      | 
|digilent_nexys4ddr              | data_mem_grain6_reg     | 512 x 8(WRITE_FIRST)   | W | R |                        |   |   | Port A           | 1      | 0      | 
|digilent_nexys4ddr              | data_mem_grain7_reg     | 512 x 8(WRITE_FIRST)   | W | R |                        |   |   | Port A           | 1      | 0      | 
|digilent_nexys4ddr              | data_mem_grain8_reg     | 512 x 8(WRITE_FIRST)   | W | R |                        |   |   | Port A           | 1      | 0      | 
|digilent_nexys4ddr              | data_mem_grain9_reg     | 512 x 8(WRITE_FIRST)   | W | R |                        |   |   | Port A           | 1      | 0      | 
|digilent_nexys4ddr              | data_mem_grain10_reg    | 512 x 8(WRITE_FIRST)   | W | R |                        |   |   | Port A           | 1      | 0      | 
|digilent_nexys4ddr              | data_mem_grain11_reg    | 512 x 8(WRITE_FIRST)   | W | R |                        |   |   | Port A           | 1      | 0      | 
|digilent_nexys4ddr              | data_mem_grain12_reg    | 512 x 8(WRITE_FIRST)   | W | R |                        |   |   | Port A           | 1      | 0      | 
|digilent_nexys4ddr              | data_mem_grain13_reg    | 512 x 8(WRITE_FIRST)   | W | R |                        |   |   | Port A           | 1      | 0      | 
|digilent_nexys4ddr              | data_mem_grain14_reg    | 512 x 8(WRITE_FIRST)   | W | R |                        |   |   | Port A           | 1      | 0      | 
|digilent_nexys4ddr              | data_mem_grain15_reg    | 512 x 8(WRITE_FIRST)   | W | R |                        |   |   | Port A           | 1      | 0      | 
+--------------------------------+-------------------------+------------------------+---+---+------------------------+---+---+------------------+--------+--------+

Note: The table above is a preliminary report that shows the Block RAMs at the current stage of the synthesis flow. Some Block RAMs may be reimplemented as non Block RAM primitives later in the synthesis flow. Multiple instantiated Block RAMs are reported only once. 

Distributed RAM: Preliminary Mapping Report (see note below)
+-------------------+---------------+-----------+----------------------+-------------+
|Module Name        | RTL Object    | Inference | Size (Depth x Width) | Primitives  | 
+-------------------+---------------+-----------+----------------------+-------------+
|digilent_nexys4ddr | storage_2_reg | Implied   | 8 x 22               | RAM32M x 4  | 
|digilent_nexys4ddr | storage_4_reg | Implied   | 8 x 22               | RAM32M x 4  | 
|digilent_nexys4ddr | storage_9_reg | Implied   | 8 x 22               | RAM32M x 4  | 
|digilent_nexys4ddr | storage_8_reg | Implied   | 8 x 22               | RAM32M x 4  | 
|digilent_nexys4ddr | storage_7_reg | Implied   | 8 x 22               | RAM32M x 4  | 
|digilent_nexys4ddr | storage_6_reg | Implied   | 8 x 22               | RAM32M x 4  | 
|digilent_nexys4ddr | storage_5_reg | Implied   | 8 x 22               | RAM32M x 4  | 
|digilent_nexys4ddr | storage_3_reg | Implied   | 8 x 22               | RAM32M x 4  | 
|digilent_nexys4ddr | storage_1_reg | Implied   | 16 x 8               | RAM32M x 2  | 
|digilent_nexys4ddr | storage_reg   | Implied   | 16 x 8               | RAM32M x 2  | 
+-------------------+---------------+-----------+----------------------+-------------+

Note: The table above is a preliminary report that shows the Distributed RAMs at the current stage of the synthesis flow. Some Distributed RAMs may be reimplemented as non Distributed RAM primitives later in the synthesis flow. Multiple instantiated RAMs are reported only once.

DSP: Preliminary Mapping Report (see note below. The ' indicates corresponding REG is set)
+------------+-------------+--------+--------+--------+--------+--------+------+------+------+------+-------+------+------+
|Module Name | DSP Mapping | A Size | B Size | C Size | D Size | P Size | AREG | BREG | CREG | DREG | ADREG | MREG | PREG | 
+------------+-------------+--------+--------+--------+--------+--------+------+------+------+------+-------+------+------+
|VexRiscv    | (A*B)'      | 17     | 17     | -      | -      | 34     | 0    | 0    | -    | -    | -     | 1    | 1    | 
|VexRiscv    | (A*B)'      | 17     | 17     | -      | -      | 34     | 0    | 0    | -    | -    | -     | 1    | 0    | 
|VexRiscv    | (A*B)'      | 17     | 17     | -      | -      | 34     | 0    | 0    | -    | -    | -     | 1    | 0    | 
|VexRiscv    | (A*B)'      | 16     | 16     | -      | -      | 32     | 0    | 0    | -    | -    | -     | 1    | 0    | 
+------------+-------------+--------+--------+--------+--------+--------+------+------+------+------+-------+------+------+

Note: The table above is a preliminary report that shows the DSPs inferred at the current stage of the synthesis flow. Some DSP may be reimplemented as non DSP primitives later in the synthesis flow. Multiple instantiated DSPs are reported only once.
---------------------------------------------------------------------------------
Finished ROM, RAM, DSP, Shift Register and Retiming Reporting
---------------------------------------------------------------------------------
---------------------------------------------------------------------------------
Start Applying XDC Timing Constraints
---------------------------------------------------------------------------------
soc_crg_clkout0 in more then one group at line 343 of file /home/masamuneprog/AAML/CFU-Playground/soc/build/digilent_nexys4ddr.my_first_cfu/gateware/digilent_nexys4ddr.xdc
---------------------------------------------------------------------------------
Finished Applying XDC Timing Constraints : Time (s): cpu = 00:00:45 ; elapsed = 00:00:46 . Memory (MB): peak = 2339.457 ; gain = 726.375 ; free physical = 4912 ; free virtual = 10563
---------------------------------------------------------------------------------
---------------------------------------------------------------------------------
Start Timing Optimization
---------------------------------------------------------------------------------
---------------------------------------------------------------------------------
Finished Timing Optimization : Time (s): cpu = 00:00:52 ; elapsed = 00:00:54 . Memory (MB): peak = 2339.457 ; gain = 726.375 ; free physical = 4900 ; free virtual = 10551
---------------------------------------------------------------------------------
---------------------------------------------------------------------------------
Start ROM, RAM, DSP, Shift Register and Retiming Reporting
---------------------------------------------------------------------------------

Block RAM: Final Mapping Report
+--------------------------------+-------------------------+------------------------+---+---+------------------------+---+---+------------------+--------+--------+
|Module Name                     | RTL Object              | PORT A (Depth x Width) | W | R | PORT B (Depth x Width) | W | R | Ports driving FF | RAMB18 | RAMB36 | 
+--------------------------------+-------------------------+------------------------+---+---+------------------------+---+---+------------------+--------+--------+
|VexRiscv/IBusCachedPlugin_cache | banks_0_reg             | 1 K x 32(READ_FIRST)   | W |   | 1 K x 32(WRITE_FIRST)  |   | R | Port A and B     | 0      | 1      | 
|VexRiscv/IBusCachedPlugin_cache | ways_0_tags_reg         | 128 x 22(READ_FIRST)   | W |   | 128 x 22(WRITE_FIRST)  |   | R | Port A and B     | 1      | 0      | 
|VexRiscv/dataCache_1            | ways_0_tags_reg         | 128 x 22(READ_FIRST)   | W |   | 128 x 22(WRITE_FIRST)  |   | R | Port A and B     | 1      | 0      | 
|VexRiscv/dataCache_1            | ways_0_data_symbol0_reg | 1 K x 8(READ_FIRST)    | W |   | 1 K x 8(WRITE_FIRST)   |   | R | Port A and B     | 1      | 0      | 
|VexRiscv/dataCache_1            | ways_0_data_symbol1_reg | 1 K x 8(READ_FIRST)    | W |   | 1 K x 8(WRITE_FIRST)   |   | R | Port A and B     | 1      | 0      | 
|VexRiscv/dataCache_1            | ways_0_data_symbol2_reg | 1 K x 8(READ_FIRST)    | W |   | 1 K x 8(WRITE_FIRST)   |   | R | Port A and B     | 1      | 0      | 
|VexRiscv/dataCache_1            | ways_0_data_symbol3_reg | 1 K x 8(READ_FIRST)    | W |   | 1 K x 8(WRITE_FIRST)   |   | R | Port A and B     | 1      | 0      | 
|digilent_nexys4ddr              | tag_mem_reg             | 512 x 24(WRITE_FIRST)  | W | R |                        |   |   | Port A           | 1      | 0      | 
|digilent_nexys4ddr              | sram_reg                | 2 K x 32(WRITE_FIRST)  | W | R |                        |   |   | Port A           | 0      | 2      | 
|digilent_nexys4ddr              | data_mem_grain0_reg     | 512 x 8(WRITE_FIRST)   | W | R |                        |   |   | Port A           | 1      | 0      | 
|digilent_nexys4ddr              | data_mem_grain1_reg     | 512 x 8(WRITE_FIRST)   | W | R |                        |   |   | Port A           | 1      | 0      | 
|digilent_nexys4ddr              | data_mem_grain2_reg     | 512 x 8(WRITE_FIRST)   | W | R |                        |   |   | Port A           | 1      | 0      | 
|digilent_nexys4ddr              | data_mem_grain3_reg     | 512 x 8(WRITE_FIRST)   | W | R |                        |   |   | Port A           | 1      | 0      | 
|digilent_nexys4ddr              | data_mem_grain4_reg     | 512 x 8(WRITE_FIRST)   | W | R |                        |   |   | Port A           | 1      | 0      | 
|digilent_nexys4ddr              | data_mem_grain5_reg     | 512 x 8(WRITE_FIRST)   | W | R |                        |   |   | Port A           | 1      | 0      | 
|digilent_nexys4ddr              | data_mem_grain6_reg     | 512 x 8(WRITE_FIRST)   | W | R |                        |   |   | Port A           | 1      | 0      | 
|digilent_nexys4ddr              | data_mem_grain7_reg     | 512 x 8(WRITE_FIRST)   | W | R |                        |   |   | Port A           | 1      | 0      | 
|digilent_nexys4ddr              | data_mem_grain8_reg     | 512 x 8(WRITE_FIRST)   | W | R |                        |   |   | Port A           | 1      | 0      | 
|digilent_nexys4ddr              | data_mem_grain9_reg     | 512 x 8(WRITE_FIRST)   | W | R |                        |   |   | Port A           | 1      | 0      | 
|digilent_nexys4ddr              | data_mem_grain10_reg    | 512 x 8(WRITE_FIRST)   | W | R |                        |   |   | Port A           | 1      | 0      | 
|digilent_nexys4ddr              | data_mem_grain11_reg    | 512 x 8(WRITE_FIRST)   | W | R |                        |   |   | Port A           | 1      | 0      | 
|digilent_nexys4ddr              | data_mem_grain12_reg    | 512 x 8(WRITE_FIRST)   | W | R |                        |   |   | Port A           | 1      | 0      | 
|digilent_nexys4ddr              | data_mem_grain13_reg    | 512 x 8(WRITE_FIRST)   | W | R |                        |   |   | Port A           | 1      | 0      | 
|digilent_nexys4ddr              | data_mem_grain14_reg    | 512 x 8(WRITE_FIRST)   | W | R |                        |   |   | Port A           | 1      | 0      | 
|digilent_nexys4ddr              | data_mem_grain15_reg    | 512 x 8(WRITE_FIRST)   | W | R |                        |   |   | Port A           | 1      | 0      | 
+--------------------------------+-------------------------+------------------------+---+---+------------------------+---+---+------------------+--------+--------+


Distributed RAM: Final Mapping Report
+-------------------+---------------+-----------+----------------------+-------------+
|Module Name        | RTL Object    | Inference | Size (Depth x Width) | Primitives  | 
+-------------------+---------------+-----------+----------------------+-------------+
|digilent_nexys4ddr | storage_2_reg | Implied   | 8 x 22               | RAM32M x 4  | 
|digilent_nexys4ddr | storage_4_reg | Implied   | 8 x 22               | RAM32M x 4  | 
|digilent_nexys4ddr | storage_9_reg | Implied   | 8 x 22               | RAM32M x 4  | 
|digilent_nexys4ddr | storage_8_reg | Implied   | 8 x 22               | RAM32M x 4  | 
|digilent_nexys4ddr | storage_7_reg | Implied   | 8 x 22               | RAM32M x 4  | 
|digilent_nexys4ddr | storage_6_reg | Implied   | 8 x 22               | RAM32M x 4  | 
|digilent_nexys4ddr | storage_5_reg | Implied   | 8 x 22               | RAM32M x 4  | 
|digilent_nexys4ddr | storage_3_reg | Implied   | 8 x 22               | RAM32M x 4  | 
|digilent_nexys4ddr | storage_1_reg | Implied   | 16 x 8               | RAM32M x 2  | 
|digilent_nexys4ddr | storage_reg   | Implied   | 16 x 8               | RAM32M x 2  | 
+-------------------+---------------+-----------+----------------------+-------------+

---------------------------------------------------------------------------------
Finished ROM, RAM, DSP, Shift Register and Retiming Reporting
---------------------------------------------------------------------------------
---------------------------------------------------------------------------------
Start Technology Mapping
---------------------------------------------------------------------------------
INFO: [Synth 8-7052] The timing for the instance VexRiscv/IBusCachedPlugin_cache/banks_0_reg (implemented as a Block RAM) might be sub-optimal as no optional output register could be merged into the ram block. Providing additional output register may help in improving timing.
INFO: [Synth 8-7052] The timing for the instance VexRiscv/IBusCachedPlugin_cache/ways_0_tags_reg (implemented as a Block RAM) might be sub-optimal as no optional output register could be merged into the ram block. Providing additional output register may help in improving timing.
INFO: [Synth 8-7052] The timing for the instance VexRiscv/dataCache_1/ways_0_tags_reg (implemented as a Block RAM) might be sub-optimal as no optional output register could be merged into the ram block. Providing additional output register may help in improving timing.
INFO: [Synth 8-7052] The timing for the instance VexRiscv/RegFilePlugin_regFile_reg_1 (implemented as a Block RAM) might be sub-optimal as no optional output register could be merged into the ram block. Providing additional output register may help in improving timing.
INFO: [Synth 8-7052] The timing for the instance VexRiscv/RegFilePlugin_regFile_reg_2 (implemented as a Block RAM) might be sub-optimal as no optional output register could be merged into the ram block. Providing additional output register may help in improving timing.
INFO: [Synth 8-7052] The timing for the instance tag_mem_reg (implemented as a Block RAM) might be sub-optimal as no optional output register could be merged into the ram block. Providing additional output register may help in improving timing.
INFO: [Synth 8-7052] The timing for the instance tag_mem_reg (implemented as a Block RAM) might be sub-optimal as no optional output register could be merged into the ram block. Providing additional output register may help in improving timing.
INFO: [Synth 8-7052] The timing for the instance sram_reg_0 (implemented as a Block RAM) might be sub-optimal as no optional output register could be merged into the ram block. Providing additional output register may help in improving timing.
INFO: [Synth 8-7052] The timing for the instance sram_reg_1 (implemented as a Block RAM) might be sub-optimal as no optional output register could be merged into the ram block. Providing additional output register may help in improving timing.
INFO: [Synth 8-7052] The timing for the instance data_mem_grain0_reg (implemented as a Block RAM) might be sub-optimal as no optional output register could be merged into the ram block. Providing additional output register may help in improving timing.
INFO: [Synth 8-7052] The timing for the instance data_mem_grain1_reg (implemented as a Block RAM) might be sub-optimal as no optional output register could be merged into the ram block. Providing additional output register may help in improving timing.
INFO: [Synth 8-7052] The timing for the instance data_mem_grain2_reg (implemented as a Block RAM) might be sub-optimal as no optional output register could be merged into the ram block. Providing additional output register may help in improving timing.
INFO: [Synth 8-7052] The timing for the instance data_mem_grain3_reg (implemented as a Block RAM) might be sub-optimal as no optional output register could be merged into the ram block. Providing additional output register may help in improving timing.
INFO: [Synth 8-7052] The timing for the instance data_mem_grain4_reg (implemented as a Block RAM) might be sub-optimal as no optional output register could be merged into the ram block. Providing additional output register may help in improving timing.
INFO: [Synth 8-7052] The timing for the instance data_mem_grain5_reg (implemented as a Block RAM) might be sub-optimal as no optional output register could be merged into the ram block. Providing additional output register may help in improving timing.
INFO: [Synth 8-7052] The timing for the instance data_mem_grain6_reg (implemented as a Block RAM) might be sub-optimal as no optional output register could be merged into the ram block. Providing additional output register may help in improving timing.
INFO: [Synth 8-7052] The timing for the instance data_mem_grain7_reg (implemented as a Block RAM) might be sub-optimal as no optional output register could be merged into the ram block. Providing additional output register may help in improving timing.
INFO: [Synth 8-7052] The timing for the instance data_mem_grain8_reg (implemented as a Block RAM) might be sub-optimal as no optional output register could be merged into the ram block. Providing additional output register may help in improving timing.
INFO: [Synth 8-7052] The timing for the instance data_mem_grain9_reg (implemented as a Block RAM) might be sub-optimal as no optional output register could be merged into the ram block. Providing additional output register may help in improving timing.
INFO: [Synth 8-7052] The timing for the instance data_mem_grain10_reg (implemented as a Block RAM) might be sub-optimal as no optional output register could be merged into the ram block. Providing additional output register may help in improving timing.
INFO: [Synth 8-7052] The timing for the instance data_mem_grain11_reg (implemented as a Block RAM) might be sub-optimal as no optional output register could be merged into the ram block. Providing additional output register may help in improving timing.
INFO: [Synth 8-7052] The timing for the instance data_mem_grain12_reg (implemented as a Block RAM) might be sub-optimal as no optional output register could be merged into the ram block. Providing additional output register may help in improving timing.
INFO: [Synth 8-7052] The timing for the instance data_mem_grain13_reg (implemented as a Block RAM) might be sub-optimal as no optional output register could be merged into the ram block. Providing additional output register may help in improving timing.
INFO: [Synth 8-7052] The timing for the instance data_mem_grain14_reg (implemented as a Block RAM) might be sub-optimal as no optional output register could be merged into the ram block. Providing additional output register may help in improving timing.
INFO: [Synth 8-7052] The timing for the instance data_mem_grain15_reg (implemented as a Block RAM) might be sub-optimal as no optional output register could be merged into the ram block. Providing additional output register may help in improving timing.
INFO: [Synth 8-7052] The timing for the instance rom_dat0_reg_0 (implemented as a Block RAM) might be sub-optimal as no optional output register could be merged into the ram block. Providing additional output register may help in improving timing.
INFO: [Synth 8-7052] The timing for the instance rom_dat0_reg_1 (implemented as a Block RAM) might be sub-optimal as no optional output register could be merged into the ram block. Providing additional output register may help in improving timing.
INFO: [Synth 8-7052] The timing for the instance rom_dat0_reg_2 (implemented as a Block RAM) might be sub-optimal as no optional output register could be merged into the ram block. Providing additional output register may help in improving timing.
INFO: [Synth 8-7052] The timing for the instance rom_dat0_reg_3 (implemented as a Block RAM) might be sub-optimal as no optional output register could be merged into the ram block. Providing additional output register may help in improving timing.
INFO: [Synth 8-7052] The timing for the instance rom_dat0_reg_4 (implemented as a Block RAM) might be sub-optimal as no optional output register could be merged into the ram block. Providing additional output register may help in improving timing.
INFO: [Synth 8-7052] The timing for the instance rom_dat0_reg_5 (implemented as a Block RAM) might be sub-optimal as no optional output register could be merged into the ram block. Providing additional output register may help in improving timing.
INFO: [Synth 8-7052] The timing for the instance rom_dat0_reg_6 (implemented as a Block RAM) might be sub-optimal as no optional output register could be merged into the ram block. Providing additional output register may help in improving timing.
INFO: [Synth 8-7052] The timing for the instance rom_dat0_reg_7 (implemented as a Block RAM) might be sub-optimal as no optional output register could be merged into the ram block. Providing additional output register may help in improving timing.
---------------------------------------------------------------------------------
Finished Technology Mapping : Time (s): cpu = 00:00:55 ; elapsed = 00:00:57 . Memory (MB): peak = 2339.457 ; gain = 726.375 ; free physical = 4891 ; free virtual = 10542
---------------------------------------------------------------------------------
---------------------------------------------------------------------------------
Start IO Insertion
---------------------------------------------------------------------------------
---------------------------------------------------------------------------------
Start Flattening Before IO Insertion
---------------------------------------------------------------------------------
---------------------------------------------------------------------------------
Finished Flattening Before IO Insertion
---------------------------------------------------------------------------------
---------------------------------------------------------------------------------
Start Final Netlist Cleanup
---------------------------------------------------------------------------------
---------------------------------------------------------------------------------
Finished Final Netlist Cleanup
---------------------------------------------------------------------------------
WARNING: [Synth 8-5396] Clock pin C has keep related attribute (keep/mark_debug/dont_touch) which could create extra logic on its net [/home/masamuneprog/AAML/CFU-Playground/soc/build/digilent_nexys4ddr.my_first_cfu/gateware/digilent_nexys4ddr.v:9072]
WARNING: [Synth 8-5396] Clock pin C has keep related attribute (keep/mark_debug/dont_touch) which could create extra logic on its net [/home/masamuneprog/AAML/CFU-Playground/soc/build/digilent_nexys4ddr.my_first_cfu/gateware/digilent_nexys4ddr.v:20]
WARNING: [Synth 8-5396] Clock pin C has keep related attribute (keep/mark_debug/dont_touch) which could create extra logic on its net [/home/masamuneprog/AAML/CFU-Playground/soc/build/digilent_nexys4ddr.my_first_cfu/gateware/digilent_nexys4ddr.v:8011]
WARNING: [Synth 8-5396] Clock pin CLK has keep related attribute (keep/mark_debug/dont_touch) which could create extra logic on its net [/home/masamuneprog/AAML/CFU-Playground/soc/build/digilent_nexys4ddr.my_first_cfu/gateware/digilent_nexys4ddr.v:8010]
WARNING: [Synth 8-5396] Clock pin C has keep related attribute (keep/mark_debug/dont_touch) which could create extra logic on its net [/home/masamuneprog/AAML/CFU-Playground/soc/build/digilent_nexys4ddr.my_first_cfu/gateware/digilent_nexys4ddr.v:20]
WARNING: [Synth 8-5396] Clock pin C has keep related attribute (keep/mark_debug/dont_touch) which could create extra logic on its net [/home/masamuneprog/AAML/CFU-Playground/soc/build/digilent_nexys4ddr.my_first_cfu/gateware/digilent_nexys4ddr.v:8992]
WARNING: [Synth 8-5396] Clock pin CLK has keep related attribute (keep/mark_debug/dont_touch) which could create extra logic on its net [/home/masamuneprog/AAML/CFU-Playground/soc/build/digilent_nexys4ddr.my_first_cfu/gateware/digilent_nexys4ddr.v:8991]
WARNING: [Synth 8-5396] Clock pin C has keep related attribute (keep/mark_debug/dont_touch) which could create extra logic on its net [/home/masamuneprog/AAML/CFU-Playground/soc/build/digilent_nexys4ddr.my_first_cfu/gateware/digilent_nexys4ddr.v:8992]
WARNING: [Synth 8-5396] Clock pin C has keep related attribute (keep/mark_debug/dont_touch) which could create extra logic on its net [/home/masamuneprog/AAML/CFU-Playground/soc/build/digilent_nexys4ddr.my_first_cfu/gateware/digilent_nexys4ddr.v:8991]
WARNING: [Synth 8-5396] Clock pin C has keep related attribute (keep/mark_debug/dont_touch) which could create extra logic on its net [/home/masamuneprog/AAML/CFU-Playground/soc/build/digilent_nexys4ddr.my_first_cfu/gateware/digilent_nexys4ddr.v:8990]
WARNING: [Synth 8-5396] Clock pin C has keep related attribute (keep/mark_debug/dont_touch) which could create extra logic on its net [/home/masamuneprog/AAML/CFU-Playground/soc/build/digilent_nexys4ddr.my_first_cfu/gateware/digilent_nexys4ddr.v:8989]
WARNING: [Synth 8-5396] Clock pin C has keep related attribute (keep/mark_debug/dont_touch) which could create extra logic on its net [/home/masamuneprog/AAML/CFU-Playground/soc/build/digilent_nexys4ddr.my_first_cfu/gateware/digilent_nexys4ddr.v:8988]
WARNING: [Synth 8-5396] Clock pin C has keep related attribute (keep/mark_debug/dont_touch) which could create extra logic on its net [/home/masamuneprog/AAML/CFU-Playground/soc/build/digilent_nexys4ddr.my_first_cfu/gateware/digilent_nexys4ddr.v:8987]
WARNING: [Synth 8-5396] Clock pin C has keep related attribute (keep/mark_debug/dont_touch) which could create extra logic on its net [/home/masamuneprog/AAML/CFU-Playground/soc/build/digilent_nexys4ddr.my_first_cfu/gateware/digilent_nexys4ddr.v:8986]
WARNING: [Synth 8-5396] Clock pin C has keep related attribute (keep/mark_debug/dont_touch) which could create extra logic on its net [/home/masamuneprog/AAML/CFU-Playground/soc/build/digilent_nexys4ddr.my_first_cfu/gateware/digilent_nexys4ddr.v:8985]
WARNING: [Synth 8-5396] Clock pin C has keep related attribute (keep/mark_debug/dont_touch) which could create extra logic on its net [/home/masamuneprog/AAML/CFU-Playground/third_party/python/pythondata_cpu_vexriscv/pythondata_cpu_vexriscv/verilog/VexRiscv_FullCfu.v:5434]
WARNING: [Synth 8-5396] Clock pin C has keep related attribute (keep/mark_debug/dont_touch) which could create extra logic on its net [/home/masamuneprog/AAML/CFU-Playground/soc/build/digilent_nexys4ddr.my_first_cfu/gateware/digilent_nexys4ddr.v:7671]
WARNING: [Synth 8-5396] Clock pin C has keep related attribute (keep/mark_debug/dont_touch) which could create extra logic on its net [/home/masamuneprog/AAML/CFU-Playground/soc/build/digilent_nexys4ddr.my_first_cfu/gateware/digilent_nexys4ddr.v:7671]
WARNING: [Synth 8-5396] Clock pin C has keep related attribute (keep/mark_debug/dont_touch) which could create extra logic on its net [/home/masamuneprog/AAML/CFU-Playground/soc/build/digilent_nexys4ddr.my_first_cfu/gateware/digilent_nexys4ddr.v:7671]
WARNING: [Synth 8-5396] Clock pin C has keep related attribute (keep/mark_debug/dont_touch) which could create extra logic on its net [/home/masamuneprog/AAML/CFU-Playground/soc/build/digilent_nexys4ddr.my_first_cfu/gateware/digilent_nexys4ddr.v:7671]
WARNING: [Synth 8-5396] Clock pin C has keep related attribute (keep/mark_debug/dont_touch) which could create extra logic on its net [/home/masamuneprog/AAML/CFU-Playground/soc/build/digilent_nexys4ddr.my_first_cfu/gateware/digilent_nexys4ddr.v:7671]
WARNING: [Synth 8-5396] Clock pin C has keep related attribute (keep/mark_debug/dont_touch) which could create extra logic on its net [/home/masamuneprog/AAML/CFU-Playground/soc/build/digilent_nexys4ddr.my_first_cfu/gateware/digilent_nexys4ddr.v:7671]
WARNING: [Synth 8-5396] Clock pin C has keep related attribute (keep/mark_debug/dont_touch) which could create extra logic on its net [/home/masamuneprog/AAML/CFU-Playground/soc/build/digilent_nexys4ddr.my_first_cfu/gateware/digilent_nexys4ddr.v:7671]
WARNING: [Synth 8-5396] Clock pin C has keep related attribute (keep/mark_debug/dont_touch) which could create extra logic on its net [/home/masamuneprog/AAML/CFU-Playground/soc/build/digilent_nexys4ddr.my_first_cfu/gateware/digilent_nexys4ddr.v:7671]
WARNING: [Synth 8-5396] Clock pin C has keep related attribute (keep/mark_debug/dont_touch) which could create extra logic on its net [/home/masamuneprog/AAML/CFU-Playground/soc/build/digilent_nexys4ddr.my_first_cfu/gateware/digilent_nexys4ddr.v:6544]
WARNING: [Synth 8-5396] Clock pin C has keep related attribute (keep/mark_debug/dont_touch) which could create extra logic on its net [/home/masamuneprog/AAML/CFU-Playground/soc/build/digilent_nexys4ddr.my_first_cfu/gateware/digilent_nexys4ddr.v:6544]
WARNING: [Synth 8-5396] Clock pin C has keep related attribute (keep/mark_debug/dont_touch) which could create extra logic on its net [/home/masamuneprog/AAML/CFU-Playground/soc/build/digilent_nexys4ddr.my_first_cfu/gateware/digilent_nexys4ddr.v:6544]
WARNING: [Synth 8-5396] Clock pin C has keep related attribute (keep/mark_debug/dont_touch) which could create extra logic on its net [/home/masamuneprog/AAML/CFU-Playground/soc/build/digilent_nexys4ddr.my_first_cfu/gateware/digilent_nexys4ddr.v:6544]
WARNING: [Synth 8-5396] Clock pin C has keep related attribute (keep/mark_debug/dont_touch) which could create extra logic on its net [/home/masamuneprog/AAML/CFU-Playground/soc/build/digilent_nexys4ddr.my_first_cfu/gateware/digilent_nexys4ddr.v:6544]
WARNING: [Synth 8-5396] Clock pin C has keep related attribute (keep/mark_debug/dont_touch) which could create extra logic on its net [/home/masamuneprog/AAML/CFU-Playground/soc/build/digilent_nexys4ddr.my_first_cfu/gateware/digilent_nexys4ddr.v:6544]
WARNING: [Synth 8-5396] Clock pin C has keep related attribute (keep/mark_debug/dont_touch) which could create extra logic on its net [/home/masamuneprog/AAML/CFU-Playground/soc/build/digilent_nexys4ddr.my_first_cfu/gateware/digilent_nexys4ddr.v:6544]
WARNING: [Synth 8-5396] Clock pin C has keep related attribute (keep/mark_debug/dont_touch) which could create extra logic on its net [/home/masamuneprog/AAML/CFU-Playground/soc/build/digilent_nexys4ddr.my_first_cfu/gateware/digilent_nexys4ddr.v:6544]
WARNING: [Synth 8-5396] Clock pin C has keep related attribute (keep/mark_debug/dont_touch) which could create extra logic on its net [/home/masamuneprog/AAML/CFU-Playground/soc/build/digilent_nexys4ddr.my_first_cfu/gateware/digilent_nexys4ddr.v:6544]
WARNING: [Synth 8-5396] Clock pin C has keep related attribute (keep/mark_debug/dont_touch) which could create extra logic on its net [/home/masamuneprog/AAML/CFU-Playground/soc/build/digilent_nexys4ddr.my_first_cfu/gateware/digilent_nexys4ddr.v:6544]
WARNING: [Synth 8-5396] Clock pin C has keep related attribute (keep/mark_debug/dont_touch) which could create extra logic on its net [/home/masamuneprog/AAML/CFU-Playground/soc/build/digilent_nexys4ddr.my_first_cfu/gateware/digilent_nexys4ddr.v:6544]
WARNING: [Synth 8-5396] Clock pin C has keep related attribute (keep/mark_debug/dont_touch) which could create extra logic on its net [/home/masamuneprog/AAML/CFU-Playground/soc/build/digilent_nexys4ddr.my_first_cfu/gateware/digilent_nexys4ddr.v:6544]
WARNING: [Synth 8-5396] Clock pin C has keep related attribute (keep/mark_debug/dont_touch) which could create extra logic on its net [/home/masamuneprog/AAML/CFU-Playground/soc/build/digilent_nexys4ddr.my_first_cfu/gateware/digilent_nexys4ddr.v:6544]
WARNING: [Synth 8-5396] Clock pin C has keep related attribute (keep/mark_debug/dont_touch) which could create extra logic on its net [/home/masamuneprog/AAML/CFU-Playground/soc/build/digilent_nexys4ddr.my_first_cfu/gateware/digilent_nexys4ddr.v:6544]
WARNING: [Synth 8-5396] Clock pin C has keep related attribute (keep/mark_debug/dont_touch) which could create extra logic on its net [/home/masamuneprog/AAML/CFU-Playground/soc/build/digilent_nexys4ddr.my_first_cfu/gateware/digilent_nexys4ddr.v:6544]
WARNING: [Synth 8-5396] Clock pin C has keep related attribute (keep/mark_debug/dont_touch) which could create extra logic on its net [/home/masamuneprog/AAML/CFU-Playground/soc/build/digilent_nexys4ddr.my_first_cfu/gateware/digilent_nexys4ddr.v:6544]
WARNING: [Synth 8-5396] Clock pin C has keep related attribute (keep/mark_debug/dont_touch) which could create extra logic on its net [/home/masamuneprog/AAML/CFU-Playground/soc/build/digilent_nexys4ddr.my_first_cfu/gateware/digilent_nexys4ddr.v:6544]
WARNING: [Synth 8-5396] Clock pin C has keep related attribute (keep/mark_debug/dont_touch) which could create extra logic on its net [/home/masamuneprog/AAML/CFU-Playground/soc/build/digilent_nexys4ddr.my_first_cfu/gateware/digilent_nexys4ddr.v:6544]
WARNING: [Synth 8-5396] Clock pin C has keep related attribute (keep/mark_debug/dont_touch) which could create extra logic on its net [/home/masamuneprog/AAML/CFU-Playground/soc/build/digilent_nexys4ddr.my_first_cfu/gateware/digilent_nexys4ddr.v:6544]
WARNING: [Synth 8-5396] Clock pin C has keep related attribute (keep/mark_debug/dont_touch) which could create extra logic on its net [/home/masamuneprog/AAML/CFU-Playground/soc/build/digilent_nexys4ddr.my_first_cfu/gateware/digilent_nexys4ddr.v:6544]
WARNING: [Synth 8-5396] Clock pin C has keep related attribute (keep/mark_debug/dont_touch) which could create extra logic on its net [/home/masamuneprog/AAML/CFU-Playground/soc/build/digilent_nexys4ddr.my_first_cfu/gateware/digilent_nexys4ddr.v:6544]
WARNING: [Synth 8-5396] Clock pin C has keep related attribute (keep/mark_debug/dont_touch) which could create extra logic on its net [/home/masamuneprog/AAML/CFU-Playground/soc/build/digilent_nexys4ddr.my_first_cfu/gateware/digilent_nexys4ddr.v:6544]
WARNING: [Synth 8-5396] Clock pin C has keep related attribute (keep/mark_debug/dont_touch) which could create extra logic on its net [/home/masamuneprog/AAML/CFU-Playground/soc/build/digilent_nexys4ddr.my_first_cfu/gateware/digilent_nexys4ddr.v:6544]
WARNING: [Synth 8-5396] Clock pin C has keep related attribute (keep/mark_debug/dont_touch) which could create extra logic on its net [/home/masamuneprog/AAML/CFU-Playground/soc/build/digilent_nexys4ddr.my_first_cfu/gateware/digilent_nexys4ddr.v:6544]
WARNING: [Synth 8-5396] Clock pin C has keep related attribute (keep/mark_debug/dont_touch) which could create extra logic on its net [/home/masamuneprog/AAML/CFU-Playground/soc/build/digilent_nexys4ddr.my_first_cfu/gateware/digilent_nexys4ddr.v:6544]
WARNING: [Synth 8-5396] Clock pin C has keep related attribute (keep/mark_debug/dont_touch) which could create extra logic on its net [/home/masamuneprog/AAML/CFU-Playground/soc/build/digilent_nexys4ddr.my_first_cfu/gateware/digilent_nexys4ddr.v:6544]
WARNING: [Synth 8-5396] Clock pin C has keep related attribute (keep/mark_debug/dont_touch) which could create extra logic on its net [/home/masamuneprog/AAML/CFU-Playground/soc/build/digilent_nexys4ddr.my_first_cfu/gateware/digilent_nexys4ddr.v:6544]
WARNING: [Synth 8-5396] Clock pin C has keep related attribute (keep/mark_debug/dont_touch) which could create extra logic on its net [/home/masamuneprog/AAML/CFU-Playground/soc/build/digilent_nexys4ddr.my_first_cfu/gateware/digilent_nexys4ddr.v:6544]
WARNING: [Synth 8-5396] Clock pin C has keep related attribute (keep/mark_debug/dont_touch) which could create extra logic on its net [/home/masamuneprog/AAML/CFU-Playground/soc/build/digilent_nexys4ddr.my_first_cfu/gateware/digilent_nexys4ddr.v:6544]
WARNING: [Synth 8-5396] Clock pin C has keep related attribute (keep/mark_debug/dont_touch) which could create extra logic on its net [/home/masamuneprog/AAML/CFU-Playground/soc/build/digilent_nexys4ddr.my_first_cfu/gateware/digilent_nexys4ddr.v:6544]
WARNING: [Synth 8-5396] Clock pin C has keep related attribute (keep/mark_debug/dont_touch) which could create extra logic on its net [/home/masamuneprog/AAML/CFU-Playground/soc/build/digilent_nexys4ddr.my_first_cfu/gateware/digilent_nexys4ddr.v:6544]
WARNING: [Synth 8-5396] Clock pin C has keep related attribute (keep/mark_debug/dont_touch) which could create extra logic on its net [/home/masamuneprog/AAML/CFU-Playground/soc/build/digilent_nexys4ddr.my_first_cfu/gateware/digilent_nexys4ddr.v:6544]
WARNING: [Synth 8-5396] Clock pin C has keep related attribute (keep/mark_debug/dont_touch) which could create extra logic on its net [/home/masamuneprog/AAML/CFU-Playground/soc/build/digilent_nexys4ddr.my_first_cfu/gateware/digilent_nexys4ddr.v:6542]
WARNING: [Synth 8-5396] Clock pin C has keep related attribute (keep/mark_debug/dont_touch) which could create extra logic on its net [/home/masamuneprog/AAML/CFU-Playground/soc/build/digilent_nexys4ddr.my_first_cfu/gateware/digilent_nexys4ddr.v:6542]
WARNING: [Synth 8-5396] Clock pin C has keep related attribute (keep/mark_debug/dont_touch) which could create extra logic on its net [/home/masamuneprog/AAML/CFU-Playground/soc/build/digilent_nexys4ddr.my_first_cfu/gateware/digilent_nexys4ddr.v:6542]
WARNING: [Synth 8-5396] Clock pin C has keep related attribute (keep/mark_debug/dont_touch) which could create extra logic on its net [/home/masamuneprog/AAML/CFU-Playground/soc/build/digilent_nexys4ddr.my_first_cfu/gateware/digilent_nexys4ddr.v:6542]
WARNING: [Synth 8-5396] Clock pin C has keep related attribute (keep/mark_debug/dont_touch) which could create extra logic on its net [/home/masamuneprog/AAML/CFU-Playground/soc/build/digilent_nexys4ddr.my_first_cfu/gateware/digilent_nexys4ddr.v:6542]
WARNING: [Synth 8-5396] Clock pin C has keep related attribute (keep/mark_debug/dont_touch) which could create extra logic on its net [/home/masamuneprog/AAML/CFU-Playground/soc/build/digilent_nexys4ddr.my_first_cfu/gateware/digilent_nexys4ddr.v:6542]
WARNING: [Synth 8-5396] Clock pin C has keep related attribute (keep/mark_debug/dont_touch) which could create extra logic on its net [/home/masamuneprog/AAML/CFU-Playground/soc/build/digilent_nexys4ddr.my_first_cfu/gateware/digilent_nexys4ddr.v:6542]
WARNING: [Synth 8-5396] Clock pin C has keep related attribute (keep/mark_debug/dont_touch) which could create extra logic on its net [/home/masamuneprog/AAML/CFU-Playground/soc/build/digilent_nexys4ddr.my_first_cfu/gateware/digilent_nexys4ddr.v:6542]
WARNING: [Synth 8-5396] Clock pin C has keep related attribute (keep/mark_debug/dont_touch) which could create extra logic on its net [/home/masamuneprog/AAML/CFU-Playground/soc/build/digilent_nexys4ddr.my_first_cfu/gateware/digilent_nexys4ddr.v:6542]
WARNING: [Synth 8-5396] Clock pin C has keep related attribute (keep/mark_debug/dont_touch) which could create extra logic on its net [/home/masamuneprog/AAML/CFU-Playground/soc/build/digilent_nexys4ddr.my_first_cfu/gateware/digilent_nexys4ddr.v:6542]
WARNING: [Synth 8-5396] Clock pin C has keep related attribute (keep/mark_debug/dont_touch) which could create extra logic on its net [/home/masamuneprog/AAML/CFU-Playground/soc/build/digilent_nexys4ddr.my_first_cfu/gateware/digilent_nexys4ddr.v:6542]
WARNING: [Synth 8-5396] Clock pin C has keep related attribute (keep/mark_debug/dont_touch) which could create extra logic on its net [/home/masamuneprog/AAML/CFU-Playground/soc/build/digilent_nexys4ddr.my_first_cfu/gateware/digilent_nexys4ddr.v:6542]
WARNING: [Synth 8-5396] Clock pin C has keep related attribute (keep/mark_debug/dont_touch) which could create extra logic on its net [/home/masamuneprog/AAML/CFU-Playground/soc/build/digilent_nexys4ddr.my_first_cfu/gateware/digilent_nexys4ddr.v:6542]
WARNING: [Synth 8-5396] Clock pin C has keep related attribute (keep/mark_debug/dont_touch) which could create extra logic on its net [/home/masamuneprog/AAML/CFU-Playground/soc/build/digilent_nexys4ddr.my_first_cfu/gateware/digilent_nexys4ddr.v:6542]
WARNING: [Synth 8-5396] Clock pin C has keep related attribute (keep/mark_debug/dont_touch) which could create extra logic on its net [/home/masamuneprog/AAML/CFU-Playground/third_party/python/pythondata_cpu_vexriscv/pythondata_cpu_vexriscv/verilog/VexRiscv_FullCfu.v:3261]
WARNING: [Synth 8-5396] Clock pin C has keep related attribute (keep/mark_debug/dont_touch) which could create extra logic on its net [/home/masamuneprog/AAML/CFU-Playground/third_party/python/pythondata_cpu_vexriscv/pythondata_cpu_vexriscv/verilog/VexRiscv_FullCfu.v:3261]
WARNING: [Synth 8-5396] Clock pin C has keep related attribute (keep/mark_debug/dont_touch) which could create extra logic on its net [/home/masamuneprog/AAML/CFU-Playground/third_party/python/pythondata_cpu_vexriscv/pythondata_cpu_vexriscv/verilog/VexRiscv_FullCfu.v:3261]
WARNING: [Synth 8-5396] Clock pin C has keep related attribute (keep/mark_debug/dont_touch) which could create extra logic on its net [/home/masamuneprog/AAML/CFU-Playground/third_party/python/pythondata_cpu_vexriscv/pythondata_cpu_vexriscv/verilog/VexRiscv_FullCfu.v:3261]
WARNING: [Synth 8-5396] Clock pin C has keep related attribute (keep/mark_debug/dont_touch) which could create extra logic on its net [/home/masamuneprog/AAML/CFU-Playground/third_party/python/pythondata_cpu_vexriscv/pythondata_cpu_vexriscv/verilog/VexRiscv_FullCfu.v:3261]
WARNING: [Synth 8-5396] Clock pin C has keep related attribute (keep/mark_debug/dont_touch) which could create extra logic on its net [/home/masamuneprog/AAML/CFU-Playground/third_party/python/pythondata_cpu_vexriscv/pythondata_cpu_vexriscv/verilog/VexRiscv_FullCfu.v:3261]
WARNING: [Synth 8-5396] Clock pin C has keep related attribute (keep/mark_debug/dont_touch) which could create extra logic on its net [/home/masamuneprog/AAML/CFU-Playground/third_party/python/pythondata_cpu_vexriscv/pythondata_cpu_vexriscv/verilog/VexRiscv_FullCfu.v:3261]
WARNING: [Synth 8-5396] Clock pin C has keep related attribute (keep/mark_debug/dont_touch) which could create extra logic on its net [/home/masamuneprog/AAML/CFU-Playground/third_party/python/pythondata_cpu_vexriscv/pythondata_cpu_vexriscv/verilog/VexRiscv_FullCfu.v:3261]
WARNING: [Synth 8-5396] Clock pin C has keep related attribute (keep/mark_debug/dont_touch) which could create extra logic on its net [/home/masamuneprog/AAML/CFU-Playground/third_party/python/pythondata_cpu_vexriscv/pythondata_cpu_vexriscv/verilog/VexRiscv_FullCfu.v:3261]
WARNING: [Synth 8-5396] Clock pin C has keep related attribute (keep/mark_debug/dont_touch) which could create extra logic on its net [/home/masamuneprog/AAML/CFU-Playground/third_party/python/pythondata_cpu_vexriscv/pythondata_cpu_vexriscv/verilog/VexRiscv_FullCfu.v:3261]
WARNING: [Synth 8-5396] Clock pin C has keep related attribute (keep/mark_debug/dont_touch) which could create extra logic on its net [/home/masamuneprog/AAML/CFU-Playground/third_party/python/pythondata_cpu_vexriscv/pythondata_cpu_vexriscv/verilog/VexRiscv_FullCfu.v:3261]
WARNING: [Synth 8-5396] Clock pin C has keep related attribute (keep/mark_debug/dont_touch) which could create extra logic on its net [/home/masamuneprog/AAML/CFU-Playground/third_party/python/pythondata_cpu_vexriscv/pythondata_cpu_vexriscv/verilog/VexRiscv_FullCfu.v:3261]
WARNING: [Synth 8-5396] Clock pin C has keep related attribute (keep/mark_debug/dont_touch) which could create extra logic on its net [/home/masamuneprog/AAML/CFU-Playground/third_party/python/pythondata_cpu_vexriscv/pythondata_cpu_vexriscv/verilog/VexRiscv_FullCfu.v:3261]
WARNING: [Synth 8-5396] Clock pin C has keep related attribute (keep/mark_debug/dont_touch) which could create extra logic on its net [/home/masamuneprog/AAML/CFU-Playground/third_party/python/pythondata_cpu_vexriscv/pythondata_cpu_vexriscv/verilog/VexRiscv_FullCfu.v:3261]
WARNING: [Synth 8-5396] Clock pin C has keep related attribute (keep/mark_debug/dont_touch) which could create extra logic on its net [/home/masamuneprog/AAML/CFU-Playground/third_party/python/pythondata_cpu_vexriscv/pythondata_cpu_vexriscv/verilog/VexRiscv_FullCfu.v:3261]
WARNING: [Synth 8-5396] Clock pin C has keep related attribute (keep/mark_debug/dont_touch) which could create extra logic on its net [/home/masamuneprog/AAML/CFU-Playground/third_party/python/pythondata_cpu_vexriscv/pythondata_cpu_vexriscv/verilog/VexRiscv_FullCfu.v:3261]
WARNING: [Synth 8-5396] Clock pin C has keep related attribute (keep/mark_debug/dont_touch) which could create extra logic on its net [/home/masamuneprog/AAML/CFU-Playground/third_party/python/pythondata_cpu_vexriscv/pythondata_cpu_vexriscv/verilog/VexRiscv_FullCfu.v:3261]
WARNING: [Synth 8-5396] Clock pin C has keep related attribute (keep/mark_debug/dont_touch) which could create extra logic on its net [/home/masamuneprog/AAML/CFU-Playground/third_party/python/pythondata_cpu_vexriscv/pythondata_cpu_vexriscv/verilog/VexRiscv_FullCfu.v:3261]
WARNING: [Synth 8-5396] Clock pin C has keep related attribute (keep/mark_debug/dont_touch) which could create extra logic on its net [/home/masamuneprog/AAML/CFU-Playground/third_party/python/pythondata_cpu_vexriscv/pythondata_cpu_vexriscv/verilog/VexRiscv_FullCfu.v:3261]
WARNING: [Synth 8-5396] Clock pin C has keep related attribute (keep/mark_debug/dont_touch) which could create extra logic on its net [/home/masamuneprog/AAML/CFU-Playground/third_party/python/pythondata_cpu_vexriscv/pythondata_cpu_vexriscv/verilog/VexRiscv_FullCfu.v:3261]
WARNING: [Synth 8-5396] Clock pin C has keep related attribute (keep/mark_debug/dont_touch) which could create extra logic on its net [/home/masamuneprog/AAML/CFU-Playground/third_party/python/pythondata_cpu_vexriscv/pythondata_cpu_vexriscv/verilog/VexRiscv_FullCfu.v:3261]
WARNING: [Synth 8-5396] Clock pin C has keep related attribute (keep/mark_debug/dont_touch) which could create extra logic on its net [/home/masamuneprog/AAML/CFU-Playground/third_party/python/pythondata_cpu_vexriscv/pythondata_cpu_vexriscv/verilog/VexRiscv_FullCfu.v:3261]
WARNING: [Synth 8-5396] Clock pin C has keep related attribute (keep/mark_debug/dont_touch) which could create extra logic on its net [/home/masamuneprog/AAML/CFU-Playground/third_party/python/pythondata_cpu_vexriscv/pythondata_cpu_vexriscv/verilog/VexRiscv_FullCfu.v:3261]
WARNING: [Synth 8-5396] Clock pin C has keep related attribute (keep/mark_debug/dont_touch) which could create extra logic on its net [/home/masamuneprog/AAML/CFU-Playground/third_party/python/pythondata_cpu_vexriscv/pythondata_cpu_vexriscv/verilog/VexRiscv_FullCfu.v:3261]
WARNING: [Synth 8-5396] Clock pin C has keep related attribute (keep/mark_debug/dont_touch) which could create extra logic on its net [/home/masamuneprog/AAML/CFU-Playground/third_party/python/pythondata_cpu_vexriscv/pythondata_cpu_vexriscv/verilog/VexRiscv_FullCfu.v:3261]
WARNING: [Synth 8-5396] Clock pin C has keep related attribute (keep/mark_debug/dont_touch) which could create extra logic on its net [/home/masamuneprog/AAML/CFU-Playground/third_party/python/pythondata_cpu_vexriscv/pythondata_cpu_vexriscv/verilog/VexRiscv_FullCfu.v:3261]
WARNING: [Synth 8-5396] Clock pin C has keep related attribute (keep/mark_debug/dont_touch) which could create extra logic on its net [/home/masamuneprog/AAML/CFU-Playground/third_party/python/pythondata_cpu_vexriscv/pythondata_cpu_vexriscv/verilog/VexRiscv_FullCfu.v:3261]
WARNING: [Synth 8-5396] Clock pin C has keep related attribute (keep/mark_debug/dont_touch) which could create extra logic on its net [/home/masamuneprog/AAML/CFU-Playground/third_party/python/pythondata_cpu_vexriscv/pythondata_cpu_vexriscv/verilog/VexRiscv_FullCfu.v:5736]
WARNING: [Synth 8-5396] Clock pin C has keep related attribute (keep/mark_debug/dont_touch) which could create extra logic on its net [/home/masamuneprog/AAML/CFU-Playground/third_party/python/pythondata_cpu_vexriscv/pythondata_cpu_vexriscv/verilog/VexRiscv_FullCfu.v:5733]
WARNING: [Synth 8-5396] Clock pin C has keep related attribute (keep/mark_debug/dont_touch) which could create extra logic on its net [/home/masamuneprog/AAML/CFU-Playground/third_party/python/pythondata_cpu_vexriscv/pythondata_cpu_vexriscv/verilog/VexRiscv_FullCfu.v:5727]
INFO: [Common 17-14] Message 'Synth 8-5396' appears 100 times and further instances of the messages will be disabled. Use the Tcl command set_msg_config to change the current settings.
---------------------------------------------------------------------------------
Finished IO Insertion : Time (s): cpu = 00:00:58 ; elapsed = 00:01:00 . Memory (MB): peak = 2339.457 ; gain = 726.375 ; free physical = 4888 ; free virtual = 10539
---------------------------------------------------------------------------------
---------------------------------------------------------------------------------
Start Renaming Generated Instances
---------------------------------------------------------------------------------
---------------------------------------------------------------------------------
Finished Renaming Generated Instances : Time (s): cpu = 00:00:58 ; elapsed = 00:01:00 . Memory (MB): peak = 2339.457 ; gain = 726.375 ; free physical = 4888 ; free virtual = 10539
---------------------------------------------------------------------------------
---------------------------------------------------------------------------------
Start Rebuilding User Hierarchy
---------------------------------------------------------------------------------
---------------------------------------------------------------------------------
Finished Rebuilding User Hierarchy : Time (s): cpu = 00:00:59 ; elapsed = 00:01:01 . Memory (MB): peak = 2339.457 ; gain = 726.375 ; free physical = 4886 ; free virtual = 10537
---------------------------------------------------------------------------------
---------------------------------------------------------------------------------
Start Renaming Generated Ports
---------------------------------------------------------------------------------
---------------------------------------------------------------------------------
Finished Renaming Generated Ports : Time (s): cpu = 00:00:59 ; elapsed = 00:01:01 . Memory (MB): peak = 2339.457 ; gain = 726.375 ; free physical = 4887 ; free virtual = 10537
---------------------------------------------------------------------------------
---------------------------------------------------------------------------------
Start Handling Custom Attributes
---------------------------------------------------------------------------------
---------------------------------------------------------------------------------
Finished Handling Custom Attributes : Time (s): cpu = 00:00:59 ; elapsed = 00:01:01 . Memory (MB): peak = 2339.457 ; gain = 726.375 ; free physical = 4887 ; free virtual = 10537
---------------------------------------------------------------------------------
---------------------------------------------------------------------------------
Start Renaming Generated Nets
---------------------------------------------------------------------------------
---------------------------------------------------------------------------------
Finished Renaming Generated Nets : Time (s): cpu = 00:00:59 ; elapsed = 00:01:01 . Memory (MB): peak = 2339.457 ; gain = 726.375 ; free physical = 4887 ; free virtual = 10537
---------------------------------------------------------------------------------
---------------------------------------------------------------------------------
Start ROM, RAM, DSP, Shift Register and Retiming Reporting
---------------------------------------------------------------------------------

Static Shift Register Report:
+-------------------+-------------------------------------------------+--------+-------+--------------+--------------------+-------------------+--------+---------+
|Module Name        | RTL Name                                        | Length | Width | Reset Signal | Pull out first Reg | Pull out last Reg | SRL16E | SRLC32E | 
+-------------------+-------------------------------------------------+--------+-------+--------------+--------------------+-------------------+--------+---------+
|digilent_nexys4ddr | soc_builder_basesoc_new_master_rdata_valid8_reg | 9      | 1     | YES          | NO                 | YES               | 1      | 0       | 
|digilent_nexys4ddr | soc_a7ddrphy_rddata_en_tappeddelayline7_reg     | 8      | 1     | YES          | NO                 | YES               | 1      | 0       | 
+-------------------+-------------------------------------------------+--------+-------+--------------+--------------------+-------------------+--------+---------+

---------------------------------------------------------------------------------
Finished ROM, RAM, DSP, Shift Register and Retiming Reporting
---------------------------------------------------------------------------------
---------------------------------------------------------------------------------
Start Writing Synthesis Report
---------------------------------------------------------------------------------

DSP Final Report (the ' indicates corresponding REG is set)
+------------+-------------+--------+--------+--------+--------+--------+------+------+------+------+-------+------+------+
|Module Name | DSP Mapping | A Size | B Size | C Size | D Size | P Size | AREG | BREG | CREG | DREG | ADREG | MREG | PREG | 
+------------+-------------+--------+--------+--------+--------+--------+------+------+------+------+-------+------+------+
|VexRiscv    | ((A*B)')'   | 30     | 18     | -      | -      | 32     | 0    | 0    | -    | -    | -     | 1    | 1    | 
|VexRiscv    | (A*B)'      | 16     | 18     | -      | -      | 34     | 0    | 0    | -    | -    | -     | 0    | 1    | 
|VexRiscv    | (A*B)'      | 30     | 16     | -      | -      | 34     | 0    | 0    | -    | -    | -     | 0    | 1    | 
|VexRiscv    | (A*B)'      | 16     | 16     | -      | -      | 32     | 0    | 0    | -    | -    | -     | 0    | 1    | 
+------------+-------------+--------+--------+--------+--------+--------+------+------+------+------+-------+------+------+


Report BlackBoxes: 
+-+--------------+----------+
| |BlackBox name |Instances |
+-+--------------+----------+
+-+--------------+----------+

Report Cell Usage: 
+------+-----------+------+
|      |Cell       |Count |
+------+-----------+------+
|1     |BUFG       |     7|
|2     |CARRY4     |   201|
|3     |DSP48E1    |     4|
|5     |IDELAYCTRL |     1|
|6     |IDELAYE2   |    16|
|7     |ISERDESE2  |    16|
|8     |LUT1       |   198|
|9     |LUT2       |   504|
|10    |LUT3       |   787|
|11    |LUT4       |   601|
|12    |LUT5       |   995|
|13    |LUT6       |  1778|
|14    |MMCME2_ADV |     1|
|15    |MUXF7      |    84|
|16    |OSERDESE2  |    43|
|17    |RAM32M     |    36|
|18    |RAMB18E1   |    25|
|22    |RAMB36E1   |    11|
|32    |SRL16E     |     2|
|33    |FDCE       |     8|
|34    |FDPE       |     4|
|35    |FDRE       |  3234|
|36    |FDSE       |   178|
|37    |IBUF       |     3|
|38    |IOBUF      |    16|
|39    |IOBUFDS    |     2|
|40    |OBUF       |    41|
|41    |OBUFDS     |     1|
+------+-----------+------+
---------------------------------------------------------------------------------
Finished Writing Synthesis Report : Time (s): cpu = 00:00:59 ; elapsed = 00:01:01 . Memory (MB): peak = 2339.457 ; gain = 726.375 ; free physical = 4887 ; free virtual = 10537
---------------------------------------------------------------------------------
Synthesis finished with 0 errors, 0 critical warnings and 3745 warnings.
Synthesis Optimization Runtime : Time (s): cpu = 00:00:56 ; elapsed = 00:00:58 . Memory (MB): peak = 2339.457 ; gain = 580.590 ; free physical = 4884 ; free virtual = 10535
Synthesis Optimization Complete : Time (s): cpu = 00:00:59 ; elapsed = 00:01:01 . Memory (MB): peak = 2339.457 ; gain = 726.375 ; free physical = 4884 ; free virtual = 10535
INFO: [Project 1-571] Translating synthesized netlist
Netlist sorting complete. Time (s): cpu = 00:00:00.06 ; elapsed = 00:00:00.06 . Memory (MB): peak = 2339.457 ; gain = 0.000 ; free physical = 5173 ; free virtual = 10823
INFO: [Netlist 29-17] Analyzing 413 Unisim elements for replacement
INFO: [Netlist 29-28] Unisim Transformation completed in 0 CPU seconds
INFO: [Project 1-570] Preparing netlist for logic optimization
Parsing XDC File [/home/masamuneprog/AAML/CFU-Playground/soc/build/digilent_nexys4ddr.my_first_cfu/gateware/digilent_nexys4ddr.xdc]
INFO: [Timing 38-35] Done setting XDC timing constraints. [/home/masamuneprog/AAML/CFU-Playground/soc/build/digilent_nexys4ddr.my_first_cfu/gateware/digilent_nexys4ddr.xdc:343]
INFO: [Timing 38-2] Deriving generated clocks [/home/masamuneprog/AAML/CFU-Playground/soc/build/digilent_nexys4ddr.my_first_cfu/gateware/digilent_nexys4ddr.xdc:343]
WARNING: [Vivado 12-3521] Clock specified in more than one group: soc_crg_clkout0 [/home/masamuneprog/AAML/CFU-Playground/soc/build/digilent_nexys4ddr.my_first_cfu/gateware/digilent_nexys4ddr.xdc:343]
Finished Parsing XDC File [/home/masamuneprog/AAML/CFU-Playground/soc/build/digilent_nexys4ddr.my_first_cfu/gateware/digilent_nexys4ddr.xdc]
INFO: [Opt 31-138] Pushed 3 inverter(s) to 34 load pin(s).
Netlist sorting complete. Time (s): cpu = 00:00:00.01 ; elapsed = 00:00:00.01 . Memory (MB): peak = 2821.398 ; gain = 0.000 ; free physical = 4861 ; free virtual = 10512
INFO: [Project 1-111] Unisim Transformation Summary:
  A total of 55 instances were transformed.
  IOBUF => IOBUF (IBUF, OBUFT): 16 instances
  IOBUFDS => IOBUFDS (IBUFDS, INV, OBUFTDS(x2)): 2 instances
  OBUFDS => OBUFDS_DUAL_BUF (INV, OBUFDS(x2)): 1 instance 
  RAM32M => RAM32M (RAMD32(x6), RAMS32(x2)): 36 instances

Synth Design complete | Checksum: 82390cd8
INFO: [Common 17-83] Releasing license: Synthesis
106 Infos, 529 Warnings, 0 Critical Warnings and 0 Errors encountered.
synth_design completed successfully
synth_design: Time (s): cpu = 00:01:11 ; elapsed = 00:01:11 . Memory (MB): peak = 2821.434 ; gain = 1558.328 ; free physical = 4863 ; free virtual = 10514
INFO: [Common 17-2834] synth_design peak Physical Memory [PSS] (MB): overall = 2181.458; main = 2181.458; forked = 440.387
INFO: [Common 17-2834] synth_design peak Virtual Memory [VSS] (MB): overall = 3312.289; main = 2821.398; forked = 982.930
# report_timing_summary -file digilent_nexys4ddr_timing_synth.rpt
INFO: [Timing 38-35] Done setting XDC timing constraints.
INFO: [Timing 38-91] UpdateTimingParams: Speed grade: -1, Delay Type: min_max.
INFO: [Timing 38-191] Multithreading enabled for timing update using a maximum of 8 CPUs
# report_utilization -hierarchical -file digilent_nexys4ddr_utilization_hierarchical_synth.rpt
# report_utilization -file digilent_nexys4ddr_utilization_synth.rpt
# opt_design -directive default
Command: opt_design -directive default
INFO: [Vivado_Tcl 4-136] Directive used for opt_design is: default
Attempting to get a license for feature 'Implementation' and/or device 'xc7a100t'
INFO: [Common 17-349] Got license for feature 'Implementation' and/or device 'xc7a100t'
Running DRC as a precondition to command opt_design

Starting DRC Task
INFO: [DRC 23-27] Running DRC with 8 threads
INFO: [Project 1-461] DRC finished with 0 Errors
INFO: [Project 1-462] Please refer to the DRC report (report_drc) for more information.

Time (s): cpu = 00:00:02 ; elapsed = 00:00:00.92 . Memory (MB): peak = 2892.457 ; gain = 64.031 ; free physical = 4861 ; free virtual = 10512

Starting Cache Timing Information Task
Ending Cache Timing Information Task | Checksum: 1c1519353

Time (s): cpu = 00:00:00 ; elapsed = 00:00:00.01 . Memory (MB): peak = 2892.457 ; gain = 0.000 ; free physical = 4861 ; free virtual = 10512

Starting Logic Optimization Task

Phase 1 Initialization

Phase 1.1 Core Generation And Design Setup
Phase 1.1 Core Generation And Design Setup | Checksum: 1c1519353

Time (s): cpu = 00:00:00.01 ; elapsed = 00:00:00.01 . Memory (MB): peak = 2892.457 ; gain = 0.000 ; free physical = 4850 ; free virtual = 10501

Phase 1.2 Setup Constraints And Sort Netlist
Phase 1.2 Setup Constraints And Sort Netlist | Checksum: 1c1519353

Time (s): cpu = 00:00:00.01 ; elapsed = 00:00:00.01 . Memory (MB): peak = 2892.457 ; gain = 0.000 ; free physical = 4850 ; free virtual = 10501
Phase 1 Initialization | Checksum: 1c1519353

Time (s): cpu = 00:00:00.01 ; elapsed = 00:00:00.01 . Memory (MB): peak = 2892.457 ; gain = 0.000 ; free physical = 4850 ; free virtual = 10501

Phase 2 Timer Update And Timing Data Collection

Phase 2.1 Timer Update
Phase 2.1 Timer Update | Checksum: 1c1519353

Time (s): cpu = 00:00:00.42 ; elapsed = 00:00:00.13 . Memory (MB): peak = 2892.457 ; gain = 0.000 ; free physical = 4850 ; free virtual = 10501

Phase 2.2 Timing Data Collection
Phase 2.2 Timing Data Collection | Checksum: 1c1519353

Time (s): cpu = 00:00:00.43 ; elapsed = 00:00:00.15 . Memory (MB): peak = 2892.457 ; gain = 0.000 ; free physical = 4850 ; free virtual = 10501
Phase 2 Timer Update And Timing Data Collection | Checksum: 1c1519353

Time (s): cpu = 00:00:00.43 ; elapsed = 00:00:00.15 . Memory (MB): peak = 2892.457 ; gain = 0.000 ; free physical = 4850 ; free virtual = 10501

Phase 3 Retarget
INFO: [Opt 31-1566] Pulled 24 inverters resulting in an inversion of 124 pins
INFO: [Opt 31-138] Pushed 0 inverter(s) to 0 load pin(s).
INFO: [Opt 31-49] Retargeted 0 cell(s).
Phase 3 Retarget | Checksum: 20575d999

Time (s): cpu = 00:00:00.87 ; elapsed = 00:00:00.33 . Memory (MB): peak = 2892.457 ; gain = 0.000 ; free physical = 4850 ; free virtual = 10501
Retarget | Checksum: 20575d999
INFO: [Opt 31-389] Phase Retarget created 0 cells and removed 26 cells
INFO: [Opt 31-1021] In phase Retarget, 4 netlist objects are constrained preventing optimization. Please run opt_design with -debug_log to get more detail. 

Phase 4 Constant propagation
INFO: [Opt 31-138] Pushed 0 inverter(s) to 0 load pin(s).
Phase 4 Constant propagation | Checksum: 1d5ef6633

Time (s): cpu = 00:00:00.98 ; elapsed = 00:00:00.44 . Memory (MB): peak = 2892.457 ; gain = 0.000 ; free physical = 4850 ; free virtual = 10501
Constant propagation | Checksum: 1d5ef6633
INFO: [Opt 31-389] Phase Constant propagation created 1 cells and removed 4 cells
INFO: [Opt 31-1021] In phase Constant propagation, 2 netlist objects are constrained preventing optimization. Please run opt_design with -debug_log to get more detail. 

Phase 5 Sweep
Phase 5 Sweep | Checksum: 1750a5f10

Time (s): cpu = 00:00:01 ; elapsed = 00:00:00.56 . Memory (MB): peak = 2892.457 ; gain = 0.000 ; free physical = 4850 ; free virtual = 10501
Sweep | Checksum: 1750a5f10
INFO: [Opt 31-389] Phase Sweep created 0 cells and removed 5 cells
INFO: [Opt 31-1021] In phase Sweep, 28 netlist objects are constrained preventing optimization. Please run opt_design with -debug_log to get more detail. 

Phase 6 BUFG optimization
Phase 6 BUFG optimization | Checksum: 1750a5f10

Time (s): cpu = 00:00:01 ; elapsed = 00:00:00.65 . Memory (MB): peak = 2892.457 ; gain = 0.000 ; free physical = 4850 ; free virtual = 10501
BUFG optimization | Checksum: 1750a5f10
INFO: [Opt 31-662] Phase BUFG optimization created 0 cells of which 0 are BUFGs and removed 0 cells.
INFO: [Opt 31-1021] In phase BUFG optimization, 3 netlist objects are constrained preventing optimization. Please run opt_design with -debug_log to get more detail. 

Phase 7 Shift Register Optimization
INFO: [Opt 31-1064] SRL Remap converted 0 SRLs to 0 registers and converted 0 registers of register chains to 0 SRLs
Phase 7 Shift Register Optimization | Checksum: 1750a5f10

Time (s): cpu = 00:00:01 ; elapsed = 00:00:00.67 . Memory (MB): peak = 2892.457 ; gain = 0.000 ; free physical = 4850 ; free virtual = 10501
Shift Register Optimization | Checksum: 1750a5f10
INFO: [Opt 31-389] Phase Shift Register Optimization created 0 cells and removed 0 cells

Phase 8 Post Processing Netlist
Phase 8 Post Processing Netlist | Checksum: 1750a5f10

Time (s): cpu = 00:00:01 ; elapsed = 00:00:00.7 . Memory (MB): peak = 2892.457 ; gain = 0.000 ; free physical = 4850 ; free virtual = 10501
Post Processing Netlist | Checksum: 1750a5f10
INFO: [Opt 31-389] Phase Post Processing Netlist created 0 cells and removed 0 cells
INFO: [Opt 31-1021] In phase Post Processing Netlist, 1 netlist objects are constrained preventing optimization. Please run opt_design with -debug_log to get more detail. 

Phase 9 Finalization

Phase 9.1 Finalizing Design Cores and Updating Shapes
Phase 9.1 Finalizing Design Cores and Updating Shapes | Checksum: 1b9ecac02

Time (s): cpu = 00:00:02 ; elapsed = 00:00:00.82 . Memory (MB): peak = 2892.457 ; gain = 0.000 ; free physical = 4850 ; free virtual = 10501

Phase 9.2 Verifying Netlist Connectivity

Starting Connectivity Check Task

Time (s): cpu = 00:00:00.01 ; elapsed = 00:00:00.01 . Memory (MB): peak = 2892.457 ; gain = 0.000 ; free physical = 4850 ; free virtual = 10501
Phase 9.2 Verifying Netlist Connectivity | Checksum: 1b9ecac02

Time (s): cpu = 00:00:02 ; elapsed = 00:00:00.83 . Memory (MB): peak = 2892.457 ; gain = 0.000 ; free physical = 4850 ; free virtual = 10501
Phase 9 Finalization | Checksum: 1b9ecac02

Time (s): cpu = 00:00:02 ; elapsed = 00:00:00.83 . Memory (MB): peak = 2892.457 ; gain = 0.000 ; free physical = 4850 ; free virtual = 10501
Opt_design Change Summary
=========================


-------------------------------------------------------------------------------------------------------------------------
|  Phase                        |  #Cells created  |  #Cells Removed  |  #Constrained objects preventing optimizations  |
-------------------------------------------------------------------------------------------------------------------------
|  Retarget                     |               0  |              26  |                                              4  |
|  Constant propagation         |               1  |               4  |                                              2  |
|  Sweep                        |               0  |               5  |                                             28  |
|  BUFG optimization            |               0  |               0  |                                              3  |
|  Shift Register Optimization  |               0  |               0  |                                              0  |
|  Post Processing Netlist      |               0  |               0  |                                              1  |
-------------------------------------------------------------------------------------------------------------------------


Ending Logic Optimization Task | Checksum: 1b9ecac02

Time (s): cpu = 00:00:02 ; elapsed = 00:00:00.83 . Memory (MB): peak = 2892.457 ; gain = 0.000 ; free physical = 4850 ; free virtual = 10501
INFO: [Constraints 18-11670] Building netlist checker database with flags, 0x8
Done building netlist checker database: Time (s): cpu = 00:00:00 ; elapsed = 00:00:00 . Memory (MB): peak = 2892.457 ; gain = 0.000 ; free physical = 4850 ; free virtual = 10501

Starting Power Optimization Task
INFO: [Pwropt 34-132] Skipping clock gating for clocks with a period < 2.00 ns.
INFO: [Timing 38-35] Done setting XDC timing constraints.
Running Vector-less Activity Propagation...
INFO: [Pwropt 34-9] Applying IDT optimizations ...
INFO: [Pwropt 34-10] Applying ODC optimizations ...

Finished Running Vector-less Activity Propagation


Starting PowerOpt Patch Enables Task
INFO: [Pwropt 34-162] WRITE_MODE attribute of 0 BRAM(s) out of a total of 36 has been updated to save power. Run report_power_opt to get a complete listing of the BRAMs updated.
INFO: [Pwropt 34-201] Structural ODC has moved 0 WE to EN ports
Number of BRAM Ports augmented: 5 newly gated: 1 Total Ports: 72
Ending PowerOpt Patch Enables Task | Checksum: 176b294ff

Time (s): cpu = 00:00:00.1 ; elapsed = 00:00:00.1 . Memory (MB): peak = 3160.438 ; gain = 0.000 ; free physical = 4705 ; free virtual = 10356
Ending Power Optimization Task | Checksum: 176b294ff

Time (s): cpu = 00:00:06 ; elapsed = 00:00:03 . Memory (MB): peak = 3160.438 ; gain = 267.980 ; free physical = 4705 ; free virtual = 10356

Starting Final Cleanup Task
Ending Final Cleanup Task | Checksum: 176b294ff

Time (s): cpu = 00:00:00 ; elapsed = 00:00:00 . Memory (MB): peak = 3160.438 ; gain = 0.000 ; free physical = 4705 ; free virtual = 10356

Starting Netlist Obfuscation Task
Netlist sorting complete. Time (s): cpu = 00:00:00.01 ; elapsed = 00:00:00.01 . Memory (MB): peak = 3160.438 ; gain = 0.000 ; free physical = 4705 ; free virtual = 10356
Ending Netlist Obfuscation Task | Checksum: 1340260c3

Time (s): cpu = 00:00:00.01 ; elapsed = 00:00:00.01 . Memory (MB): peak = 3160.438 ; gain = 0.000 ; free physical = 4705 ; free virtual = 10356
INFO: [Common 17-83] Releasing license: Implementation
29 Infos, 0 Warnings, 0 Critical Warnings and 0 Errors encountered.
opt_design completed successfully
opt_design: Time (s): cpu = 00:00:11 ; elapsed = 00:00:07 . Memory (MB): peak = 3160.438 ; gain = 332.012 ; free physical = 4705 ; free virtual = 10356
# place_design -directive default
Command: place_design -directive default
Attempting to get a license for feature 'Implementation' and/or device 'xc7a100t'
INFO: [Common 17-349] Got license for feature 'Implementation' and/or device 'xc7a100t'
INFO: [Common 17-83] Releasing license: Implementation
INFO: [DRC 23-27] Running DRC with 8 threads
INFO: [Vivado_Tcl 4-198] DRC finished with 0 Errors
INFO: [Vivado_Tcl 4-199] Please refer to the DRC report (report_drc) for more information.
Running DRC as a precondition to command place_design
INFO: [DRC 23-27] Running DRC with 8 threads
INFO: [Vivado_Tcl 4-198] DRC finished with 0 Errors
INFO: [Vivado_Tcl 4-199] Please refer to the DRC report (report_drc) for more information.
INFO: [Place 46-5] The placer was invoked with the 'default' directive.
INFO: [Place 30-611] Multithreading enabled for place_design using a maximum of 8 CPUs

Starting Placer Task

Phase 1 Placer Initialization

Phase 1.1 Placer Initialization Netlist Sorting
Netlist sorting complete. Time (s): cpu = 00:00:00 ; elapsed = 00:00:00 . Memory (MB): peak = 3160.438 ; gain = 0.000 ; free physical = 4706 ; free virtual = 10356
Phase 1.1 Placer Initialization Netlist Sorting | Checksum: d29c767a

Time (s): cpu = 00:00:00 ; elapsed = 00:00:00 . Memory (MB): peak = 3160.438 ; gain = 0.000 ; free physical = 4706 ; free virtual = 10356
Netlist sorting complete. Time (s): cpu = 00:00:00 ; elapsed = 00:00:00 . Memory (MB): peak = 3160.438 ; gain = 0.000 ; free physical = 4706 ; free virtual = 10356

Phase 1.2 IO Placement/ Clock Placement/ Build Placer Device
INFO: [Timing 38-35] Done setting XDC timing constraints.
WARNING: [Place 30-568] A LUT 'clk100_inst' is driving clock pin of 8 registers. This could lead to large hold time violations. First few involved registers are:
	FDCE_4 {FDCE}
	FDCE_7 {FDCE}
	FDCE_3 {FDCE}
	FDCE {FDCE}
	FDCE_5 {FDCE}
Phase 1.2 IO Placement/ Clock Placement/ Build Placer Device | Checksum: 190428fb7

Time (s): cpu = 00:00:02 ; elapsed = 00:00:01 . Memory (MB): peak = 3160.438 ; gain = 0.000 ; free physical = 4704 ; free virtual = 10354

Phase 1.3 Build Placer Netlist Model
Phase 1.3 Build Placer Netlist Model | Checksum: 22eb4a16d

Time (s): cpu = 00:00:06 ; elapsed = 00:00:03 . Memory (MB): peak = 3160.438 ; gain = 0.000 ; free physical = 4703 ; free virtual = 10354

Phase 1.4 Constrain Clocks/Macros
Phase 1.4 Constrain Clocks/Macros | Checksum: 22eb4a16d

Time (s): cpu = 00:00:06 ; elapsed = 00:00:03 . Memory (MB): peak = 3160.438 ; gain = 0.000 ; free physical = 4703 ; free virtual = 10354
Phase 1 Placer Initialization | Checksum: 22eb4a16d

Time (s): cpu = 00:00:06 ; elapsed = 00:00:03 . Memory (MB): peak = 3160.438 ; gain = 0.000 ; free physical = 4703 ; free virtual = 10354

Phase 2 Global Placement

Phase 2.1 Floorplanning
Phase 2.1 Floorplanning | Checksum: 238eec82d

Time (s): cpu = 00:00:08 ; elapsed = 00:00:03 . Memory (MB): peak = 3160.438 ; gain = 0.000 ; free physical = 4707 ; free virtual = 10358

Phase 2.2 Update Timing before SLR Path Opt
Phase 2.2 Update Timing before SLR Path Opt | Checksum: 21c315f1d

Time (s): cpu = 00:00:10 ; elapsed = 00:00:04 . Memory (MB): peak = 3160.438 ; gain = 0.000 ; free physical = 4708 ; free virtual = 10359

Phase 2.3 Post-Processing in Floorplanning
Phase 2.3 Post-Processing in Floorplanning | Checksum: 21c315f1d

Time (s): cpu = 00:00:10 ; elapsed = 00:00:04 . Memory (MB): peak = 3160.438 ; gain = 0.000 ; free physical = 4708 ; free virtual = 10359

Phase 2.4 Global Placement Core

Phase 2.4.1 UpdateTiming Before Physical Synthesis
Phase 2.4.1 UpdateTiming Before Physical Synthesis | Checksum: 220a9a95b

Time (s): cpu = 00:00:30 ; elapsed = 00:00:10 . Memory (MB): peak = 3160.438 ; gain = 0.000 ; free physical = 4699 ; free virtual = 10350

Phase 2.4.2 Physical Synthesis In Placer
INFO: [Physopt 32-1035] Found 0 LUTNM shape to break, 484 LUT instances to create LUTNM shape
INFO: [Physopt 32-1044] Break lutnm for timing: one critical 0, two critical 0, total 0, new lutff created 0
INFO: [Physopt 32-1138] End 1 Pass. Optimized 169 nets or LUTs. Breaked 0 LUT, combined 169 existing LUTs and moved 0 existing LUT
INFO: [Physopt 32-65] No nets found for high-fanout optimization.
INFO: [Physopt 32-232] Optimized 0 net. Created 0 new instance.
INFO: [Physopt 32-775] End 1 Pass. Optimized 0 net or cell. Created 0 new cell, deleted 0 existing cell and moved 0 existing cell
INFO: [Physopt 32-670] No setup violation found.  DSP Register Optimization was not performed.
INFO: [Physopt 32-670] No setup violation found.  Shift Register to Pipeline Optimization was not performed.
INFO: [Physopt 32-670] No setup violation found.  Shift Register Optimization was not performed.
INFO: [Physopt 32-670] No setup violation found.  BRAM Register Optimization was not performed.
INFO: [Physopt 32-670] No setup violation found.  URAM Register Optimization was not performed.
INFO: [Physopt 32-949] No candidate nets found for dynamic/static region interface net replication
INFO: [Physopt 32-775] End 1 Pass. Optimized 0 net or cell. Created 0 new cell, deleted 0 existing cell and moved 0 existing cell
Netlist sorting complete. Time (s): cpu = 00:00:00.01 ; elapsed = 00:00:00.01 . Memory (MB): peak = 3160.438 ; gain = 0.000 ; free physical = 4700 ; free virtual = 10351

Summary of Physical Synthesis Optimizations
============================================


-----------------------------------------------------------------------------------------------------------------------------------------------------------
|  Optimization                                     |  Added Cells  |  Removed Cells  |  Optimized Cells/Nets  |  Dont Touch  |  Iterations  |  Elapsed   |
-----------------------------------------------------------------------------------------------------------------------------------------------------------
|  LUT Combining                                    |            0  |            169  |                   169  |           0  |           1  |  00:00:00  |
|  Retime                                           |            0  |              0  |                     0  |           0  |           1  |  00:00:00  |
|  Very High Fanout                                 |            0  |              0  |                     0  |           0  |           1  |  00:00:00  |
|  DSP Register                                     |            0  |              0  |                     0  |           0  |           0  |  00:00:00  |
|  Shift Register to Pipeline                       |            0  |              0  |                     0  |           0  |           0  |  00:00:00  |
|  Shift Register                                   |            0  |              0  |                     0  |           0  |           0  |  00:00:00  |
|  BRAM Register                                    |            0  |              0  |                     0  |           0  |           0  |  00:00:00  |
|  URAM Register                                    |            0  |              0  |                     0  |           0  |           0  |  00:00:00  |
|  Dynamic/Static Region Interface Net Replication  |            0  |              0  |                     0  |           0  |           1  |  00:00:00  |
|  Total                                            |            0  |            169  |                   169  |           0  |           4  |  00:00:00  |
-----------------------------------------------------------------------------------------------------------------------------------------------------------


Phase 2.4.2 Physical Synthesis In Placer | Checksum: 1b68d2e53

Time (s): cpu = 00:00:32 ; elapsed = 00:00:11 . Memory (MB): peak = 3160.438 ; gain = 0.000 ; free physical = 4700 ; free virtual = 10351
Phase 2.4 Global Placement Core | Checksum: 10e4f83b2

Time (s): cpu = 00:00:33 ; elapsed = 00:00:11 . Memory (MB): peak = 3160.438 ; gain = 0.000 ; free physical = 4698 ; free virtual = 10349
Phase 2 Global Placement | Checksum: 10e4f83b2

Time (s): cpu = 00:00:33 ; elapsed = 00:00:11 . Memory (MB): peak = 3160.438 ; gain = 0.000 ; free physical = 4700 ; free virtual = 10351

Phase 3 Detail Placement

Phase 3.1 Commit Multi Column Macros
Phase 3.1 Commit Multi Column Macros | Checksum: 1112833bf

Time (s): cpu = 00:00:35 ; elapsed = 00:00:12 . Memory (MB): peak = 3160.438 ; gain = 0.000 ; free physical = 4700 ; free virtual = 10351

Phase 3.2 Commit Most Macros & LUTRAMs
Phase 3.2 Commit Most Macros & LUTRAMs | Checksum: 23fffe6fb

Time (s): cpu = 00:00:38 ; elapsed = 00:00:13 . Memory (MB): peak = 3160.438 ; gain = 0.000 ; free physical = 4701 ; free virtual = 10352

Phase 3.3 Area Swap Optimization
Phase 3.3 Area Swap Optimization | Checksum: 1afa3ce6d

Time (s): cpu = 00:00:38 ; elapsed = 00:00:13 . Memory (MB): peak = 3160.438 ; gain = 0.000 ; free physical = 4701 ; free virtual = 10352

Phase 3.4 Pipeline Register Optimization
Phase 3.4 Pipeline Register Optimization | Checksum: 215f467b2

Time (s): cpu = 00:00:38 ; elapsed = 00:00:13 . Memory (MB): peak = 3160.438 ; gain = 0.000 ; free physical = 4701 ; free virtual = 10352

Phase 3.5 Small Shape Detail Placement
Phase 3.5 Small Shape Detail Placement | Checksum: 11801211e

Time (s): cpu = 00:00:40 ; elapsed = 00:00:14 . Memory (MB): peak = 3160.438 ; gain = 0.000 ; free physical = 4701 ; free virtual = 10352

Phase 3.6 Re-assign LUT pins
Phase 3.6 Re-assign LUT pins | Checksum: 1996d4ffe

Time (s): cpu = 00:00:40 ; elapsed = 00:00:15 . Memory (MB): peak = 3160.438 ; gain = 0.000 ; free physical = 4701 ; free virtual = 10352

Phase 3.7 Pipeline Register Optimization
Phase 3.7 Pipeline Register Optimization | Checksum: d9db9bc0

Time (s): cpu = 00:00:40 ; elapsed = 00:00:15 . Memory (MB): peak = 3160.438 ; gain = 0.000 ; free physical = 4701 ; free virtual = 10352
Phase 3 Detail Placement | Checksum: d9db9bc0

Time (s): cpu = 00:00:40 ; elapsed = 00:00:15 . Memory (MB): peak = 3160.438 ; gain = 0.000 ; free physical = 4701 ; free virtual = 10352

Phase 4 Post Placement Optimization and Clean-Up

Phase 4.1 Post Commit Optimization
INFO: [Timing 38-35] Done setting XDC timing constraints.

Phase 4.1.1 Post Placement Optimization
Post Placement Optimization Initialization | Checksum: 6be0acf9

Phase 4.1.1.1 BUFG Insertion

Starting Physical Synthesis Task

Phase 1 Physical Synthesis Initialization
INFO: [Physopt 32-721] Multithreading enabled for phys_opt_design using a maximum of 8 CPUs
INFO: [Physopt 32-619] Estimated Timing Summary | WNS=1.181 | TNS=0.000 |
Phase 1 Physical Synthesis Initialization | Checksum: 97b6aaae

Time (s): cpu = 00:00:00.83 ; elapsed = 00:00:00.31 . Memory (MB): peak = 3160.438 ; gain = 0.000 ; free physical = 4700 ; free virtual = 10351
INFO: [Place 46-33] Processed net sys_rst, BUFG insertion was skipped due to placement/routing conflicts.
INFO: [Place 46-56] BUFG insertion identified 1 candidate nets. Inserted BUFG: 0, Replicated BUFG Driver: 0, Skipped due to Placement/Routing Conflicts: 1, Skipped due to Timing Degradation: 0, Skipped due to netlist editing failed: 0.
Ending Physical Synthesis Task | Checksum: 97b6aaae

Time (s): cpu = 00:00:01 ; elapsed = 00:00:00.52 . Memory (MB): peak = 3160.438 ; gain = 0.000 ; free physical = 4701 ; free virtual = 10352
Phase 4.1.1.1 BUFG Insertion | Checksum: 6be0acf9

Time (s): cpu = 00:00:46 ; elapsed = 00:00:17 . Memory (MB): peak = 3160.438 ; gain = 0.000 ; free physical = 4701 ; free virtual = 10352

Phase 4.1.1.2 Post Placement Timing Optimization
INFO: [Place 30-746] Post Placement Timing Summary WNS=1.181. For the most accurate timing information please run report_timing.
Phase 4.1.1.2 Post Placement Timing Optimization | Checksum: 115cc698c

Time (s): cpu = 00:00:46 ; elapsed = 00:00:17 . Memory (MB): peak = 3160.438 ; gain = 0.000 ; free physical = 4701 ; free virtual = 10352

Time (s): cpu = 00:00:46 ; elapsed = 00:00:17 . Memory (MB): peak = 3160.438 ; gain = 0.000 ; free physical = 4701 ; free virtual = 10352
Phase 4.1 Post Commit Optimization | Checksum: 115cc698c

Time (s): cpu = 00:00:46 ; elapsed = 00:00:17 . Memory (MB): peak = 3160.438 ; gain = 0.000 ; free physical = 4701 ; free virtual = 10352

Phase 4.2 Post Placement Cleanup
Phase 4.2 Post Placement Cleanup | Checksum: 115cc698c

Time (s): cpu = 00:00:46 ; elapsed = 00:00:17 . Memory (MB): peak = 3160.438 ; gain = 0.000 ; free physical = 4701 ; free virtual = 10352

Phase 4.3 Placer Reporting

Phase 4.3.1 Print Estimated Congestion
INFO: [Place 30-612] Post-Placement Estimated Congestion 
 ____________________________________________________
|           | Global Congestion | Short Congestion  |
| Direction | Region Size       | Region Size       |
|___________|___________________|___________________|
|      North|                1x1|                2x2|
|___________|___________________|___________________|
|      South|                1x1|                4x4|
|___________|___________________|___________________|
|       East|                1x1|                1x1|
|___________|___________________|___________________|
|       West|                1x1|                1x1|
|___________|___________________|___________________|

Phase 4.3.1 Print Estimated Congestion | Checksum: 115cc698c

Time (s): cpu = 00:00:46 ; elapsed = 00:00:17 . Memory (MB): peak = 3160.438 ; gain = 0.000 ; free physical = 4701 ; free virtual = 10352
Phase 4.3 Placer Reporting | Checksum: 115cc698c

Time (s): cpu = 00:00:46 ; elapsed = 00:00:17 . Memory (MB): peak = 3160.438 ; gain = 0.000 ; free physical = 4701 ; free virtual = 10352

Phase 4.4 Final Placement Cleanup
Netlist sorting complete. Time (s): cpu = 00:00:00.01 ; elapsed = 00:00:00.01 . Memory (MB): peak = 3160.438 ; gain = 0.000 ; free physical = 4701 ; free virtual = 10352

Time (s): cpu = 00:00:46 ; elapsed = 00:00:17 . Memory (MB): peak = 3160.438 ; gain = 0.000 ; free physical = 4701 ; free virtual = 10352
Phase 4 Post Placement Optimization and Clean-Up | Checksum: 1aae74bbe

Time (s): cpu = 00:00:46 ; elapsed = 00:00:17 . Memory (MB): peak = 3160.438 ; gain = 0.000 ; free physical = 4701 ; free virtual = 10352
Ending Placer Task | Checksum: cb6ba297

Time (s): cpu = 00:00:46 ; elapsed = 00:00:17 . Memory (MB): peak = 3160.438 ; gain = 0.000 ; free physical = 4701 ; free virtual = 10352
31 Infos, 1 Warnings, 0 Critical Warnings and 0 Errors encountered.
place_design completed successfully
place_design: Time (s): cpu = 00:00:48 ; elapsed = 00:00:18 . Memory (MB): peak = 3160.438 ; gain = 0.000 ; free physical = 4701 ; free virtual = 10352
# report_utilization -hierarchical -file digilent_nexys4ddr_utilization_hierarchical_place.rpt
# report_utilization -file digilent_nexys4ddr_utilization_place.rpt
# report_io -file digilent_nexys4ddr_io.rpt
report_io: Time (s): cpu = 00:00:00.08 ; elapsed = 00:00:00.11 . Memory (MB): peak = 3160.438 ; gain = 0.000 ; free physical = 4697 ; free virtual = 10348
# report_control_sets -verbose -file digilent_nexys4ddr_control_sets.rpt
report_control_sets: Time (s): cpu = 00:00:00.01 ; elapsed = 00:00:00.04 . Memory (MB): peak = 3160.438 ; gain = 0.000 ; free physical = 4694 ; free virtual = 10345
# report_clock_utilization -file digilent_nexys4ddr_clock_utilization.rpt
# route_design -directive default
Command: route_design -directive default
Attempting to get a license for feature 'Implementation' and/or device 'xc7a100t'
INFO: [Common 17-349] Got license for feature 'Implementation' and/or device 'xc7a100t'
Running DRC as a precondition to command route_design
INFO: [DRC 23-27] Running DRC with 8 threads
INFO: [Vivado_Tcl 4-198] DRC finished with 0 Errors
INFO: [Vivado_Tcl 4-199] Please refer to the DRC report (report_drc) for more information.


Starting Routing Task
INFO: [Route 35-270] Using Router directive 'default'.
INFO: [Route 35-254] Multithreading enabled for route_design using a maximum of 8 CPUs

Phase 1 Build RT Design
Checksum: PlaceDB: 146c72ff ConstDB: 0 ShapeSum: b6ff2f98 RouteDB: 0
Post Restoration Checksum: NetGraph: 3281462e | NumContArr: b07fbd37 | Constraints: c2a8fa9d | Timing: c2a8fa9d
Phase 1 Build RT Design | Checksum: 26852f89f

Time (s): cpu = 00:00:24 ; elapsed = 00:00:19 . Memory (MB): peak = 3160.438 ; gain = 0.000 ; free physical = 4701 ; free virtual = 10353

Phase 2 Router Initialization

Phase 2.1 Fix Topology Constraints
Phase 2.1 Fix Topology Constraints | Checksum: 26852f89f

Time (s): cpu = 00:00:24 ; elapsed = 00:00:19 . Memory (MB): peak = 3160.438 ; gain = 0.000 ; free physical = 4701 ; free virtual = 10353

Phase 2.2 Pre Route Cleanup
Phase 2.2 Pre Route Cleanup | Checksum: 26852f89f

Time (s): cpu = 00:00:25 ; elapsed = 00:00:19 . Memory (MB): peak = 3160.438 ; gain = 0.000 ; free physical = 4701 ; free virtual = 10353
 Number of Nodes with overlaps = 0

Phase 2.3 Update Timing
Phase 2.3 Update Timing | Checksum: 1b78133e4

Time (s): cpu = 00:00:30 ; elapsed = 00:00:21 . Memory (MB): peak = 3160.438 ; gain = 0.000 ; free physical = 4701 ; free virtual = 10352
INFO: [Route 35-416] Intermediate Timing Summary | WNS=1.084  | TNS=0.000  | WHS=-0.221 | THS=-129.264|


Router Utilization Summary
  Global Vertical Routing Utilization    = 0.00417809 %
  Global Horizontal Routing Utilization  = 0.0039784 %
  Routable Net Status*
  *Does not include unroutable nets such as driverless and loadless.
  Run report_route_status for detailed report.
  Number of Failed Nets               = 7801
    (Failed Nets is the sum of unrouted and partially routed nets)
  Number of Unrouted Nets             = 7801
  Number of Partially Routed Nets     = 0
  Number of Node Overlaps             = 0

Phase 2 Router Initialization | Checksum: 1b89bade1

Time (s): cpu = 00:00:33 ; elapsed = 00:00:22 . Memory (MB): peak = 3160.438 ; gain = 0.000 ; free physical = 4698 ; free virtual = 10349

Phase 3 Initial Routing

Phase 3.1 Global Routing
Phase 3.1 Global Routing | Checksum: 1b89bade1

Time (s): cpu = 00:00:33 ; elapsed = 00:00:22 . Memory (MB): peak = 3160.438 ; gain = 0.000 ; free physical = 4698 ; free virtual = 10349

Phase 3.2 Initial Net Routing
Phase 3.2 Initial Net Routing | Checksum: 26be77b94

Time (s): cpu = 00:00:36 ; elapsed = 00:00:23 . Memory (MB): peak = 3160.438 ; gain = 0.000 ; free physical = 4696 ; free virtual = 10347
Phase 3 Initial Routing | Checksum: 26be77b94

Time (s): cpu = 00:00:36 ; elapsed = 00:00:23 . Memory (MB): peak = 3160.438 ; gain = 0.000 ; free physical = 4696 ; free virtual = 10347

Phase 4 Rip-up And Reroute

Phase 4.1 Global Iteration 0
 Number of Nodes with overlaps = 1139
 Number of Nodes with overlaps = 181
 Number of Nodes with overlaps = 98
 Number of Nodes with overlaps = 39
 Number of Nodes with overlaps = 22
 Number of Nodes with overlaps = 12
 Number of Nodes with overlaps = 5
 Number of Nodes with overlaps = 3
 Number of Nodes with overlaps = 3
 Number of Nodes with overlaps = 2
 Number of Nodes with overlaps = 0
INFO: [Route 35-416] Intermediate Timing Summary | WNS=1.086  | TNS=0.000  | WHS=N/A    | THS=N/A    |

Phase 4.1 Global Iteration 0 | Checksum: 236f06171

Time (s): cpu = 00:00:46 ; elapsed = 00:00:30 . Memory (MB): peak = 3160.438 ; gain = 0.000 ; free physical = 4694 ; free virtual = 10345
Phase 4 Rip-up And Reroute | Checksum: 236f06171

Time (s): cpu = 00:00:47 ; elapsed = 00:00:30 . Memory (MB): peak = 3160.438 ; gain = 0.000 ; free physical = 4694 ; free virtual = 10345

Phase 5 Delay and Skew Optimization

Phase 5.1 Delay CleanUp

Phase 5.1.1 Update Timing
Phase 5.1.1 Update Timing | Checksum: 1b9e96072

Time (s): cpu = 00:00:47 ; elapsed = 00:00:30 . Memory (MB): peak = 3160.438 ; gain = 0.000 ; free physical = 4694 ; free virtual = 10345
INFO: [Route 35-416] Intermediate Timing Summary | WNS=1.182  | TNS=0.000  | WHS=N/A    | THS=N/A    |

Phase 5.1 Delay CleanUp | Checksum: 1b9e96072

Time (s): cpu = 00:00:48 ; elapsed = 00:00:30 . Memory (MB): peak = 3160.438 ; gain = 0.000 ; free physical = 4694 ; free virtual = 10345

Phase 5.2 Clock Skew Optimization
Phase 5.2 Clock Skew Optimization | Checksum: 1b9e96072

Time (s): cpu = 00:00:48 ; elapsed = 00:00:30 . Memory (MB): peak = 3160.438 ; gain = 0.000 ; free physical = 4694 ; free virtual = 10345
Phase 5 Delay and Skew Optimization | Checksum: 1b9e96072

Time (s): cpu = 00:00:48 ; elapsed = 00:00:30 . Memory (MB): peak = 3160.438 ; gain = 0.000 ; free physical = 4694 ; free virtual = 10345

Phase 6 Post Hold Fix

Phase 6.1 Hold Fix Iter

Phase 6.1.1 Update Timing
Phase 6.1.1 Update Timing | Checksum: 1efb19d56

Time (s): cpu = 00:00:49 ; elapsed = 00:00:31 . Memory (MB): peak = 3160.438 ; gain = 0.000 ; free physical = 4694 ; free virtual = 10345
INFO: [Route 35-416] Intermediate Timing Summary | WNS=1.182  | TNS=0.000  | WHS=0.046  | THS=0.000  |

Phase 6.1 Hold Fix Iter | Checksum: 219114424

Time (s): cpu = 00:00:49 ; elapsed = 00:00:31 . Memory (MB): peak = 3160.438 ; gain = 0.000 ; free physical = 4694 ; free virtual = 10345
Phase 6 Post Hold Fix | Checksum: 219114424

Time (s): cpu = 00:00:49 ; elapsed = 00:00:31 . Memory (MB): peak = 3160.438 ; gain = 0.000 ; free physical = 4694 ; free virtual = 10345

Phase 7 Route finalize

Router Utilization Summary
  Global Vertical Routing Utilization    = 1.49767 %
  Global Horizontal Routing Utilization  = 2.14777 %
  Routable Net Status*
  *Does not include unroutable nets such as driverless and loadless.
  Run report_route_status for detailed report.
  Number of Failed Nets               = 0
    (Failed Nets is the sum of unrouted and partially routed nets)
  Number of Unrouted Nets             = 0
  Number of Partially Routed Nets     = 0
  Number of Node Overlaps             = 0

Phase 7 Route finalize | Checksum: 219114424

Time (s): cpu = 00:00:49 ; elapsed = 00:00:31 . Memory (MB): peak = 3160.438 ; gain = 0.000 ; free physical = 4694 ; free virtual = 10345

Phase 8 Verifying routed nets

 Verification completed successfully
Phase 8 Verifying routed nets | Checksum: 219114424

Time (s): cpu = 00:00:49 ; elapsed = 00:00:31 . Memory (MB): peak = 3160.438 ; gain = 0.000 ; free physical = 4694 ; free virtual = 10345

Phase 9 Depositing Routes
Phase 9 Depositing Routes | Checksum: 1e760d61b

Time (s): cpu = 00:00:50 ; elapsed = 00:00:31 . Memory (MB): peak = 3160.438 ; gain = 0.000 ; free physical = 4695 ; free virtual = 10346

Phase 10 Post Router Timing
INFO: [Route 35-57] Estimated Timing Summary | WNS=1.182  | TNS=0.000  | WHS=0.046  | THS=0.000  |

INFO: [Route 35-327] The final timing numbers are based on the router estimated timing analysis. For a complete and accurate timing signoff, please run report_timing_summary.
Phase 10 Post Router Timing | Checksum: 1e760d61b

Time (s): cpu = 00:00:51 ; elapsed = 00:00:31 . Memory (MB): peak = 3160.438 ; gain = 0.000 ; free physical = 4696 ; free virtual = 10347
INFO: [Route 35-16] Router Completed Successfully

Phase 11 Post-Route Event Processing
Phase 11 Post-Route Event Processing | Checksum: 19503a2ac

Time (s): cpu = 00:00:51 ; elapsed = 00:00:32 . Memory (MB): peak = 3160.438 ; gain = 0.000 ; free physical = 4696 ; free virtual = 10347
Ending Routing Task | Checksum: 19503a2ac

Time (s): cpu = 00:00:51 ; elapsed = 00:00:32 . Memory (MB): peak = 3160.438 ; gain = 0.000 ; free physical = 4696 ; free virtual = 10347

Routing Is Done.
INFO: [Common 17-83] Releasing license: Implementation
14 Infos, 0 Warnings, 0 Critical Warnings and 0 Errors encountered.
route_design completed successfully
route_design: Time (s): cpu = 00:00:54 ; elapsed = 00:00:33 . Memory (MB): peak = 3160.438 ; gain = 0.000 ; free physical = 4696 ; free virtual = 10347
# phys_opt_design -directive default
Command: phys_opt_design -directive default
Attempting to get a license for feature 'Implementation' and/or device 'xc7a100t'
INFO: [Common 17-349] Got license for feature 'Implementation' and/or device 'xc7a100t'
INFO: [Vivado_Tcl 4-241] Physical synthesis in post route mode 
INFO: [Vivado_Tcl 4-137] Directive used for phys_opt_design is: default

Starting Initial Update Timing Task

Time (s): cpu = 00:00:03 ; elapsed = 00:00:00.86 . Memory (MB): peak = 3160.438 ; gain = 0.000 ; free physical = 4693 ; free virtual = 10345
INFO: [Vivado_Tcl 4-383] Design worst setup slack (WNS) is greater than or equal to 0.000 ns. Skipping all physical synthesis optimizations.
INFO: [Vivado_Tcl 4-232] No setup violation found. The netlist was not modified.
INFO: [Common 17-83] Releasing license: Implementation
6 Infos, 0 Warnings, 0 Critical Warnings and 0 Errors encountered.
phys_opt_design completed successfully
# write_checkpoint -force digilent_nexys4ddr_route.dcp
INFO: [Timing 38-480] Writing timing data to binary archive.
Write ShapeDB Complete: Time (s): cpu = 00:00:00.03 ; elapsed = 00:00:00.01 . Memory (MB): peak = 3160.438 ; gain = 0.000 ; free physical = 4693 ; free virtual = 10344
Wrote PlaceDB: Time (s): cpu = 00:00:00.99 ; elapsed = 00:00:00.33 . Memory (MB): peak = 3160.438 ; gain = 0.000 ; free physical = 4689 ; free virtual = 10349
Wrote PulsedLatchDB: Time (s): cpu = 00:00:00 ; elapsed = 00:00:00 . Memory (MB): peak = 3160.438 ; gain = 0.000 ; free physical = 4689 ; free virtual = 10349
Writing XDEF routing.
Writing XDEF routing logical nets.
Writing XDEF routing special nets.
Wrote RouteStorage: Time (s): cpu = 00:00:00.13 ; elapsed = 00:00:00.08 . Memory (MB): peak = 3160.438 ; gain = 0.000 ; free physical = 4688 ; free virtual = 10349
Wrote Netlist Cache: Time (s): cpu = 00:00:00.01 ; elapsed = 00:00:00.01 . Memory (MB): peak = 3160.438 ; gain = 0.000 ; free physical = 4687 ; free virtual = 10349
Wrote Device Cache: Time (s): cpu = 00:00:00.01 ; elapsed = 00:00:00 . Memory (MB): peak = 3160.438 ; gain = 0.000 ; free physical = 4686 ; free virtual = 10349
Write Physdb Complete: Time (s): cpu = 00:00:01 ; elapsed = 00:00:00.43 . Memory (MB): peak = 3160.438 ; gain = 0.000 ; free physical = 4686 ; free virtual = 10349
INFO: [Common 17-1381] The checkpoint '/home/masamuneprog/AAML/CFU-Playground/soc/build/digilent_nexys4ddr.my_first_cfu/gateware/digilent_nexys4ddr_route.dcp' has been generated.
# report_timing_summary -no_header -no_detailed_paths
INFO: [Timing 38-91] UpdateTimingParams: Speed grade: -1, Delay Type: min_max.
INFO: [Timing 38-191] Multithreading enabled for timing update using a maximum of 8 CPUs
------------------------------------------------------------------------------------------------
| Timer Settings
| --------------
------------------------------------------------------------------------------------------------

  Enable Multi Corner Analysis               :  Yes
  Enable Pessimism Removal                   :  Yes
  Pessimism Removal Resolution               :  Nearest Common Node
  Enable Input Delay Default Clock           :  No
  Enable Preset / Clear Arcs                 :  No
  Disable Flight Delays                      :  No
  Ignore I/O Paths                           :  No
  Timing Early Launch at Borrowing Latches   :  No
  Borrow Time for Max Delay Exceptions       :  Yes
  Merge Timing Exceptions                    :  Yes
  Inter-SLR Compensation                     :  Conservative

  Corner  Analyze    Analyze    
  Name    Max Paths  Min Paths  
  ------  ---------  ---------  
  Slow    Yes        Yes        
  Fast    Yes        Yes        


------------------------------------------------------------------------------------------------
| Report Methodology
| ------------------
------------------------------------------------------------------------------------------------

No report available as report_methodology has not been run prior. Run report_methodology on the current design for the summary of methodology violations.



check_timing report

Table of Contents
-----------------
1. checking no_clock (0)
2. checking constant_clock (0)
3. checking pulse_width_clock (0)
4. checking unconstrained_internal_endpoints (0)
5. checking no_input_delay (18)
6. checking no_output_delay (60)
7. checking multiple_clock (0)
8. checking generated_clocks (0)
9. checking loops (0)
10. checking partial_input_delay (0)
11. checking partial_output_delay (0)
12. checking latch_loops (0)

1. checking no_clock (0)
------------------------
 There are 0 register/latch pins with no clock.


2. checking constant_clock (0)
------------------------------
 There are 0 register/latch pins with constant_clock.


3. checking pulse_width_clock (0)
---------------------------------
 There are 0 register/latch pins which need pulse_width check


4. checking unconstrained_internal_endpoints (0)
------------------------------------------------
 There are 0 pins that are not constrained for maximum delay.

 There are 0 pins that are not constrained for maximum delay due to constant clock.


5. checking no_input_delay (18)
-------------------------------
 There are 18 input ports with no input delay specified. (HIGH)

 There are 0 input ports with no input delay but user has a false path constraint.


6. checking no_output_delay (60)
--------------------------------
 There are 60 ports with no output delay specified. (HIGH)

 There are 0 ports with no output delay but user has a false path constraint

 There are 0 ports with no output delay but with a timing clock defined on it or propagating through it


7. checking multiple_clock (0)
------------------------------
 There are 0 register/latch pins with multiple clocks.


8. checking generated_clocks (0)
--------------------------------
 There are 0 generated clocks that are not connected to a clock source.


9. checking loops (0)
---------------------
 There are 0 combinational loops in the design.


10. checking partial_input_delay (0)
------------------------------------
 There are 0 input ports with partial input delay specified.


11. checking partial_output_delay (0)
-------------------------------------
 There are 0 ports with partial output delay specified.


12. checking latch_loops (0)
----------------------------
 There are 0 combinational latch loops in the design through latch input



------------------------------------------------------------------------------------------------
| Design Timing Summary
| ---------------------
------------------------------------------------------------------------------------------------

    WNS(ns)      TNS(ns)  TNS Failing Endpoints  TNS Total Endpoints      WHS(ns)      THS(ns)  THS Failing Endpoints  THS Total Endpoints     WPWS(ns)     TPWS(ns)  TPWS Failing Endpoints  TPWS Total Endpoints  
    -------      -------  ---------------------  -------------------      -------      -------  ---------------------  -------------------     --------     --------  ----------------------  --------------------  
      1.206        0.000                      0                10195        0.046        0.000                      0                10195        0.264        0.000                       0                  3922  


All user specified timing constraints are met.


------------------------------------------------------------------------------------------------
| Clock Summary
| -------------
------------------------------------------------------------------------------------------------

Clock                          Waveform(ns)         Period(ns)      Frequency(MHz)
-----                          ------------         ----------      --------------
clk100                         {0.000 5.000}        10.000          100.000         
  soc_builder_basesoc_mmcm_fb  {0.000 5.000}        10.000          100.000         
  soc_crg_clkout0              {0.000 6.667}        13.333          75.000          
  soc_crg_clkout1              {0.000 3.333}        6.667           150.000         
  soc_crg_clkout2              {1.667 5.000}        6.667           150.000         
  soc_crg_clkout3              {0.000 2.500}        5.000           200.000         


------------------------------------------------------------------------------------------------
| Intra Clock Table
| -----------------
------------------------------------------------------------------------------------------------

Clock                              WNS(ns)      TNS(ns)  TNS Failing Endpoints  TNS Total Endpoints      WHS(ns)      THS(ns)  THS Failing Endpoints  THS Total Endpoints     WPWS(ns)     TPWS(ns)  TPWS Failing Endpoints  TPWS Total Endpoints  
-----                              -------      -------  ---------------------  -------------------      -------      -------  ---------------------  -------------------     --------     --------  ----------------------  --------------------  
clk100                               8.735        0.000                      0                    7        0.180        0.000                      0                    7        3.000        0.000                       0                    10  
  soc_builder_basesoc_mmcm_fb                                                                                                                                                    8.751        0.000                       0                     2  
  soc_crg_clkout0                    1.206        0.000                      0                10174        0.046        0.000                      0                10174        5.417        0.000                       0                  3821  
  soc_crg_clkout1                                                                                                                                                                4.511        0.000                       0                    75  
  soc_crg_clkout2                                                                                                                                                                4.511        0.000                       0                     4  
  soc_crg_clkout3                    1.246        0.000                      0                   14        0.122        0.000                      0                   14        0.264        0.000                       0                    10  


------------------------------------------------------------------------------------------------
| Inter Clock Table
| -----------------
------------------------------------------------------------------------------------------------

From Clock    To Clock          WNS(ns)      TNS(ns)  TNS Failing Endpoints  TNS Total Endpoints      WHS(ns)      THS(ns)  THS Failing Endpoints  THS Total Endpoints  
----------    --------          -------      -------  ---------------------  -------------------      -------      -------  ---------------------  -------------------  


------------------------------------------------------------------------------------------------
| Other Path Groups Table
| -----------------------
------------------------------------------------------------------------------------------------

Path Group    From Clock    To Clock          WNS(ns)      TNS(ns)  TNS Failing Endpoints  TNS Total Endpoints      WHS(ns)      THS(ns)  THS Failing Endpoints  THS Total Endpoints  
----------    ----------    --------          -------      -------  ---------------------  -------------------      -------      -------  ---------------------  -------------------  


# report_route_status -file digilent_nexys4ddr_route_status.rpt
# report_drc -file digilent_nexys4ddr_drc.rpt
Command: report_drc -file digilent_nexys4ddr_drc.rpt
INFO: [IP_Flow 19-234] Refreshing IP repositories
INFO: [IP_Flow 19-1704] No user IP repositories specified
INFO: [IP_Flow 19-2313] Loaded Vivado IP repository '/tools/Xilinx/Vivado/2023.2/data/ip'.
INFO: [DRC 23-27] Running DRC with 8 threads
INFO: [Vivado_Tcl 2-168] The results of DRC are in file /home/masamuneprog/AAML/CFU-Playground/soc/build/digilent_nexys4ddr.my_first_cfu/gateware/digilent_nexys4ddr_drc.rpt.
report_drc completed successfully
# report_timing_summary -datasheet -max_paths 10 -file digilent_nexys4ddr_timing.rpt
INFO: [Timing 38-91] UpdateTimingParams: Speed grade: -1, Delay Type: min_max.
INFO: [Timing 38-191] Multithreading enabled for timing update using a maximum of 8 CPUs
# report_power -file digilent_nexys4ddr_power.rpt
Command: report_power -file digilent_nexys4ddr_power.rpt
Running Vector-less Activity Propagation...

Finished Running Vector-less Activity Propagation
WARNING: [Power 33-332] Found switching activity that implies high-fanout reset nets being asserted for excessive periods of time which may result in inaccurate power analysis.
Resolution: To review and fix problems, please run Power Constraints Advisor in the GUI from Tools > Power Constraints Advisor or run report_power with the -advisory option to generate a text report.
0 Infos, 1 Warnings, 0 Critical Warnings and 0 Errors encountered.
report_power completed successfully
# write_bitstream -force digilent_nexys4ddr.bit 
Command: write_bitstream -force digilent_nexys4ddr.bit
Attempting to get a license for feature 'Implementation' and/or device 'xc7a100t'
INFO: [Common 17-349] Got license for feature 'Implementation' and/or device 'xc7a100t'
Running DRC as a precondition to command write_bitstream
INFO: [IP_Flow 19-1839] IP Catalog is up to date.
INFO: [DRC 23-27] Running DRC with 8 threads
WARNING: [DRC BUFC-1] Input Buffer Connections: Input buffer IOBUFDS/IBUFDS has no loads. It is recommended to have an input buffer drive an internal load.
WARNING: [DRC BUFC-1] Input Buffer Connections: Input buffer IOBUFDS_1/IBUFDS has no loads. It is recommended to have an input buffer drive an internal load.
WARNING: [DRC CFGBVS-1] Missing CFGBVS and CONFIG_VOLTAGE Design Properties: Neither the CFGBVS nor CONFIG_VOLTAGE voltage property is set in the current_design.  Configuration bank voltage select (CFGBVS) must be set to VCCO or GND, and CONFIG_VOLTAGE must be set to the correct configuration voltage, in order to determine the I/O voltage support for the pins in bank 0.  It is suggested to specify these either using the 'Edit Device Properties' function in the GUI or directly in the XDC file using the following syntax:

 set_property CFGBVS value1 [current_design]
 #where value1 is either VCCO or GND

 set_property CONFIG_VOLTAGE value2 [current_design]
 #where value2 is the voltage provided to configuration bank 0

Refer to the device configuration user guide for more information.
WARNING: [DRC DPIP-1] Input pipelining: DSP VexRiscv/execute_to_memory_MUL_HL_reg input VexRiscv/execute_to_memory_MUL_HL_reg/A[29:0] is not pipelined. Pipelining DSP48 input will improve performance.
WARNING: [DRC DPIP-1] Input pipelining: DSP VexRiscv/execute_to_memory_MUL_HL_reg input VexRiscv/execute_to_memory_MUL_HL_reg/B[17:0] is not pipelined. Pipelining DSP48 input will improve performance.
WARNING: [DRC DPIP-1] Input pipelining: DSP VexRiscv/execute_to_memory_MUL_LH_reg input VexRiscv/execute_to_memory_MUL_LH_reg/A[29:0] is not pipelined. Pipelining DSP48 input will improve performance.
WARNING: [DRC DPIP-1] Input pipelining: DSP VexRiscv/execute_to_memory_MUL_LH_reg input VexRiscv/execute_to_memory_MUL_LH_reg/B[17:0] is not pipelined. Pipelining DSP48 input will improve performance.
WARNING: [DRC DPIP-1] Input pipelining: DSP VexRiscv/execute_to_memory_MUL_LL_reg input VexRiscv/execute_to_memory_MUL_LL_reg/A[29:0] is not pipelined. Pipelining DSP48 input will improve performance.
WARNING: [DRC DPIP-1] Input pipelining: DSP VexRiscv/execute_to_memory_MUL_LL_reg input VexRiscv/execute_to_memory_MUL_LL_reg/B[17:0] is not pipelined. Pipelining DSP48 input will improve performance.
WARNING: [DRC DPIP-1] Input pipelining: DSP VexRiscv/memory_to_writeBack_MUL_HH_reg input VexRiscv/memory_to_writeBack_MUL_HH_reg/A[29:0] is not pipelined. Pipelining DSP48 input will improve performance.
WARNING: [DRC DPIP-1] Input pipelining: DSP VexRiscv/memory_to_writeBack_MUL_HH_reg input VexRiscv/memory_to_writeBack_MUL_HH_reg/B[17:0] is not pipelined. Pipelining DSP48 input will improve performance.
WARNING: [DRC DPOP-2] MREG Output pipelining: DSP VexRiscv/execute_to_memory_MUL_HL_reg multiplier stage VexRiscv/execute_to_memory_MUL_HL_reg/P[47:0] is not pipelined (MREG=0). Pipelining the multiplier function will improve performance and will save significant power so it is suggested whenever possible to fully pipeline this function.  If this multiplier was inferred, it is suggested to describe an additional register stage after this function.  If there is no registered adder/accumulator following the multiply function, two pipeline stages are suggested to allow both the MREG and PREG registers to be used.  If the DSP48 was instantiated in the design, it is suggested to set both the MREG and PREG attributes to 1 when performing multiply functions.
WARNING: [DRC DPOP-2] MREG Output pipelining: DSP VexRiscv/execute_to_memory_MUL_LH_reg multiplier stage VexRiscv/execute_to_memory_MUL_LH_reg/P[47:0] is not pipelined (MREG=0). Pipelining the multiplier function will improve performance and will save significant power so it is suggested whenever possible to fully pipeline this function.  If this multiplier was inferred, it is suggested to describe an additional register stage after this function.  If there is no registered adder/accumulator following the multiply function, two pipeline stages are suggested to allow both the MREG and PREG registers to be used.  If the DSP48 was instantiated in the design, it is suggested to set both the MREG and PREG attributes to 1 when performing multiply functions.
WARNING: [DRC DPOP-2] MREG Output pipelining: DSP VexRiscv/execute_to_memory_MUL_LL_reg multiplier stage VexRiscv/execute_to_memory_MUL_LL_reg/P[47:0] is not pipelined (MREG=0). Pipelining the multiplier function will improve performance and will save significant power so it is suggested whenever possible to fully pipeline this function.  If this multiplier was inferred, it is suggested to describe an additional register stage after this function.  If there is no registered adder/accumulator following the multiply function, two pipeline stages are suggested to allow both the MREG and PREG registers to be used.  If the DSP48 was instantiated in the design, it is suggested to set both the MREG and PREG attributes to 1 when performing multiply functions.
WARNING: [DRC PDRC-153] Gated clock check: Net soc_crg_clkin is a gated clock net sourced by a combinational pin clk100_inst/O, cell clk100_inst. This is not good design practice and will likely impact performance. For SLICE registers, for example, use the CE pin to control the loading of data.
WARNING: [DRC PLHOLDVIO-2] Non-Optimal connections which could lead to hold violations: A LUT clk100_inst is driving clock pin of 8 cells. This could lead to large hold time violations. Involved cells are:
FDCE, FDCE_1, FDCE_2, FDCE_3, FDCE_4, FDCE_5, FDCE_6, and FDCE_7
INFO: [Vivado 12-3199] DRC finished with 0 Errors, 16 Warnings
INFO: [Vivado 12-3200] Please refer to the DRC report (report_drc) for more information.
INFO: [Designutils 20-2272] Running write_bitstream with 8 threads.
Loading data files...
Loading site data...
Loading route data...
Processing options...
Creating bitmap...
Creating bitstream...
Writing bitstream ./digilent_nexys4ddr.bit...
INFO: [Vivado 12-1842] Bitgen Completed Successfully.
INFO: [Project 1-1876] WebTalk data collection is mandatory when using a ULT device. To see the specific WebTalk data collected for your design, open the usage_statistics_webtalk.html or usage_statistics_webtalk.xml file in the implementation directory.
INFO: [Common 17-83] Releasing license: Implementation
9 Infos, 16 Warnings, 0 Critical Warnings and 0 Errors encountered.
write_bitstream completed successfully
write_bitstream: Time (s): cpu = 00:00:20 ; elapsed = 00:00:20 . Memory (MB): peak = 3165.770 ; gain = 5.332 ; free physical = 4528 ; free virtual = 10186
# quit
INFO: [Common 17-206] Exiting Vivado at Wed Oct  1 19:45:41 2025...
