Copyright 1986-2022 Xilinx, Inc. All Rights Reserved. Copyright 2022-2023 Advanced Micro Devices, Inc. All Rights Reserved.
---------------------------------------------------------------------------------------------------------------------------------------------
| Tool Version : Vivado v.2023.2 (lin64) Build 4029153 Fri Oct 13 20:13:54 MDT 2023
| Date         : Thu Nov 27 12:14:35 2025
| Host         : DESKTOP-8IM51LT running 64-bit Ubuntu 24.04.3 LTS
| Command      : report_timing_summary -datasheet -max_paths 10 -file digilent_nexys4ddr_timing.rpt
| Design       : digilent_nexys4ddr
| Device       : 7a100t-csg324
| Speed File   : -1  PRODUCTION 1.23 2018-06-13
| Design State : Physopt postRoute
---------------------------------------------------------------------------------------------------------------------------------------------

Timing Summary Report

------------------------------------------------------------------------------------------------
| Timer Settings
| --------------
------------------------------------------------------------------------------------------------

  Enable Multi Corner Analysis               :  Yes
  Enable Pessimism Removal                   :  Yes
  Pessimism Removal Resolution               :  Nearest Common Node
  Enable Input Delay Default Clock           :  No
  Enable Preset / Clear Arcs                 :  No
  Disable Flight Delays                      :  No
  Ignore I/O Paths                           :  No
  Timing Early Launch at Borrowing Latches   :  No
  Borrow Time for Max Delay Exceptions       :  Yes
  Merge Timing Exceptions                    :  Yes
  Inter-SLR Compensation                     :  Conservative

  Corner  Analyze    Analyze    
  Name    Max Paths  Min Paths  
  ------  ---------  ---------  
  Slow    Yes        Yes        
  Fast    Yes        Yes        


------------------------------------------------------------------------------------------------
| Report Methodology
| ------------------
------------------------------------------------------------------------------------------------

No report available as report_methodology has not been run prior. Run report_methodology on the current design for the summary of methodology violations.



check_timing report

Table of Contents
-----------------
1. checking no_clock (0)
2. checking constant_clock (0)
3. checking pulse_width_clock (0)
4. checking unconstrained_internal_endpoints (0)
5. checking no_input_delay (18)
6. checking no_output_delay (60)
7. checking multiple_clock (0)
8. checking generated_clocks (0)
9. checking loops (0)
10. checking partial_input_delay (0)
11. checking partial_output_delay (0)
12. checking latch_loops (0)

1. checking no_clock (0)
------------------------
 There are 0 register/latch pins with no clock.


2. checking constant_clock (0)
------------------------------
 There are 0 register/latch pins with constant_clock.


3. checking pulse_width_clock (0)
---------------------------------
 There are 0 register/latch pins which need pulse_width check


4. checking unconstrained_internal_endpoints (0)
------------------------------------------------
 There are 0 pins that are not constrained for maximum delay.

 There are 0 pins that are not constrained for maximum delay due to constant clock.


5. checking no_input_delay (18)
-------------------------------
 There are 18 input ports with no input delay specified. (HIGH)

 There are 0 input ports with no input delay but user has a false path constraint.


6. checking no_output_delay (60)
--------------------------------
 There are 60 ports with no output delay specified. (HIGH)

 There are 0 ports with no output delay but user has a false path constraint

 There are 0 ports with no output delay but with a timing clock defined on it or propagating through it


7. checking multiple_clock (0)
------------------------------
 There are 0 register/latch pins with multiple clocks.


8. checking generated_clocks (0)
--------------------------------
 There are 0 generated clocks that are not connected to a clock source.


9. checking loops (0)
---------------------
 There are 0 combinational loops in the design.


10. checking partial_input_delay (0)
------------------------------------
 There are 0 input ports with partial input delay specified.


11. checking partial_output_delay (0)
-------------------------------------
 There are 0 ports with partial output delay specified.


12. checking latch_loops (0)
----------------------------
 There are 0 combinational latch loops in the design through latch input



------------------------------------------------------------------------------------------------
| Design Timing Summary
| ---------------------
------------------------------------------------------------------------------------------------

    WNS(ns)      TNS(ns)  TNS Failing Endpoints  TNS Total Endpoints      WHS(ns)      THS(ns)  THS Failing Endpoints  THS Total Endpoints     WPWS(ns)     TPWS(ns)  TPWS Failing Endpoints  TPWS Total Endpoints  
    -------      -------  ---------------------  -------------------      -------      -------  ---------------------  -------------------     --------     --------  ----------------------  --------------------  
     -1.005      -12.915                     19                14322        0.024        0.000                      0                14322        0.264        0.000                       0                  5516  


Timing constraints are not met.


------------------------------------------------------------------------------------------------
| Clock Summary
| -------------
------------------------------------------------------------------------------------------------

Clock                          Waveform(ns)         Period(ns)      Frequency(MHz)
-----                          ------------         ----------      --------------
clk100                         {0.000 5.000}        10.000          100.000         
  soc_builder_basesoc_mmcm_fb  {0.000 5.000}        10.000          100.000         
  soc_crg_clkout0              {0.000 6.667}        13.333          75.000          
  soc_crg_clkout1              {0.000 3.333}        6.667           150.000         
  soc_crg_clkout2              {1.667 5.000}        6.667           150.000         
  soc_crg_clkout3              {0.000 2.500}        5.000           200.000         


------------------------------------------------------------------------------------------------
| Intra Clock Table
| -----------------
------------------------------------------------------------------------------------------------

Clock                              WNS(ns)      TNS(ns)  TNS Failing Endpoints  TNS Total Endpoints      WHS(ns)      THS(ns)  THS Failing Endpoints  THS Total Endpoints     WPWS(ns)     TPWS(ns)  TPWS Failing Endpoints  TPWS Total Endpoints  
-----                              -------      -------  ---------------------  -------------------      -------      -------  ---------------------  -------------------     --------     --------  ----------------------  --------------------  
clk100                               8.507        0.000                      0                    7        0.229        0.000                      0                    7        3.000        0.000                       0                    10  
  soc_builder_basesoc_mmcm_fb                                                                                                                                                    8.751        0.000                       0                     2  
  soc_crg_clkout0                   -1.005      -12.915                     19                13311        0.024        0.000                      0                13311        5.417        0.000                       0                  5415  
  soc_crg_clkout1                                                                                                                                                                4.511        0.000                       0                    75  
  soc_crg_clkout2                                                                                                                                                                4.511        0.000                       0                     4  
  soc_crg_clkout3                    1.246        0.000                      0                   14        0.122        0.000                      0                   14        0.264        0.000                       0                    10  


------------------------------------------------------------------------------------------------
| Inter Clock Table
| -----------------
------------------------------------------------------------------------------------------------

From Clock    To Clock          WNS(ns)      TNS(ns)  TNS Failing Endpoints  TNS Total Endpoints      WHS(ns)      THS(ns)  THS Failing Endpoints  THS Total Endpoints  
----------    --------          -------      -------  ---------------------  -------------------      -------      -------  ---------------------  -------------------  


------------------------------------------------------------------------------------------------
| Other Path Groups Table
| -----------------------
------------------------------------------------------------------------------------------------

Path Group         From Clock         To Clock               WNS(ns)      TNS(ns)  TNS Failing Endpoints  TNS Total Endpoints      WHS(ns)      THS(ns)  THS Failing Endpoints  THS Total Endpoints  
----------         ----------         --------               -------      -------  ---------------------  -------------------      -------      -------  ---------------------  -------------------  
**async_default**  soc_crg_clkout0    soc_crg_clkout0          4.518        0.000                      0                  990        0.796        0.000                      0                  990  


------------------------------------------------------------------------------------------------
| Timing Details
| --------------
------------------------------------------------------------------------------------------------


---------------------------------------------------------------------------------------------------
From Clock:  clk100
  To Clock:  clk100

Setup :            0  Failing Endpoints,  Worst Slack        8.507ns,  Total Violation        0.000ns
Hold  :            0  Failing Endpoints,  Worst Slack        0.229ns,  Total Violation        0.000ns
PW    :            0  Failing Endpoints,  Worst Slack        3.000ns,  Total Violation        0.000ns
---------------------------------------------------------------------------------------------------


Max Delay Paths
--------------------------------------------------------------------------------------
Slack (MET) :             8.507ns  (required time - arrival time)
  Source:                 FDCE_3/C
                            (rising edge-triggered cell FDCE clocked by clk100  {rise@0.000ns fall@5.000ns period=10.000ns})
  Destination:            FDCE_4/D
                            (rising edge-triggered cell FDCE clocked by clk100  {rise@0.000ns fall@5.000ns period=10.000ns})
  Path Group:             clk100
  Path Type:              Setup (Max at Slow Process Corner)
  Requirement:            10.000ns  (clk100 rise@10.000ns - clk100 rise@0.000ns)
  Data Path Delay:        1.400ns  (logic 0.456ns (32.578%)  route 0.944ns (67.422%))
  Logic Levels:           0  
  Clock Path Skew:        0.000ns (DCD - SCD + CPR)
    Destination Clock Delay (DCD):    7.628ns = ( 17.628 - 10.000 ) 
    Source Clock Delay      (SCD):    8.392ns
    Clock Pessimism Removal (CPR):    0.763ns
  Clock Uncertainty:      0.035ns  ((TSJ^2 + TIJ^2)^1/2 + DJ) / 2 + PE
    Total System Jitter     (TSJ):    0.071ns
    Total Input Jitter      (TIJ):    0.000ns
    Discrete Jitter          (DJ):    0.000ns
    Phase Error              (PE):    0.000ns

    Location             Delay type                Incr(ns)  Path(ns)    Netlist Resource(s)
  -------------------------------------------------------------------    -------------------
                         (clock clk100 rise edge)     0.000     0.000 r  
    E3                                                0.000     0.000 r  clk100 (IN)
                         net (fo=0)                   0.000     0.000    clk100
    E3                   IBUF (Prop_ibuf_I_O)         1.482     1.482 r  clk100_IBUF_inst/O
                         net (fo=1, routed)           2.025     3.506    clk100_IBUF
    BUFGCTRL_X0Y16       BUFG (Prop_bufg_I_O)         0.096     3.602 r  clk100_IBUF_BUFG_inst/O
                         net (fo=1, routed)           1.961     5.563    clk100_IBUF_BUFG
    SLICE_X34Y21         LUT1 (Prop_lut1_I0_O)        0.124     5.687 r  clk100_inst/O
                         net (fo=9, routed)           2.704     8.392    soc_crg_clkin
    SLICE_X82Y69         FDCE                                         r  FDCE_3/C
  -------------------------------------------------------------------    -------------------
    SLICE_X82Y69         FDCE (Prop_fdce_C_Q)         0.456     8.848 r  FDCE_3/Q
                         net (fo=1, routed)           0.944     9.791    soc_builder_basesoc_reset3
    SLICE_X82Y69         FDCE                                         r  FDCE_4/D
  -------------------------------------------------------------------    -------------------

                         (clock clk100 rise edge)    10.000    10.000 r  
    E3                                                0.000    10.000 r  clk100 (IN)
                         net (fo=0)                   0.000    10.000    clk100
    E3                   IBUF (Prop_ibuf_I_O)         1.411    11.411 r  clk100_IBUF_inst/O
                         net (fo=1, routed)           1.920    13.331    clk100_IBUF
    BUFGCTRL_X0Y16       BUFG (Prop_bufg_I_O)         0.091    13.422 r  clk100_IBUF_BUFG_inst/O
                         net (fo=1, routed)           1.801    15.223    clk100_IBUF_BUFG
    SLICE_X34Y21         LUT1 (Prop_lut1_I0_O)        0.100    15.323 r  clk100_inst/O
                         net (fo=9, routed)           2.305    17.628    soc_crg_clkin
    SLICE_X82Y69         FDCE                                         r  FDCE_4/C
                         clock pessimism              0.763    18.392    
                         clock uncertainty           -0.035    18.356    
    SLICE_X82Y69         FDCE (Setup_fdce_C_D)       -0.058    18.298    FDCE_4
  -------------------------------------------------------------------
                         required time                         18.298    
                         arrival time                          -9.791    
  -------------------------------------------------------------------
                         slack                                  8.507    

Slack (MET) :             8.653ns  (required time - arrival time)
  Source:                 FDCE_4/C
                            (rising edge-triggered cell FDCE clocked by clk100  {rise@0.000ns fall@5.000ns period=10.000ns})
  Destination:            FDCE_5/D
                            (rising edge-triggered cell FDCE clocked by clk100  {rise@0.000ns fall@5.000ns period=10.000ns})
  Path Group:             clk100
  Path Type:              Setup (Max at Slow Process Corner)
  Requirement:            10.000ns  (clk100 rise@10.000ns - clk100 rise@0.000ns)
  Data Path Delay:        1.265ns  (logic 0.456ns (36.061%)  route 0.809ns (63.939%))
  Logic Levels:           0  
  Clock Path Skew:        0.000ns (DCD - SCD + CPR)
    Destination Clock Delay (DCD):    7.628ns = ( 17.628 - 10.000 ) 
    Source Clock Delay      (SCD):    8.392ns
    Clock Pessimism Removal (CPR):    0.763ns
  Clock Uncertainty:      0.035ns  ((TSJ^2 + TIJ^2)^1/2 + DJ) / 2 + PE
    Total System Jitter     (TSJ):    0.071ns
    Total Input Jitter      (TIJ):    0.000ns
    Discrete Jitter          (DJ):    0.000ns
    Phase Error              (PE):    0.000ns

    Location             Delay type                Incr(ns)  Path(ns)    Netlist Resource(s)
  -------------------------------------------------------------------    -------------------
                         (clock clk100 rise edge)     0.000     0.000 r  
    E3                                                0.000     0.000 r  clk100 (IN)
                         net (fo=0)                   0.000     0.000    clk100
    E3                   IBUF (Prop_ibuf_I_O)         1.482     1.482 r  clk100_IBUF_inst/O
                         net (fo=1, routed)           2.025     3.506    clk100_IBUF
    BUFGCTRL_X0Y16       BUFG (Prop_bufg_I_O)         0.096     3.602 r  clk100_IBUF_BUFG_inst/O
                         net (fo=1, routed)           1.961     5.563    clk100_IBUF_BUFG
    SLICE_X34Y21         LUT1 (Prop_lut1_I0_O)        0.124     5.687 r  clk100_inst/O
                         net (fo=9, routed)           2.704     8.392    soc_crg_clkin
    SLICE_X82Y69         FDCE                                         r  FDCE_4/C
  -------------------------------------------------------------------    -------------------
    SLICE_X82Y69         FDCE (Prop_fdce_C_Q)         0.456     8.848 r  FDCE_4/Q
                         net (fo=1, routed)           0.809     9.656    soc_builder_basesoc_reset4
    SLICE_X82Y69         FDCE                                         r  FDCE_5/D
  -------------------------------------------------------------------    -------------------

                         (clock clk100 rise edge)    10.000    10.000 r  
    E3                                                0.000    10.000 r  clk100 (IN)
                         net (fo=0)                   0.000    10.000    clk100
    E3                   IBUF (Prop_ibuf_I_O)         1.411    11.411 r  clk100_IBUF_inst/O
                         net (fo=1, routed)           1.920    13.331    clk100_IBUF
    BUFGCTRL_X0Y16       BUFG (Prop_bufg_I_O)         0.091    13.422 r  clk100_IBUF_BUFG_inst/O
                         net (fo=1, routed)           1.801    15.223    clk100_IBUF_BUFG
    SLICE_X34Y21         LUT1 (Prop_lut1_I0_O)        0.100    15.323 r  clk100_inst/O
                         net (fo=9, routed)           2.305    17.628    soc_crg_clkin
    SLICE_X82Y69         FDCE                                         r  FDCE_5/C
                         clock pessimism              0.763    18.392    
                         clock uncertainty           -0.035    18.356    
    SLICE_X82Y69         FDCE (Setup_fdce_C_D)       -0.047    18.309    FDCE_5
  -------------------------------------------------------------------
                         required time                         18.309    
                         arrival time                          -9.656    
  -------------------------------------------------------------------
                         slack                                  8.653    

Slack (MET) :             8.655ns  (required time - arrival time)
  Source:                 FDCE_1/C
                            (rising edge-triggered cell FDCE clocked by clk100  {rise@0.000ns fall@5.000ns period=10.000ns})
  Destination:            FDCE_2/D
                            (rising edge-triggered cell FDCE clocked by clk100  {rise@0.000ns fall@5.000ns period=10.000ns})
  Path Group:             clk100
  Path Type:              Setup (Max at Slow Process Corner)
  Requirement:            10.000ns  (clk100 rise@10.000ns - clk100 rise@0.000ns)
  Data Path Delay:        1.216ns  (logic 0.456ns (37.493%)  route 0.760ns (62.508%))
  Logic Levels:           0  
  Clock Path Skew:        0.000ns (DCD - SCD + CPR)
    Destination Clock Delay (DCD):    7.628ns = ( 17.628 - 10.000 ) 
    Source Clock Delay      (SCD):    8.392ns
    Clock Pessimism Removal (CPR):    0.763ns
  Clock Uncertainty:      0.035ns  ((TSJ^2 + TIJ^2)^1/2 + DJ) / 2 + PE
    Total System Jitter     (TSJ):    0.071ns
    Total Input Jitter      (TIJ):    0.000ns
    Discrete Jitter          (DJ):    0.000ns
    Phase Error              (PE):    0.000ns

    Location             Delay type                Incr(ns)  Path(ns)    Netlist Resource(s)
  -------------------------------------------------------------------    -------------------
                         (clock clk100 rise edge)     0.000     0.000 r  
    E3                                                0.000     0.000 r  clk100 (IN)
                         net (fo=0)                   0.000     0.000    clk100
    E3                   IBUF (Prop_ibuf_I_O)         1.482     1.482 r  clk100_IBUF_inst/O
                         net (fo=1, routed)           2.025     3.506    clk100_IBUF
    BUFGCTRL_X0Y16       BUFG (Prop_bufg_I_O)         0.096     3.602 r  clk100_IBUF_BUFG_inst/O
                         net (fo=1, routed)           1.961     5.563    clk100_IBUF_BUFG
    SLICE_X34Y21         LUT1 (Prop_lut1_I0_O)        0.124     5.687 r  clk100_inst/O
                         net (fo=9, routed)           2.704     8.392    soc_crg_clkin
    SLICE_X82Y69         FDCE                                         r  FDCE_1/C
  -------------------------------------------------------------------    -------------------
    SLICE_X82Y69         FDCE (Prop_fdce_C_Q)         0.456     8.848 r  FDCE_1/Q
                         net (fo=1, routed)           0.760     9.608    soc_builder_basesoc_reset1
    SLICE_X82Y69         FDCE                                         r  FDCE_2/D
  -------------------------------------------------------------------    -------------------

                         (clock clk100 rise edge)    10.000    10.000 r  
    E3                                                0.000    10.000 r  clk100 (IN)
                         net (fo=0)                   0.000    10.000    clk100
    E3                   IBUF (Prop_ibuf_I_O)         1.411    11.411 r  clk100_IBUF_inst/O
                         net (fo=1, routed)           1.920    13.331    clk100_IBUF
    BUFGCTRL_X0Y16       BUFG (Prop_bufg_I_O)         0.091    13.422 r  clk100_IBUF_BUFG_inst/O
                         net (fo=1, routed)           1.801    15.223    clk100_IBUF_BUFG
    SLICE_X34Y21         LUT1 (Prop_lut1_I0_O)        0.100    15.323 r  clk100_inst/O
                         net (fo=9, routed)           2.305    17.628    soc_crg_clkin
    SLICE_X82Y69         FDCE                                         r  FDCE_2/C
                         clock pessimism              0.763    18.392    
                         clock uncertainty           -0.035    18.356    
    SLICE_X82Y69         FDCE (Setup_fdce_C_D)       -0.093    18.263    FDCE_2
  -------------------------------------------------------------------
                         required time                         18.263    
                         arrival time                          -9.608    
  -------------------------------------------------------------------
                         slack                                  8.655    

Slack (MET) :             8.737ns  (required time - arrival time)
  Source:                 FDCE_2/C
                            (rising edge-triggered cell FDCE clocked by clk100  {rise@0.000ns fall@5.000ns period=10.000ns})
  Destination:            FDCE_3/D
                            (rising edge-triggered cell FDCE clocked by clk100  {rise@0.000ns fall@5.000ns period=10.000ns})
  Path Group:             clk100
  Path Type:              Setup (Max at Slow Process Corner)
  Requirement:            10.000ns  (clk100 rise@10.000ns - clk100 rise@0.000ns)
  Data Path Delay:        1.135ns  (logic 0.456ns (40.183%)  route 0.679ns (59.817%))
  Logic Levels:           0  
  Clock Path Skew:        0.000ns (DCD - SCD + CPR)
    Destination Clock Delay (DCD):    7.628ns = ( 17.628 - 10.000 ) 
    Source Clock Delay      (SCD):    8.392ns
    Clock Pessimism Removal (CPR):    0.763ns
  Clock Uncertainty:      0.035ns  ((TSJ^2 + TIJ^2)^1/2 + DJ) / 2 + PE
    Total System Jitter     (TSJ):    0.071ns
    Total Input Jitter      (TIJ):    0.000ns
    Discrete Jitter          (DJ):    0.000ns
    Phase Error              (PE):    0.000ns

    Location             Delay type                Incr(ns)  Path(ns)    Netlist Resource(s)
  -------------------------------------------------------------------    -------------------
                         (clock clk100 rise edge)     0.000     0.000 r  
    E3                                                0.000     0.000 r  clk100 (IN)
                         net (fo=0)                   0.000     0.000    clk100
    E3                   IBUF (Prop_ibuf_I_O)         1.482     1.482 r  clk100_IBUF_inst/O
                         net (fo=1, routed)           2.025     3.506    clk100_IBUF
    BUFGCTRL_X0Y16       BUFG (Prop_bufg_I_O)         0.096     3.602 r  clk100_IBUF_BUFG_inst/O
                         net (fo=1, routed)           1.961     5.563    clk100_IBUF_BUFG
    SLICE_X34Y21         LUT1 (Prop_lut1_I0_O)        0.124     5.687 r  clk100_inst/O
                         net (fo=9, routed)           2.704     8.392    soc_crg_clkin
    SLICE_X82Y69         FDCE                                         r  FDCE_2/C
  -------------------------------------------------------------------    -------------------
    SLICE_X82Y69         FDCE (Prop_fdce_C_Q)         0.456     8.848 r  FDCE_2/Q
                         net (fo=1, routed)           0.679     9.526    soc_builder_basesoc_reset2
    SLICE_X82Y69         FDCE                                         r  FDCE_3/D
  -------------------------------------------------------------------    -------------------

                         (clock clk100 rise edge)    10.000    10.000 r  
    E3                                                0.000    10.000 r  clk100 (IN)
                         net (fo=0)                   0.000    10.000    clk100
    E3                   IBUF (Prop_ibuf_I_O)         1.411    11.411 r  clk100_IBUF_inst/O
                         net (fo=1, routed)           1.920    13.331    clk100_IBUF
    BUFGCTRL_X0Y16       BUFG (Prop_bufg_I_O)         0.091    13.422 r  clk100_IBUF_BUFG_inst/O
                         net (fo=1, routed)           1.801    15.223    clk100_IBUF_BUFG
    SLICE_X34Y21         LUT1 (Prop_lut1_I0_O)        0.100    15.323 r  clk100_inst/O
                         net (fo=9, routed)           2.305    17.628    soc_crg_clkin
    SLICE_X82Y69         FDCE                                         r  FDCE_3/C
                         clock pessimism              0.763    18.392    
                         clock uncertainty           -0.035    18.356    
    SLICE_X82Y69         FDCE (Setup_fdce_C_D)       -0.093    18.263    FDCE_3
  -------------------------------------------------------------------
                         required time                         18.263    
                         arrival time                          -9.526    
  -------------------------------------------------------------------
                         slack                                  8.737    

Slack (MET) :             8.738ns  (required time - arrival time)
  Source:                 FDCE/C
                            (rising edge-triggered cell FDCE clocked by clk100  {rise@0.000ns fall@5.000ns period=10.000ns})
  Destination:            FDCE_1/D
                            (rising edge-triggered cell FDCE clocked by clk100  {rise@0.000ns fall@5.000ns period=10.000ns})
  Path Group:             clk100
  Path Type:              Setup (Max at Slow Process Corner)
  Requirement:            10.000ns  (clk100 rise@10.000ns - clk100 rise@0.000ns)
  Data Path Delay:        1.118ns  (logic 0.456ns (40.788%)  route 0.662ns (59.212%))
  Logic Levels:           0  
  Clock Path Skew:        -0.014ns (DCD - SCD + CPR)
    Destination Clock Delay (DCD):    7.628ns = ( 17.628 - 10.000 ) 
    Source Clock Delay      (SCD):    8.295ns
    Clock Pessimism Removal (CPR):    0.653ns
  Clock Uncertainty:      0.035ns  ((TSJ^2 + TIJ^2)^1/2 + DJ) / 2 + PE
    Total System Jitter     (TSJ):    0.071ns
    Total Input Jitter      (TIJ):    0.000ns
    Discrete Jitter          (DJ):    0.000ns
    Phase Error              (PE):    0.000ns

    Location             Delay type                Incr(ns)  Path(ns)    Netlist Resource(s)
  -------------------------------------------------------------------    -------------------
                         (clock clk100 rise edge)     0.000     0.000 r  
    E3                                                0.000     0.000 r  clk100 (IN)
                         net (fo=0)                   0.000     0.000    clk100
    E3                   IBUF (Prop_ibuf_I_O)         1.482     1.482 r  clk100_IBUF_inst/O
                         net (fo=1, routed)           2.025     3.506    clk100_IBUF
    BUFGCTRL_X0Y16       BUFG (Prop_bufg_I_O)         0.096     3.602 r  clk100_IBUF_BUFG_inst/O
                         net (fo=1, routed)           1.961     5.563    clk100_IBUF_BUFG
    SLICE_X34Y21         LUT1 (Prop_lut1_I0_O)        0.124     5.687 r  clk100_inst/O
                         net (fo=9, routed)           2.608     8.295    soc_crg_clkin
    SLICE_X81Y69         FDCE                                         r  FDCE/C
  -------------------------------------------------------------------    -------------------
    SLICE_X81Y69         FDCE (Prop_fdce_C_Q)         0.456     8.751 r  FDCE/Q
                         net (fo=1, routed)           0.662     9.413    soc_builder_basesoc_reset0
    SLICE_X82Y69         FDCE                                         r  FDCE_1/D
  -------------------------------------------------------------------    -------------------

                         (clock clk100 rise edge)    10.000    10.000 r  
    E3                                                0.000    10.000 r  clk100 (IN)
                         net (fo=0)                   0.000    10.000    clk100
    E3                   IBUF (Prop_ibuf_I_O)         1.411    11.411 r  clk100_IBUF_inst/O
                         net (fo=1, routed)           1.920    13.331    clk100_IBUF
    BUFGCTRL_X0Y16       BUFG (Prop_bufg_I_O)         0.091    13.422 r  clk100_IBUF_BUFG_inst/O
                         net (fo=1, routed)           1.801    15.223    clk100_IBUF_BUFG
    SLICE_X34Y21         LUT1 (Prop_lut1_I0_O)        0.100    15.323 r  clk100_inst/O
                         net (fo=9, routed)           2.305    17.628    soc_crg_clkin
    SLICE_X82Y69         FDCE                                         r  FDCE_1/C
                         clock pessimism              0.653    18.282    
                         clock uncertainty           -0.035    18.246    
    SLICE_X82Y69         FDCE (Setup_fdce_C_D)       -0.095    18.151    FDCE_1
  -------------------------------------------------------------------
                         required time                         18.151    
                         arrival time                          -9.413    
  -------------------------------------------------------------------
                         slack                                  8.738    

Slack (MET) :             8.926ns  (required time - arrival time)
  Source:                 FDCE_5/C
                            (rising edge-triggered cell FDCE clocked by clk100  {rise@0.000ns fall@5.000ns period=10.000ns})
  Destination:            FDCE_6/D
                            (rising edge-triggered cell FDCE clocked by clk100  {rise@0.000ns fall@5.000ns period=10.000ns})
  Path Group:             clk100
  Path Type:              Setup (Max at Slow Process Corner)
  Requirement:            10.000ns  (clk100 rise@10.000ns - clk100 rise@0.000ns)
  Data Path Delay:        0.801ns  (logic 0.419ns (52.283%)  route 0.382ns (47.717%))
  Logic Levels:           0  
  Clock Path Skew:        0.000ns (DCD - SCD + CPR)
    Destination Clock Delay (DCD):    7.628ns = ( 17.628 - 10.000 ) 
    Source Clock Delay      (SCD):    8.392ns
    Clock Pessimism Removal (CPR):    0.763ns
  Clock Uncertainty:      0.035ns  ((TSJ^2 + TIJ^2)^1/2 + DJ) / 2 + PE
    Total System Jitter     (TSJ):    0.071ns
    Total Input Jitter      (TIJ):    0.000ns
    Discrete Jitter          (DJ):    0.000ns
    Phase Error              (PE):    0.000ns

    Location             Delay type                Incr(ns)  Path(ns)    Netlist Resource(s)
  -------------------------------------------------------------------    -------------------
                         (clock clk100 rise edge)     0.000     0.000 r  
    E3                                                0.000     0.000 r  clk100 (IN)
                         net (fo=0)                   0.000     0.000    clk100
    E3                   IBUF (Prop_ibuf_I_O)         1.482     1.482 r  clk100_IBUF_inst/O
                         net (fo=1, routed)           2.025     3.506    clk100_IBUF
    BUFGCTRL_X0Y16       BUFG (Prop_bufg_I_O)         0.096     3.602 r  clk100_IBUF_BUFG_inst/O
                         net (fo=1, routed)           1.961     5.563    clk100_IBUF_BUFG
    SLICE_X34Y21         LUT1 (Prop_lut1_I0_O)        0.124     5.687 r  clk100_inst/O
                         net (fo=9, routed)           2.704     8.392    soc_crg_clkin
    SLICE_X82Y69         FDCE                                         r  FDCE_5/C
  -------------------------------------------------------------------    -------------------
    SLICE_X82Y69         FDCE (Prop_fdce_C_Q)         0.419     8.811 r  FDCE_5/Q
                         net (fo=1, routed)           0.382     9.193    soc_builder_basesoc_reset5
    SLICE_X82Y69         FDCE                                         r  FDCE_6/D
  -------------------------------------------------------------------    -------------------

                         (clock clk100 rise edge)    10.000    10.000 r  
    E3                                                0.000    10.000 r  clk100 (IN)
                         net (fo=0)                   0.000    10.000    clk100
    E3                   IBUF (Prop_ibuf_I_O)         1.411    11.411 r  clk100_IBUF_inst/O
                         net (fo=1, routed)           1.920    13.331    clk100_IBUF
    BUFGCTRL_X0Y16       BUFG (Prop_bufg_I_O)         0.091    13.422 r  clk100_IBUF_BUFG_inst/O
                         net (fo=1, routed)           1.801    15.223    clk100_IBUF_BUFG
    SLICE_X34Y21         LUT1 (Prop_lut1_I0_O)        0.100    15.323 r  clk100_inst/O
                         net (fo=9, routed)           2.305    17.628    soc_crg_clkin
    SLICE_X82Y69         FDCE                                         r  FDCE_6/C
                         clock pessimism              0.763    18.392    
                         clock uncertainty           -0.035    18.356    
    SLICE_X82Y69         FDCE (Setup_fdce_C_D)       -0.237    18.119    FDCE_6
  -------------------------------------------------------------------
                         required time                         18.119    
                         arrival time                          -9.193    
  -------------------------------------------------------------------
                         slack                                  8.926    

Slack (MET) :             8.944ns  (required time - arrival time)
  Source:                 FDCE_6/C
                            (rising edge-triggered cell FDCE clocked by clk100  {rise@0.000ns fall@5.000ns period=10.000ns})
  Destination:            FDCE_7/D
                            (rising edge-triggered cell FDCE clocked by clk100  {rise@0.000ns fall@5.000ns period=10.000ns})
  Path Group:             clk100
  Path Type:              Setup (Max at Slow Process Corner)
  Requirement:            10.000ns  (clk100 rise@10.000ns - clk100 rise@0.000ns)
  Data Path Delay:        0.806ns  (logic 0.419ns (51.979%)  route 0.387ns (48.021%))
  Logic Levels:           0  
  Clock Path Skew:        0.000ns (DCD - SCD + CPR)
    Destination Clock Delay (DCD):    7.628ns = ( 17.628 - 10.000 ) 
    Source Clock Delay      (SCD):    8.392ns
    Clock Pessimism Removal (CPR):    0.763ns
  Clock Uncertainty:      0.035ns  ((TSJ^2 + TIJ^2)^1/2 + DJ) / 2 + PE
    Total System Jitter     (TSJ):    0.071ns
    Total Input Jitter      (TIJ):    0.000ns
    Discrete Jitter          (DJ):    0.000ns
    Phase Error              (PE):    0.000ns

    Location             Delay type                Incr(ns)  Path(ns)    Netlist Resource(s)
  -------------------------------------------------------------------    -------------------
                         (clock clk100 rise edge)     0.000     0.000 r  
    E3                                                0.000     0.000 r  clk100 (IN)
                         net (fo=0)                   0.000     0.000    clk100
    E3                   IBUF (Prop_ibuf_I_O)         1.482     1.482 r  clk100_IBUF_inst/O
                         net (fo=1, routed)           2.025     3.506    clk100_IBUF
    BUFGCTRL_X0Y16       BUFG (Prop_bufg_I_O)         0.096     3.602 r  clk100_IBUF_BUFG_inst/O
                         net (fo=1, routed)           1.961     5.563    clk100_IBUF_BUFG
    SLICE_X34Y21         LUT1 (Prop_lut1_I0_O)        0.124     5.687 r  clk100_inst/O
                         net (fo=9, routed)           2.704     8.392    soc_crg_clkin
    SLICE_X82Y69         FDCE                                         r  FDCE_6/C
  -------------------------------------------------------------------    -------------------
    SLICE_X82Y69         FDCE (Prop_fdce_C_Q)         0.419     8.811 r  FDCE_6/Q
                         net (fo=1, routed)           0.387     9.198    soc_builder_basesoc_reset6
    SLICE_X82Y69         FDCE                                         r  FDCE_7/D
  -------------------------------------------------------------------    -------------------

                         (clock clk100 rise edge)    10.000    10.000 r  
    E3                                                0.000    10.000 r  clk100 (IN)
                         net (fo=0)                   0.000    10.000    clk100
    E3                   IBUF (Prop_ibuf_I_O)         1.411    11.411 r  clk100_IBUF_inst/O
                         net (fo=1, routed)           1.920    13.331    clk100_IBUF
    BUFGCTRL_X0Y16       BUFG (Prop_bufg_I_O)         0.091    13.422 r  clk100_IBUF_BUFG_inst/O
                         net (fo=1, routed)           1.801    15.223    clk100_IBUF_BUFG
    SLICE_X34Y21         LUT1 (Prop_lut1_I0_O)        0.100    15.323 r  clk100_inst/O
                         net (fo=9, routed)           2.305    17.628    soc_crg_clkin
    SLICE_X82Y69         FDCE                                         r  FDCE_7/C
                         clock pessimism              0.763    18.392    
                         clock uncertainty           -0.035    18.356    
    SLICE_X82Y69         FDCE (Setup_fdce_C_D)       -0.215    18.141    FDCE_7
  -------------------------------------------------------------------
                         required time                         18.141    
                         arrival time                          -9.198    
  -------------------------------------------------------------------
                         slack                                  8.944    





Min Delay Paths
--------------------------------------------------------------------------------------
Slack (MET) :             0.229ns  (arrival time - required time)
  Source:                 FDCE_6/C
                            (rising edge-triggered cell FDCE clocked by clk100  {rise@0.000ns fall@5.000ns period=10.000ns})
  Destination:            FDCE_7/D
                            (rising edge-triggered cell FDCE clocked by clk100  {rise@0.000ns fall@5.000ns period=10.000ns})
  Path Group:             clk100
  Path Type:              Hold (Min at Fast Process Corner)
  Requirement:            0.000ns  (clk100 rise@0.000ns - clk100 rise@0.000ns)
  Data Path Delay:        0.252ns  (logic 0.128ns (50.775%)  route 0.124ns (49.225%))
  Logic Levels:           0  
  Clock Path Skew:        0.000ns (DCD - SCD - CPR)
    Destination Clock Delay (DCD):    3.545ns
    Source Clock Delay      (SCD):    2.828ns
    Clock Pessimism Removal (CPR):    0.717ns

    Location             Delay type                Incr(ns)  Path(ns)    Netlist Resource(s)
  -------------------------------------------------------------------    -------------------
                         (clock clk100 rise edge)     0.000     0.000 r  
    E3                                                0.000     0.000 r  clk100 (IN)
                         net (fo=0)                   0.000     0.000    clk100
    E3                   IBUF (Prop_ibuf_I_O)         0.250     0.250 r  clk100_IBUF_inst/O
                         net (fo=1, routed)           0.644     0.894    clk100_IBUF
    BUFGCTRL_X0Y16       BUFG (Prop_bufg_I_O)         0.026     0.920 r  clk100_IBUF_BUFG_inst/O
                         net (fo=1, routed)           0.686     1.606    clk100_IBUF_BUFG
    SLICE_X34Y21         LUT1 (Prop_lut1_I0_O)        0.045     1.651 r  clk100_inst/O
                         net (fo=9, routed)           1.177     2.828    soc_crg_clkin
    SLICE_X82Y69         FDCE                                         r  FDCE_6/C
  -------------------------------------------------------------------    -------------------
    SLICE_X82Y69         FDCE (Prop_fdce_C_Q)         0.128     2.956 r  FDCE_6/Q
                         net (fo=1, routed)           0.124     3.080    soc_builder_basesoc_reset6
    SLICE_X82Y69         FDCE                                         r  FDCE_7/D
  -------------------------------------------------------------------    -------------------

                         (clock clk100 rise edge)     0.000     0.000 r  
    E3                                                0.000     0.000 r  clk100 (IN)
                         net (fo=0)                   0.000     0.000    clk100
    E3                   IBUF (Prop_ibuf_I_O)         0.438     0.438 r  clk100_IBUF_inst/O
                         net (fo=1, routed)           0.699     1.136    clk100_IBUF
    BUFGCTRL_X0Y16       BUFG (Prop_bufg_I_O)         0.029     1.165 r  clk100_IBUF_BUFG_inst/O
                         net (fo=1, routed)           0.967     2.133    clk100_IBUF_BUFG
    SLICE_X34Y21         LUT1 (Prop_lut1_I0_O)        0.056     2.189 r  clk100_inst/O
                         net (fo=9, routed)           1.356     3.545    soc_crg_clkin
    SLICE_X82Y69         FDCE                                         r  FDCE_7/C
                         clock pessimism             -0.717     2.828    
    SLICE_X82Y69         FDCE (Hold_fdce_C_D)         0.023     2.851    FDCE_7
  -------------------------------------------------------------------
                         required time                         -2.851    
                         arrival time                           3.080    
  -------------------------------------------------------------------
                         slack                                  0.229    

Slack (MET) :             0.230ns  (arrival time - required time)
  Source:                 FDCE_5/C
                            (rising edge-triggered cell FDCE clocked by clk100  {rise@0.000ns fall@5.000ns period=10.000ns})
  Destination:            FDCE_6/D
                            (rising edge-triggered cell FDCE clocked by clk100  {rise@0.000ns fall@5.000ns period=10.000ns})
  Path Group:             clk100
  Path Type:              Hold (Min at Fast Process Corner)
  Requirement:            0.000ns  (clk100 rise@0.000ns - clk100 rise@0.000ns)
  Data Path Delay:        0.247ns  (logic 0.128ns (51.736%)  route 0.119ns (48.264%))
  Logic Levels:           0  
  Clock Path Skew:        0.000ns (DCD - SCD - CPR)
    Destination Clock Delay (DCD):    3.545ns
    Source Clock Delay      (SCD):    2.828ns
    Clock Pessimism Removal (CPR):    0.717ns

    Location             Delay type                Incr(ns)  Path(ns)    Netlist Resource(s)
  -------------------------------------------------------------------    -------------------
                         (clock clk100 rise edge)     0.000     0.000 r  
    E3                                                0.000     0.000 r  clk100 (IN)
                         net (fo=0)                   0.000     0.000    clk100
    E3                   IBUF (Prop_ibuf_I_O)         0.250     0.250 r  clk100_IBUF_inst/O
                         net (fo=1, routed)           0.644     0.894    clk100_IBUF
    BUFGCTRL_X0Y16       BUFG (Prop_bufg_I_O)         0.026     0.920 r  clk100_IBUF_BUFG_inst/O
                         net (fo=1, routed)           0.686     1.606    clk100_IBUF_BUFG
    SLICE_X34Y21         LUT1 (Prop_lut1_I0_O)        0.045     1.651 r  clk100_inst/O
                         net (fo=9, routed)           1.177     2.828    soc_crg_clkin
    SLICE_X82Y69         FDCE                                         r  FDCE_5/C
  -------------------------------------------------------------------    -------------------
    SLICE_X82Y69         FDCE (Prop_fdce_C_Q)         0.128     2.956 r  FDCE_5/Q
                         net (fo=1, routed)           0.119     3.075    soc_builder_basesoc_reset5
    SLICE_X82Y69         FDCE                                         r  FDCE_6/D
  -------------------------------------------------------------------    -------------------

                         (clock clk100 rise edge)     0.000     0.000 r  
    E3                                                0.000     0.000 r  clk100 (IN)
                         net (fo=0)                   0.000     0.000    clk100
    E3                   IBUF (Prop_ibuf_I_O)         0.438     0.438 r  clk100_IBUF_inst/O
                         net (fo=1, routed)           0.699     1.136    clk100_IBUF
    BUFGCTRL_X0Y16       BUFG (Prop_bufg_I_O)         0.029     1.165 r  clk100_IBUF_BUFG_inst/O
                         net (fo=1, routed)           0.967     2.133    clk100_IBUF_BUFG
    SLICE_X34Y21         LUT1 (Prop_lut1_I0_O)        0.056     2.189 r  clk100_inst/O
                         net (fo=9, routed)           1.356     3.545    soc_crg_clkin
    SLICE_X82Y69         FDCE                                         r  FDCE_6/C
                         clock pessimism             -0.717     2.828    
    SLICE_X82Y69         FDCE (Hold_fdce_C_D)         0.017     2.845    FDCE_6
  -------------------------------------------------------------------
                         required time                         -2.845    
                         arrival time                           3.075    
  -------------------------------------------------------------------
                         slack                                  0.230    

Slack (MET) :             0.246ns  (arrival time - required time)
  Source:                 FDCE/C
                            (rising edge-triggered cell FDCE clocked by clk100  {rise@0.000ns fall@5.000ns period=10.000ns})
  Destination:            FDCE_1/D
                            (rising edge-triggered cell FDCE clocked by clk100  {rise@0.000ns fall@5.000ns period=10.000ns})
  Path Group:             clk100
  Path Type:              Hold (Min at Fast Process Corner)
  Requirement:            0.000ns  (clk100 rise@0.000ns - clk100 rise@0.000ns)
  Data Path Delay:        0.439ns  (logic 0.141ns (32.120%)  route 0.298ns (67.880%))
  Logic Levels:           0  
  Clock Path Skew:        0.147ns (DCD - SCD - CPR)
    Destination Clock Delay (DCD):    3.545ns
    Source Clock Delay      (SCD):    2.730ns
    Clock Pessimism Removal (CPR):    0.668ns

    Location             Delay type                Incr(ns)  Path(ns)    Netlist Resource(s)
  -------------------------------------------------------------------    -------------------
                         (clock clk100 rise edge)     0.000     0.000 r  
    E3                                                0.000     0.000 r  clk100 (IN)
                         net (fo=0)                   0.000     0.000    clk100
    E3                   IBUF (Prop_ibuf_I_O)         0.250     0.250 r  clk100_IBUF_inst/O
                         net (fo=1, routed)           0.644     0.894    clk100_IBUF
    BUFGCTRL_X0Y16       BUFG (Prop_bufg_I_O)         0.026     0.920 r  clk100_IBUF_BUFG_inst/O
                         net (fo=1, routed)           0.686     1.606    clk100_IBUF_BUFG
    SLICE_X34Y21         LUT1 (Prop_lut1_I0_O)        0.045     1.651 r  clk100_inst/O
                         net (fo=9, routed)           1.079     2.730    soc_crg_clkin
    SLICE_X81Y69         FDCE                                         r  FDCE/C
  -------------------------------------------------------------------    -------------------
    SLICE_X81Y69         FDCE (Prop_fdce_C_Q)         0.141     2.871 r  FDCE/Q
                         net (fo=1, routed)           0.298     3.169    soc_builder_basesoc_reset0
    SLICE_X82Y69         FDCE                                         r  FDCE_1/D
  -------------------------------------------------------------------    -------------------

                         (clock clk100 rise edge)     0.000     0.000 r  
    E3                                                0.000     0.000 r  clk100 (IN)
                         net (fo=0)                   0.000     0.000    clk100
    E3                   IBUF (Prop_ibuf_I_O)         0.438     0.438 r  clk100_IBUF_inst/O
                         net (fo=1, routed)           0.699     1.136    clk100_IBUF
    BUFGCTRL_X0Y16       BUFG (Prop_bufg_I_O)         0.029     1.165 r  clk100_IBUF_BUFG_inst/O
                         net (fo=1, routed)           0.967     2.133    clk100_IBUF_BUFG
    SLICE_X34Y21         LUT1 (Prop_lut1_I0_O)        0.056     2.189 r  clk100_inst/O
                         net (fo=9, routed)           1.356     3.545    soc_crg_clkin
    SLICE_X82Y69         FDCE                                         r  FDCE_1/C
                         clock pessimism             -0.668     2.877    
    SLICE_X82Y69         FDCE (Hold_fdce_C_D)         0.046     2.923    FDCE_1
  -------------------------------------------------------------------
                         required time                         -2.923    
                         arrival time                           3.169    
  -------------------------------------------------------------------
                         slack                                  0.246    

Slack (MET) :             0.329ns  (arrival time - required time)
  Source:                 FDCE_2/C
                            (rising edge-triggered cell FDCE clocked by clk100  {rise@0.000ns fall@5.000ns period=10.000ns})
  Destination:            FDCE_3/D
                            (rising edge-triggered cell FDCE clocked by clk100  {rise@0.000ns fall@5.000ns period=10.000ns})
  Path Group:             clk100
  Path Type:              Hold (Min at Fast Process Corner)
  Requirement:            0.000ns  (clk100 rise@0.000ns - clk100 rise@0.000ns)
  Data Path Delay:        0.376ns  (logic 0.141ns (37.519%)  route 0.235ns (62.481%))
  Logic Levels:           0  
  Clock Path Skew:        0.000ns (DCD - SCD - CPR)
    Destination Clock Delay (DCD):    3.545ns
    Source Clock Delay      (SCD):    2.828ns
    Clock Pessimism Removal (CPR):    0.717ns

    Location             Delay type                Incr(ns)  Path(ns)    Netlist Resource(s)
  -------------------------------------------------------------------    -------------------
                         (clock clk100 rise edge)     0.000     0.000 r  
    E3                                                0.000     0.000 r  clk100 (IN)
                         net (fo=0)                   0.000     0.000    clk100
    E3                   IBUF (Prop_ibuf_I_O)         0.250     0.250 r  clk100_IBUF_inst/O
                         net (fo=1, routed)           0.644     0.894    clk100_IBUF
    BUFGCTRL_X0Y16       BUFG (Prop_bufg_I_O)         0.026     0.920 r  clk100_IBUF_BUFG_inst/O
                         net (fo=1, routed)           0.686     1.606    clk100_IBUF_BUFG
    SLICE_X34Y21         LUT1 (Prop_lut1_I0_O)        0.045     1.651 r  clk100_inst/O
                         net (fo=9, routed)           1.177     2.828    soc_crg_clkin
    SLICE_X82Y69         FDCE                                         r  FDCE_2/C
  -------------------------------------------------------------------    -------------------
    SLICE_X82Y69         FDCE (Prop_fdce_C_Q)         0.141     2.969 r  FDCE_2/Q
                         net (fo=1, routed)           0.235     3.204    soc_builder_basesoc_reset2
    SLICE_X82Y69         FDCE                                         r  FDCE_3/D
  -------------------------------------------------------------------    -------------------

                         (clock clk100 rise edge)     0.000     0.000 r  
    E3                                                0.000     0.000 r  clk100 (IN)
                         net (fo=0)                   0.000     0.000    clk100
    E3                   IBUF (Prop_ibuf_I_O)         0.438     0.438 r  clk100_IBUF_inst/O
                         net (fo=1, routed)           0.699     1.136    clk100_IBUF
    BUFGCTRL_X0Y16       BUFG (Prop_bufg_I_O)         0.029     1.165 r  clk100_IBUF_BUFG_inst/O
                         net (fo=1, routed)           0.967     2.133    clk100_IBUF_BUFG
    SLICE_X34Y21         LUT1 (Prop_lut1_I0_O)        0.056     2.189 r  clk100_inst/O
                         net (fo=9, routed)           1.356     3.545    soc_crg_clkin
    SLICE_X82Y69         FDCE                                         r  FDCE_3/C
                         clock pessimism             -0.717     2.828    
    SLICE_X82Y69         FDCE (Hold_fdce_C_D)         0.047     2.875    FDCE_3
  -------------------------------------------------------------------
                         required time                         -2.875    
                         arrival time                           3.204    
  -------------------------------------------------------------------
                         slack                                  0.329    

Slack (MET) :             0.470ns  (arrival time - required time)
  Source:                 FDCE_4/C
                            (rising edge-triggered cell FDCE clocked by clk100  {rise@0.000ns fall@5.000ns period=10.000ns})
  Destination:            FDCE_5/D
                            (rising edge-triggered cell FDCE clocked by clk100  {rise@0.000ns fall@5.000ns period=10.000ns})
  Path Group:             clk100
  Path Type:              Hold (Min at Fast Process Corner)
  Requirement:            0.000ns  (clk100 rise@0.000ns - clk100 rise@0.000ns)
  Data Path Delay:        0.545ns  (logic 0.141ns (25.895%)  route 0.404ns (74.105%))
  Logic Levels:           0  
  Clock Path Skew:        0.000ns (DCD - SCD - CPR)
    Destination Clock Delay (DCD):    3.545ns
    Source Clock Delay      (SCD):    2.828ns
    Clock Pessimism Removal (CPR):    0.717ns

    Location             Delay type                Incr(ns)  Path(ns)    Netlist Resource(s)
  -------------------------------------------------------------------    -------------------
                         (clock clk100 rise edge)     0.000     0.000 r  
    E3                                                0.000     0.000 r  clk100 (IN)
                         net (fo=0)                   0.000     0.000    clk100
    E3                   IBUF (Prop_ibuf_I_O)         0.250     0.250 r  clk100_IBUF_inst/O
                         net (fo=1, routed)           0.644     0.894    clk100_IBUF
    BUFGCTRL_X0Y16       BUFG (Prop_bufg_I_O)         0.026     0.920 r  clk100_IBUF_BUFG_inst/O
                         net (fo=1, routed)           0.686     1.606    clk100_IBUF_BUFG
    SLICE_X34Y21         LUT1 (Prop_lut1_I0_O)        0.045     1.651 r  clk100_inst/O
                         net (fo=9, routed)           1.177     2.828    soc_crg_clkin
    SLICE_X82Y69         FDCE                                         r  FDCE_4/C
  -------------------------------------------------------------------    -------------------
    SLICE_X82Y69         FDCE (Prop_fdce_C_Q)         0.141     2.969 r  FDCE_4/Q
                         net (fo=1, routed)           0.404     3.372    soc_builder_basesoc_reset4
    SLICE_X82Y69         FDCE                                         r  FDCE_5/D
  -------------------------------------------------------------------    -------------------

                         (clock clk100 rise edge)     0.000     0.000 r  
    E3                                                0.000     0.000 r  clk100 (IN)
                         net (fo=0)                   0.000     0.000    clk100
    E3                   IBUF (Prop_ibuf_I_O)         0.438     0.438 r  clk100_IBUF_inst/O
                         net (fo=1, routed)           0.699     1.136    clk100_IBUF
    BUFGCTRL_X0Y16       BUFG (Prop_bufg_I_O)         0.029     1.165 r  clk100_IBUF_BUFG_inst/O
                         net (fo=1, routed)           0.967     2.133    clk100_IBUF_BUFG
    SLICE_X34Y21         LUT1 (Prop_lut1_I0_O)        0.056     2.189 r  clk100_inst/O
                         net (fo=9, routed)           1.356     3.545    soc_crg_clkin
    SLICE_X82Y69         FDCE                                         r  FDCE_5/C
                         clock pessimism             -0.717     2.828    
    SLICE_X82Y69         FDCE (Hold_fdce_C_D)         0.075     2.903    FDCE_5
  -------------------------------------------------------------------
                         required time                         -2.903    
                         arrival time                           3.372    
  -------------------------------------------------------------------
                         slack                                  0.470    

Slack (MET) :             0.488ns  (arrival time - required time)
  Source:                 FDCE_1/C
                            (rising edge-triggered cell FDCE clocked by clk100  {rise@0.000ns fall@5.000ns period=10.000ns})
  Destination:            FDCE_2/D
                            (rising edge-triggered cell FDCE clocked by clk100  {rise@0.000ns fall@5.000ns period=10.000ns})
  Path Group:             clk100
  Path Type:              Hold (Min at Fast Process Corner)
  Requirement:            0.000ns  (clk100 rise@0.000ns - clk100 rise@0.000ns)
  Data Path Delay:        0.535ns  (logic 0.141ns (26.343%)  route 0.394ns (73.657%))
  Logic Levels:           0  
  Clock Path Skew:        0.000ns (DCD - SCD - CPR)
    Destination Clock Delay (DCD):    3.545ns
    Source Clock Delay      (SCD):    2.828ns
    Clock Pessimism Removal (CPR):    0.717ns

    Location             Delay type                Incr(ns)  Path(ns)    Netlist Resource(s)
  -------------------------------------------------------------------    -------------------
                         (clock clk100 rise edge)     0.000     0.000 r  
    E3                                                0.000     0.000 r  clk100 (IN)
                         net (fo=0)                   0.000     0.000    clk100
    E3                   IBUF (Prop_ibuf_I_O)         0.250     0.250 r  clk100_IBUF_inst/O
                         net (fo=1, routed)           0.644     0.894    clk100_IBUF
    BUFGCTRL_X0Y16       BUFG (Prop_bufg_I_O)         0.026     0.920 r  clk100_IBUF_BUFG_inst/O
                         net (fo=1, routed)           0.686     1.606    clk100_IBUF_BUFG
    SLICE_X34Y21         LUT1 (Prop_lut1_I0_O)        0.045     1.651 r  clk100_inst/O
                         net (fo=9, routed)           1.177     2.828    soc_crg_clkin
    SLICE_X82Y69         FDCE                                         r  FDCE_1/C
  -------------------------------------------------------------------    -------------------
    SLICE_X82Y69         FDCE (Prop_fdce_C_Q)         0.141     2.969 r  FDCE_1/Q
                         net (fo=1, routed)           0.394     3.363    soc_builder_basesoc_reset1
    SLICE_X82Y69         FDCE                                         r  FDCE_2/D
  -------------------------------------------------------------------    -------------------

                         (clock clk100 rise edge)     0.000     0.000 r  
    E3                                                0.000     0.000 r  clk100 (IN)
                         net (fo=0)                   0.000     0.000    clk100
    E3                   IBUF (Prop_ibuf_I_O)         0.438     0.438 r  clk100_IBUF_inst/O
                         net (fo=1, routed)           0.699     1.136    clk100_IBUF
    BUFGCTRL_X0Y16       BUFG (Prop_bufg_I_O)         0.029     1.165 r  clk100_IBUF_BUFG_inst/O
                         net (fo=1, routed)           0.967     2.133    clk100_IBUF_BUFG
    SLICE_X34Y21         LUT1 (Prop_lut1_I0_O)        0.056     2.189 r  clk100_inst/O
                         net (fo=9, routed)           1.356     3.545    soc_crg_clkin
    SLICE_X82Y69         FDCE                                         r  FDCE_2/C
                         clock pessimism             -0.717     2.828    
    SLICE_X82Y69         FDCE (Hold_fdce_C_D)         0.047     2.875    FDCE_2
  -------------------------------------------------------------------
                         required time                         -2.875    
                         arrival time                           3.363    
  -------------------------------------------------------------------
                         slack                                  0.488    

Slack (MET) :             0.526ns  (arrival time - required time)
  Source:                 FDCE_3/C
                            (rising edge-triggered cell FDCE clocked by clk100  {rise@0.000ns fall@5.000ns period=10.000ns})
  Destination:            FDCE_4/D
                            (rising edge-triggered cell FDCE clocked by clk100  {rise@0.000ns fall@5.000ns period=10.000ns})
  Path Group:             clk100
  Path Type:              Hold (Min at Fast Process Corner)
  Requirement:            0.000ns  (clk100 rise@0.000ns - clk100 rise@0.000ns)
  Data Path Delay:        0.598ns  (logic 0.141ns (23.590%)  route 0.457ns (76.410%))
  Logic Levels:           0  
  Clock Path Skew:        0.000ns (DCD - SCD - CPR)
    Destination Clock Delay (DCD):    3.545ns
    Source Clock Delay      (SCD):    2.828ns
    Clock Pessimism Removal (CPR):    0.717ns

    Location             Delay type                Incr(ns)  Path(ns)    Netlist Resource(s)
  -------------------------------------------------------------------    -------------------
                         (clock clk100 rise edge)     0.000     0.000 r  
    E3                                                0.000     0.000 r  clk100 (IN)
                         net (fo=0)                   0.000     0.000    clk100
    E3                   IBUF (Prop_ibuf_I_O)         0.250     0.250 r  clk100_IBUF_inst/O
                         net (fo=1, routed)           0.644     0.894    clk100_IBUF
    BUFGCTRL_X0Y16       BUFG (Prop_bufg_I_O)         0.026     0.920 r  clk100_IBUF_BUFG_inst/O
                         net (fo=1, routed)           0.686     1.606    clk100_IBUF_BUFG
    SLICE_X34Y21         LUT1 (Prop_lut1_I0_O)        0.045     1.651 r  clk100_inst/O
                         net (fo=9, routed)           1.177     2.828    soc_crg_clkin
    SLICE_X82Y69         FDCE                                         r  FDCE_3/C
  -------------------------------------------------------------------    -------------------
    SLICE_X82Y69         FDCE (Prop_fdce_C_Q)         0.141     2.969 r  FDCE_3/Q
                         net (fo=1, routed)           0.457     3.426    soc_builder_basesoc_reset3
    SLICE_X82Y69         FDCE                                         r  FDCE_4/D
  -------------------------------------------------------------------    -------------------

                         (clock clk100 rise edge)     0.000     0.000 r  
    E3                                                0.000     0.000 r  clk100 (IN)
                         net (fo=0)                   0.000     0.000    clk100
    E3                   IBUF (Prop_ibuf_I_O)         0.438     0.438 r  clk100_IBUF_inst/O
                         net (fo=1, routed)           0.699     1.136    clk100_IBUF
    BUFGCTRL_X0Y16       BUFG (Prop_bufg_I_O)         0.029     1.165 r  clk100_IBUF_BUFG_inst/O
                         net (fo=1, routed)           0.967     2.133    clk100_IBUF_BUFG
    SLICE_X34Y21         LUT1 (Prop_lut1_I0_O)        0.056     2.189 r  clk100_inst/O
                         net (fo=9, routed)           1.356     3.545    soc_crg_clkin
    SLICE_X82Y69         FDCE                                         r  FDCE_4/C
                         clock pessimism             -0.717     2.828    
    SLICE_X82Y69         FDCE (Hold_fdce_C_D)         0.072     2.900    FDCE_4
  -------------------------------------------------------------------
                         required time                         -2.900    
                         arrival time                           3.426    
  -------------------------------------------------------------------
                         slack                                  0.526    





Pulse Width Checks
--------------------------------------------------------------------------------------
Clock Name:         clk100
Waveform(ns):       { 0.000 5.000 }
Period(ns):         10.000
Sources:            { clk100 }

Check Type        Corner  Lib Pin            Reference Pin  Required(ns)  Actual(ns)  Slack(ns)  Location         Pin
Min Period        n/a     BUFG/I             n/a            2.155         10.000      7.845      BUFGCTRL_X0Y16   clk100_IBUF_BUFG_inst/I
Min Period        n/a     MMCME2_ADV/CLKIN1  n/a            1.249         10.000      8.751      MMCME2_ADV_X0Y0  MMCME2_ADV/CLKIN1
Min Period        n/a     FDCE/C             n/a            1.000         10.000      9.000      SLICE_X81Y69     FDCE/C
Min Period        n/a     FDCE/C             n/a            1.000         10.000      9.000      SLICE_X82Y69     FDCE_1/C
Min Period        n/a     FDCE/C             n/a            1.000         10.000      9.000      SLICE_X82Y69     FDCE_2/C
Min Period        n/a     FDCE/C             n/a            1.000         10.000      9.000      SLICE_X82Y69     FDCE_3/C
Min Period        n/a     FDCE/C             n/a            1.000         10.000      9.000      SLICE_X82Y69     FDCE_4/C
Min Period        n/a     FDCE/C             n/a            1.000         10.000      9.000      SLICE_X82Y69     FDCE_5/C
Min Period        n/a     FDCE/C             n/a            1.000         10.000      9.000      SLICE_X82Y69     FDCE_6/C
Min Period        n/a     FDCE/C             n/a            1.000         10.000      9.000      SLICE_X82Y69     FDCE_7/C
Max Period        n/a     MMCME2_ADV/CLKIN1  n/a            100.000       10.000      90.000     MMCME2_ADV_X0Y0  MMCME2_ADV/CLKIN1
Low Pulse Width   Slow    MMCME2_ADV/CLKIN1  n/a            2.000         5.000       3.000      MMCME2_ADV_X0Y0  MMCME2_ADV/CLKIN1
Low Pulse Width   Fast    MMCME2_ADV/CLKIN1  n/a            2.000         5.000       3.000      MMCME2_ADV_X0Y0  MMCME2_ADV/CLKIN1
Low Pulse Width   Slow    FDCE/C             n/a            0.500         5.000       4.500      SLICE_X81Y69     FDCE/C
Low Pulse Width   Fast    FDCE/C             n/a            0.500         5.000       4.500      SLICE_X81Y69     FDCE/C
Low Pulse Width   Slow    FDCE/C             n/a            0.500         5.000       4.500      SLICE_X82Y69     FDCE_1/C
Low Pulse Width   Fast    FDCE/C             n/a            0.500         5.000       4.500      SLICE_X82Y69     FDCE_1/C
Low Pulse Width   Slow    FDCE/C             n/a            0.500         5.000       4.500      SLICE_X82Y69     FDCE_2/C
Low Pulse Width   Fast    FDCE/C             n/a            0.500         5.000       4.500      SLICE_X82Y69     FDCE_2/C
Low Pulse Width   Slow    FDCE/C             n/a            0.500         5.000       4.500      SLICE_X82Y69     FDCE_3/C
Low Pulse Width   Fast    FDCE/C             n/a            0.500         5.000       4.500      SLICE_X82Y69     FDCE_3/C
High Pulse Width  Slow    MMCME2_ADV/CLKIN1  n/a            2.000         5.000       3.000      MMCME2_ADV_X0Y0  MMCME2_ADV/CLKIN1
High Pulse Width  Fast    MMCME2_ADV/CLKIN1  n/a            2.000         5.000       3.000      MMCME2_ADV_X0Y0  MMCME2_ADV/CLKIN1
High Pulse Width  Slow    FDCE/C             n/a            0.500         5.000       4.500      SLICE_X81Y69     FDCE/C
High Pulse Width  Fast    FDCE/C             n/a            0.500         5.000       4.500      SLICE_X81Y69     FDCE/C
High Pulse Width  Slow    FDCE/C             n/a            0.500         5.000       4.500      SLICE_X82Y69     FDCE_1/C
High Pulse Width  Fast    FDCE/C             n/a            0.500         5.000       4.500      SLICE_X82Y69     FDCE_1/C
High Pulse Width  Slow    FDCE/C             n/a            0.500         5.000       4.500      SLICE_X82Y69     FDCE_2/C
High Pulse Width  Fast    FDCE/C             n/a            0.500         5.000       4.500      SLICE_X82Y69     FDCE_2/C
High Pulse Width  Slow    FDCE/C             n/a            0.500         5.000       4.500      SLICE_X82Y69     FDCE_3/C
High Pulse Width  Fast    FDCE/C             n/a            0.500         5.000       4.500      SLICE_X82Y69     FDCE_3/C



---------------------------------------------------------------------------------------------------
From Clock:  soc_builder_basesoc_mmcm_fb
  To Clock:  soc_builder_basesoc_mmcm_fb

Setup :           NA  Failing Endpoints,  Worst Slack           NA  ,  Total Violation           NA
Hold  :           NA  Failing Endpoints,  Worst Slack           NA  ,  Total Violation           NA
PW    :            0  Failing Endpoints,  Worst Slack        8.751ns,  Total Violation        0.000ns
---------------------------------------------------------------------------------------------------


Pulse Width Checks
--------------------------------------------------------------------------------------
Clock Name:         soc_builder_basesoc_mmcm_fb
Waveform(ns):       { 0.000 5.000 }
Period(ns):         10.000
Sources:            { MMCME2_ADV/CLKFBOUT }

Check Type  Corner  Lib Pin              Reference Pin  Required(ns)  Actual(ns)  Slack(ns)  Location         Pin
Min Period  n/a     MMCME2_ADV/CLKFBOUT  n/a            1.249         10.000      8.751      MMCME2_ADV_X0Y0  MMCME2_ADV/CLKFBOUT
Min Period  n/a     MMCME2_ADV/CLKFBIN   n/a            1.249         10.000      8.751      MMCME2_ADV_X0Y0  MMCME2_ADV/CLKFBIN
Max Period  n/a     MMCME2_ADV/CLKFBIN   n/a            100.000       10.000      90.000     MMCME2_ADV_X0Y0  MMCME2_ADV/CLKFBIN
Max Period  n/a     MMCME2_ADV/CLKFBOUT  n/a            213.360       10.000      203.360    MMCME2_ADV_X0Y0  MMCME2_ADV/CLKFBOUT



---------------------------------------------------------------------------------------------------
From Clock:  soc_crg_clkout0
  To Clock:  soc_crg_clkout0

Setup :           19  Failing Endpoints,  Worst Slack       -1.005ns,  Total Violation      -12.915ns
Hold  :            0  Failing Endpoints,  Worst Slack        0.024ns,  Total Violation        0.000ns
PW    :            0  Failing Endpoints,  Worst Slack        5.417ns,  Total Violation        0.000ns
---------------------------------------------------------------------------------------------------


Max Delay Paths
--------------------------------------------------------------------------------------
Slack (VIOLATED) :        -1.005ns  (required time - arrival time)
  Source:                 Cfu/tpu/K_reg_reg[1]/C
                            (rising edge-triggered cell FDRE clocked by soc_crg_clkout0  {rise@0.000ns fall@6.667ns period=13.333ns})
  Destination:            Cfu/gbuff_C/gbuff_reg_11/WEA[0]
                            (falling edge-triggered cell RAMB36E1 clocked by soc_crg_clkout0  {rise@0.000ns fall@6.667ns period=13.333ns})
  Path Group:             soc_crg_clkout0
  Path Type:              Setup (Max at Slow Process Corner)
  Requirement:            6.667ns  (soc_crg_clkout0 fall@6.667ns - soc_crg_clkout0 rise@0.000ns)
  Data Path Delay:        7.091ns  (logic 3.082ns (43.463%)  route 4.009ns (56.537%))
  Logic Levels:           13  (CARRY4=9 LUT1=1 LUT3=1 LUT4=1 LUT6=1)
  Clock Path Skew:        0.021ns (DCD - SCD + CPR)
    Destination Clock Delay (DCD):    10.241ns = ( 16.908 - 6.667 ) 
    Source Clock Delay      (SCD):    10.976ns
    Clock Pessimism Removal (CPR):    0.757ns
  Clock Uncertainty:      0.070ns  ((TSJ^2 + DJ^2)^1/2) / 2 + PE
    Total System Jitter     (TSJ):    0.071ns
    Discrete Jitter          (DJ):    0.121ns
    Phase Error              (PE):    0.000ns

    Location             Delay type                Incr(ns)  Path(ns)    Netlist Resource(s)
  -------------------------------------------------------------------    -------------------
                         (clock soc_crg_clkout0 rise edge)
                                                      0.000     0.000 r  
    E3                                                0.000     0.000 r  clk100 (IN)
                         net (fo=0)                   0.000     0.000    clk100
    E3                   IBUF (Prop_ibuf_I_O)         1.482     1.482 r  clk100_IBUF_inst/O
                         net (fo=1, routed)           2.025     3.506    clk100_IBUF
    BUFGCTRL_X0Y16       BUFG (Prop_bufg_I_O)         0.096     3.602 r  clk100_IBUF_BUFG_inst/O
                         net (fo=1, routed)           1.961     5.563    clk100_IBUF_BUFG
    SLICE_X34Y21         LUT1 (Prop_lut1_I0_O)        0.124     5.687 r  clk100_inst/O
                         net (fo=9, routed)           1.476     7.164    soc_crg_clkin
    MMCME2_ADV_X0Y0      MMCME2_ADV (Prop_mmcme2_adv_CLKIN1_CLKOUT0)
                                                      0.088     7.252 r  MMCME2_ADV/CLKOUT0
                         net (fo=1, routed)           2.018     9.270    soc_crg_clkout0
    BUFGCTRL_X0Y0        BUFG (Prop_bufg_I_O)         0.096     9.366 r  BUFG/O
                         net (fo=5415, routed)        1.610    10.976    Cfu/tpu/out
    SLICE_X51Y75         FDRE                                         r  Cfu/tpu/K_reg_reg[1]/C
  -------------------------------------------------------------------    -------------------
    SLICE_X51Y75         FDRE (Prop_fdre_C_Q)         0.456    11.432 f  Cfu/tpu/K_reg_reg[1]/Q
                         net (fo=11, routed)          0.446    11.878    Cfu/tpu/ctrl/temp_out4_reg[7]_i_2__0_0[1]
    SLICE_X51Y74         LUT1 (Prop_lut1_I0_O)        0.124    12.002 r  Cfu/tpu/ctrl/i__carry_i_12__0/O
                         net (fo=1, routed)           0.000    12.002    Cfu/tpu/ctrl/i__carry_i_12__0_n_0
    SLICE_X51Y74         CARRY4 (Prop_carry4_S[1]_CO[3])
                                                      0.550    12.552 r  Cfu/tpu/ctrl/i__carry_i_10/CO[3]
                         net (fo=1, routed)           0.009    12.561    Cfu/tpu/ctrl/i__carry_i_10_n_0
    SLICE_X51Y75         CARRY4 (Prop_carry4_CI_CO[3])
                                                      0.114    12.675 r  Cfu/tpu/ctrl/i__carry_i_9/CO[3]
                         net (fo=1, routed)           0.000    12.675    Cfu/tpu/ctrl/i__carry_i_9_n_0
    SLICE_X51Y76         CARRY4 (Prop_carry4_CI_CO[3])
                                                      0.114    12.789 r  Cfu/tpu/ctrl/i__carry__0_i_10/CO[3]
                         net (fo=1, routed)           0.000    12.789    Cfu/tpu/ctrl/i__carry__0_i_10_n_0
    SLICE_X51Y77         CARRY4 (Prop_carry4_CI_CO[3])
                                                      0.114    12.903 r  Cfu/tpu/ctrl/i__carry__0_i_9/CO[3]
                         net (fo=1, routed)           0.000    12.903    Cfu/tpu/ctrl/i__carry__0_i_9_n_0
    SLICE_X51Y78         CARRY4 (Prop_carry4_CI_CO[3])
                                                      0.114    13.017 r  Cfu/tpu/ctrl/i__carry__1_i_10/CO[3]
                         net (fo=1, routed)           0.000    13.017    Cfu/tpu/ctrl/i__carry__1_i_10_n_0
    SLICE_X51Y79         CARRY4 (Prop_carry4_CI_CO[3])
                                                      0.114    13.131 r  Cfu/tpu/ctrl/i__carry__1_i_9/CO[3]
                         net (fo=1, routed)           0.000    13.131    Cfu/tpu/ctrl/i__carry__1_i_9_n_0
    SLICE_X51Y80         CARRY4 (Prop_carry4_CI_CO[3])
                                                      0.114    13.245 r  Cfu/tpu/ctrl/i__carry__2_i_10/CO[3]
                         net (fo=1, routed)           0.000    13.245    Cfu/tpu/ctrl/i__carry__2_i_10_n_0
    SLICE_X51Y81         CARRY4 (Prop_carry4_CI_O[3])
                                                      0.313    13.558 r  Cfu/tpu/ctrl/i__carry__2_i_9/O[3]
                         net (fo=2, routed)           0.867    14.425    Cfu/tpu/ctrl/i__carry__2_i_9_n_4
    SLICE_X52Y78         LUT4 (Prop_lut4_I0_O)        0.306    14.731 r  Cfu/tpu/ctrl/i__carry__2_i_5/O
                         net (fo=1, routed)           0.000    14.731    Cfu/tpu/ctrl/i__carry__2_i_5_n_0
    SLICE_X52Y78         CARRY4 (Prop_carry4_S[3]_CO[3])
                                                      0.401    15.132 f  Cfu/tpu/ctrl/next_state1_inferred__0/i__carry__2/CO[3]
                         net (fo=6, routed)           0.819    15.950    Cfu/tpu/ctrl/next_state1_inferred__0/i__carry__2_n_0
    SLICE_X48Y79         LUT6 (Prop_lut6_I4_O)        0.124    16.074 f  Cfu/tpu/ctrl/gbuff_reg_0_i_42_comp/O
                         net (fo=19, routed)          1.174    17.248    Cfu/tpu/ctrl/gbuff_reg_0_i_42_n_0
    SLICE_X15Y77         LUT3 (Prop_lut3_I2_O)        0.124    17.372 r  Cfu/tpu/ctrl/gbuff_reg_11_i_10/O
                         net (fo=1, routed)           0.695    18.067    Cfu/gbuff_C/gbuff_reg_11_0[0]
    RAMB36_X0Y15         RAMB36E1                                     r  Cfu/gbuff_C/gbuff_reg_11/WEA[0]
  -------------------------------------------------------------------    -------------------

                         (clock soc_crg_clkout0 fall edge)
                                                      6.667     6.667 f  
    E3                                                0.000     6.667 f  clk100 (IN)
                         net (fo=0)                   0.000     6.667    clk100
    E3                   IBUF (Prop_ibuf_I_O)         1.411     8.078 f  clk100_IBUF_inst/O
                         net (fo=1, routed)           1.920     9.998    clk100_IBUF
    BUFGCTRL_X0Y16       BUFG (Prop_bufg_I_O)         0.091    10.089 f  clk100_IBUF_BUFG_inst/O
                         net (fo=1, routed)           1.801    11.890    clk100_IBUF_BUFG
    SLICE_X34Y21         LUT1 (Prop_lut1_I0_O)        0.100    11.990 f  clk100_inst/O
                         net (fo=9, routed)           1.269    13.259    soc_crg_clkin
    MMCME2_ADV_X0Y0      MMCME2_ADV (Prop_mmcme2_adv_CLKIN1_CLKOUT0)
                                                      0.083    13.342 f  MMCME2_ADV/CLKOUT0
                         net (fo=1, routed)           1.923    15.265    soc_crg_clkout0
    BUFGCTRL_X0Y0        BUFG (Prop_bufg_I_O)         0.091    15.356 f  BUFG/O
                         net (fo=5415, routed)        1.552    16.908    Cfu/gbuff_C/lopt
    RAMB36_X0Y15         RAMB36E1                                     r  Cfu/gbuff_C/gbuff_reg_11/CLKARDCLK  (IS_INVERTED)
                         clock pessimism              0.757    17.665    
                         clock uncertainty           -0.070    17.595    
    RAMB36_X0Y15         RAMB36E1 (Setup_ramb36e1_CLKARDCLK_WEA[0])
                                                     -0.532    17.063    Cfu/gbuff_C/gbuff_reg_11
  -------------------------------------------------------------------
                         required time                         17.063    
                         arrival time                         -18.067    
  -------------------------------------------------------------------
                         slack                                 -1.005    

Slack (VIOLATED) :        -1.005ns  (required time - arrival time)
  Source:                 Cfu/tpu/K_reg_reg[1]/C
                            (rising edge-triggered cell FDRE clocked by soc_crg_clkout0  {rise@0.000ns fall@6.667ns period=13.333ns})
  Destination:            Cfu/gbuff_C/gbuff_reg_7/WEA[0]
                            (falling edge-triggered cell RAMB36E1 clocked by soc_crg_clkout0  {rise@0.000ns fall@6.667ns period=13.333ns})
  Path Group:             soc_crg_clkout0
  Path Type:              Setup (Max at Slow Process Corner)
  Requirement:            6.667ns  (soc_crg_clkout0 fall@6.667ns - soc_crg_clkout0 rise@0.000ns)
  Data Path Delay:        7.017ns  (logic 3.082ns (43.922%)  route 3.935ns (56.078%))
  Logic Levels:           13  (CARRY4=9 LUT1=1 LUT3=1 LUT4=1 LUT6=1)
  Clock Path Skew:        -0.053ns (DCD - SCD + CPR)
    Destination Clock Delay (DCD):    10.239ns = ( 16.906 - 6.667 ) 
    Source Clock Delay      (SCD):    10.976ns
    Clock Pessimism Removal (CPR):    0.685ns
  Clock Uncertainty:      0.070ns  ((TSJ^2 + DJ^2)^1/2) / 2 + PE
    Total System Jitter     (TSJ):    0.071ns
    Discrete Jitter          (DJ):    0.121ns
    Phase Error              (PE):    0.000ns

    Location             Delay type                Incr(ns)  Path(ns)    Netlist Resource(s)
  -------------------------------------------------------------------    -------------------
                         (clock soc_crg_clkout0 rise edge)
                                                      0.000     0.000 r  
    E3                                                0.000     0.000 r  clk100 (IN)
                         net (fo=0)                   0.000     0.000    clk100
    E3                   IBUF (Prop_ibuf_I_O)         1.482     1.482 r  clk100_IBUF_inst/O
                         net (fo=1, routed)           2.025     3.506    clk100_IBUF
    BUFGCTRL_X0Y16       BUFG (Prop_bufg_I_O)         0.096     3.602 r  clk100_IBUF_BUFG_inst/O
                         net (fo=1, routed)           1.961     5.563    clk100_IBUF_BUFG
    SLICE_X34Y21         LUT1 (Prop_lut1_I0_O)        0.124     5.687 r  clk100_inst/O
                         net (fo=9, routed)           1.476     7.164    soc_crg_clkin
    MMCME2_ADV_X0Y0      MMCME2_ADV (Prop_mmcme2_adv_CLKIN1_CLKOUT0)
                                                      0.088     7.252 r  MMCME2_ADV/CLKOUT0
                         net (fo=1, routed)           2.018     9.270    soc_crg_clkout0
    BUFGCTRL_X0Y0        BUFG (Prop_bufg_I_O)         0.096     9.366 r  BUFG/O
                         net (fo=5415, routed)        1.610    10.976    Cfu/tpu/out
    SLICE_X51Y75         FDRE                                         r  Cfu/tpu/K_reg_reg[1]/C
  -------------------------------------------------------------------    -------------------
    SLICE_X51Y75         FDRE (Prop_fdre_C_Q)         0.456    11.432 f  Cfu/tpu/K_reg_reg[1]/Q
                         net (fo=11, routed)          0.446    11.878    Cfu/tpu/ctrl/temp_out4_reg[7]_i_2__0_0[1]
    SLICE_X51Y74         LUT1 (Prop_lut1_I0_O)        0.124    12.002 r  Cfu/tpu/ctrl/i__carry_i_12__0/O
                         net (fo=1, routed)           0.000    12.002    Cfu/tpu/ctrl/i__carry_i_12__0_n_0
    SLICE_X51Y74         CARRY4 (Prop_carry4_S[1]_CO[3])
                                                      0.550    12.552 r  Cfu/tpu/ctrl/i__carry_i_10/CO[3]
                         net (fo=1, routed)           0.009    12.561    Cfu/tpu/ctrl/i__carry_i_10_n_0
    SLICE_X51Y75         CARRY4 (Prop_carry4_CI_CO[3])
                                                      0.114    12.675 r  Cfu/tpu/ctrl/i__carry_i_9/CO[3]
                         net (fo=1, routed)           0.000    12.675    Cfu/tpu/ctrl/i__carry_i_9_n_0
    SLICE_X51Y76         CARRY4 (Prop_carry4_CI_CO[3])
                                                      0.114    12.789 r  Cfu/tpu/ctrl/i__carry__0_i_10/CO[3]
                         net (fo=1, routed)           0.000    12.789    Cfu/tpu/ctrl/i__carry__0_i_10_n_0
    SLICE_X51Y77         CARRY4 (Prop_carry4_CI_CO[3])
                                                      0.114    12.903 r  Cfu/tpu/ctrl/i__carry__0_i_9/CO[3]
                         net (fo=1, routed)           0.000    12.903    Cfu/tpu/ctrl/i__carry__0_i_9_n_0
    SLICE_X51Y78         CARRY4 (Prop_carry4_CI_CO[3])
                                                      0.114    13.017 r  Cfu/tpu/ctrl/i__carry__1_i_10/CO[3]
                         net (fo=1, routed)           0.000    13.017    Cfu/tpu/ctrl/i__carry__1_i_10_n_0
    SLICE_X51Y79         CARRY4 (Prop_carry4_CI_CO[3])
                                                      0.114    13.131 r  Cfu/tpu/ctrl/i__carry__1_i_9/CO[3]
                         net (fo=1, routed)           0.000    13.131    Cfu/tpu/ctrl/i__carry__1_i_9_n_0
    SLICE_X51Y80         CARRY4 (Prop_carry4_CI_CO[3])
                                                      0.114    13.245 r  Cfu/tpu/ctrl/i__carry__2_i_10/CO[3]
                         net (fo=1, routed)           0.000    13.245    Cfu/tpu/ctrl/i__carry__2_i_10_n_0
    SLICE_X51Y81         CARRY4 (Prop_carry4_CI_O[3])
                                                      0.313    13.558 r  Cfu/tpu/ctrl/i__carry__2_i_9/O[3]
                         net (fo=2, routed)           0.867    14.425    Cfu/tpu/ctrl/i__carry__2_i_9_n_4
    SLICE_X52Y78         LUT4 (Prop_lut4_I0_O)        0.306    14.731 r  Cfu/tpu/ctrl/i__carry__2_i_5/O
                         net (fo=1, routed)           0.000    14.731    Cfu/tpu/ctrl/i__carry__2_i_5_n_0
    SLICE_X52Y78         CARRY4 (Prop_carry4_S[3]_CO[3])
                                                      0.401    15.132 f  Cfu/tpu/ctrl/next_state1_inferred__0/i__carry__2/CO[3]
                         net (fo=6, routed)           0.819    15.950    Cfu/tpu/ctrl/next_state1_inferred__0/i__carry__2_n_0
    SLICE_X48Y79         LUT6 (Prop_lut6_I4_O)        0.124    16.074 f  Cfu/tpu/ctrl/gbuff_reg_0_i_42_comp/O
                         net (fo=19, routed)          0.596    16.670    Cfu/tpu/ctrl/gbuff_reg_0_i_42_n_0
    SLICE_X57Y79         LUT3 (Prop_lut3_I2_O)        0.124    16.794 r  Cfu/tpu/ctrl/gbuff_reg_7_i_10/O
                         net (fo=1, routed)           1.199    17.993    Cfu/gbuff_C/gbuff_reg_7_0[0]
    RAMB36_X1Y11         RAMB36E1                                     r  Cfu/gbuff_C/gbuff_reg_7/WEA[0]
  -------------------------------------------------------------------    -------------------

                         (clock soc_crg_clkout0 fall edge)
                                                      6.667     6.667 f  
    E3                                                0.000     6.667 f  clk100 (IN)
                         net (fo=0)                   0.000     6.667    clk100
    E3                   IBUF (Prop_ibuf_I_O)         1.411     8.078 f  clk100_IBUF_inst/O
                         net (fo=1, routed)           1.920     9.998    clk100_IBUF
    BUFGCTRL_X0Y16       BUFG (Prop_bufg_I_O)         0.091    10.089 f  clk100_IBUF_BUFG_inst/O
                         net (fo=1, routed)           1.801    11.890    clk100_IBUF_BUFG
    SLICE_X34Y21         LUT1 (Prop_lut1_I0_O)        0.100    11.990 f  clk100_inst/O
                         net (fo=9, routed)           1.269    13.259    soc_crg_clkin
    MMCME2_ADV_X0Y0      MMCME2_ADV (Prop_mmcme2_adv_CLKIN1_CLKOUT0)
                                                      0.083    13.342 f  MMCME2_ADV/CLKOUT0
                         net (fo=1, routed)           1.923    15.265    soc_crg_clkout0
    BUFGCTRL_X0Y0        BUFG (Prop_bufg_I_O)         0.091    15.356 f  BUFG/O
                         net (fo=5415, routed)        1.550    16.906    Cfu/gbuff_C/lopt
    RAMB36_X1Y11         RAMB36E1                                     r  Cfu/gbuff_C/gbuff_reg_7/CLKARDCLK  (IS_INVERTED)
                         clock pessimism              0.685    17.591    
                         clock uncertainty           -0.070    17.521    
    RAMB36_X1Y11         RAMB36E1 (Setup_ramb36e1_CLKARDCLK_WEA[0])
                                                     -0.532    16.989    Cfu/gbuff_C/gbuff_reg_7
  -------------------------------------------------------------------
                         required time                         16.989    
                         arrival time                         -17.993    
  -------------------------------------------------------------------
                         slack                                 -1.005    

Slack (VIOLATED) :        -0.982ns  (required time - arrival time)
  Source:                 Cfu/tpu/K_reg_reg[1]/C
                            (rising edge-triggered cell FDRE clocked by soc_crg_clkout0  {rise@0.000ns fall@6.667ns period=13.333ns})
  Destination:            Cfu/gbuff_C/gbuff_reg_4/WEA[0]
                            (falling edge-triggered cell RAMB36E1 clocked by soc_crg_clkout0  {rise@0.000ns fall@6.667ns period=13.333ns})
  Path Group:             soc_crg_clkout0
  Path Type:              Setup (Max at Slow Process Corner)
  Requirement:            6.667ns  (soc_crg_clkout0 fall@6.667ns - soc_crg_clkout0 rise@0.000ns)
  Data Path Delay:        7.064ns  (logic 3.082ns (43.628%)  route 3.982ns (56.372%))
  Logic Levels:           13  (CARRY4=9 LUT1=1 LUT3=1 LUT4=1 LUT6=1)
  Clock Path Skew:        0.017ns (DCD - SCD + CPR)
    Destination Clock Delay (DCD):    10.309ns = ( 16.976 - 6.667 ) 
    Source Clock Delay      (SCD):    10.976ns
    Clock Pessimism Removal (CPR):    0.685ns
  Clock Uncertainty:      0.070ns  ((TSJ^2 + DJ^2)^1/2) / 2 + PE
    Total System Jitter     (TSJ):    0.071ns
    Discrete Jitter          (DJ):    0.121ns
    Phase Error              (PE):    0.000ns

    Location             Delay type                Incr(ns)  Path(ns)    Netlist Resource(s)
  -------------------------------------------------------------------    -------------------
                         (clock soc_crg_clkout0 rise edge)
                                                      0.000     0.000 r  
    E3                                                0.000     0.000 r  clk100 (IN)
                         net (fo=0)                   0.000     0.000    clk100
    E3                   IBUF (Prop_ibuf_I_O)         1.482     1.482 r  clk100_IBUF_inst/O
                         net (fo=1, routed)           2.025     3.506    clk100_IBUF
    BUFGCTRL_X0Y16       BUFG (Prop_bufg_I_O)         0.096     3.602 r  clk100_IBUF_BUFG_inst/O
                         net (fo=1, routed)           1.961     5.563    clk100_IBUF_BUFG
    SLICE_X34Y21         LUT1 (Prop_lut1_I0_O)        0.124     5.687 r  clk100_inst/O
                         net (fo=9, routed)           1.476     7.164    soc_crg_clkin
    MMCME2_ADV_X0Y0      MMCME2_ADV (Prop_mmcme2_adv_CLKIN1_CLKOUT0)
                                                      0.088     7.252 r  MMCME2_ADV/CLKOUT0
                         net (fo=1, routed)           2.018     9.270    soc_crg_clkout0
    BUFGCTRL_X0Y0        BUFG (Prop_bufg_I_O)         0.096     9.366 r  BUFG/O
                         net (fo=5415, routed)        1.610    10.976    Cfu/tpu/out
    SLICE_X51Y75         FDRE                                         r  Cfu/tpu/K_reg_reg[1]/C
  -------------------------------------------------------------------    -------------------
    SLICE_X51Y75         FDRE (Prop_fdre_C_Q)         0.456    11.432 f  Cfu/tpu/K_reg_reg[1]/Q
                         net (fo=11, routed)          0.446    11.878    Cfu/tpu/ctrl/temp_out4_reg[7]_i_2__0_0[1]
    SLICE_X51Y74         LUT1 (Prop_lut1_I0_O)        0.124    12.002 r  Cfu/tpu/ctrl/i__carry_i_12__0/O
                         net (fo=1, routed)           0.000    12.002    Cfu/tpu/ctrl/i__carry_i_12__0_n_0
    SLICE_X51Y74         CARRY4 (Prop_carry4_S[1]_CO[3])
                                                      0.550    12.552 r  Cfu/tpu/ctrl/i__carry_i_10/CO[3]
                         net (fo=1, routed)           0.009    12.561    Cfu/tpu/ctrl/i__carry_i_10_n_0
    SLICE_X51Y75         CARRY4 (Prop_carry4_CI_CO[3])
                                                      0.114    12.675 r  Cfu/tpu/ctrl/i__carry_i_9/CO[3]
                         net (fo=1, routed)           0.000    12.675    Cfu/tpu/ctrl/i__carry_i_9_n_0
    SLICE_X51Y76         CARRY4 (Prop_carry4_CI_CO[3])
                                                      0.114    12.789 r  Cfu/tpu/ctrl/i__carry__0_i_10/CO[3]
                         net (fo=1, routed)           0.000    12.789    Cfu/tpu/ctrl/i__carry__0_i_10_n_0
    SLICE_X51Y77         CARRY4 (Prop_carry4_CI_CO[3])
                                                      0.114    12.903 r  Cfu/tpu/ctrl/i__carry__0_i_9/CO[3]
                         net (fo=1, routed)           0.000    12.903    Cfu/tpu/ctrl/i__carry__0_i_9_n_0
    SLICE_X51Y78         CARRY4 (Prop_carry4_CI_CO[3])
                                                      0.114    13.017 r  Cfu/tpu/ctrl/i__carry__1_i_10/CO[3]
                         net (fo=1, routed)           0.000    13.017    Cfu/tpu/ctrl/i__carry__1_i_10_n_0
    SLICE_X51Y79         CARRY4 (Prop_carry4_CI_CO[3])
                                                      0.114    13.131 r  Cfu/tpu/ctrl/i__carry__1_i_9/CO[3]
                         net (fo=1, routed)           0.000    13.131    Cfu/tpu/ctrl/i__carry__1_i_9_n_0
    SLICE_X51Y80         CARRY4 (Prop_carry4_CI_CO[3])
                                                      0.114    13.245 r  Cfu/tpu/ctrl/i__carry__2_i_10/CO[3]
                         net (fo=1, routed)           0.000    13.245    Cfu/tpu/ctrl/i__carry__2_i_10_n_0
    SLICE_X51Y81         CARRY4 (Prop_carry4_CI_O[3])
                                                      0.313    13.558 r  Cfu/tpu/ctrl/i__carry__2_i_9/O[3]
                         net (fo=2, routed)           0.867    14.425    Cfu/tpu/ctrl/i__carry__2_i_9_n_4
    SLICE_X52Y78         LUT4 (Prop_lut4_I0_O)        0.306    14.731 r  Cfu/tpu/ctrl/i__carry__2_i_5/O
                         net (fo=1, routed)           0.000    14.731    Cfu/tpu/ctrl/i__carry__2_i_5_n_0
    SLICE_X52Y78         CARRY4 (Prop_carry4_S[3]_CO[3])
                                                      0.401    15.132 f  Cfu/tpu/ctrl/next_state1_inferred__0/i__carry__2/CO[3]
                         net (fo=6, routed)           0.819    15.950    Cfu/tpu/ctrl/next_state1_inferred__0/i__carry__2_n_0
    SLICE_X48Y79         LUT6 (Prop_lut6_I4_O)        0.124    16.074 f  Cfu/tpu/ctrl/gbuff_reg_0_i_42_comp/O
                         net (fo=19, routed)          1.060    17.134    Cfu/tpu/ctrl/gbuff_reg_0_i_42_n_0
    SLICE_X67Y75         LUT3 (Prop_lut3_I2_O)        0.124    17.258 r  Cfu/tpu/ctrl/gbuff_reg_4_i_10/O
                         net (fo=1, routed)           0.783    18.041    Cfu/gbuff_C/gbuff_reg_4_0[0]
    RAMB36_X2Y14         RAMB36E1                                     r  Cfu/gbuff_C/gbuff_reg_4/WEA[0]
  -------------------------------------------------------------------    -------------------

                         (clock soc_crg_clkout0 fall edge)
                                                      6.667     6.667 f  
    E3                                                0.000     6.667 f  clk100 (IN)
                         net (fo=0)                   0.000     6.667    clk100
    E3                   IBUF (Prop_ibuf_I_O)         1.411     8.078 f  clk100_IBUF_inst/O
                         net (fo=1, routed)           1.920     9.998    clk100_IBUF
    BUFGCTRL_X0Y16       BUFG (Prop_bufg_I_O)         0.091    10.089 f  clk100_IBUF_BUFG_inst/O
                         net (fo=1, routed)           1.801    11.890    clk100_IBUF_BUFG
    SLICE_X34Y21         LUT1 (Prop_lut1_I0_O)        0.100    11.990 f  clk100_inst/O
                         net (fo=9, routed)           1.269    13.259    soc_crg_clkin
    MMCME2_ADV_X0Y0      MMCME2_ADV (Prop_mmcme2_adv_CLKIN1_CLKOUT0)
                                                      0.083    13.342 f  MMCME2_ADV/CLKOUT0
                         net (fo=1, routed)           1.923    15.265    soc_crg_clkout0
    BUFGCTRL_X0Y0        BUFG (Prop_bufg_I_O)         0.091    15.356 f  BUFG/O
                         net (fo=5415, routed)        1.620    16.976    Cfu/gbuff_C/lopt
    RAMB36_X2Y14         RAMB36E1                                     r  Cfu/gbuff_C/gbuff_reg_4/CLKARDCLK  (IS_INVERTED)
                         clock pessimism              0.685    17.661    
                         clock uncertainty           -0.070    17.591    
    RAMB36_X2Y14         RAMB36E1 (Setup_ramb36e1_CLKARDCLK_WEA[0])
                                                     -0.532    17.059    Cfu/gbuff_C/gbuff_reg_4
  -------------------------------------------------------------------
                         required time                         17.059    
                         arrival time                         -18.041    
  -------------------------------------------------------------------
                         slack                                 -0.982    

Slack (VIOLATED) :        -0.972ns  (required time - arrival time)
  Source:                 Cfu/tpu/K_reg_reg[1]/C
                            (rising edge-triggered cell FDRE clocked by soc_crg_clkout0  {rise@0.000ns fall@6.667ns period=13.333ns})
  Destination:            Cfu/gbuff_C/gbuff_reg_13/WEA[0]
                            (falling edge-triggered cell RAMB36E1 clocked by soc_crg_clkout0  {rise@0.000ns fall@6.667ns period=13.333ns})
  Path Group:             soc_crg_clkout0
  Path Type:              Setup (Max at Slow Process Corner)
  Requirement:            6.667ns  (soc_crg_clkout0 fall@6.667ns - soc_crg_clkout0 rise@0.000ns)
  Data Path Delay:        7.063ns  (logic 3.082ns (43.634%)  route 3.981ns (56.366%))
  Logic Levels:           13  (CARRY4=9 LUT1=1 LUT3=1 LUT4=1 LUT6=1)
  Clock Path Skew:        0.026ns (DCD - SCD + CPR)
    Destination Clock Delay (DCD):    10.246ns = ( 16.913 - 6.667 ) 
    Source Clock Delay      (SCD):    10.976ns
    Clock Pessimism Removal (CPR):    0.757ns
  Clock Uncertainty:      0.070ns  ((TSJ^2 + DJ^2)^1/2) / 2 + PE
    Total System Jitter     (TSJ):    0.071ns
    Discrete Jitter          (DJ):    0.121ns
    Phase Error              (PE):    0.000ns

    Location             Delay type                Incr(ns)  Path(ns)    Netlist Resource(s)
  -------------------------------------------------------------------    -------------------
                         (clock soc_crg_clkout0 rise edge)
                                                      0.000     0.000 r  
    E3                                                0.000     0.000 r  clk100 (IN)
                         net (fo=0)                   0.000     0.000    clk100
    E3                   IBUF (Prop_ibuf_I_O)         1.482     1.482 r  clk100_IBUF_inst/O
                         net (fo=1, routed)           2.025     3.506    clk100_IBUF
    BUFGCTRL_X0Y16       BUFG (Prop_bufg_I_O)         0.096     3.602 r  clk100_IBUF_BUFG_inst/O
                         net (fo=1, routed)           1.961     5.563    clk100_IBUF_BUFG
    SLICE_X34Y21         LUT1 (Prop_lut1_I0_O)        0.124     5.687 r  clk100_inst/O
                         net (fo=9, routed)           1.476     7.164    soc_crg_clkin
    MMCME2_ADV_X0Y0      MMCME2_ADV (Prop_mmcme2_adv_CLKIN1_CLKOUT0)
                                                      0.088     7.252 r  MMCME2_ADV/CLKOUT0
                         net (fo=1, routed)           2.018     9.270    soc_crg_clkout0
    BUFGCTRL_X0Y0        BUFG (Prop_bufg_I_O)         0.096     9.366 r  BUFG/O
                         net (fo=5415, routed)        1.610    10.976    Cfu/tpu/out
    SLICE_X51Y75         FDRE                                         r  Cfu/tpu/K_reg_reg[1]/C
  -------------------------------------------------------------------    -------------------
    SLICE_X51Y75         FDRE (Prop_fdre_C_Q)         0.456    11.432 f  Cfu/tpu/K_reg_reg[1]/Q
                         net (fo=11, routed)          0.446    11.878    Cfu/tpu/ctrl/temp_out4_reg[7]_i_2__0_0[1]
    SLICE_X51Y74         LUT1 (Prop_lut1_I0_O)        0.124    12.002 r  Cfu/tpu/ctrl/i__carry_i_12__0/O
                         net (fo=1, routed)           0.000    12.002    Cfu/tpu/ctrl/i__carry_i_12__0_n_0
    SLICE_X51Y74         CARRY4 (Prop_carry4_S[1]_CO[3])
                                                      0.550    12.552 r  Cfu/tpu/ctrl/i__carry_i_10/CO[3]
                         net (fo=1, routed)           0.009    12.561    Cfu/tpu/ctrl/i__carry_i_10_n_0
    SLICE_X51Y75         CARRY4 (Prop_carry4_CI_CO[3])
                                                      0.114    12.675 r  Cfu/tpu/ctrl/i__carry_i_9/CO[3]
                         net (fo=1, routed)           0.000    12.675    Cfu/tpu/ctrl/i__carry_i_9_n_0
    SLICE_X51Y76         CARRY4 (Prop_carry4_CI_CO[3])
                                                      0.114    12.789 r  Cfu/tpu/ctrl/i__carry__0_i_10/CO[3]
                         net (fo=1, routed)           0.000    12.789    Cfu/tpu/ctrl/i__carry__0_i_10_n_0
    SLICE_X51Y77         CARRY4 (Prop_carry4_CI_CO[3])
                                                      0.114    12.903 r  Cfu/tpu/ctrl/i__carry__0_i_9/CO[3]
                         net (fo=1, routed)           0.000    12.903    Cfu/tpu/ctrl/i__carry__0_i_9_n_0
    SLICE_X51Y78         CARRY4 (Prop_carry4_CI_CO[3])
                                                      0.114    13.017 r  Cfu/tpu/ctrl/i__carry__1_i_10/CO[3]
                         net (fo=1, routed)           0.000    13.017    Cfu/tpu/ctrl/i__carry__1_i_10_n_0
    SLICE_X51Y79         CARRY4 (Prop_carry4_CI_CO[3])
                                                      0.114    13.131 r  Cfu/tpu/ctrl/i__carry__1_i_9/CO[3]
                         net (fo=1, routed)           0.000    13.131    Cfu/tpu/ctrl/i__carry__1_i_9_n_0
    SLICE_X51Y80         CARRY4 (Prop_carry4_CI_CO[3])
                                                      0.114    13.245 r  Cfu/tpu/ctrl/i__carry__2_i_10/CO[3]
                         net (fo=1, routed)           0.000    13.245    Cfu/tpu/ctrl/i__carry__2_i_10_n_0
    SLICE_X51Y81         CARRY4 (Prop_carry4_CI_O[3])
                                                      0.313    13.558 r  Cfu/tpu/ctrl/i__carry__2_i_9/O[3]
                         net (fo=2, routed)           0.867    14.425    Cfu/tpu/ctrl/i__carry__2_i_9_n_4
    SLICE_X52Y78         LUT4 (Prop_lut4_I0_O)        0.306    14.731 r  Cfu/tpu/ctrl/i__carry__2_i_5/O
                         net (fo=1, routed)           0.000    14.731    Cfu/tpu/ctrl/i__carry__2_i_5_n_0
    SLICE_X52Y78         CARRY4 (Prop_carry4_S[3]_CO[3])
                                                      0.401    15.132 f  Cfu/tpu/ctrl/next_state1_inferred__0/i__carry__2/CO[3]
                         net (fo=6, routed)           0.819    15.950    Cfu/tpu/ctrl/next_state1_inferred__0/i__carry__2_n_0
    SLICE_X48Y79         LUT6 (Prop_lut6_I4_O)        0.124    16.074 f  Cfu/tpu/ctrl/gbuff_reg_0_i_42_comp/O
                         net (fo=19, routed)          0.898    16.972    Cfu/tpu/ctrl/gbuff_reg_0_i_42_n_0
    SLICE_X28Y81         LUT3 (Prop_lut3_I2_O)        0.124    17.096 r  Cfu/tpu/ctrl/gbuff_reg_13_i_10/O
                         net (fo=1, routed)           0.943    18.040    Cfu/gbuff_C/gbuff_reg_13_0[0]
    RAMB36_X0Y16         RAMB36E1                                     r  Cfu/gbuff_C/gbuff_reg_13/WEA[0]
  -------------------------------------------------------------------    -------------------

                         (clock soc_crg_clkout0 fall edge)
                                                      6.667     6.667 f  
    E3                                                0.000     6.667 f  clk100 (IN)
                         net (fo=0)                   0.000     6.667    clk100
    E3                   IBUF (Prop_ibuf_I_O)         1.411     8.078 f  clk100_IBUF_inst/O
                         net (fo=1, routed)           1.920     9.998    clk100_IBUF
    BUFGCTRL_X0Y16       BUFG (Prop_bufg_I_O)         0.091    10.089 f  clk100_IBUF_BUFG_inst/O
                         net (fo=1, routed)           1.801    11.890    clk100_IBUF_BUFG
    SLICE_X34Y21         LUT1 (Prop_lut1_I0_O)        0.100    11.990 f  clk100_inst/O
                         net (fo=9, routed)           1.269    13.259    soc_crg_clkin
    MMCME2_ADV_X0Y0      MMCME2_ADV (Prop_mmcme2_adv_CLKIN1_CLKOUT0)
                                                      0.083    13.342 f  MMCME2_ADV/CLKOUT0
                         net (fo=1, routed)           1.923    15.265    soc_crg_clkout0
    BUFGCTRL_X0Y0        BUFG (Prop_bufg_I_O)         0.091    15.356 f  BUFG/O
                         net (fo=5415, routed)        1.557    16.913    Cfu/gbuff_C/lopt
    RAMB36_X0Y16         RAMB36E1                                     r  Cfu/gbuff_C/gbuff_reg_13/CLKARDCLK  (IS_INVERTED)
                         clock pessimism              0.757    17.670    
                         clock uncertainty           -0.070    17.600    
    RAMB36_X0Y16         RAMB36E1 (Setup_ramb36e1_CLKARDCLK_WEA[0])
                                                     -0.532    17.068    Cfu/gbuff_C/gbuff_reg_13
  -------------------------------------------------------------------
                         required time                         17.068    
                         arrival time                         -18.040    
  -------------------------------------------------------------------
                         slack                                 -0.972    

Slack (VIOLATED) :        -0.953ns  (required time - arrival time)
  Source:                 Cfu/tpu/K_reg_reg[1]/C
                            (rising edge-triggered cell FDRE clocked by soc_crg_clkout0  {rise@0.000ns fall@6.667ns period=13.333ns})
  Destination:            Cfu/gbuff_C/gbuff_reg_2/WEA[0]
                            (falling edge-triggered cell RAMB36E1 clocked by soc_crg_clkout0  {rise@0.000ns fall@6.667ns period=13.333ns})
  Path Group:             soc_crg_clkout0
  Path Type:              Setup (Max at Slow Process Corner)
  Requirement:            6.667ns  (soc_crg_clkout0 fall@6.667ns - soc_crg_clkout0 rise@0.000ns)
  Data Path Delay:        7.036ns  (logic 3.082ns (43.801%)  route 3.954ns (56.199%))
  Logic Levels:           13  (CARRY4=9 LUT1=1 LUT3=1 LUT4=1 LUT6=1)
  Clock Path Skew:        0.018ns (DCD - SCD + CPR)
    Destination Clock Delay (DCD):    10.238ns = ( 16.905 - 6.667 ) 
    Source Clock Delay      (SCD):    10.976ns
    Clock Pessimism Removal (CPR):    0.757ns
  Clock Uncertainty:      0.070ns  ((TSJ^2 + DJ^2)^1/2) / 2 + PE
    Total System Jitter     (TSJ):    0.071ns
    Discrete Jitter          (DJ):    0.121ns
    Phase Error              (PE):    0.000ns

    Location             Delay type                Incr(ns)  Path(ns)    Netlist Resource(s)
  -------------------------------------------------------------------    -------------------
                         (clock soc_crg_clkout0 rise edge)
                                                      0.000     0.000 r  
    E3                                                0.000     0.000 r  clk100 (IN)
                         net (fo=0)                   0.000     0.000    clk100
    E3                   IBUF (Prop_ibuf_I_O)         1.482     1.482 r  clk100_IBUF_inst/O
                         net (fo=1, routed)           2.025     3.506    clk100_IBUF
    BUFGCTRL_X0Y16       BUFG (Prop_bufg_I_O)         0.096     3.602 r  clk100_IBUF_BUFG_inst/O
                         net (fo=1, routed)           1.961     5.563    clk100_IBUF_BUFG
    SLICE_X34Y21         LUT1 (Prop_lut1_I0_O)        0.124     5.687 r  clk100_inst/O
                         net (fo=9, routed)           1.476     7.164    soc_crg_clkin
    MMCME2_ADV_X0Y0      MMCME2_ADV (Prop_mmcme2_adv_CLKIN1_CLKOUT0)
                                                      0.088     7.252 r  MMCME2_ADV/CLKOUT0
                         net (fo=1, routed)           2.018     9.270    soc_crg_clkout0
    BUFGCTRL_X0Y0        BUFG (Prop_bufg_I_O)         0.096     9.366 r  BUFG/O
                         net (fo=5415, routed)        1.610    10.976    Cfu/tpu/out
    SLICE_X51Y75         FDRE                                         r  Cfu/tpu/K_reg_reg[1]/C
  -------------------------------------------------------------------    -------------------
    SLICE_X51Y75         FDRE (Prop_fdre_C_Q)         0.456    11.432 f  Cfu/tpu/K_reg_reg[1]/Q
                         net (fo=11, routed)          0.446    11.878    Cfu/tpu/ctrl/temp_out4_reg[7]_i_2__0_0[1]
    SLICE_X51Y74         LUT1 (Prop_lut1_I0_O)        0.124    12.002 r  Cfu/tpu/ctrl/i__carry_i_12__0/O
                         net (fo=1, routed)           0.000    12.002    Cfu/tpu/ctrl/i__carry_i_12__0_n_0
    SLICE_X51Y74         CARRY4 (Prop_carry4_S[1]_CO[3])
                                                      0.550    12.552 r  Cfu/tpu/ctrl/i__carry_i_10/CO[3]
                         net (fo=1, routed)           0.009    12.561    Cfu/tpu/ctrl/i__carry_i_10_n_0
    SLICE_X51Y75         CARRY4 (Prop_carry4_CI_CO[3])
                                                      0.114    12.675 r  Cfu/tpu/ctrl/i__carry_i_9/CO[3]
                         net (fo=1, routed)           0.000    12.675    Cfu/tpu/ctrl/i__carry_i_9_n_0
    SLICE_X51Y76         CARRY4 (Prop_carry4_CI_CO[3])
                                                      0.114    12.789 r  Cfu/tpu/ctrl/i__carry__0_i_10/CO[3]
                         net (fo=1, routed)           0.000    12.789    Cfu/tpu/ctrl/i__carry__0_i_10_n_0
    SLICE_X51Y77         CARRY4 (Prop_carry4_CI_CO[3])
                                                      0.114    12.903 r  Cfu/tpu/ctrl/i__carry__0_i_9/CO[3]
                         net (fo=1, routed)           0.000    12.903    Cfu/tpu/ctrl/i__carry__0_i_9_n_0
    SLICE_X51Y78         CARRY4 (Prop_carry4_CI_CO[3])
                                                      0.114    13.017 r  Cfu/tpu/ctrl/i__carry__1_i_10/CO[3]
                         net (fo=1, routed)           0.000    13.017    Cfu/tpu/ctrl/i__carry__1_i_10_n_0
    SLICE_X51Y79         CARRY4 (Prop_carry4_CI_CO[3])
                                                      0.114    13.131 r  Cfu/tpu/ctrl/i__carry__1_i_9/CO[3]
                         net (fo=1, routed)           0.000    13.131    Cfu/tpu/ctrl/i__carry__1_i_9_n_0
    SLICE_X51Y80         CARRY4 (Prop_carry4_CI_CO[3])
                                                      0.114    13.245 r  Cfu/tpu/ctrl/i__carry__2_i_10/CO[3]
                         net (fo=1, routed)           0.000    13.245    Cfu/tpu/ctrl/i__carry__2_i_10_n_0
    SLICE_X51Y81         CARRY4 (Prop_carry4_CI_O[3])
                                                      0.313    13.558 r  Cfu/tpu/ctrl/i__carry__2_i_9/O[3]
                         net (fo=2, routed)           0.867    14.425    Cfu/tpu/ctrl/i__carry__2_i_9_n_4
    SLICE_X52Y78         LUT4 (Prop_lut4_I0_O)        0.306    14.731 r  Cfu/tpu/ctrl/i__carry__2_i_5/O
                         net (fo=1, routed)           0.000    14.731    Cfu/tpu/ctrl/i__carry__2_i_5_n_0
    SLICE_X52Y78         CARRY4 (Prop_carry4_S[3]_CO[3])
                                                      0.401    15.132 f  Cfu/tpu/ctrl/next_state1_inferred__0/i__carry__2/CO[3]
                         net (fo=6, routed)           0.819    15.950    Cfu/tpu/ctrl/next_state1_inferred__0/i__carry__2_n_0
    SLICE_X48Y79         LUT6 (Prop_lut6_I4_O)        0.124    16.074 f  Cfu/tpu/ctrl/gbuff_reg_0_i_42_comp/O
                         net (fo=19, routed)          0.568    16.643    Cfu/tpu/ctrl/gbuff_reg_0_i_42_n_0
    SLICE_X41Y77         LUT3 (Prop_lut3_I2_O)        0.124    16.767 r  Cfu/tpu/ctrl/gbuff_reg_2_i_10/O
                         net (fo=1, routed)           1.246    18.013    Cfu/gbuff_C/gbuff_reg_2_0[0]
    RAMB36_X0Y14         RAMB36E1                                     r  Cfu/gbuff_C/gbuff_reg_2/WEA[0]
  -------------------------------------------------------------------    -------------------

                         (clock soc_crg_clkout0 fall edge)
                                                      6.667     6.667 f  
    E3                                                0.000     6.667 f  clk100 (IN)
                         net (fo=0)                   0.000     6.667    clk100
    E3                   IBUF (Prop_ibuf_I_O)         1.411     8.078 f  clk100_IBUF_inst/O
                         net (fo=1, routed)           1.920     9.998    clk100_IBUF
    BUFGCTRL_X0Y16       BUFG (Prop_bufg_I_O)         0.091    10.089 f  clk100_IBUF_BUFG_inst/O
                         net (fo=1, routed)           1.801    11.890    clk100_IBUF_BUFG
    SLICE_X34Y21         LUT1 (Prop_lut1_I0_O)        0.100    11.990 f  clk100_inst/O
                         net (fo=9, routed)           1.269    13.259    soc_crg_clkin
    MMCME2_ADV_X0Y0      MMCME2_ADV (Prop_mmcme2_adv_CLKIN1_CLKOUT0)
                                                      0.083    13.342 f  MMCME2_ADV/CLKOUT0
                         net (fo=1, routed)           1.923    15.265    soc_crg_clkout0
    BUFGCTRL_X0Y0        BUFG (Prop_bufg_I_O)         0.091    15.356 f  BUFG/O
                         net (fo=5415, routed)        1.549    16.905    Cfu/gbuff_C/lopt
    RAMB36_X0Y14         RAMB36E1                                     r  Cfu/gbuff_C/gbuff_reg_2/CLKARDCLK  (IS_INVERTED)
                         clock pessimism              0.757    17.662    
                         clock uncertainty           -0.070    17.592    
    RAMB36_X0Y14         RAMB36E1 (Setup_ramb36e1_CLKARDCLK_WEA[0])
                                                     -0.532    17.060    Cfu/gbuff_C/gbuff_reg_2
  -------------------------------------------------------------------
                         required time                         17.060    
                         arrival time                         -18.013    
  -------------------------------------------------------------------
                         slack                                 -0.953    

Slack (VIOLATED) :        -0.945ns  (required time - arrival time)
  Source:                 Cfu/tpu/K_reg_reg[1]/C
                            (rising edge-triggered cell FDRE clocked by soc_crg_clkout0  {rise@0.000ns fall@6.667ns period=13.333ns})
  Destination:            Cfu/gbuff_C/gbuff_reg_0/WEA[0]
                            (falling edge-triggered cell RAMB36E1 clocked by soc_crg_clkout0  {rise@0.000ns fall@6.667ns period=13.333ns})
  Path Group:             soc_crg_clkout0
  Path Type:              Setup (Max at Slow Process Corner)
  Requirement:            6.667ns  (soc_crg_clkout0 fall@6.667ns - soc_crg_clkout0 rise@0.000ns)
  Data Path Delay:        6.953ns  (logic 3.082ns (44.327%)  route 3.871ns (55.673%))
  Logic Levels:           13  (CARRY4=9 LUT1=1 LUT3=1 LUT4=1 LUT6=1)
  Clock Path Skew:        -0.057ns (DCD - SCD + CPR)
    Destination Clock Delay (DCD):    10.235ns = ( 16.902 - 6.667 ) 
    Source Clock Delay      (SCD):    10.976ns
    Clock Pessimism Removal (CPR):    0.685ns
  Clock Uncertainty:      0.070ns  ((TSJ^2 + DJ^2)^1/2) / 2 + PE
    Total System Jitter     (TSJ):    0.071ns
    Discrete Jitter          (DJ):    0.121ns
    Phase Error              (PE):    0.000ns

    Location             Delay type                Incr(ns)  Path(ns)    Netlist Resource(s)
  -------------------------------------------------------------------    -------------------
                         (clock soc_crg_clkout0 rise edge)
                                                      0.000     0.000 r  
    E3                                                0.000     0.000 r  clk100 (IN)
                         net (fo=0)                   0.000     0.000    clk100
    E3                   IBUF (Prop_ibuf_I_O)         1.482     1.482 r  clk100_IBUF_inst/O
                         net (fo=1, routed)           2.025     3.506    clk100_IBUF
    BUFGCTRL_X0Y16       BUFG (Prop_bufg_I_O)         0.096     3.602 r  clk100_IBUF_BUFG_inst/O
                         net (fo=1, routed)           1.961     5.563    clk100_IBUF_BUFG
    SLICE_X34Y21         LUT1 (Prop_lut1_I0_O)        0.124     5.687 r  clk100_inst/O
                         net (fo=9, routed)           1.476     7.164    soc_crg_clkin
    MMCME2_ADV_X0Y0      MMCME2_ADV (Prop_mmcme2_adv_CLKIN1_CLKOUT0)
                                                      0.088     7.252 r  MMCME2_ADV/CLKOUT0
                         net (fo=1, routed)           2.018     9.270    soc_crg_clkout0
    BUFGCTRL_X0Y0        BUFG (Prop_bufg_I_O)         0.096     9.366 r  BUFG/O
                         net (fo=5415, routed)        1.610    10.976    Cfu/tpu/out
    SLICE_X51Y75         FDRE                                         r  Cfu/tpu/K_reg_reg[1]/C
  -------------------------------------------------------------------    -------------------
    SLICE_X51Y75         FDRE (Prop_fdre_C_Q)         0.456    11.432 f  Cfu/tpu/K_reg_reg[1]/Q
                         net (fo=11, routed)          0.446    11.878    Cfu/tpu/ctrl/temp_out4_reg[7]_i_2__0_0[1]
    SLICE_X51Y74         LUT1 (Prop_lut1_I0_O)        0.124    12.002 r  Cfu/tpu/ctrl/i__carry_i_12__0/O
                         net (fo=1, routed)           0.000    12.002    Cfu/tpu/ctrl/i__carry_i_12__0_n_0
    SLICE_X51Y74         CARRY4 (Prop_carry4_S[1]_CO[3])
                                                      0.550    12.552 r  Cfu/tpu/ctrl/i__carry_i_10/CO[3]
                         net (fo=1, routed)           0.009    12.561    Cfu/tpu/ctrl/i__carry_i_10_n_0
    SLICE_X51Y75         CARRY4 (Prop_carry4_CI_CO[3])
                                                      0.114    12.675 r  Cfu/tpu/ctrl/i__carry_i_9/CO[3]
                         net (fo=1, routed)           0.000    12.675    Cfu/tpu/ctrl/i__carry_i_9_n_0
    SLICE_X51Y76         CARRY4 (Prop_carry4_CI_CO[3])
                                                      0.114    12.789 r  Cfu/tpu/ctrl/i__carry__0_i_10/CO[3]
                         net (fo=1, routed)           0.000    12.789    Cfu/tpu/ctrl/i__carry__0_i_10_n_0
    SLICE_X51Y77         CARRY4 (Prop_carry4_CI_CO[3])
                                                      0.114    12.903 r  Cfu/tpu/ctrl/i__carry__0_i_9/CO[3]
                         net (fo=1, routed)           0.000    12.903    Cfu/tpu/ctrl/i__carry__0_i_9_n_0
    SLICE_X51Y78         CARRY4 (Prop_carry4_CI_CO[3])
                                                      0.114    13.017 r  Cfu/tpu/ctrl/i__carry__1_i_10/CO[3]
                         net (fo=1, routed)           0.000    13.017    Cfu/tpu/ctrl/i__carry__1_i_10_n_0
    SLICE_X51Y79         CARRY4 (Prop_carry4_CI_CO[3])
                                                      0.114    13.131 r  Cfu/tpu/ctrl/i__carry__1_i_9/CO[3]
                         net (fo=1, routed)           0.000    13.131    Cfu/tpu/ctrl/i__carry__1_i_9_n_0
    SLICE_X51Y80         CARRY4 (Prop_carry4_CI_CO[3])
                                                      0.114    13.245 r  Cfu/tpu/ctrl/i__carry__2_i_10/CO[3]
                         net (fo=1, routed)           0.000    13.245    Cfu/tpu/ctrl/i__carry__2_i_10_n_0
    SLICE_X51Y81         CARRY4 (Prop_carry4_CI_O[3])
                                                      0.313    13.558 r  Cfu/tpu/ctrl/i__carry__2_i_9/O[3]
                         net (fo=2, routed)           0.867    14.425    Cfu/tpu/ctrl/i__carry__2_i_9_n_4
    SLICE_X52Y78         LUT4 (Prop_lut4_I0_O)        0.306    14.731 r  Cfu/tpu/ctrl/i__carry__2_i_5/O
                         net (fo=1, routed)           0.000    14.731    Cfu/tpu/ctrl/i__carry__2_i_5_n_0
    SLICE_X52Y78         CARRY4 (Prop_carry4_S[3]_CO[3])
                                                      0.401    15.132 f  Cfu/tpu/ctrl/next_state1_inferred__0/i__carry__2/CO[3]
                         net (fo=6, routed)           0.819    15.950    Cfu/tpu/ctrl/next_state1_inferred__0/i__carry__2_n_0
    SLICE_X48Y79         LUT6 (Prop_lut6_I4_O)        0.124    16.074 f  Cfu/tpu/ctrl/gbuff_reg_0_i_42_comp/O
                         net (fo=19, routed)          0.615    16.689    Cfu/tpu/ctrl/gbuff_reg_0_i_42_n_0
    SLICE_X55Y75         LUT3 (Prop_lut3_I2_O)        0.124    16.813 r  Cfu/tpu/ctrl/gbuff_reg_0_i_22__1/O
                         net (fo=1, routed)           1.116    17.929    Cfu/gbuff_C/WEA[0]
    RAMB36_X1Y12         RAMB36E1                                     r  Cfu/gbuff_C/gbuff_reg_0/WEA[0]
  -------------------------------------------------------------------    -------------------

                         (clock soc_crg_clkout0 fall edge)
                                                      6.667     6.667 f  
    E3                                                0.000     6.667 f  clk100 (IN)
                         net (fo=0)                   0.000     6.667    clk100
    E3                   IBUF (Prop_ibuf_I_O)         1.411     8.078 f  clk100_IBUF_inst/O
                         net (fo=1, routed)           1.920     9.998    clk100_IBUF
    BUFGCTRL_X0Y16       BUFG (Prop_bufg_I_O)         0.091    10.089 f  clk100_IBUF_BUFG_inst/O
                         net (fo=1, routed)           1.801    11.890    clk100_IBUF_BUFG
    SLICE_X34Y21         LUT1 (Prop_lut1_I0_O)        0.100    11.990 f  clk100_inst/O
                         net (fo=9, routed)           1.269    13.259    soc_crg_clkin
    MMCME2_ADV_X0Y0      MMCME2_ADV (Prop_mmcme2_adv_CLKIN1_CLKOUT0)
                                                      0.083    13.342 f  MMCME2_ADV/CLKOUT0
                         net (fo=1, routed)           1.923    15.265    soc_crg_clkout0
    BUFGCTRL_X0Y0        BUFG (Prop_bufg_I_O)         0.091    15.356 f  BUFG/O
                         net (fo=5415, routed)        1.546    16.902    Cfu/gbuff_C/lopt
    RAMB36_X1Y12         RAMB36E1                                     r  Cfu/gbuff_C/gbuff_reg_0/CLKARDCLK  (IS_INVERTED)
                         clock pessimism              0.685    17.587    
                         clock uncertainty           -0.070    17.517    
    RAMB36_X1Y12         RAMB36E1 (Setup_ramb36e1_CLKARDCLK_WEA[0])
                                                     -0.532    16.985    Cfu/gbuff_C/gbuff_reg_0
  -------------------------------------------------------------------
                         required time                         16.985    
                         arrival time                         -17.929    
  -------------------------------------------------------------------
                         slack                                 -0.945    

Slack (VIOLATED) :        -0.882ns  (required time - arrival time)
  Source:                 Cfu/tpu/K_reg_reg[1]/C
                            (rising edge-triggered cell FDRE clocked by soc_crg_clkout0  {rise@0.000ns fall@6.667ns period=13.333ns})
  Destination:            Cfu/gbuff_C/gbuff_reg_5/WEA[0]
                            (falling edge-triggered cell RAMB36E1 clocked by soc_crg_clkout0  {rise@0.000ns fall@6.667ns period=13.333ns})
  Path Group:             soc_crg_clkout0
  Path Type:              Setup (Max at Slow Process Corner)
  Requirement:            6.667ns  (soc_crg_clkout0 fall@6.667ns - soc_crg_clkout0 rise@0.000ns)
  Data Path Delay:        6.896ns  (logic 3.082ns (44.692%)  route 3.814ns (55.308%))
  Logic Levels:           13  (CARRY4=9 LUT1=1 LUT3=1 LUT4=1 LUT6=1)
  Clock Path Skew:        -0.051ns (DCD - SCD + CPR)
    Destination Clock Delay (DCD):    10.241ns = ( 16.908 - 6.667 ) 
    Source Clock Delay      (SCD):    10.976ns
    Clock Pessimism Removal (CPR):    0.685ns
  Clock Uncertainty:      0.070ns  ((TSJ^2 + DJ^2)^1/2) / 2 + PE
    Total System Jitter     (TSJ):    0.071ns
    Discrete Jitter          (DJ):    0.121ns
    Phase Error              (PE):    0.000ns

    Location             Delay type                Incr(ns)  Path(ns)    Netlist Resource(s)
  -------------------------------------------------------------------    -------------------
                         (clock soc_crg_clkout0 rise edge)
                                                      0.000     0.000 r  
    E3                                                0.000     0.000 r  clk100 (IN)
                         net (fo=0)                   0.000     0.000    clk100
    E3                   IBUF (Prop_ibuf_I_O)         1.482     1.482 r  clk100_IBUF_inst/O
                         net (fo=1, routed)           2.025     3.506    clk100_IBUF
    BUFGCTRL_X0Y16       BUFG (Prop_bufg_I_O)         0.096     3.602 r  clk100_IBUF_BUFG_inst/O
                         net (fo=1, routed)           1.961     5.563    clk100_IBUF_BUFG
    SLICE_X34Y21         LUT1 (Prop_lut1_I0_O)        0.124     5.687 r  clk100_inst/O
                         net (fo=9, routed)           1.476     7.164    soc_crg_clkin
    MMCME2_ADV_X0Y0      MMCME2_ADV (Prop_mmcme2_adv_CLKIN1_CLKOUT0)
                                                      0.088     7.252 r  MMCME2_ADV/CLKOUT0
                         net (fo=1, routed)           2.018     9.270    soc_crg_clkout0
    BUFGCTRL_X0Y0        BUFG (Prop_bufg_I_O)         0.096     9.366 r  BUFG/O
                         net (fo=5415, routed)        1.610    10.976    Cfu/tpu/out
    SLICE_X51Y75         FDRE                                         r  Cfu/tpu/K_reg_reg[1]/C
  -------------------------------------------------------------------    -------------------
    SLICE_X51Y75         FDRE (Prop_fdre_C_Q)         0.456    11.432 f  Cfu/tpu/K_reg_reg[1]/Q
                         net (fo=11, routed)          0.446    11.878    Cfu/tpu/ctrl/temp_out4_reg[7]_i_2__0_0[1]
    SLICE_X51Y74         LUT1 (Prop_lut1_I0_O)        0.124    12.002 r  Cfu/tpu/ctrl/i__carry_i_12__0/O
                         net (fo=1, routed)           0.000    12.002    Cfu/tpu/ctrl/i__carry_i_12__0_n_0
    SLICE_X51Y74         CARRY4 (Prop_carry4_S[1]_CO[3])
                                                      0.550    12.552 r  Cfu/tpu/ctrl/i__carry_i_10/CO[3]
                         net (fo=1, routed)           0.009    12.561    Cfu/tpu/ctrl/i__carry_i_10_n_0
    SLICE_X51Y75         CARRY4 (Prop_carry4_CI_CO[3])
                                                      0.114    12.675 r  Cfu/tpu/ctrl/i__carry_i_9/CO[3]
                         net (fo=1, routed)           0.000    12.675    Cfu/tpu/ctrl/i__carry_i_9_n_0
    SLICE_X51Y76         CARRY4 (Prop_carry4_CI_CO[3])
                                                      0.114    12.789 r  Cfu/tpu/ctrl/i__carry__0_i_10/CO[3]
                         net (fo=1, routed)           0.000    12.789    Cfu/tpu/ctrl/i__carry__0_i_10_n_0
    SLICE_X51Y77         CARRY4 (Prop_carry4_CI_CO[3])
                                                      0.114    12.903 r  Cfu/tpu/ctrl/i__carry__0_i_9/CO[3]
                         net (fo=1, routed)           0.000    12.903    Cfu/tpu/ctrl/i__carry__0_i_9_n_0
    SLICE_X51Y78         CARRY4 (Prop_carry4_CI_CO[3])
                                                      0.114    13.017 r  Cfu/tpu/ctrl/i__carry__1_i_10/CO[3]
                         net (fo=1, routed)           0.000    13.017    Cfu/tpu/ctrl/i__carry__1_i_10_n_0
    SLICE_X51Y79         CARRY4 (Prop_carry4_CI_CO[3])
                                                      0.114    13.131 r  Cfu/tpu/ctrl/i__carry__1_i_9/CO[3]
                         net (fo=1, routed)           0.000    13.131    Cfu/tpu/ctrl/i__carry__1_i_9_n_0
    SLICE_X51Y80         CARRY4 (Prop_carry4_CI_CO[3])
                                                      0.114    13.245 r  Cfu/tpu/ctrl/i__carry__2_i_10/CO[3]
                         net (fo=1, routed)           0.000    13.245    Cfu/tpu/ctrl/i__carry__2_i_10_n_0
    SLICE_X51Y81         CARRY4 (Prop_carry4_CI_O[3])
                                                      0.313    13.558 r  Cfu/tpu/ctrl/i__carry__2_i_9/O[3]
                         net (fo=2, routed)           0.867    14.425    Cfu/tpu/ctrl/i__carry__2_i_9_n_4
    SLICE_X52Y78         LUT4 (Prop_lut4_I0_O)        0.306    14.731 r  Cfu/tpu/ctrl/i__carry__2_i_5/O
                         net (fo=1, routed)           0.000    14.731    Cfu/tpu/ctrl/i__carry__2_i_5_n_0
    SLICE_X52Y78         CARRY4 (Prop_carry4_S[3]_CO[3])
                                                      0.401    15.132 f  Cfu/tpu/ctrl/next_state1_inferred__0/i__carry__2/CO[3]
                         net (fo=6, routed)           0.819    15.950    Cfu/tpu/ctrl/next_state1_inferred__0/i__carry__2_n_0
    SLICE_X48Y79         LUT6 (Prop_lut6_I4_O)        0.124    16.074 f  Cfu/tpu/ctrl/gbuff_reg_0_i_42_comp/O
                         net (fo=19, routed)          0.243    16.317    Cfu/tpu/ctrl/gbuff_reg_0_i_42_n_0
    SLICE_X48Y79         LUT3 (Prop_lut3_I2_O)        0.124    16.441 r  Cfu/tpu/ctrl/gbuff_reg_5_i_10/O
                         net (fo=1, routed)           1.431    17.872    Cfu/gbuff_C/gbuff_reg_5_0[0]
    RAMB36_X1Y19         RAMB36E1                                     r  Cfu/gbuff_C/gbuff_reg_5/WEA[0]
  -------------------------------------------------------------------    -------------------

                         (clock soc_crg_clkout0 fall edge)
                                                      6.667     6.667 f  
    E3                                                0.000     6.667 f  clk100 (IN)
                         net (fo=0)                   0.000     6.667    clk100
    E3                   IBUF (Prop_ibuf_I_O)         1.411     8.078 f  clk100_IBUF_inst/O
                         net (fo=1, routed)           1.920     9.998    clk100_IBUF
    BUFGCTRL_X0Y16       BUFG (Prop_bufg_I_O)         0.091    10.089 f  clk100_IBUF_BUFG_inst/O
                         net (fo=1, routed)           1.801    11.890    clk100_IBUF_BUFG
    SLICE_X34Y21         LUT1 (Prop_lut1_I0_O)        0.100    11.990 f  clk100_inst/O
                         net (fo=9, routed)           1.269    13.259    soc_crg_clkin
    MMCME2_ADV_X0Y0      MMCME2_ADV (Prop_mmcme2_adv_CLKIN1_CLKOUT0)
                                                      0.083    13.342 f  MMCME2_ADV/CLKOUT0
                         net (fo=1, routed)           1.923    15.265    soc_crg_clkout0
    BUFGCTRL_X0Y0        BUFG (Prop_bufg_I_O)         0.091    15.356 f  BUFG/O
                         net (fo=5415, routed)        1.552    16.908    Cfu/gbuff_C/lopt
    RAMB36_X1Y19         RAMB36E1                                     r  Cfu/gbuff_C/gbuff_reg_5/CLKARDCLK  (IS_INVERTED)
                         clock pessimism              0.685    17.593    
                         clock uncertainty           -0.070    17.523    
    RAMB36_X1Y19         RAMB36E1 (Setup_ramb36e1_CLKARDCLK_WEA[0])
                                                     -0.532    16.991    Cfu/gbuff_C/gbuff_reg_5
  -------------------------------------------------------------------
                         required time                         16.991    
                         arrival time                         -17.872    
  -------------------------------------------------------------------
                         slack                                 -0.882    

Slack (VIOLATED) :        -0.874ns  (required time - arrival time)
  Source:                 Cfu/tpu/K_reg_reg[1]/C
                            (rising edge-triggered cell FDRE clocked by soc_crg_clkout0  {rise@0.000ns fall@6.667ns period=13.333ns})
  Destination:            Cfu/gbuff_C/gbuff_reg_9/WEA[0]
                            (falling edge-triggered cell RAMB36E1 clocked by soc_crg_clkout0  {rise@0.000ns fall@6.667ns period=13.333ns})
  Path Group:             soc_crg_clkout0
  Path Type:              Setup (Max at Slow Process Corner)
  Requirement:            6.667ns  (soc_crg_clkout0 fall@6.667ns - soc_crg_clkout0 rise@0.000ns)
  Data Path Delay:        6.877ns  (logic 3.082ns (44.814%)  route 3.795ns (55.186%))
  Logic Levels:           13  (CARRY4=9 LUT1=1 LUT3=1 LUT4=1 LUT6=1)
  Clock Path Skew:        -0.062ns (DCD - SCD + CPR)
    Destination Clock Delay (DCD):    10.230ns = ( 16.897 - 6.667 ) 
    Source Clock Delay      (SCD):    10.976ns
    Clock Pessimism Removal (CPR):    0.685ns
  Clock Uncertainty:      0.070ns  ((TSJ^2 + DJ^2)^1/2) / 2 + PE
    Total System Jitter     (TSJ):    0.071ns
    Discrete Jitter          (DJ):    0.121ns
    Phase Error              (PE):    0.000ns

    Location             Delay type                Incr(ns)  Path(ns)    Netlist Resource(s)
  -------------------------------------------------------------------    -------------------
                         (clock soc_crg_clkout0 rise edge)
                                                      0.000     0.000 r  
    E3                                                0.000     0.000 r  clk100 (IN)
                         net (fo=0)                   0.000     0.000    clk100
    E3                   IBUF (Prop_ibuf_I_O)         1.482     1.482 r  clk100_IBUF_inst/O
                         net (fo=1, routed)           2.025     3.506    clk100_IBUF
    BUFGCTRL_X0Y16       BUFG (Prop_bufg_I_O)         0.096     3.602 r  clk100_IBUF_BUFG_inst/O
                         net (fo=1, routed)           1.961     5.563    clk100_IBUF_BUFG
    SLICE_X34Y21         LUT1 (Prop_lut1_I0_O)        0.124     5.687 r  clk100_inst/O
                         net (fo=9, routed)           1.476     7.164    soc_crg_clkin
    MMCME2_ADV_X0Y0      MMCME2_ADV (Prop_mmcme2_adv_CLKIN1_CLKOUT0)
                                                      0.088     7.252 r  MMCME2_ADV/CLKOUT0
                         net (fo=1, routed)           2.018     9.270    soc_crg_clkout0
    BUFGCTRL_X0Y0        BUFG (Prop_bufg_I_O)         0.096     9.366 r  BUFG/O
                         net (fo=5415, routed)        1.610    10.976    Cfu/tpu/out
    SLICE_X51Y75         FDRE                                         r  Cfu/tpu/K_reg_reg[1]/C
  -------------------------------------------------------------------    -------------------
    SLICE_X51Y75         FDRE (Prop_fdre_C_Q)         0.456    11.432 f  Cfu/tpu/K_reg_reg[1]/Q
                         net (fo=11, routed)          0.446    11.878    Cfu/tpu/ctrl/temp_out4_reg[7]_i_2__0_0[1]
    SLICE_X51Y74         LUT1 (Prop_lut1_I0_O)        0.124    12.002 r  Cfu/tpu/ctrl/i__carry_i_12__0/O
                         net (fo=1, routed)           0.000    12.002    Cfu/tpu/ctrl/i__carry_i_12__0_n_0
    SLICE_X51Y74         CARRY4 (Prop_carry4_S[1]_CO[3])
                                                      0.550    12.552 r  Cfu/tpu/ctrl/i__carry_i_10/CO[3]
                         net (fo=1, routed)           0.009    12.561    Cfu/tpu/ctrl/i__carry_i_10_n_0
    SLICE_X51Y75         CARRY4 (Prop_carry4_CI_CO[3])
                                                      0.114    12.675 r  Cfu/tpu/ctrl/i__carry_i_9/CO[3]
                         net (fo=1, routed)           0.000    12.675    Cfu/tpu/ctrl/i__carry_i_9_n_0
    SLICE_X51Y76         CARRY4 (Prop_carry4_CI_CO[3])
                                                      0.114    12.789 r  Cfu/tpu/ctrl/i__carry__0_i_10/CO[3]
                         net (fo=1, routed)           0.000    12.789    Cfu/tpu/ctrl/i__carry__0_i_10_n_0
    SLICE_X51Y77         CARRY4 (Prop_carry4_CI_CO[3])
                                                      0.114    12.903 r  Cfu/tpu/ctrl/i__carry__0_i_9/CO[3]
                         net (fo=1, routed)           0.000    12.903    Cfu/tpu/ctrl/i__carry__0_i_9_n_0
    SLICE_X51Y78         CARRY4 (Prop_carry4_CI_CO[3])
                                                      0.114    13.017 r  Cfu/tpu/ctrl/i__carry__1_i_10/CO[3]
                         net (fo=1, routed)           0.000    13.017    Cfu/tpu/ctrl/i__carry__1_i_10_n_0
    SLICE_X51Y79         CARRY4 (Prop_carry4_CI_CO[3])
                                                      0.114    13.131 r  Cfu/tpu/ctrl/i__carry__1_i_9/CO[3]
                         net (fo=1, routed)           0.000    13.131    Cfu/tpu/ctrl/i__carry__1_i_9_n_0
    SLICE_X51Y80         CARRY4 (Prop_carry4_CI_CO[3])
                                                      0.114    13.245 r  Cfu/tpu/ctrl/i__carry__2_i_10/CO[3]
                         net (fo=1, routed)           0.000    13.245    Cfu/tpu/ctrl/i__carry__2_i_10_n_0
    SLICE_X51Y81         CARRY4 (Prop_carry4_CI_O[3])
                                                      0.313    13.558 r  Cfu/tpu/ctrl/i__carry__2_i_9/O[3]
                         net (fo=2, routed)           0.867    14.425    Cfu/tpu/ctrl/i__carry__2_i_9_n_4
    SLICE_X52Y78         LUT4 (Prop_lut4_I0_O)        0.306    14.731 r  Cfu/tpu/ctrl/i__carry__2_i_5/O
                         net (fo=1, routed)           0.000    14.731    Cfu/tpu/ctrl/i__carry__2_i_5_n_0
    SLICE_X52Y78         CARRY4 (Prop_carry4_S[3]_CO[3])
                                                      0.401    15.132 f  Cfu/tpu/ctrl/next_state1_inferred__0/i__carry__2/CO[3]
                         net (fo=6, routed)           0.819    15.950    Cfu/tpu/ctrl/next_state1_inferred__0/i__carry__2_n_0
    SLICE_X48Y79         LUT6 (Prop_lut6_I4_O)        0.124    16.074 f  Cfu/tpu/ctrl/gbuff_reg_0_i_42_comp/O
                         net (fo=19, routed)          0.982    17.056    Cfu/tpu/ctrl/gbuff_reg_0_i_42_n_0
    SLICE_X57Y68         LUT3 (Prop_lut3_I2_O)        0.124    17.180 r  Cfu/tpu/ctrl/gbuff_reg_9_i_10/O
                         net (fo=1, routed)           0.673    17.854    Cfu/gbuff_C/gbuff_reg_9_0[0]
    RAMB36_X1Y13         RAMB36E1                                     r  Cfu/gbuff_C/gbuff_reg_9/WEA[0]
  -------------------------------------------------------------------    -------------------

                         (clock soc_crg_clkout0 fall edge)
                                                      6.667     6.667 f  
    E3                                                0.000     6.667 f  clk100 (IN)
                         net (fo=0)                   0.000     6.667    clk100
    E3                   IBUF (Prop_ibuf_I_O)         1.411     8.078 f  clk100_IBUF_inst/O
                         net (fo=1, routed)           1.920     9.998    clk100_IBUF
    BUFGCTRL_X0Y16       BUFG (Prop_bufg_I_O)         0.091    10.089 f  clk100_IBUF_BUFG_inst/O
                         net (fo=1, routed)           1.801    11.890    clk100_IBUF_BUFG
    SLICE_X34Y21         LUT1 (Prop_lut1_I0_O)        0.100    11.990 f  clk100_inst/O
                         net (fo=9, routed)           1.269    13.259    soc_crg_clkin
    MMCME2_ADV_X0Y0      MMCME2_ADV (Prop_mmcme2_adv_CLKIN1_CLKOUT0)
                                                      0.083    13.342 f  MMCME2_ADV/CLKOUT0
                         net (fo=1, routed)           1.923    15.265    soc_crg_clkout0
    BUFGCTRL_X0Y0        BUFG (Prop_bufg_I_O)         0.091    15.356 f  BUFG/O
                         net (fo=5415, routed)        1.541    16.897    Cfu/gbuff_C/lopt
    RAMB36_X1Y13         RAMB36E1                                     r  Cfu/gbuff_C/gbuff_reg_9/CLKARDCLK  (IS_INVERTED)
                         clock pessimism              0.685    17.582    
                         clock uncertainty           -0.070    17.512    
    RAMB36_X1Y13         RAMB36E1 (Setup_ramb36e1_CLKARDCLK_WEA[0])
                                                     -0.532    16.980    Cfu/gbuff_C/gbuff_reg_9
  -------------------------------------------------------------------
                         required time                         16.980    
                         arrival time                         -17.854    
  -------------------------------------------------------------------
                         slack                                 -0.874    

Slack (VIOLATED) :        -0.844ns  (required time - arrival time)
  Source:                 Cfu/tpu/K_reg_reg[1]/C
                            (rising edge-triggered cell FDRE clocked by soc_crg_clkout0  {rise@0.000ns fall@6.667ns period=13.333ns})
  Destination:            Cfu/gbuff_C/gbuff_reg_1/WEA[0]
                            (falling edge-triggered cell RAMB36E1 clocked by soc_crg_clkout0  {rise@0.000ns fall@6.667ns period=13.333ns})
  Path Group:             soc_crg_clkout0
  Path Type:              Setup (Max at Slow Process Corner)
  Requirement:            6.667ns  (soc_crg_clkout0 fall@6.667ns - soc_crg_clkout0 rise@0.000ns)
  Data Path Delay:        6.857ns  (logic 3.082ns (44.948%)  route 3.775ns (55.052%))
  Logic Levels:           13  (CARRY4=9 LUT1=1 LUT3=1 LUT4=1 LUT6=1)
  Clock Path Skew:        -0.052ns (DCD - SCD + CPR)
    Destination Clock Delay (DCD):    10.240ns = ( 16.907 - 6.667 ) 
    Source Clock Delay      (SCD):    10.976ns
    Clock Pessimism Removal (CPR):    0.685ns
  Clock Uncertainty:      0.070ns  ((TSJ^2 + DJ^2)^1/2) / 2 + PE
    Total System Jitter     (TSJ):    0.071ns
    Discrete Jitter          (DJ):    0.121ns
    Phase Error              (PE):    0.000ns

    Location             Delay type                Incr(ns)  Path(ns)    Netlist Resource(s)
  -------------------------------------------------------------------    -------------------
                         (clock soc_crg_clkout0 rise edge)
                                                      0.000     0.000 r  
    E3                                                0.000     0.000 r  clk100 (IN)
                         net (fo=0)                   0.000     0.000    clk100
    E3                   IBUF (Prop_ibuf_I_O)         1.482     1.482 r  clk100_IBUF_inst/O
                         net (fo=1, routed)           2.025     3.506    clk100_IBUF
    BUFGCTRL_X0Y16       BUFG (Prop_bufg_I_O)         0.096     3.602 r  clk100_IBUF_BUFG_inst/O
                         net (fo=1, routed)           1.961     5.563    clk100_IBUF_BUFG
    SLICE_X34Y21         LUT1 (Prop_lut1_I0_O)        0.124     5.687 r  clk100_inst/O
                         net (fo=9, routed)           1.476     7.164    soc_crg_clkin
    MMCME2_ADV_X0Y0      MMCME2_ADV (Prop_mmcme2_adv_CLKIN1_CLKOUT0)
                                                      0.088     7.252 r  MMCME2_ADV/CLKOUT0
                         net (fo=1, routed)           2.018     9.270    soc_crg_clkout0
    BUFGCTRL_X0Y0        BUFG (Prop_bufg_I_O)         0.096     9.366 r  BUFG/O
                         net (fo=5415, routed)        1.610    10.976    Cfu/tpu/out
    SLICE_X51Y75         FDRE                                         r  Cfu/tpu/K_reg_reg[1]/C
  -------------------------------------------------------------------    -------------------
    SLICE_X51Y75         FDRE (Prop_fdre_C_Q)         0.456    11.432 f  Cfu/tpu/K_reg_reg[1]/Q
                         net (fo=11, routed)          0.446    11.878    Cfu/tpu/ctrl/temp_out4_reg[7]_i_2__0_0[1]
    SLICE_X51Y74         LUT1 (Prop_lut1_I0_O)        0.124    12.002 r  Cfu/tpu/ctrl/i__carry_i_12__0/O
                         net (fo=1, routed)           0.000    12.002    Cfu/tpu/ctrl/i__carry_i_12__0_n_0
    SLICE_X51Y74         CARRY4 (Prop_carry4_S[1]_CO[3])
                                                      0.550    12.552 r  Cfu/tpu/ctrl/i__carry_i_10/CO[3]
                         net (fo=1, routed)           0.009    12.561    Cfu/tpu/ctrl/i__carry_i_10_n_0
    SLICE_X51Y75         CARRY4 (Prop_carry4_CI_CO[3])
                                                      0.114    12.675 r  Cfu/tpu/ctrl/i__carry_i_9/CO[3]
                         net (fo=1, routed)           0.000    12.675    Cfu/tpu/ctrl/i__carry_i_9_n_0
    SLICE_X51Y76         CARRY4 (Prop_carry4_CI_CO[3])
                                                      0.114    12.789 r  Cfu/tpu/ctrl/i__carry__0_i_10/CO[3]
                         net (fo=1, routed)           0.000    12.789    Cfu/tpu/ctrl/i__carry__0_i_10_n_0
    SLICE_X51Y77         CARRY4 (Prop_carry4_CI_CO[3])
                                                      0.114    12.903 r  Cfu/tpu/ctrl/i__carry__0_i_9/CO[3]
                         net (fo=1, routed)           0.000    12.903    Cfu/tpu/ctrl/i__carry__0_i_9_n_0
    SLICE_X51Y78         CARRY4 (Prop_carry4_CI_CO[3])
                                                      0.114    13.017 r  Cfu/tpu/ctrl/i__carry__1_i_10/CO[3]
                         net (fo=1, routed)           0.000    13.017    Cfu/tpu/ctrl/i__carry__1_i_10_n_0
    SLICE_X51Y79         CARRY4 (Prop_carry4_CI_CO[3])
                                                      0.114    13.131 r  Cfu/tpu/ctrl/i__carry__1_i_9/CO[3]
                         net (fo=1, routed)           0.000    13.131    Cfu/tpu/ctrl/i__carry__1_i_9_n_0
    SLICE_X51Y80         CARRY4 (Prop_carry4_CI_CO[3])
                                                      0.114    13.245 r  Cfu/tpu/ctrl/i__carry__2_i_10/CO[3]
                         net (fo=1, routed)           0.000    13.245    Cfu/tpu/ctrl/i__carry__2_i_10_n_0
    SLICE_X51Y81         CARRY4 (Prop_carry4_CI_O[3])
                                                      0.313    13.558 r  Cfu/tpu/ctrl/i__carry__2_i_9/O[3]
                         net (fo=2, routed)           0.867    14.425    Cfu/tpu/ctrl/i__carry__2_i_9_n_4
    SLICE_X52Y78         LUT4 (Prop_lut4_I0_O)        0.306    14.731 r  Cfu/tpu/ctrl/i__carry__2_i_5/O
                         net (fo=1, routed)           0.000    14.731    Cfu/tpu/ctrl/i__carry__2_i_5_n_0
    SLICE_X52Y78         CARRY4 (Prop_carry4_S[3]_CO[3])
                                                      0.401    15.132 f  Cfu/tpu/ctrl/next_state1_inferred__0/i__carry__2/CO[3]
                         net (fo=6, routed)           0.819    15.950    Cfu/tpu/ctrl/next_state1_inferred__0/i__carry__2_n_0
    SLICE_X48Y79         LUT6 (Prop_lut6_I4_O)        0.124    16.074 f  Cfu/tpu/ctrl/gbuff_reg_0_i_42_comp/O
                         net (fo=19, routed)          0.799    16.874    Cfu/tpu/ctrl/gbuff_reg_0_i_42_n_0
    SLICE_X57Y86         LUT3 (Prop_lut3_I2_O)        0.124    16.998 r  Cfu/tpu/ctrl/gbuff_reg_1_i_10/O
                         net (fo=1, routed)           0.836    17.833    Cfu/gbuff_C/gbuff_reg_1_0[0]
    RAMB36_X1Y18         RAMB36E1                                     r  Cfu/gbuff_C/gbuff_reg_1/WEA[0]
  -------------------------------------------------------------------    -------------------

                         (clock soc_crg_clkout0 fall edge)
                                                      6.667     6.667 f  
    E3                                                0.000     6.667 f  clk100 (IN)
                         net (fo=0)                   0.000     6.667    clk100
    E3                   IBUF (Prop_ibuf_I_O)         1.411     8.078 f  clk100_IBUF_inst/O
                         net (fo=1, routed)           1.920     9.998    clk100_IBUF
    BUFGCTRL_X0Y16       BUFG (Prop_bufg_I_O)         0.091    10.089 f  clk100_IBUF_BUFG_inst/O
                         net (fo=1, routed)           1.801    11.890    clk100_IBUF_BUFG
    SLICE_X34Y21         LUT1 (Prop_lut1_I0_O)        0.100    11.990 f  clk100_inst/O
                         net (fo=9, routed)           1.269    13.259    soc_crg_clkin
    MMCME2_ADV_X0Y0      MMCME2_ADV (Prop_mmcme2_adv_CLKIN1_CLKOUT0)
                                                      0.083    13.342 f  MMCME2_ADV/CLKOUT0
                         net (fo=1, routed)           1.923    15.265    soc_crg_clkout0
    BUFGCTRL_X0Y0        BUFG (Prop_bufg_I_O)         0.091    15.356 f  BUFG/O
                         net (fo=5415, routed)        1.551    16.907    Cfu/gbuff_C/lopt
    RAMB36_X1Y18         RAMB36E1                                     r  Cfu/gbuff_C/gbuff_reg_1/CLKARDCLK  (IS_INVERTED)
                         clock pessimism              0.685    17.592    
                         clock uncertainty           -0.070    17.522    
    RAMB36_X1Y18         RAMB36E1 (Setup_ramb36e1_CLKARDCLK_WEA[0])
                                                     -0.532    16.990    Cfu/gbuff_C/gbuff_reg_1
  -------------------------------------------------------------------
                         required time                         16.990    
                         arrival time                         -17.833    
  -------------------------------------------------------------------
                         slack                                 -0.844    

Slack (VIOLATED) :        -0.820ns  (required time - arrival time)
  Source:                 Cfu/tpu/K_reg_reg[1]/C
                            (rising edge-triggered cell FDRE clocked by soc_crg_clkout0  {rise@0.000ns fall@6.667ns period=13.333ns})
  Destination:            Cfu/gbuff_C/gbuff_reg_12/WEA[0]
                            (falling edge-triggered cell RAMB36E1 clocked by soc_crg_clkout0  {rise@0.000ns fall@6.667ns period=13.333ns})
  Path Group:             soc_crg_clkout0
  Path Type:              Setup (Max at Slow Process Corner)
  Requirement:            6.667ns  (soc_crg_clkout0 fall@6.667ns - soc_crg_clkout0 rise@0.000ns)
  Data Path Delay:        6.906ns  (logic 3.082ns (44.630%)  route 3.824ns (55.370%))
  Logic Levels:           13  (CARRY4=9 LUT1=1 LUT3=1 LUT4=1 LUT6=1)
  Clock Path Skew:        0.020ns (DCD - SCD + CPR)
    Destination Clock Delay (DCD):    10.312ns = ( 16.979 - 6.667 ) 
    Source Clock Delay      (SCD):    10.976ns
    Clock Pessimism Removal (CPR):    0.685ns
  Clock Uncertainty:      0.070ns  ((TSJ^2 + DJ^2)^1/2) / 2 + PE
    Total System Jitter     (TSJ):    0.071ns
    Discrete Jitter          (DJ):    0.121ns
    Phase Error              (PE):    0.000ns

    Location             Delay type                Incr(ns)  Path(ns)    Netlist Resource(s)
  -------------------------------------------------------------------    -------------------
                         (clock soc_crg_clkout0 rise edge)
                                                      0.000     0.000 r  
    E3                                                0.000     0.000 r  clk100 (IN)
                         net (fo=0)                   0.000     0.000    clk100
    E3                   IBUF (Prop_ibuf_I_O)         1.482     1.482 r  clk100_IBUF_inst/O
                         net (fo=1, routed)           2.025     3.506    clk100_IBUF
    BUFGCTRL_X0Y16       BUFG (Prop_bufg_I_O)         0.096     3.602 r  clk100_IBUF_BUFG_inst/O
                         net (fo=1, routed)           1.961     5.563    clk100_IBUF_BUFG
    SLICE_X34Y21         LUT1 (Prop_lut1_I0_O)        0.124     5.687 r  clk100_inst/O
                         net (fo=9, routed)           1.476     7.164    soc_crg_clkin
    MMCME2_ADV_X0Y0      MMCME2_ADV (Prop_mmcme2_adv_CLKIN1_CLKOUT0)
                                                      0.088     7.252 r  MMCME2_ADV/CLKOUT0
                         net (fo=1, routed)           2.018     9.270    soc_crg_clkout0
    BUFGCTRL_X0Y0        BUFG (Prop_bufg_I_O)         0.096     9.366 r  BUFG/O
                         net (fo=5415, routed)        1.610    10.976    Cfu/tpu/out
    SLICE_X51Y75         FDRE                                         r  Cfu/tpu/K_reg_reg[1]/C
  -------------------------------------------------------------------    -------------------
    SLICE_X51Y75         FDRE (Prop_fdre_C_Q)         0.456    11.432 f  Cfu/tpu/K_reg_reg[1]/Q
                         net (fo=11, routed)          0.446    11.878    Cfu/tpu/ctrl/temp_out4_reg[7]_i_2__0_0[1]
    SLICE_X51Y74         LUT1 (Prop_lut1_I0_O)        0.124    12.002 r  Cfu/tpu/ctrl/i__carry_i_12__0/O
                         net (fo=1, routed)           0.000    12.002    Cfu/tpu/ctrl/i__carry_i_12__0_n_0
    SLICE_X51Y74         CARRY4 (Prop_carry4_S[1]_CO[3])
                                                      0.550    12.552 r  Cfu/tpu/ctrl/i__carry_i_10/CO[3]
                         net (fo=1, routed)           0.009    12.561    Cfu/tpu/ctrl/i__carry_i_10_n_0
    SLICE_X51Y75         CARRY4 (Prop_carry4_CI_CO[3])
                                                      0.114    12.675 r  Cfu/tpu/ctrl/i__carry_i_9/CO[3]
                         net (fo=1, routed)           0.000    12.675    Cfu/tpu/ctrl/i__carry_i_9_n_0
    SLICE_X51Y76         CARRY4 (Prop_carry4_CI_CO[3])
                                                      0.114    12.789 r  Cfu/tpu/ctrl/i__carry__0_i_10/CO[3]
                         net (fo=1, routed)           0.000    12.789    Cfu/tpu/ctrl/i__carry__0_i_10_n_0
    SLICE_X51Y77         CARRY4 (Prop_carry4_CI_CO[3])
                                                      0.114    12.903 r  Cfu/tpu/ctrl/i__carry__0_i_9/CO[3]
                         net (fo=1, routed)           0.000    12.903    Cfu/tpu/ctrl/i__carry__0_i_9_n_0
    SLICE_X51Y78         CARRY4 (Prop_carry4_CI_CO[3])
                                                      0.114    13.017 r  Cfu/tpu/ctrl/i__carry__1_i_10/CO[3]
                         net (fo=1, routed)           0.000    13.017    Cfu/tpu/ctrl/i__carry__1_i_10_n_0
    SLICE_X51Y79         CARRY4 (Prop_carry4_CI_CO[3])
                                                      0.114    13.131 r  Cfu/tpu/ctrl/i__carry__1_i_9/CO[3]
                         net (fo=1, routed)           0.000    13.131    Cfu/tpu/ctrl/i__carry__1_i_9_n_0
    SLICE_X51Y80         CARRY4 (Prop_carry4_CI_CO[3])
                                                      0.114    13.245 r  Cfu/tpu/ctrl/i__carry__2_i_10/CO[3]
                         net (fo=1, routed)           0.000    13.245    Cfu/tpu/ctrl/i__carry__2_i_10_n_0
    SLICE_X51Y81         CARRY4 (Prop_carry4_CI_O[3])
                                                      0.313    13.558 r  Cfu/tpu/ctrl/i__carry__2_i_9/O[3]
                         net (fo=2, routed)           0.867    14.425    Cfu/tpu/ctrl/i__carry__2_i_9_n_4
    SLICE_X52Y78         LUT4 (Prop_lut4_I0_O)        0.306    14.731 r  Cfu/tpu/ctrl/i__carry__2_i_5/O
                         net (fo=1, routed)           0.000    14.731    Cfu/tpu/ctrl/i__carry__2_i_5_n_0
    SLICE_X52Y78         CARRY4 (Prop_carry4_S[3]_CO[3])
                                                      0.401    15.132 f  Cfu/tpu/ctrl/next_state1_inferred__0/i__carry__2/CO[3]
                         net (fo=6, routed)           0.819    15.950    Cfu/tpu/ctrl/next_state1_inferred__0/i__carry__2_n_0
    SLICE_X48Y79         LUT6 (Prop_lut6_I4_O)        0.124    16.074 f  Cfu/tpu/ctrl/gbuff_reg_0_i_42_comp/O
                         net (fo=19, routed)          0.796    16.870    Cfu/tpu/ctrl/gbuff_reg_0_i_42_n_0
    SLICE_X61Y78         LUT3 (Prop_lut3_I2_O)        0.124    16.994 r  Cfu/tpu/ctrl/gbuff_reg_12_i_10/O
                         net (fo=1, routed)           0.888    17.882    Cfu/gbuff_C/gbuff_reg_12_0[0]
    RAMB36_X2Y15         RAMB36E1                                     r  Cfu/gbuff_C/gbuff_reg_12/WEA[0]
  -------------------------------------------------------------------    -------------------

                         (clock soc_crg_clkout0 fall edge)
                                                      6.667     6.667 f  
    E3                                                0.000     6.667 f  clk100 (IN)
                         net (fo=0)                   0.000     6.667    clk100
    E3                   IBUF (Prop_ibuf_I_O)         1.411     8.078 f  clk100_IBUF_inst/O
                         net (fo=1, routed)           1.920     9.998    clk100_IBUF
    BUFGCTRL_X0Y16       BUFG (Prop_bufg_I_O)         0.091    10.089 f  clk100_IBUF_BUFG_inst/O
                         net (fo=1, routed)           1.801    11.890    clk100_IBUF_BUFG
    SLICE_X34Y21         LUT1 (Prop_lut1_I0_O)        0.100    11.990 f  clk100_inst/O
                         net (fo=9, routed)           1.269    13.259    soc_crg_clkin
    MMCME2_ADV_X0Y0      MMCME2_ADV (Prop_mmcme2_adv_CLKIN1_CLKOUT0)
                                                      0.083    13.342 f  MMCME2_ADV/CLKOUT0
                         net (fo=1, routed)           1.923    15.265    soc_crg_clkout0
    BUFGCTRL_X0Y0        BUFG (Prop_bufg_I_O)         0.091    15.356 f  BUFG/O
                         net (fo=5415, routed)        1.623    16.979    Cfu/gbuff_C/lopt
    RAMB36_X2Y15         RAMB36E1                                     r  Cfu/gbuff_C/gbuff_reg_12/CLKARDCLK  (IS_INVERTED)
                         clock pessimism              0.685    17.664    
                         clock uncertainty           -0.070    17.594    
    RAMB36_X2Y15         RAMB36E1 (Setup_ramb36e1_CLKARDCLK_WEA[0])
                                                     -0.532    17.062    Cfu/gbuff_C/gbuff_reg_12
  -------------------------------------------------------------------
                         required time                         17.062    
                         arrival time                         -17.882    
  -------------------------------------------------------------------
                         slack                                 -0.820    





Min Delay Paths
--------------------------------------------------------------------------------------
Slack (MET) :             0.024ns  (arrival time - required time)
  Source:                 soc_basesoc_sdram_bankmachine4_cmd_buffer_lookahead_produce_reg[0]/C
                            (rising edge-triggered cell FDRE clocked by soc_crg_clkout0  {rise@0.000ns fall@6.667ns period=13.333ns})
  Destination:            storage_6_reg_0_7_12_17/RAMA/WADR0
                            (rising edge-triggered cell RAMD32 clocked by soc_crg_clkout0  {rise@0.000ns fall@6.667ns period=13.333ns})
  Path Group:             soc_crg_clkout0
  Path Type:              Hold (Min at Fast Process Corner)
  Requirement:            0.000ns  (soc_crg_clkout0 rise@0.000ns - soc_crg_clkout0 rise@0.000ns)
  Data Path Delay:        0.347ns  (logic 0.141ns (40.606%)  route 0.206ns (59.394%))
  Logic Levels:           0  
  Clock Path Skew:        0.013ns (DCD - SCD - CPR)
    Destination Clock Delay (DCD):    4.561ns
    Source Clock Delay      (SCD):    3.598ns
    Clock Pessimism Removal (CPR):    0.949ns

    Location             Delay type                Incr(ns)  Path(ns)    Netlist Resource(s)
  -------------------------------------------------------------------    -------------------
                         (clock soc_crg_clkout0 rise edge)
                                                      0.000     0.000 r  
    E3                                                0.000     0.000 r  clk100 (IN)
                         net (fo=0)                   0.000     0.000    clk100
    E3                   IBUF (Prop_ibuf_I_O)         0.250     0.250 r  clk100_IBUF_inst/O
                         net (fo=1, routed)           0.644     0.894    clk100_IBUF
    BUFGCTRL_X0Y16       BUFG (Prop_bufg_I_O)         0.026     0.920 r  clk100_IBUF_BUFG_inst/O
                         net (fo=1, routed)           0.686     1.606    clk100_IBUF_BUFG
    SLICE_X34Y21         LUT1 (Prop_lut1_I0_O)        0.045     1.651 r  clk100_inst/O
                         net (fo=9, routed)           0.659     2.310    soc_crg_clkin
    MMCME2_ADV_X0Y0      MMCME2_ADV (Prop_mmcme2_adv_CLKIN1_CLKOUT0)
                                                      0.050     2.360 r  MMCME2_ADV/CLKOUT0
                         net (fo=1, routed)           0.648     3.008    soc_crg_clkout0
    BUFGCTRL_X0Y0        BUFG (Prop_bufg_I_O)         0.026     3.034 r  BUFG/O
                         net (fo=5415, routed)        0.565     3.598    sys_clk
    SLICE_X71Y58         FDRE                                         r  soc_basesoc_sdram_bankmachine4_cmd_buffer_lookahead_produce_reg[0]/C
  -------------------------------------------------------------------    -------------------
    SLICE_X71Y58         FDRE (Prop_fdre_C_Q)         0.141     3.739 r  soc_basesoc_sdram_bankmachine4_cmd_buffer_lookahead_produce_reg[0]/Q
                         net (fo=35, routed)          0.206     3.945    storage_6_reg_0_7_12_17/ADDRD0
    SLICE_X70Y58         RAMD32                                       r  storage_6_reg_0_7_12_17/RAMA/WADR0
  -------------------------------------------------------------------    -------------------

                         (clock soc_crg_clkout0 rise edge)
                                                      0.000     0.000 r  
    E3                                                0.000     0.000 r  clk100 (IN)
                         net (fo=0)                   0.000     0.000    clk100
    E3                   IBUF (Prop_ibuf_I_O)         0.438     0.438 r  clk100_IBUF_inst/O
                         net (fo=1, routed)           0.699     1.136    clk100_IBUF
    BUFGCTRL_X0Y16       BUFG (Prop_bufg_I_O)         0.029     1.165 r  clk100_IBUF_BUFG_inst/O
                         net (fo=1, routed)           0.967     2.133    clk100_IBUF_BUFG
    SLICE_X34Y21         LUT1 (Prop_lut1_I0_O)        0.056     2.189 r  clk100_inst/O
                         net (fo=9, routed)           0.753     2.942    soc_crg_clkin
    MMCME2_ADV_X0Y0      MMCME2_ADV (Prop_mmcme2_adv_CLKIN1_CLKOUT0)
                                                      0.053     2.995 r  MMCME2_ADV/CLKOUT0
                         net (fo=1, routed)           0.700     3.695    soc_crg_clkout0
    BUFGCTRL_X0Y0        BUFG (Prop_bufg_I_O)         0.029     3.724 r  BUFG/O
                         net (fo=5415, routed)        0.837     4.561    storage_6_reg_0_7_12_17/WCLK
    SLICE_X70Y58         RAMD32                                       r  storage_6_reg_0_7_12_17/RAMA/CLK
                         clock pessimism             -0.949     3.611    
    SLICE_X70Y58         RAMD32 (Hold_ramd32_CLK_WADR0)
                                                      0.310     3.921    storage_6_reg_0_7_12_17/RAMA
  -------------------------------------------------------------------
                         required time                         -3.921    
                         arrival time                           3.945    
  -------------------------------------------------------------------
                         slack                                  0.024    

Slack (MET) :             0.024ns  (arrival time - required time)
  Source:                 soc_basesoc_sdram_bankmachine4_cmd_buffer_lookahead_produce_reg[0]/C
                            (rising edge-triggered cell FDRE clocked by soc_crg_clkout0  {rise@0.000ns fall@6.667ns period=13.333ns})
  Destination:            storage_6_reg_0_7_12_17/RAMA_D1/WADR0
                            (rising edge-triggered cell RAMD32 clocked by soc_crg_clkout0  {rise@0.000ns fall@6.667ns period=13.333ns})
  Path Group:             soc_crg_clkout0
  Path Type:              Hold (Min at Fast Process Corner)
  Requirement:            0.000ns  (soc_crg_clkout0 rise@0.000ns - soc_crg_clkout0 rise@0.000ns)
  Data Path Delay:        0.347ns  (logic 0.141ns (40.606%)  route 0.206ns (59.394%))
  Logic Levels:           0  
  Clock Path Skew:        0.013ns (DCD - SCD - CPR)
    Destination Clock Delay (DCD):    4.561ns
    Source Clock Delay      (SCD):    3.598ns
    Clock Pessimism Removal (CPR):    0.949ns

    Location             Delay type                Incr(ns)  Path(ns)    Netlist Resource(s)
  -------------------------------------------------------------------    -------------------
                         (clock soc_crg_clkout0 rise edge)
                                                      0.000     0.000 r  
    E3                                                0.000     0.000 r  clk100 (IN)
                         net (fo=0)                   0.000     0.000    clk100
    E3                   IBUF (Prop_ibuf_I_O)         0.250     0.250 r  clk100_IBUF_inst/O
                         net (fo=1, routed)           0.644     0.894    clk100_IBUF
    BUFGCTRL_X0Y16       BUFG (Prop_bufg_I_O)         0.026     0.920 r  clk100_IBUF_BUFG_inst/O
                         net (fo=1, routed)           0.686     1.606    clk100_IBUF_BUFG
    SLICE_X34Y21         LUT1 (Prop_lut1_I0_O)        0.045     1.651 r  clk100_inst/O
                         net (fo=9, routed)           0.659     2.310    soc_crg_clkin
    MMCME2_ADV_X0Y0      MMCME2_ADV (Prop_mmcme2_adv_CLKIN1_CLKOUT0)
                                                      0.050     2.360 r  MMCME2_ADV/CLKOUT0
                         net (fo=1, routed)           0.648     3.008    soc_crg_clkout0
    BUFGCTRL_X0Y0        BUFG (Prop_bufg_I_O)         0.026     3.034 r  BUFG/O
                         net (fo=5415, routed)        0.565     3.598    sys_clk
    SLICE_X71Y58         FDRE                                         r  soc_basesoc_sdram_bankmachine4_cmd_buffer_lookahead_produce_reg[0]/C
  -------------------------------------------------------------------    -------------------
    SLICE_X71Y58         FDRE (Prop_fdre_C_Q)         0.141     3.739 r  soc_basesoc_sdram_bankmachine4_cmd_buffer_lookahead_produce_reg[0]/Q
                         net (fo=35, routed)          0.206     3.945    storage_6_reg_0_7_12_17/ADDRD0
    SLICE_X70Y58         RAMD32                                       r  storage_6_reg_0_7_12_17/RAMA_D1/WADR0
  -------------------------------------------------------------------    -------------------

                         (clock soc_crg_clkout0 rise edge)
                                                      0.000     0.000 r  
    E3                                                0.000     0.000 r  clk100 (IN)
                         net (fo=0)                   0.000     0.000    clk100
    E3                   IBUF (Prop_ibuf_I_O)         0.438     0.438 r  clk100_IBUF_inst/O
                         net (fo=1, routed)           0.699     1.136    clk100_IBUF
    BUFGCTRL_X0Y16       BUFG (Prop_bufg_I_O)         0.029     1.165 r  clk100_IBUF_BUFG_inst/O
                         net (fo=1, routed)           0.967     2.133    clk100_IBUF_BUFG
    SLICE_X34Y21         LUT1 (Prop_lut1_I0_O)        0.056     2.189 r  clk100_inst/O
                         net (fo=9, routed)           0.753     2.942    soc_crg_clkin
    MMCME2_ADV_X0Y0      MMCME2_ADV (Prop_mmcme2_adv_CLKIN1_CLKOUT0)
                                                      0.053     2.995 r  MMCME2_ADV/CLKOUT0
                         net (fo=1, routed)           0.700     3.695    soc_crg_clkout0
    BUFGCTRL_X0Y0        BUFG (Prop_bufg_I_O)         0.029     3.724 r  BUFG/O
                         net (fo=5415, routed)        0.837     4.561    storage_6_reg_0_7_12_17/WCLK
    SLICE_X70Y58         RAMD32                                       r  storage_6_reg_0_7_12_17/RAMA_D1/CLK
                         clock pessimism             -0.949     3.611    
    SLICE_X70Y58         RAMD32 (Hold_ramd32_CLK_WADR0)
                                                      0.310     3.921    storage_6_reg_0_7_12_17/RAMA_D1
  -------------------------------------------------------------------
                         required time                         -3.921    
                         arrival time                           3.945    
  -------------------------------------------------------------------
                         slack                                  0.024    

Slack (MET) :             0.024ns  (arrival time - required time)
  Source:                 soc_basesoc_sdram_bankmachine4_cmd_buffer_lookahead_produce_reg[0]/C
                            (rising edge-triggered cell FDRE clocked by soc_crg_clkout0  {rise@0.000ns fall@6.667ns period=13.333ns})
  Destination:            storage_6_reg_0_7_12_17/RAMB/WADR0
                            (rising edge-triggered cell RAMD32 clocked by soc_crg_clkout0  {rise@0.000ns fall@6.667ns period=13.333ns})
  Path Group:             soc_crg_clkout0
  Path Type:              Hold (Min at Fast Process Corner)
  Requirement:            0.000ns  (soc_crg_clkout0 rise@0.000ns - soc_crg_clkout0 rise@0.000ns)
  Data Path Delay:        0.347ns  (logic 0.141ns (40.606%)  route 0.206ns (59.394%))
  Logic Levels:           0  
  Clock Path Skew:        0.013ns (DCD - SCD - CPR)
    Destination Clock Delay (DCD):    4.561ns
    Source Clock Delay      (SCD):    3.598ns
    Clock Pessimism Removal (CPR):    0.949ns

    Location             Delay type                Incr(ns)  Path(ns)    Netlist Resource(s)
  -------------------------------------------------------------------    -------------------
                         (clock soc_crg_clkout0 rise edge)
                                                      0.000     0.000 r  
    E3                                                0.000     0.000 r  clk100 (IN)
                         net (fo=0)                   0.000     0.000    clk100
    E3                   IBUF (Prop_ibuf_I_O)         0.250     0.250 r  clk100_IBUF_inst/O
                         net (fo=1, routed)           0.644     0.894    clk100_IBUF
    BUFGCTRL_X0Y16       BUFG (Prop_bufg_I_O)         0.026     0.920 r  clk100_IBUF_BUFG_inst/O
                         net (fo=1, routed)           0.686     1.606    clk100_IBUF_BUFG
    SLICE_X34Y21         LUT1 (Prop_lut1_I0_O)        0.045     1.651 r  clk100_inst/O
                         net (fo=9, routed)           0.659     2.310    soc_crg_clkin
    MMCME2_ADV_X0Y0      MMCME2_ADV (Prop_mmcme2_adv_CLKIN1_CLKOUT0)
                                                      0.050     2.360 r  MMCME2_ADV/CLKOUT0
                         net (fo=1, routed)           0.648     3.008    soc_crg_clkout0
    BUFGCTRL_X0Y0        BUFG (Prop_bufg_I_O)         0.026     3.034 r  BUFG/O
                         net (fo=5415, routed)        0.565     3.598    sys_clk
    SLICE_X71Y58         FDRE                                         r  soc_basesoc_sdram_bankmachine4_cmd_buffer_lookahead_produce_reg[0]/C
  -------------------------------------------------------------------    -------------------
    SLICE_X71Y58         FDRE (Prop_fdre_C_Q)         0.141     3.739 r  soc_basesoc_sdram_bankmachine4_cmd_buffer_lookahead_produce_reg[0]/Q
                         net (fo=35, routed)          0.206     3.945    storage_6_reg_0_7_12_17/ADDRD0
    SLICE_X70Y58         RAMD32                                       r  storage_6_reg_0_7_12_17/RAMB/WADR0
  -------------------------------------------------------------------    -------------------

                         (clock soc_crg_clkout0 rise edge)
                                                      0.000     0.000 r  
    E3                                                0.000     0.000 r  clk100 (IN)
                         net (fo=0)                   0.000     0.000    clk100
    E3                   IBUF (Prop_ibuf_I_O)         0.438     0.438 r  clk100_IBUF_inst/O
                         net (fo=1, routed)           0.699     1.136    clk100_IBUF
    BUFGCTRL_X0Y16       BUFG (Prop_bufg_I_O)         0.029     1.165 r  clk100_IBUF_BUFG_inst/O
                         net (fo=1, routed)           0.967     2.133    clk100_IBUF_BUFG
    SLICE_X34Y21         LUT1 (Prop_lut1_I0_O)        0.056     2.189 r  clk100_inst/O
                         net (fo=9, routed)           0.753     2.942    soc_crg_clkin
    MMCME2_ADV_X0Y0      MMCME2_ADV (Prop_mmcme2_adv_CLKIN1_CLKOUT0)
                                                      0.053     2.995 r  MMCME2_ADV/CLKOUT0
                         net (fo=1, routed)           0.700     3.695    soc_crg_clkout0
    BUFGCTRL_X0Y0        BUFG (Prop_bufg_I_O)         0.029     3.724 r  BUFG/O
                         net (fo=5415, routed)        0.837     4.561    storage_6_reg_0_7_12_17/WCLK
    SLICE_X70Y58         RAMD32                                       r  storage_6_reg_0_7_12_17/RAMB/CLK
                         clock pessimism             -0.949     3.611    
    SLICE_X70Y58         RAMD32 (Hold_ramd32_CLK_WADR0)
                                                      0.310     3.921    storage_6_reg_0_7_12_17/RAMB
  -------------------------------------------------------------------
                         required time                         -3.921    
                         arrival time                           3.945    
  -------------------------------------------------------------------
                         slack                                  0.024    

Slack (MET) :             0.024ns  (arrival time - required time)
  Source:                 soc_basesoc_sdram_bankmachine4_cmd_buffer_lookahead_produce_reg[0]/C
                            (rising edge-triggered cell FDRE clocked by soc_crg_clkout0  {rise@0.000ns fall@6.667ns period=13.333ns})
  Destination:            storage_6_reg_0_7_12_17/RAMB_D1/WADR0
                            (rising edge-triggered cell RAMD32 clocked by soc_crg_clkout0  {rise@0.000ns fall@6.667ns period=13.333ns})
  Path Group:             soc_crg_clkout0
  Path Type:              Hold (Min at Fast Process Corner)
  Requirement:            0.000ns  (soc_crg_clkout0 rise@0.000ns - soc_crg_clkout0 rise@0.000ns)
  Data Path Delay:        0.347ns  (logic 0.141ns (40.606%)  route 0.206ns (59.394%))
  Logic Levels:           0  
  Clock Path Skew:        0.013ns (DCD - SCD - CPR)
    Destination Clock Delay (DCD):    4.561ns
    Source Clock Delay      (SCD):    3.598ns
    Clock Pessimism Removal (CPR):    0.949ns

    Location             Delay type                Incr(ns)  Path(ns)    Netlist Resource(s)
  -------------------------------------------------------------------    -------------------
                         (clock soc_crg_clkout0 rise edge)
                                                      0.000     0.000 r  
    E3                                                0.000     0.000 r  clk100 (IN)
                         net (fo=0)                   0.000     0.000    clk100
    E3                   IBUF (Prop_ibuf_I_O)         0.250     0.250 r  clk100_IBUF_inst/O
                         net (fo=1, routed)           0.644     0.894    clk100_IBUF
    BUFGCTRL_X0Y16       BUFG (Prop_bufg_I_O)         0.026     0.920 r  clk100_IBUF_BUFG_inst/O
                         net (fo=1, routed)           0.686     1.606    clk100_IBUF_BUFG
    SLICE_X34Y21         LUT1 (Prop_lut1_I0_O)        0.045     1.651 r  clk100_inst/O
                         net (fo=9, routed)           0.659     2.310    soc_crg_clkin
    MMCME2_ADV_X0Y0      MMCME2_ADV (Prop_mmcme2_adv_CLKIN1_CLKOUT0)
                                                      0.050     2.360 r  MMCME2_ADV/CLKOUT0
                         net (fo=1, routed)           0.648     3.008    soc_crg_clkout0
    BUFGCTRL_X0Y0        BUFG (Prop_bufg_I_O)         0.026     3.034 r  BUFG/O
                         net (fo=5415, routed)        0.565     3.598    sys_clk
    SLICE_X71Y58         FDRE                                         r  soc_basesoc_sdram_bankmachine4_cmd_buffer_lookahead_produce_reg[0]/C
  -------------------------------------------------------------------    -------------------
    SLICE_X71Y58         FDRE (Prop_fdre_C_Q)         0.141     3.739 r  soc_basesoc_sdram_bankmachine4_cmd_buffer_lookahead_produce_reg[0]/Q
                         net (fo=35, routed)          0.206     3.945    storage_6_reg_0_7_12_17/ADDRD0
    SLICE_X70Y58         RAMD32                                       r  storage_6_reg_0_7_12_17/RAMB_D1/WADR0
  -------------------------------------------------------------------    -------------------

                         (clock soc_crg_clkout0 rise edge)
                                                      0.000     0.000 r  
    E3                                                0.000     0.000 r  clk100 (IN)
                         net (fo=0)                   0.000     0.000    clk100
    E3                   IBUF (Prop_ibuf_I_O)         0.438     0.438 r  clk100_IBUF_inst/O
                         net (fo=1, routed)           0.699     1.136    clk100_IBUF
    BUFGCTRL_X0Y16       BUFG (Prop_bufg_I_O)         0.029     1.165 r  clk100_IBUF_BUFG_inst/O
                         net (fo=1, routed)           0.967     2.133    clk100_IBUF_BUFG
    SLICE_X34Y21         LUT1 (Prop_lut1_I0_O)        0.056     2.189 r  clk100_inst/O
                         net (fo=9, routed)           0.753     2.942    soc_crg_clkin
    MMCME2_ADV_X0Y0      MMCME2_ADV (Prop_mmcme2_adv_CLKIN1_CLKOUT0)
                                                      0.053     2.995 r  MMCME2_ADV/CLKOUT0
                         net (fo=1, routed)           0.700     3.695    soc_crg_clkout0
    BUFGCTRL_X0Y0        BUFG (Prop_bufg_I_O)         0.029     3.724 r  BUFG/O
                         net (fo=5415, routed)        0.837     4.561    storage_6_reg_0_7_12_17/WCLK
    SLICE_X70Y58         RAMD32                                       r  storage_6_reg_0_7_12_17/RAMB_D1/CLK
                         clock pessimism             -0.949     3.611    
    SLICE_X70Y58         RAMD32 (Hold_ramd32_CLK_WADR0)
                                                      0.310     3.921    storage_6_reg_0_7_12_17/RAMB_D1
  -------------------------------------------------------------------
                         required time                         -3.921    
                         arrival time                           3.945    
  -------------------------------------------------------------------
                         slack                                  0.024    

Slack (MET) :             0.024ns  (arrival time - required time)
  Source:                 soc_basesoc_sdram_bankmachine4_cmd_buffer_lookahead_produce_reg[0]/C
                            (rising edge-triggered cell FDRE clocked by soc_crg_clkout0  {rise@0.000ns fall@6.667ns period=13.333ns})
  Destination:            storage_6_reg_0_7_12_17/RAMC/WADR0
                            (rising edge-triggered cell RAMD32 clocked by soc_crg_clkout0  {rise@0.000ns fall@6.667ns period=13.333ns})
  Path Group:             soc_crg_clkout0
  Path Type:              Hold (Min at Fast Process Corner)
  Requirement:            0.000ns  (soc_crg_clkout0 rise@0.000ns - soc_crg_clkout0 rise@0.000ns)
  Data Path Delay:        0.347ns  (logic 0.141ns (40.606%)  route 0.206ns (59.394%))
  Logic Levels:           0  
  Clock Path Skew:        0.013ns (DCD - SCD - CPR)
    Destination Clock Delay (DCD):    4.561ns
    Source Clock Delay      (SCD):    3.598ns
    Clock Pessimism Removal (CPR):    0.949ns

    Location             Delay type                Incr(ns)  Path(ns)    Netlist Resource(s)
  -------------------------------------------------------------------    -------------------
                         (clock soc_crg_clkout0 rise edge)
                                                      0.000     0.000 r  
    E3                                                0.000     0.000 r  clk100 (IN)
                         net (fo=0)                   0.000     0.000    clk100
    E3                   IBUF (Prop_ibuf_I_O)         0.250     0.250 r  clk100_IBUF_inst/O
                         net (fo=1, routed)           0.644     0.894    clk100_IBUF
    BUFGCTRL_X0Y16       BUFG (Prop_bufg_I_O)         0.026     0.920 r  clk100_IBUF_BUFG_inst/O
                         net (fo=1, routed)           0.686     1.606    clk100_IBUF_BUFG
    SLICE_X34Y21         LUT1 (Prop_lut1_I0_O)        0.045     1.651 r  clk100_inst/O
                         net (fo=9, routed)           0.659     2.310    soc_crg_clkin
    MMCME2_ADV_X0Y0      MMCME2_ADV (Prop_mmcme2_adv_CLKIN1_CLKOUT0)
                                                      0.050     2.360 r  MMCME2_ADV/CLKOUT0
                         net (fo=1, routed)           0.648     3.008    soc_crg_clkout0
    BUFGCTRL_X0Y0        BUFG (Prop_bufg_I_O)         0.026     3.034 r  BUFG/O
                         net (fo=5415, routed)        0.565     3.598    sys_clk
    SLICE_X71Y58         FDRE                                         r  soc_basesoc_sdram_bankmachine4_cmd_buffer_lookahead_produce_reg[0]/C
  -------------------------------------------------------------------    -------------------
    SLICE_X71Y58         FDRE (Prop_fdre_C_Q)         0.141     3.739 r  soc_basesoc_sdram_bankmachine4_cmd_buffer_lookahead_produce_reg[0]/Q
                         net (fo=35, routed)          0.206     3.945    storage_6_reg_0_7_12_17/ADDRD0
    SLICE_X70Y58         RAMD32                                       r  storage_6_reg_0_7_12_17/RAMC/WADR0
  -------------------------------------------------------------------    -------------------

                         (clock soc_crg_clkout0 rise edge)
                                                      0.000     0.000 r  
    E3                                                0.000     0.000 r  clk100 (IN)
                         net (fo=0)                   0.000     0.000    clk100
    E3                   IBUF (Prop_ibuf_I_O)         0.438     0.438 r  clk100_IBUF_inst/O
                         net (fo=1, routed)           0.699     1.136    clk100_IBUF
    BUFGCTRL_X0Y16       BUFG (Prop_bufg_I_O)         0.029     1.165 r  clk100_IBUF_BUFG_inst/O
                         net (fo=1, routed)           0.967     2.133    clk100_IBUF_BUFG
    SLICE_X34Y21         LUT1 (Prop_lut1_I0_O)        0.056     2.189 r  clk100_inst/O
                         net (fo=9, routed)           0.753     2.942    soc_crg_clkin
    MMCME2_ADV_X0Y0      MMCME2_ADV (Prop_mmcme2_adv_CLKIN1_CLKOUT0)
                                                      0.053     2.995 r  MMCME2_ADV/CLKOUT0
                         net (fo=1, routed)           0.700     3.695    soc_crg_clkout0
    BUFGCTRL_X0Y0        BUFG (Prop_bufg_I_O)         0.029     3.724 r  BUFG/O
                         net (fo=5415, routed)        0.837     4.561    storage_6_reg_0_7_12_17/WCLK
    SLICE_X70Y58         RAMD32                                       r  storage_6_reg_0_7_12_17/RAMC/CLK
                         clock pessimism             -0.949     3.611    
    SLICE_X70Y58         RAMD32 (Hold_ramd32_CLK_WADR0)
                                                      0.310     3.921    storage_6_reg_0_7_12_17/RAMC
  -------------------------------------------------------------------
                         required time                         -3.921    
                         arrival time                           3.945    
  -------------------------------------------------------------------
                         slack                                  0.024    

Slack (MET) :             0.024ns  (arrival time - required time)
  Source:                 soc_basesoc_sdram_bankmachine4_cmd_buffer_lookahead_produce_reg[0]/C
                            (rising edge-triggered cell FDRE clocked by soc_crg_clkout0  {rise@0.000ns fall@6.667ns period=13.333ns})
  Destination:            storage_6_reg_0_7_12_17/RAMC_D1/WADR0
                            (rising edge-triggered cell RAMD32 clocked by soc_crg_clkout0  {rise@0.000ns fall@6.667ns period=13.333ns})
  Path Group:             soc_crg_clkout0
  Path Type:              Hold (Min at Fast Process Corner)
  Requirement:            0.000ns  (soc_crg_clkout0 rise@0.000ns - soc_crg_clkout0 rise@0.000ns)
  Data Path Delay:        0.347ns  (logic 0.141ns (40.606%)  route 0.206ns (59.394%))
  Logic Levels:           0  
  Clock Path Skew:        0.013ns (DCD - SCD - CPR)
    Destination Clock Delay (DCD):    4.561ns
    Source Clock Delay      (SCD):    3.598ns
    Clock Pessimism Removal (CPR):    0.949ns

    Location             Delay type                Incr(ns)  Path(ns)    Netlist Resource(s)
  -------------------------------------------------------------------    -------------------
                         (clock soc_crg_clkout0 rise edge)
                                                      0.000     0.000 r  
    E3                                                0.000     0.000 r  clk100 (IN)
                         net (fo=0)                   0.000     0.000    clk100
    E3                   IBUF (Prop_ibuf_I_O)         0.250     0.250 r  clk100_IBUF_inst/O
                         net (fo=1, routed)           0.644     0.894    clk100_IBUF
    BUFGCTRL_X0Y16       BUFG (Prop_bufg_I_O)         0.026     0.920 r  clk100_IBUF_BUFG_inst/O
                         net (fo=1, routed)           0.686     1.606    clk100_IBUF_BUFG
    SLICE_X34Y21         LUT1 (Prop_lut1_I0_O)        0.045     1.651 r  clk100_inst/O
                         net (fo=9, routed)           0.659     2.310    soc_crg_clkin
    MMCME2_ADV_X0Y0      MMCME2_ADV (Prop_mmcme2_adv_CLKIN1_CLKOUT0)
                                                      0.050     2.360 r  MMCME2_ADV/CLKOUT0
                         net (fo=1, routed)           0.648     3.008    soc_crg_clkout0
    BUFGCTRL_X0Y0        BUFG (Prop_bufg_I_O)         0.026     3.034 r  BUFG/O
                         net (fo=5415, routed)        0.565     3.598    sys_clk
    SLICE_X71Y58         FDRE                                         r  soc_basesoc_sdram_bankmachine4_cmd_buffer_lookahead_produce_reg[0]/C
  -------------------------------------------------------------------    -------------------
    SLICE_X71Y58         FDRE (Prop_fdre_C_Q)         0.141     3.739 r  soc_basesoc_sdram_bankmachine4_cmd_buffer_lookahead_produce_reg[0]/Q
                         net (fo=35, routed)          0.206     3.945    storage_6_reg_0_7_12_17/ADDRD0
    SLICE_X70Y58         RAMD32                                       r  storage_6_reg_0_7_12_17/RAMC_D1/WADR0
  -------------------------------------------------------------------    -------------------

                         (clock soc_crg_clkout0 rise edge)
                                                      0.000     0.000 r  
    E3                                                0.000     0.000 r  clk100 (IN)
                         net (fo=0)                   0.000     0.000    clk100
    E3                   IBUF (Prop_ibuf_I_O)         0.438     0.438 r  clk100_IBUF_inst/O
                         net (fo=1, routed)           0.699     1.136    clk100_IBUF
    BUFGCTRL_X0Y16       BUFG (Prop_bufg_I_O)         0.029     1.165 r  clk100_IBUF_BUFG_inst/O
                         net (fo=1, routed)           0.967     2.133    clk100_IBUF_BUFG
    SLICE_X34Y21         LUT1 (Prop_lut1_I0_O)        0.056     2.189 r  clk100_inst/O
                         net (fo=9, routed)           0.753     2.942    soc_crg_clkin
    MMCME2_ADV_X0Y0      MMCME2_ADV (Prop_mmcme2_adv_CLKIN1_CLKOUT0)
                                                      0.053     2.995 r  MMCME2_ADV/CLKOUT0
                         net (fo=1, routed)           0.700     3.695    soc_crg_clkout0
    BUFGCTRL_X0Y0        BUFG (Prop_bufg_I_O)         0.029     3.724 r  BUFG/O
                         net (fo=5415, routed)        0.837     4.561    storage_6_reg_0_7_12_17/WCLK
    SLICE_X70Y58         RAMD32                                       r  storage_6_reg_0_7_12_17/RAMC_D1/CLK
                         clock pessimism             -0.949     3.611    
    SLICE_X70Y58         RAMD32 (Hold_ramd32_CLK_WADR0)
                                                      0.310     3.921    storage_6_reg_0_7_12_17/RAMC_D1
  -------------------------------------------------------------------
                         required time                         -3.921    
                         arrival time                           3.945    
  -------------------------------------------------------------------
                         slack                                  0.024    

Slack (MET) :             0.024ns  (arrival time - required time)
  Source:                 soc_basesoc_sdram_bankmachine4_cmd_buffer_lookahead_produce_reg[0]/C
                            (rising edge-triggered cell FDRE clocked by soc_crg_clkout0  {rise@0.000ns fall@6.667ns period=13.333ns})
  Destination:            storage_6_reg_0_7_12_17/RAMD/ADR0
                            (rising edge-triggered cell RAMS32 clocked by soc_crg_clkout0  {rise@0.000ns fall@6.667ns period=13.333ns})
  Path Group:             soc_crg_clkout0
  Path Type:              Hold (Min at Fast Process Corner)
  Requirement:            0.000ns  (soc_crg_clkout0 rise@0.000ns - soc_crg_clkout0 rise@0.000ns)
  Data Path Delay:        0.347ns  (logic 0.141ns (40.606%)  route 0.206ns (59.394%))
  Logic Levels:           0  
  Clock Path Skew:        0.013ns (DCD - SCD - CPR)
    Destination Clock Delay (DCD):    4.561ns
    Source Clock Delay      (SCD):    3.598ns
    Clock Pessimism Removal (CPR):    0.949ns

    Location             Delay type                Incr(ns)  Path(ns)    Netlist Resource(s)
  -------------------------------------------------------------------    -------------------
                         (clock soc_crg_clkout0 rise edge)
                                                      0.000     0.000 r  
    E3                                                0.000     0.000 r  clk100 (IN)
                         net (fo=0)                   0.000     0.000    clk100
    E3                   IBUF (Prop_ibuf_I_O)         0.250     0.250 r  clk100_IBUF_inst/O
                         net (fo=1, routed)           0.644     0.894    clk100_IBUF
    BUFGCTRL_X0Y16       BUFG (Prop_bufg_I_O)         0.026     0.920 r  clk100_IBUF_BUFG_inst/O
                         net (fo=1, routed)           0.686     1.606    clk100_IBUF_BUFG
    SLICE_X34Y21         LUT1 (Prop_lut1_I0_O)        0.045     1.651 r  clk100_inst/O
                         net (fo=9, routed)           0.659     2.310    soc_crg_clkin
    MMCME2_ADV_X0Y0      MMCME2_ADV (Prop_mmcme2_adv_CLKIN1_CLKOUT0)
                                                      0.050     2.360 r  MMCME2_ADV/CLKOUT0
                         net (fo=1, routed)           0.648     3.008    soc_crg_clkout0
    BUFGCTRL_X0Y0        BUFG (Prop_bufg_I_O)         0.026     3.034 r  BUFG/O
                         net (fo=5415, routed)        0.565     3.598    sys_clk
    SLICE_X71Y58         FDRE                                         r  soc_basesoc_sdram_bankmachine4_cmd_buffer_lookahead_produce_reg[0]/C
  -------------------------------------------------------------------    -------------------
    SLICE_X71Y58         FDRE (Prop_fdre_C_Q)         0.141     3.739 r  soc_basesoc_sdram_bankmachine4_cmd_buffer_lookahead_produce_reg[0]/Q
                         net (fo=35, routed)          0.206     3.945    storage_6_reg_0_7_12_17/ADDRD0
    SLICE_X70Y58         RAMS32                                       r  storage_6_reg_0_7_12_17/RAMD/ADR0
  -------------------------------------------------------------------    -------------------

                         (clock soc_crg_clkout0 rise edge)
                                                      0.000     0.000 r  
    E3                                                0.000     0.000 r  clk100 (IN)
                         net (fo=0)                   0.000     0.000    clk100
    E3                   IBUF (Prop_ibuf_I_O)         0.438     0.438 r  clk100_IBUF_inst/O
                         net (fo=1, routed)           0.699     1.136    clk100_IBUF
    BUFGCTRL_X0Y16       BUFG (Prop_bufg_I_O)         0.029     1.165 r  clk100_IBUF_BUFG_inst/O
                         net (fo=1, routed)           0.967     2.133    clk100_IBUF_BUFG
    SLICE_X34Y21         LUT1 (Prop_lut1_I0_O)        0.056     2.189 r  clk100_inst/O
                         net (fo=9, routed)           0.753     2.942    soc_crg_clkin
    MMCME2_ADV_X0Y0      MMCME2_ADV (Prop_mmcme2_adv_CLKIN1_CLKOUT0)
                                                      0.053     2.995 r  MMCME2_ADV/CLKOUT0
                         net (fo=1, routed)           0.700     3.695    soc_crg_clkout0
    BUFGCTRL_X0Y0        BUFG (Prop_bufg_I_O)         0.029     3.724 r  BUFG/O
                         net (fo=5415, routed)        0.837     4.561    storage_6_reg_0_7_12_17/WCLK
    SLICE_X70Y58         RAMS32                                       r  storage_6_reg_0_7_12_17/RAMD/CLK
                         clock pessimism             -0.949     3.611    
    SLICE_X70Y58         RAMS32 (Hold_rams32_CLK_ADR0)
                                                      0.310     3.921    storage_6_reg_0_7_12_17/RAMD
  -------------------------------------------------------------------
                         required time                         -3.921    
                         arrival time                           3.945    
  -------------------------------------------------------------------
                         slack                                  0.024    

Slack (MET) :             0.024ns  (arrival time - required time)
  Source:                 soc_basesoc_sdram_bankmachine4_cmd_buffer_lookahead_produce_reg[0]/C
                            (rising edge-triggered cell FDRE clocked by soc_crg_clkout0  {rise@0.000ns fall@6.667ns period=13.333ns})
  Destination:            storage_6_reg_0_7_12_17/RAMD_D1/ADR0
                            (rising edge-triggered cell RAMS32 clocked by soc_crg_clkout0  {rise@0.000ns fall@6.667ns period=13.333ns})
  Path Group:             soc_crg_clkout0
  Path Type:              Hold (Min at Fast Process Corner)
  Requirement:            0.000ns  (soc_crg_clkout0 rise@0.000ns - soc_crg_clkout0 rise@0.000ns)
  Data Path Delay:        0.347ns  (logic 0.141ns (40.606%)  route 0.206ns (59.394%))
  Logic Levels:           0  
  Clock Path Skew:        0.013ns (DCD - SCD - CPR)
    Destination Clock Delay (DCD):    4.561ns
    Source Clock Delay      (SCD):    3.598ns
    Clock Pessimism Removal (CPR):    0.949ns

    Location             Delay type                Incr(ns)  Path(ns)    Netlist Resource(s)
  -------------------------------------------------------------------    -------------------
                         (clock soc_crg_clkout0 rise edge)
                                                      0.000     0.000 r  
    E3                                                0.000     0.000 r  clk100 (IN)
                         net (fo=0)                   0.000     0.000    clk100
    E3                   IBUF (Prop_ibuf_I_O)         0.250     0.250 r  clk100_IBUF_inst/O
                         net (fo=1, routed)           0.644     0.894    clk100_IBUF
    BUFGCTRL_X0Y16       BUFG (Prop_bufg_I_O)         0.026     0.920 r  clk100_IBUF_BUFG_inst/O
                         net (fo=1, routed)           0.686     1.606    clk100_IBUF_BUFG
    SLICE_X34Y21         LUT1 (Prop_lut1_I0_O)        0.045     1.651 r  clk100_inst/O
                         net (fo=9, routed)           0.659     2.310    soc_crg_clkin
    MMCME2_ADV_X0Y0      MMCME2_ADV (Prop_mmcme2_adv_CLKIN1_CLKOUT0)
                                                      0.050     2.360 r  MMCME2_ADV/CLKOUT0
                         net (fo=1, routed)           0.648     3.008    soc_crg_clkout0
    BUFGCTRL_X0Y0        BUFG (Prop_bufg_I_O)         0.026     3.034 r  BUFG/O
                         net (fo=5415, routed)        0.565     3.598    sys_clk
    SLICE_X71Y58         FDRE                                         r  soc_basesoc_sdram_bankmachine4_cmd_buffer_lookahead_produce_reg[0]/C
  -------------------------------------------------------------------    -------------------
    SLICE_X71Y58         FDRE (Prop_fdre_C_Q)         0.141     3.739 r  soc_basesoc_sdram_bankmachine4_cmd_buffer_lookahead_produce_reg[0]/Q
                         net (fo=35, routed)          0.206     3.945    storage_6_reg_0_7_12_17/ADDRD0
    SLICE_X70Y58         RAMS32                                       r  storage_6_reg_0_7_12_17/RAMD_D1/ADR0
  -------------------------------------------------------------------    -------------------

                         (clock soc_crg_clkout0 rise edge)
                                                      0.000     0.000 r  
    E3                                                0.000     0.000 r  clk100 (IN)
                         net (fo=0)                   0.000     0.000    clk100
    E3                   IBUF (Prop_ibuf_I_O)         0.438     0.438 r  clk100_IBUF_inst/O
                         net (fo=1, routed)           0.699     1.136    clk100_IBUF
    BUFGCTRL_X0Y16       BUFG (Prop_bufg_I_O)         0.029     1.165 r  clk100_IBUF_BUFG_inst/O
                         net (fo=1, routed)           0.967     2.133    clk100_IBUF_BUFG
    SLICE_X34Y21         LUT1 (Prop_lut1_I0_O)        0.056     2.189 r  clk100_inst/O
                         net (fo=9, routed)           0.753     2.942    soc_crg_clkin
    MMCME2_ADV_X0Y0      MMCME2_ADV (Prop_mmcme2_adv_CLKIN1_CLKOUT0)
                                                      0.053     2.995 r  MMCME2_ADV/CLKOUT0
                         net (fo=1, routed)           0.700     3.695    soc_crg_clkout0
    BUFGCTRL_X0Y0        BUFG (Prop_bufg_I_O)         0.029     3.724 r  BUFG/O
                         net (fo=5415, routed)        0.837     4.561    storage_6_reg_0_7_12_17/WCLK
    SLICE_X70Y58         RAMS32                                       r  storage_6_reg_0_7_12_17/RAMD_D1/CLK
                         clock pessimism             -0.949     3.611    
    SLICE_X70Y58         RAMS32 (Hold_rams32_CLK_ADR0)
                                                      0.310     3.921    storage_6_reg_0_7_12_17/RAMD_D1
  -------------------------------------------------------------------
                         required time                         -3.921    
                         arrival time                           3.945    
  -------------------------------------------------------------------
                         slack                                  0.024    

Slack (MET) :             0.059ns  (arrival time - required time)
  Source:                 soc_basesoc_sdram_bankmachine3_cmd_buffer_lookahead_produce_reg[0]/C
                            (rising edge-triggered cell FDRE clocked by soc_crg_clkout0  {rise@0.000ns fall@6.667ns period=13.333ns})
  Destination:            storage_5_reg_0_7_12_17/RAMA/WADR0
                            (rising edge-triggered cell RAMD32 clocked by soc_crg_clkout0  {rise@0.000ns fall@6.667ns period=13.333ns})
  Path Group:             soc_crg_clkout0
  Path Type:              Hold (Min at Fast Process Corner)
  Requirement:            0.000ns  (soc_crg_clkout0 rise@0.000ns - soc_crg_clkout0 rise@0.000ns)
  Data Path Delay:        0.382ns  (logic 0.141ns (36.945%)  route 0.241ns (63.055%))
  Logic Levels:           0  
  Clock Path Skew:        0.013ns (DCD - SCD - CPR)
    Destination Clock Delay (DCD):    4.591ns
    Source Clock Delay      (SCD):    3.627ns
    Clock Pessimism Removal (CPR):    0.950ns

    Location             Delay type                Incr(ns)  Path(ns)    Netlist Resource(s)
  -------------------------------------------------------------------    -------------------
                         (clock soc_crg_clkout0 rise edge)
                                                      0.000     0.000 r  
    E3                                                0.000     0.000 r  clk100 (IN)
                         net (fo=0)                   0.000     0.000    clk100
    E3                   IBUF (Prop_ibuf_I_O)         0.250     0.250 r  clk100_IBUF_inst/O
                         net (fo=1, routed)           0.644     0.894    clk100_IBUF
    BUFGCTRL_X0Y16       BUFG (Prop_bufg_I_O)         0.026     0.920 r  clk100_IBUF_BUFG_inst/O
                         net (fo=1, routed)           0.686     1.606    clk100_IBUF_BUFG
    SLICE_X34Y21         LUT1 (Prop_lut1_I0_O)        0.045     1.651 r  clk100_inst/O
                         net (fo=9, routed)           0.659     2.310    soc_crg_clkin
    MMCME2_ADV_X0Y0      MMCME2_ADV (Prop_mmcme2_adv_CLKIN1_CLKOUT0)
                                                      0.050     2.360 r  MMCME2_ADV/CLKOUT0
                         net (fo=1, routed)           0.648     3.008    soc_crg_clkout0
    BUFGCTRL_X0Y0        BUFG (Prop_bufg_I_O)         0.026     3.034 r  BUFG/O
                         net (fo=5415, routed)        0.594     3.627    sys_clk
    SLICE_X77Y59         FDRE                                         r  soc_basesoc_sdram_bankmachine3_cmd_buffer_lookahead_produce_reg[0]/C
  -------------------------------------------------------------------    -------------------
    SLICE_X77Y59         FDRE (Prop_fdre_C_Q)         0.141     3.768 r  soc_basesoc_sdram_bankmachine3_cmd_buffer_lookahead_produce_reg[0]/Q
                         net (fo=35, routed)          0.241     4.009    storage_5_reg_0_7_12_17/ADDRD0
    SLICE_X76Y59         RAMD32                                       r  storage_5_reg_0_7_12_17/RAMA/WADR0
  -------------------------------------------------------------------    -------------------

                         (clock soc_crg_clkout0 rise edge)
                                                      0.000     0.000 r  
    E3                                                0.000     0.000 r  clk100 (IN)
                         net (fo=0)                   0.000     0.000    clk100
    E3                   IBUF (Prop_ibuf_I_O)         0.438     0.438 r  clk100_IBUF_inst/O
                         net (fo=1, routed)           0.699     1.136    clk100_IBUF
    BUFGCTRL_X0Y16       BUFG (Prop_bufg_I_O)         0.029     1.165 r  clk100_IBUF_BUFG_inst/O
                         net (fo=1, routed)           0.967     2.133    clk100_IBUF_BUFG
    SLICE_X34Y21         LUT1 (Prop_lut1_I0_O)        0.056     2.189 r  clk100_inst/O
                         net (fo=9, routed)           0.753     2.942    soc_crg_clkin
    MMCME2_ADV_X0Y0      MMCME2_ADV (Prop_mmcme2_adv_CLKIN1_CLKOUT0)
                                                      0.053     2.995 r  MMCME2_ADV/CLKOUT0
                         net (fo=1, routed)           0.700     3.695    soc_crg_clkout0
    BUFGCTRL_X0Y0        BUFG (Prop_bufg_I_O)         0.029     3.724 r  BUFG/O
                         net (fo=5415, routed)        0.867     4.591    storage_5_reg_0_7_12_17/WCLK
    SLICE_X76Y59         RAMD32                                       r  storage_5_reg_0_7_12_17/RAMA/CLK
                         clock pessimism             -0.950     3.640    
    SLICE_X76Y59         RAMD32 (Hold_ramd32_CLK_WADR0)
                                                      0.310     3.950    storage_5_reg_0_7_12_17/RAMA
  -------------------------------------------------------------------
                         required time                         -3.950    
                         arrival time                           4.009    
  -------------------------------------------------------------------
                         slack                                  0.059    

Slack (MET) :             0.059ns  (arrival time - required time)
  Source:                 soc_basesoc_sdram_bankmachine3_cmd_buffer_lookahead_produce_reg[0]/C
                            (rising edge-triggered cell FDRE clocked by soc_crg_clkout0  {rise@0.000ns fall@6.667ns period=13.333ns})
  Destination:            storage_5_reg_0_7_12_17/RAMA_D1/WADR0
                            (rising edge-triggered cell RAMD32 clocked by soc_crg_clkout0  {rise@0.000ns fall@6.667ns period=13.333ns})
  Path Group:             soc_crg_clkout0
  Path Type:              Hold (Min at Fast Process Corner)
  Requirement:            0.000ns  (soc_crg_clkout0 rise@0.000ns - soc_crg_clkout0 rise@0.000ns)
  Data Path Delay:        0.382ns  (logic 0.141ns (36.945%)  route 0.241ns (63.055%))
  Logic Levels:           0  
  Clock Path Skew:        0.013ns (DCD - SCD - CPR)
    Destination Clock Delay (DCD):    4.591ns
    Source Clock Delay      (SCD):    3.627ns
    Clock Pessimism Removal (CPR):    0.950ns

    Location             Delay type                Incr(ns)  Path(ns)    Netlist Resource(s)
  -------------------------------------------------------------------    -------------------
                         (clock soc_crg_clkout0 rise edge)
                                                      0.000     0.000 r  
    E3                                                0.000     0.000 r  clk100 (IN)
                         net (fo=0)                   0.000     0.000    clk100
    E3                   IBUF (Prop_ibuf_I_O)         0.250     0.250 r  clk100_IBUF_inst/O
                         net (fo=1, routed)           0.644     0.894    clk100_IBUF
    BUFGCTRL_X0Y16       BUFG (Prop_bufg_I_O)         0.026     0.920 r  clk100_IBUF_BUFG_inst/O
                         net (fo=1, routed)           0.686     1.606    clk100_IBUF_BUFG
    SLICE_X34Y21         LUT1 (Prop_lut1_I0_O)        0.045     1.651 r  clk100_inst/O
                         net (fo=9, routed)           0.659     2.310    soc_crg_clkin
    MMCME2_ADV_X0Y0      MMCME2_ADV (Prop_mmcme2_adv_CLKIN1_CLKOUT0)
                                                      0.050     2.360 r  MMCME2_ADV/CLKOUT0
                         net (fo=1, routed)           0.648     3.008    soc_crg_clkout0
    BUFGCTRL_X0Y0        BUFG (Prop_bufg_I_O)         0.026     3.034 r  BUFG/O
                         net (fo=5415, routed)        0.594     3.627    sys_clk
    SLICE_X77Y59         FDRE                                         r  soc_basesoc_sdram_bankmachine3_cmd_buffer_lookahead_produce_reg[0]/C
  -------------------------------------------------------------------    -------------------
    SLICE_X77Y59         FDRE (Prop_fdre_C_Q)         0.141     3.768 r  soc_basesoc_sdram_bankmachine3_cmd_buffer_lookahead_produce_reg[0]/Q
                         net (fo=35, routed)          0.241     4.009    storage_5_reg_0_7_12_17/ADDRD0
    SLICE_X76Y59         RAMD32                                       r  storage_5_reg_0_7_12_17/RAMA_D1/WADR0
  -------------------------------------------------------------------    -------------------

                         (clock soc_crg_clkout0 rise edge)
                                                      0.000     0.000 r  
    E3                                                0.000     0.000 r  clk100 (IN)
                         net (fo=0)                   0.000     0.000    clk100
    E3                   IBUF (Prop_ibuf_I_O)         0.438     0.438 r  clk100_IBUF_inst/O
                         net (fo=1, routed)           0.699     1.136    clk100_IBUF
    BUFGCTRL_X0Y16       BUFG (Prop_bufg_I_O)         0.029     1.165 r  clk100_IBUF_BUFG_inst/O
                         net (fo=1, routed)           0.967     2.133    clk100_IBUF_BUFG
    SLICE_X34Y21         LUT1 (Prop_lut1_I0_O)        0.056     2.189 r  clk100_inst/O
                         net (fo=9, routed)           0.753     2.942    soc_crg_clkin
    MMCME2_ADV_X0Y0      MMCME2_ADV (Prop_mmcme2_adv_CLKIN1_CLKOUT0)
                                                      0.053     2.995 r  MMCME2_ADV/CLKOUT0
                         net (fo=1, routed)           0.700     3.695    soc_crg_clkout0
    BUFGCTRL_X0Y0        BUFG (Prop_bufg_I_O)         0.029     3.724 r  BUFG/O
                         net (fo=5415, routed)        0.867     4.591    storage_5_reg_0_7_12_17/WCLK
    SLICE_X76Y59         RAMD32                                       r  storage_5_reg_0_7_12_17/RAMA_D1/CLK
                         clock pessimism             -0.950     3.640    
    SLICE_X76Y59         RAMD32 (Hold_ramd32_CLK_WADR0)
                                                      0.310     3.950    storage_5_reg_0_7_12_17/RAMA_D1
  -------------------------------------------------------------------
                         required time                         -3.950    
                         arrival time                           4.009    
  -------------------------------------------------------------------
                         slack                                  0.059    





Pulse Width Checks
--------------------------------------------------------------------------------------
Clock Name:         soc_crg_clkout0
Waveform(ns):       { 0.000 6.667 }
Period(ns):         13.333
Sources:            { MMCME2_ADV/CLKOUT0 }

Check Type        Corner  Lib Pin             Reference Pin  Required(ns)  Actual(ns)  Slack(ns)  Location         Pin
Min Period        n/a     RAMB18E1/CLKARDCLK  n/a            2.944         13.333      10.389     RAMB18_X0Y12     VexRiscv/RegFilePlugin_regFile_reg_1/CLKARDCLK
Min Period        n/a     RAMB18E1/CLKBWRCLK  n/a            2.944         13.333      10.389     RAMB18_X0Y12     VexRiscv/RegFilePlugin_regFile_reg_1/CLKBWRCLK
Min Period        n/a     RAMB18E1/CLKARDCLK  n/a            2.944         13.333      10.389     RAMB18_X0Y13     VexRiscv/RegFilePlugin_regFile_reg_2/CLKARDCLK
Min Period        n/a     RAMB18E1/CLKBWRCLK  n/a            2.944         13.333      10.389     RAMB18_X0Y13     VexRiscv/RegFilePlugin_regFile_reg_2/CLKBWRCLK
Min Period        n/a     RAMB36E1/CLKARDCLK  n/a            2.944         13.333      10.389     RAMB36_X1Y5      VexRiscv/IBusCachedPlugin_cache/banks_0_reg_0/CLKARDCLK
Min Period        n/a     RAMB36E1/CLKARDCLK  n/a            2.944         13.333      10.389     RAMB36_X1Y4      VexRiscv/IBusCachedPlugin_cache/banks_0_reg_1/CLKARDCLK
Min Period        n/a     RAMB18E1/CLKARDCLK  n/a            2.944         13.333      10.389     RAMB18_X2Y12     VexRiscv/IBusCachedPlugin_cache/ways_0_tags_reg/CLKARDCLK
Min Period        n/a     RAMB18E1/CLKBWRCLK  n/a            2.944         13.333      10.389     RAMB18_X2Y12     VexRiscv/IBusCachedPlugin_cache/ways_0_tags_reg/CLKBWRCLK
Min Period        n/a     RAMB18E1/CLKARDCLK  n/a            2.944         13.333      10.389     RAMB18_X0Y8      VexRiscv/dataCache_1/ways_0_data_symbol0_reg/CLKARDCLK
Min Period        n/a     RAMB18E1/CLKARDCLK  n/a            2.944         13.333      10.389     RAMB18_X0Y11     VexRiscv/dataCache_1/ways_0_data_symbol1_reg/CLKARDCLK
Max Period        n/a     MMCME2_ADV/CLKOUT0  n/a            213.360       13.333      200.027    MMCME2_ADV_X0Y0  MMCME2_ADV/CLKOUT0
Low Pulse Width   Slow    RAMD32/CLK          n/a            1.250         6.667       5.417      SLICE_X84Y69     storage_1_reg_0_15_0_5/RAMA/CLK
Low Pulse Width   Fast    RAMD32/CLK          n/a            1.250         6.667       5.417      SLICE_X84Y69     storage_1_reg_0_15_0_5/RAMA/CLK
Low Pulse Width   Slow    RAMD32/CLK          n/a            1.250         6.667       5.417      SLICE_X84Y69     storage_1_reg_0_15_0_5/RAMA_D1/CLK
Low Pulse Width   Fast    RAMD32/CLK          n/a            1.250         6.667       5.417      SLICE_X84Y69     storage_1_reg_0_15_0_5/RAMA_D1/CLK
Low Pulse Width   Slow    RAMD32/CLK          n/a            1.250         6.667       5.417      SLICE_X84Y69     storage_1_reg_0_15_0_5/RAMB/CLK
Low Pulse Width   Fast    RAMD32/CLK          n/a            1.250         6.667       5.417      SLICE_X84Y69     storage_1_reg_0_15_0_5/RAMB/CLK
Low Pulse Width   Slow    RAMD32/CLK          n/a            1.250         6.667       5.417      SLICE_X84Y69     storage_1_reg_0_15_0_5/RAMB_D1/CLK
Low Pulse Width   Fast    RAMD32/CLK          n/a            1.250         6.667       5.417      SLICE_X84Y69     storage_1_reg_0_15_0_5/RAMB_D1/CLK
Low Pulse Width   Slow    RAMD32/CLK          n/a            1.250         6.667       5.417      SLICE_X84Y69     storage_1_reg_0_15_0_5/RAMC/CLK
Low Pulse Width   Fast    RAMD32/CLK          n/a            1.250         6.667       5.417      SLICE_X84Y69     storage_1_reg_0_15_0_5/RAMC/CLK
High Pulse Width  Slow    RAMD32/CLK          n/a            1.250         6.667       5.417      SLICE_X84Y69     storage_1_reg_0_15_0_5/RAMA/CLK
High Pulse Width  Fast    RAMD32/CLK          n/a            1.250         6.667       5.417      SLICE_X84Y69     storage_1_reg_0_15_0_5/RAMA/CLK
High Pulse Width  Slow    RAMD32/CLK          n/a            1.250         6.667       5.417      SLICE_X84Y69     storage_1_reg_0_15_0_5/RAMA_D1/CLK
High Pulse Width  Fast    RAMD32/CLK          n/a            1.250         6.667       5.417      SLICE_X84Y69     storage_1_reg_0_15_0_5/RAMA_D1/CLK
High Pulse Width  Slow    RAMD32/CLK          n/a            1.250         6.667       5.417      SLICE_X84Y69     storage_1_reg_0_15_0_5/RAMB/CLK
High Pulse Width  Fast    RAMD32/CLK          n/a            1.250         6.667       5.417      SLICE_X84Y69     storage_1_reg_0_15_0_5/RAMB/CLK
High Pulse Width  Slow    RAMD32/CLK          n/a            1.250         6.667       5.417      SLICE_X84Y69     storage_1_reg_0_15_0_5/RAMB_D1/CLK
High Pulse Width  Fast    RAMD32/CLK          n/a            1.250         6.667       5.417      SLICE_X84Y69     storage_1_reg_0_15_0_5/RAMB_D1/CLK
High Pulse Width  Slow    RAMD32/CLK          n/a            1.250         6.667       5.417      SLICE_X84Y69     storage_1_reg_0_15_0_5/RAMC/CLK
High Pulse Width  Fast    RAMD32/CLK          n/a            1.250         6.667       5.417      SLICE_X84Y69     storage_1_reg_0_15_0_5/RAMC/CLK



---------------------------------------------------------------------------------------------------
From Clock:  soc_crg_clkout1
  To Clock:  soc_crg_clkout1

Setup :           NA  Failing Endpoints,  Worst Slack           NA  ,  Total Violation           NA
Hold  :           NA  Failing Endpoints,  Worst Slack           NA  ,  Total Violation           NA
PW    :            0  Failing Endpoints,  Worst Slack        4.511ns,  Total Violation        0.000ns
---------------------------------------------------------------------------------------------------


Pulse Width Checks
--------------------------------------------------------------------------------------
Clock Name:         soc_crg_clkout1
Waveform(ns):       { 0.000 3.333 }
Period(ns):         6.667
Sources:            { MMCME2_ADV/CLKOUT1 }

Check Type  Corner  Lib Pin             Reference Pin  Required(ns)  Actual(ns)  Slack(ns)  Location         Pin
Min Period  n/a     BUFG/I              n/a            2.155         6.667       4.511      BUFGCTRL_X0Y1    BUFG_1/I
Min Period  n/a     ISERDESE2/CLK       n/a            1.667         6.667       5.000      ILOGIC_X1Y54     ISERDESE2/CLK
Min Period  n/a     ISERDESE2/CLKB      n/a            1.667         6.667       5.000      ILOGIC_X1Y54     ISERDESE2/CLKB
Min Period  n/a     ISERDESE2/CLK       n/a            1.667         6.667       5.000      ILOGIC_X1Y59     ISERDESE2_1/CLK
Min Period  n/a     ISERDESE2/CLKB      n/a            1.667         6.667       5.000      ILOGIC_X1Y59     ISERDESE2_1/CLKB
Min Period  n/a     ISERDESE2/CLK       n/a            1.667         6.667       5.000      ILOGIC_X1Y80     ISERDESE2_10/CLK
Min Period  n/a     ISERDESE2/CLKB      n/a            1.667         6.667       5.000      ILOGIC_X1Y80     ISERDESE2_10/CLKB
Min Period  n/a     ISERDESE2/CLK       n/a            1.667         6.667       5.000      ILOGIC_X1Y84     ISERDESE2_11/CLK
Min Period  n/a     ISERDESE2/CLKB      n/a            1.667         6.667       5.000      ILOGIC_X1Y84     ISERDESE2_11/CLKB
Min Period  n/a     ISERDESE2/CLK       n/a            1.667         6.667       5.000      ILOGIC_X1Y79     ISERDESE2_12/CLK
Max Period  n/a     MMCME2_ADV/CLKOUT1  n/a            213.360       6.667       206.693    MMCME2_ADV_X0Y0  MMCME2_ADV/CLKOUT1



---------------------------------------------------------------------------------------------------
From Clock:  soc_crg_clkout2
  To Clock:  soc_crg_clkout2

Setup :           NA  Failing Endpoints,  Worst Slack           NA  ,  Total Violation           NA
Hold  :           NA  Failing Endpoints,  Worst Slack           NA  ,  Total Violation           NA
PW    :            0  Failing Endpoints,  Worst Slack        4.511ns,  Total Violation        0.000ns
---------------------------------------------------------------------------------------------------


Pulse Width Checks
--------------------------------------------------------------------------------------
Clock Name:         soc_crg_clkout2
Waveform(ns):       { 1.667 5.000 }
Period(ns):         6.667
Sources:            { MMCME2_ADV/CLKOUT2 }

Check Type  Corner  Lib Pin             Reference Pin  Required(ns)  Actual(ns)  Slack(ns)  Location         Pin
Min Period  n/a     BUFG/I              n/a            2.155         6.667       4.511      BUFGCTRL_X0Y3    BUFG_2/I
Min Period  n/a     OSERDESE2/CLK       n/a            1.667         6.667       5.000      OLOGIC_X1Y58     OSERDESE2_23/CLK
Min Period  n/a     OSERDESE2/CLK       n/a            1.667         6.667       5.000      OLOGIC_X1Y82     OSERDESE2_24/CLK
Min Period  n/a     MMCME2_ADV/CLKOUT2  n/a            1.249         6.667       5.418      MMCME2_ADV_X0Y0  MMCME2_ADV/CLKOUT2
Max Period  n/a     MMCME2_ADV/CLKOUT2  n/a            213.360       6.667       206.693    MMCME2_ADV_X0Y0  MMCME2_ADV/CLKOUT2



---------------------------------------------------------------------------------------------------
From Clock:  soc_crg_clkout3
  To Clock:  soc_crg_clkout3

Setup :            0  Failing Endpoints,  Worst Slack        1.246ns,  Total Violation        0.000ns
Hold  :            0  Failing Endpoints,  Worst Slack        0.122ns,  Total Violation        0.000ns
PW    :            0  Failing Endpoints,  Worst Slack        0.264ns,  Total Violation        0.000ns
---------------------------------------------------------------------------------------------------


Max Delay Paths
--------------------------------------------------------------------------------------
Slack (MET) :             1.246ns  (required time - arrival time)
  Source:                 FDPE_6/C
                            (rising edge-triggered cell FDPE clocked by soc_crg_clkout3  {rise@0.000ns fall@2.500ns period=5.000ns})
  Destination:            FDPE_7/D
                            (rising edge-triggered cell FDPE clocked by soc_crg_clkout3  {rise@0.000ns fall@2.500ns period=5.000ns})
  Path Group:             soc_crg_clkout3
  Path Type:              Setup (Max at Slow Process Corner)
  Requirement:            2.000ns  (MaxDelay Path 2.000ns)
  Data Path Delay:        0.646ns  (logic 0.456ns (70.599%)  route 0.190ns (29.401%))
  Logic Levels:           0  
  Clock Path Skew:        0.000ns (DCD - SCD + CPR)
    Destination Clock Delay (DCD):    10.283ns
    Source Clock Delay      (SCD):    11.077ns
    Clock Pessimism Removal (CPR):    0.795ns
  Clock Uncertainty:      0.061ns  ((TSJ^2 + DJ^2)^1/2) / 2 + PE
    Total System Jitter     (TSJ):    0.071ns
    Discrete Jitter          (DJ):    0.100ns
    Phase Error              (PE):    0.000ns
  Timing Exception:       MaxDelay Path 2.000ns

    Location             Delay type                Incr(ns)  Path(ns)    Netlist Resource(s)
  -------------------------------------------------------------------    -------------------
                         (clock soc_crg_clkout3 rise edge)
                                                      0.000     0.000 r  
    E3                                                0.000     0.000 r  clk100 (IN)
                         net (fo=0)                   0.000     0.000    clk100
    E3                   IBUF (Prop_ibuf_I_O)         1.482     1.482 r  clk100_IBUF_inst/O
                         net (fo=1, routed)           2.025     3.506    clk100_IBUF
    BUFGCTRL_X0Y16       BUFG (Prop_bufg_I_O)         0.096     3.602 r  clk100_IBUF_BUFG_inst/O
                         net (fo=1, routed)           1.961     5.563    clk100_IBUF_BUFG
    SLICE_X34Y21         LUT1 (Prop_lut1_I0_O)        0.124     5.687 r  clk100_inst/O
                         net (fo=9, routed)           1.476     7.164    soc_crg_clkin
    MMCME2_ADV_X0Y0      MMCME2_ADV (Prop_mmcme2_adv_CLKIN1_CLKOUT3)
                                                      0.088     7.252 r  MMCME2_ADV/CLKOUT3
                         net (fo=1, routed)           2.018     9.270    soc_crg_clkout3
    BUFGCTRL_X0Y2        BUFG (Prop_bufg_I_O)         0.096     9.366 r  BUFG_3/O
                         net (fo=8, routed)           1.711    11.077    idelay_clk
    SLICE_X83Y72         FDPE                                         r  FDPE_6/C
  -------------------------------------------------------------------    -------------------
    SLICE_X83Y72         FDPE (Prop_fdpe_C_Q)         0.456    11.533 r  FDPE_6/Q
                         net (fo=1, routed)           0.190    11.723    soc_builder_xilinxasyncresetsynchronizerimpl3_rst_meta
    SLICE_X83Y72         FDPE                                         r  FDPE_7/D
  -------------------------------------------------------------------    -------------------

                         max delay                    2.000     2.000    
    E3                                                0.000     2.000 r  clk100 (IN)
                         net (fo=0)                   0.000     2.000    clk100
    E3                   IBUF (Prop_ibuf_I_O)         1.411     3.411 r  clk100_IBUF_inst/O
                         net (fo=1, routed)           1.920     5.331    clk100_IBUF
    BUFGCTRL_X0Y16       BUFG (Prop_bufg_I_O)         0.091     5.422 r  clk100_IBUF_BUFG_inst/O
                         net (fo=1, routed)           1.801     7.223    clk100_IBUF_BUFG
    SLICE_X34Y21         LUT1 (Prop_lut1_I0_O)        0.100     7.323 r  clk100_inst/O
                         net (fo=9, routed)           1.269     8.592    soc_crg_clkin
    MMCME2_ADV_X0Y0      MMCME2_ADV (Prop_mmcme2_adv_CLKIN1_CLKOUT3)
                                                      0.083     8.675 r  MMCME2_ADV/CLKOUT3
                         net (fo=1, routed)           1.923    10.598    soc_crg_clkout3
    BUFGCTRL_X0Y2        BUFG (Prop_bufg_I_O)         0.091    10.689 r  BUFG_3/O
                         net (fo=8, routed)           1.593    12.283    idelay_clk
    SLICE_X83Y72         FDPE                                         r  FDPE_7/C
                         clock pessimism              0.795    13.077    
                         clock uncertainty           -0.061    13.016    
    SLICE_X83Y72         FDPE (Setup_fdpe_C_D)       -0.047    12.969    FDPE_7
  -------------------------------------------------------------------
                         required time                         12.969    
                         arrival time                         -11.723    
  -------------------------------------------------------------------
                         slack                                  1.246    

Slack (MET) :             2.872ns  (required time - arrival time)
  Source:                 soc_crg_reset_counter_reg[2]/C
                            (rising edge-triggered cell FDSE clocked by soc_crg_clkout3  {rise@0.000ns fall@2.500ns period=5.000ns})
  Destination:            soc_crg_reset_counter_reg[0]/CE
                            (rising edge-triggered cell FDSE clocked by soc_crg_clkout3  {rise@0.000ns fall@2.500ns period=5.000ns})
  Path Group:             soc_crg_clkout3
  Path Type:              Setup (Max at Slow Process Corner)
  Requirement:            5.000ns  (soc_crg_clkout3 rise@5.000ns - soc_crg_clkout3 rise@0.000ns)
  Data Path Delay:        1.861ns  (logic 0.580ns (31.158%)  route 1.281ns (68.842%))
  Logic Levels:           1  (LUT4=1)
  Clock Path Skew:        0.000ns (DCD - SCD + CPR)
    Destination Clock Delay (DCD):    10.282ns = ( 15.282 - 5.000 ) 
    Source Clock Delay      (SCD):    11.076ns
    Clock Pessimism Removal (CPR):    0.795ns
  Clock Uncertainty:      0.061ns  ((TSJ^2 + DJ^2)^1/2) / 2 + PE
    Total System Jitter     (TSJ):    0.071ns
    Discrete Jitter          (DJ):    0.100ns
    Phase Error              (PE):    0.000ns

    Location             Delay type                Incr(ns)  Path(ns)    Netlist Resource(s)
  -------------------------------------------------------------------    -------------------
                         (clock soc_crg_clkout3 rise edge)
                                                      0.000     0.000 r  
    E3                                                0.000     0.000 r  clk100 (IN)
                         net (fo=0)                   0.000     0.000    clk100
    E3                   IBUF (Prop_ibuf_I_O)         1.482     1.482 r  clk100_IBUF_inst/O
                         net (fo=1, routed)           2.025     3.506    clk100_IBUF
    BUFGCTRL_X0Y16       BUFG (Prop_bufg_I_O)         0.096     3.602 r  clk100_IBUF_BUFG_inst/O
                         net (fo=1, routed)           1.961     5.563    clk100_IBUF_BUFG
    SLICE_X34Y21         LUT1 (Prop_lut1_I0_O)        0.124     5.687 r  clk100_inst/O
                         net (fo=9, routed)           1.476     7.164    soc_crg_clkin
    MMCME2_ADV_X0Y0      MMCME2_ADV (Prop_mmcme2_adv_CLKIN1_CLKOUT3)
                                                      0.088     7.252 r  MMCME2_ADV/CLKOUT3
                         net (fo=1, routed)           2.018     9.270    soc_crg_clkout3
    BUFGCTRL_X0Y2        BUFG (Prop_bufg_I_O)         0.096     9.366 r  BUFG_3/O
                         net (fo=8, routed)           1.710    11.076    idelay_clk
    SLICE_X87Y74         FDSE                                         r  soc_crg_reset_counter_reg[2]/C
  -------------------------------------------------------------------    -------------------
    SLICE_X87Y74         FDSE (Prop_fdse_C_Q)         0.456    11.532 r  soc_crg_reset_counter_reg[2]/Q
                         net (fo=3, routed)           0.700    12.233    soc_crg_reset_counter[2]
    SLICE_X87Y74         LUT4 (Prop_lut4_I2_O)        0.124    12.357 r  soc_crg_reset_counter[3]_i_1/O
                         net (fo=5, routed)           0.581    12.938    soc_crg_reset_counter[3]_i_1_n_0
    SLICE_X87Y74         FDSE                                         r  soc_crg_reset_counter_reg[0]/CE
  -------------------------------------------------------------------    -------------------

                         (clock soc_crg_clkout3 rise edge)
                                                      5.000     5.000 r  
    E3                                                0.000     5.000 r  clk100 (IN)
                         net (fo=0)                   0.000     5.000    clk100
    E3                   IBUF (Prop_ibuf_I_O)         1.411     6.411 r  clk100_IBUF_inst/O
                         net (fo=1, routed)           1.920     8.331    clk100_IBUF
    BUFGCTRL_X0Y16       BUFG (Prop_bufg_I_O)         0.091     8.422 r  clk100_IBUF_BUFG_inst/O
                         net (fo=1, routed)           1.801    10.223    clk100_IBUF_BUFG
    SLICE_X34Y21         LUT1 (Prop_lut1_I0_O)        0.100    10.323 r  clk100_inst/O
                         net (fo=9, routed)           1.269    11.592    soc_crg_clkin
    MMCME2_ADV_X0Y0      MMCME2_ADV (Prop_mmcme2_adv_CLKIN1_CLKOUT3)
                                                      0.083    11.675 r  MMCME2_ADV/CLKOUT3
                         net (fo=1, routed)           1.923    13.598    soc_crg_clkout3
    BUFGCTRL_X0Y2        BUFG (Prop_bufg_I_O)         0.091    13.689 r  BUFG_3/O
                         net (fo=8, routed)           1.592    15.282    idelay_clk
    SLICE_X87Y74         FDSE                                         r  soc_crg_reset_counter_reg[0]/C
                         clock pessimism              0.795    16.076    
                         clock uncertainty           -0.061    16.015    
    SLICE_X87Y74         FDSE (Setup_fdse_C_CE)      -0.205    15.810    soc_crg_reset_counter_reg[0]
  -------------------------------------------------------------------
                         required time                         15.810    
                         arrival time                         -12.938    
  -------------------------------------------------------------------
                         slack                                  2.872    

Slack (MET) :             2.872ns  (required time - arrival time)
  Source:                 soc_crg_reset_counter_reg[2]/C
                            (rising edge-triggered cell FDSE clocked by soc_crg_clkout3  {rise@0.000ns fall@2.500ns period=5.000ns})
  Destination:            soc_crg_reset_counter_reg[1]/CE
                            (rising edge-triggered cell FDSE clocked by soc_crg_clkout3  {rise@0.000ns fall@2.500ns period=5.000ns})
  Path Group:             soc_crg_clkout3
  Path Type:              Setup (Max at Slow Process Corner)
  Requirement:            5.000ns  (soc_crg_clkout3 rise@5.000ns - soc_crg_clkout3 rise@0.000ns)
  Data Path Delay:        1.861ns  (logic 0.580ns (31.158%)  route 1.281ns (68.842%))
  Logic Levels:           1  (LUT4=1)
  Clock Path Skew:        0.000ns (DCD - SCD + CPR)
    Destination Clock Delay (DCD):    10.282ns = ( 15.282 - 5.000 ) 
    Source Clock Delay      (SCD):    11.076ns
    Clock Pessimism Removal (CPR):    0.795ns
  Clock Uncertainty:      0.061ns  ((TSJ^2 + DJ^2)^1/2) / 2 + PE
    Total System Jitter     (TSJ):    0.071ns
    Discrete Jitter          (DJ):    0.100ns
    Phase Error              (PE):    0.000ns

    Location             Delay type                Incr(ns)  Path(ns)    Netlist Resource(s)
  -------------------------------------------------------------------    -------------------
                         (clock soc_crg_clkout3 rise edge)
                                                      0.000     0.000 r  
    E3                                                0.000     0.000 r  clk100 (IN)
                         net (fo=0)                   0.000     0.000    clk100
    E3                   IBUF (Prop_ibuf_I_O)         1.482     1.482 r  clk100_IBUF_inst/O
                         net (fo=1, routed)           2.025     3.506    clk100_IBUF
    BUFGCTRL_X0Y16       BUFG (Prop_bufg_I_O)         0.096     3.602 r  clk100_IBUF_BUFG_inst/O
                         net (fo=1, routed)           1.961     5.563    clk100_IBUF_BUFG
    SLICE_X34Y21         LUT1 (Prop_lut1_I0_O)        0.124     5.687 r  clk100_inst/O
                         net (fo=9, routed)           1.476     7.164    soc_crg_clkin
    MMCME2_ADV_X0Y0      MMCME2_ADV (Prop_mmcme2_adv_CLKIN1_CLKOUT3)
                                                      0.088     7.252 r  MMCME2_ADV/CLKOUT3
                         net (fo=1, routed)           2.018     9.270    soc_crg_clkout3
    BUFGCTRL_X0Y2        BUFG (Prop_bufg_I_O)         0.096     9.366 r  BUFG_3/O
                         net (fo=8, routed)           1.710    11.076    idelay_clk
    SLICE_X87Y74         FDSE                                         r  soc_crg_reset_counter_reg[2]/C
  -------------------------------------------------------------------    -------------------
    SLICE_X87Y74         FDSE (Prop_fdse_C_Q)         0.456    11.532 r  soc_crg_reset_counter_reg[2]/Q
                         net (fo=3, routed)           0.700    12.233    soc_crg_reset_counter[2]
    SLICE_X87Y74         LUT4 (Prop_lut4_I2_O)        0.124    12.357 r  soc_crg_reset_counter[3]_i_1/O
                         net (fo=5, routed)           0.581    12.938    soc_crg_reset_counter[3]_i_1_n_0
    SLICE_X87Y74         FDSE                                         r  soc_crg_reset_counter_reg[1]/CE
  -------------------------------------------------------------------    -------------------

                         (clock soc_crg_clkout3 rise edge)
                                                      5.000     5.000 r  
    E3                                                0.000     5.000 r  clk100 (IN)
                         net (fo=0)                   0.000     5.000    clk100
    E3                   IBUF (Prop_ibuf_I_O)         1.411     6.411 r  clk100_IBUF_inst/O
                         net (fo=1, routed)           1.920     8.331    clk100_IBUF
    BUFGCTRL_X0Y16       BUFG (Prop_bufg_I_O)         0.091     8.422 r  clk100_IBUF_BUFG_inst/O
                         net (fo=1, routed)           1.801    10.223    clk100_IBUF_BUFG
    SLICE_X34Y21         LUT1 (Prop_lut1_I0_O)        0.100    10.323 r  clk100_inst/O
                         net (fo=9, routed)           1.269    11.592    soc_crg_clkin
    MMCME2_ADV_X0Y0      MMCME2_ADV (Prop_mmcme2_adv_CLKIN1_CLKOUT3)
                                                      0.083    11.675 r  MMCME2_ADV/CLKOUT3
                         net (fo=1, routed)           1.923    13.598    soc_crg_clkout3
    BUFGCTRL_X0Y2        BUFG (Prop_bufg_I_O)         0.091    13.689 r  BUFG_3/O
                         net (fo=8, routed)           1.592    15.282    idelay_clk
    SLICE_X87Y74         FDSE                                         r  soc_crg_reset_counter_reg[1]/C
                         clock pessimism              0.795    16.076    
                         clock uncertainty           -0.061    16.015    
    SLICE_X87Y74         FDSE (Setup_fdse_C_CE)      -0.205    15.810    soc_crg_reset_counter_reg[1]
  -------------------------------------------------------------------
                         required time                         15.810    
                         arrival time                         -12.938    
  -------------------------------------------------------------------
                         slack                                  2.872    

Slack (MET) :             2.872ns  (required time - arrival time)
  Source:                 soc_crg_reset_counter_reg[2]/C
                            (rising edge-triggered cell FDSE clocked by soc_crg_clkout3  {rise@0.000ns fall@2.500ns period=5.000ns})
  Destination:            soc_crg_reset_counter_reg[2]/CE
                            (rising edge-triggered cell FDSE clocked by soc_crg_clkout3  {rise@0.000ns fall@2.500ns period=5.000ns})
  Path Group:             soc_crg_clkout3
  Path Type:              Setup (Max at Slow Process Corner)
  Requirement:            5.000ns  (soc_crg_clkout3 rise@5.000ns - soc_crg_clkout3 rise@0.000ns)
  Data Path Delay:        1.861ns  (logic 0.580ns (31.158%)  route 1.281ns (68.842%))
  Logic Levels:           1  (LUT4=1)
  Clock Path Skew:        0.000ns (DCD - SCD + CPR)
    Destination Clock Delay (DCD):    10.282ns = ( 15.282 - 5.000 ) 
    Source Clock Delay      (SCD):    11.076ns
    Clock Pessimism Removal (CPR):    0.795ns
  Clock Uncertainty:      0.061ns  ((TSJ^2 + DJ^2)^1/2) / 2 + PE
    Total System Jitter     (TSJ):    0.071ns
    Discrete Jitter          (DJ):    0.100ns
    Phase Error              (PE):    0.000ns

    Location             Delay type                Incr(ns)  Path(ns)    Netlist Resource(s)
  -------------------------------------------------------------------    -------------------
                         (clock soc_crg_clkout3 rise edge)
                                                      0.000     0.000 r  
    E3                                                0.000     0.000 r  clk100 (IN)
                         net (fo=0)                   0.000     0.000    clk100
    E3                   IBUF (Prop_ibuf_I_O)         1.482     1.482 r  clk100_IBUF_inst/O
                         net (fo=1, routed)           2.025     3.506    clk100_IBUF
    BUFGCTRL_X0Y16       BUFG (Prop_bufg_I_O)         0.096     3.602 r  clk100_IBUF_BUFG_inst/O
                         net (fo=1, routed)           1.961     5.563    clk100_IBUF_BUFG
    SLICE_X34Y21         LUT1 (Prop_lut1_I0_O)        0.124     5.687 r  clk100_inst/O
                         net (fo=9, routed)           1.476     7.164    soc_crg_clkin
    MMCME2_ADV_X0Y0      MMCME2_ADV (Prop_mmcme2_adv_CLKIN1_CLKOUT3)
                                                      0.088     7.252 r  MMCME2_ADV/CLKOUT3
                         net (fo=1, routed)           2.018     9.270    soc_crg_clkout3
    BUFGCTRL_X0Y2        BUFG (Prop_bufg_I_O)         0.096     9.366 r  BUFG_3/O
                         net (fo=8, routed)           1.710    11.076    idelay_clk
    SLICE_X87Y74         FDSE                                         r  soc_crg_reset_counter_reg[2]/C
  -------------------------------------------------------------------    -------------------
    SLICE_X87Y74         FDSE (Prop_fdse_C_Q)         0.456    11.532 r  soc_crg_reset_counter_reg[2]/Q
                         net (fo=3, routed)           0.700    12.233    soc_crg_reset_counter[2]
    SLICE_X87Y74         LUT4 (Prop_lut4_I2_O)        0.124    12.357 r  soc_crg_reset_counter[3]_i_1/O
                         net (fo=5, routed)           0.581    12.938    soc_crg_reset_counter[3]_i_1_n_0
    SLICE_X87Y74         FDSE                                         r  soc_crg_reset_counter_reg[2]/CE
  -------------------------------------------------------------------    -------------------

                         (clock soc_crg_clkout3 rise edge)
                                                      5.000     5.000 r  
    E3                                                0.000     5.000 r  clk100 (IN)
                         net (fo=0)                   0.000     5.000    clk100
    E3                   IBUF (Prop_ibuf_I_O)         1.411     6.411 r  clk100_IBUF_inst/O
                         net (fo=1, routed)           1.920     8.331    clk100_IBUF
    BUFGCTRL_X0Y16       BUFG (Prop_bufg_I_O)         0.091     8.422 r  clk100_IBUF_BUFG_inst/O
                         net (fo=1, routed)           1.801    10.223    clk100_IBUF_BUFG
    SLICE_X34Y21         LUT1 (Prop_lut1_I0_O)        0.100    10.323 r  clk100_inst/O
                         net (fo=9, routed)           1.269    11.592    soc_crg_clkin
    MMCME2_ADV_X0Y0      MMCME2_ADV (Prop_mmcme2_adv_CLKIN1_CLKOUT3)
                                                      0.083    11.675 r  MMCME2_ADV/CLKOUT3
                         net (fo=1, routed)           1.923    13.598    soc_crg_clkout3
    BUFGCTRL_X0Y2        BUFG (Prop_bufg_I_O)         0.091    13.689 r  BUFG_3/O
                         net (fo=8, routed)           1.592    15.282    idelay_clk
    SLICE_X87Y74         FDSE                                         r  soc_crg_reset_counter_reg[2]/C
                         clock pessimism              0.795    16.076    
                         clock uncertainty           -0.061    16.015    
    SLICE_X87Y74         FDSE (Setup_fdse_C_CE)      -0.205    15.810    soc_crg_reset_counter_reg[2]
  -------------------------------------------------------------------
                         required time                         15.810    
                         arrival time                         -12.938    
  -------------------------------------------------------------------
                         slack                                  2.872    

Slack (MET) :             2.872ns  (required time - arrival time)
  Source:                 soc_crg_reset_counter_reg[2]/C
                            (rising edge-triggered cell FDSE clocked by soc_crg_clkout3  {rise@0.000ns fall@2.500ns period=5.000ns})
  Destination:            soc_crg_reset_counter_reg[3]/CE
                            (rising edge-triggered cell FDSE clocked by soc_crg_clkout3  {rise@0.000ns fall@2.500ns period=5.000ns})
  Path Group:             soc_crg_clkout3
  Path Type:              Setup (Max at Slow Process Corner)
  Requirement:            5.000ns  (soc_crg_clkout3 rise@5.000ns - soc_crg_clkout3 rise@0.000ns)
  Data Path Delay:        1.861ns  (logic 0.580ns (31.158%)  route 1.281ns (68.842%))
  Logic Levels:           1  (LUT4=1)
  Clock Path Skew:        0.000ns (DCD - SCD + CPR)
    Destination Clock Delay (DCD):    10.282ns = ( 15.282 - 5.000 ) 
    Source Clock Delay      (SCD):    11.076ns
    Clock Pessimism Removal (CPR):    0.795ns
  Clock Uncertainty:      0.061ns  ((TSJ^2 + DJ^2)^1/2) / 2 + PE
    Total System Jitter     (TSJ):    0.071ns
    Discrete Jitter          (DJ):    0.100ns
    Phase Error              (PE):    0.000ns

    Location             Delay type                Incr(ns)  Path(ns)    Netlist Resource(s)
  -------------------------------------------------------------------    -------------------
                         (clock soc_crg_clkout3 rise edge)
                                                      0.000     0.000 r  
    E3                                                0.000     0.000 r  clk100 (IN)
                         net (fo=0)                   0.000     0.000    clk100
    E3                   IBUF (Prop_ibuf_I_O)         1.482     1.482 r  clk100_IBUF_inst/O
                         net (fo=1, routed)           2.025     3.506    clk100_IBUF
    BUFGCTRL_X0Y16       BUFG (Prop_bufg_I_O)         0.096     3.602 r  clk100_IBUF_BUFG_inst/O
                         net (fo=1, routed)           1.961     5.563    clk100_IBUF_BUFG
    SLICE_X34Y21         LUT1 (Prop_lut1_I0_O)        0.124     5.687 r  clk100_inst/O
                         net (fo=9, routed)           1.476     7.164    soc_crg_clkin
    MMCME2_ADV_X0Y0      MMCME2_ADV (Prop_mmcme2_adv_CLKIN1_CLKOUT3)
                                                      0.088     7.252 r  MMCME2_ADV/CLKOUT3
                         net (fo=1, routed)           2.018     9.270    soc_crg_clkout3
    BUFGCTRL_X0Y2        BUFG (Prop_bufg_I_O)         0.096     9.366 r  BUFG_3/O
                         net (fo=8, routed)           1.710    11.076    idelay_clk
    SLICE_X87Y74         FDSE                                         r  soc_crg_reset_counter_reg[2]/C
  -------------------------------------------------------------------    -------------------
    SLICE_X87Y74         FDSE (Prop_fdse_C_Q)         0.456    11.532 r  soc_crg_reset_counter_reg[2]/Q
                         net (fo=3, routed)           0.700    12.233    soc_crg_reset_counter[2]
    SLICE_X87Y74         LUT4 (Prop_lut4_I2_O)        0.124    12.357 r  soc_crg_reset_counter[3]_i_1/O
                         net (fo=5, routed)           0.581    12.938    soc_crg_reset_counter[3]_i_1_n_0
    SLICE_X87Y74         FDSE                                         r  soc_crg_reset_counter_reg[3]/CE
  -------------------------------------------------------------------    -------------------

                         (clock soc_crg_clkout3 rise edge)
                                                      5.000     5.000 r  
    E3                                                0.000     5.000 r  clk100 (IN)
                         net (fo=0)                   0.000     5.000    clk100
    E3                   IBUF (Prop_ibuf_I_O)         1.411     6.411 r  clk100_IBUF_inst/O
                         net (fo=1, routed)           1.920     8.331    clk100_IBUF
    BUFGCTRL_X0Y16       BUFG (Prop_bufg_I_O)         0.091     8.422 r  clk100_IBUF_BUFG_inst/O
                         net (fo=1, routed)           1.801    10.223    clk100_IBUF_BUFG
    SLICE_X34Y21         LUT1 (Prop_lut1_I0_O)        0.100    10.323 r  clk100_inst/O
                         net (fo=9, routed)           1.269    11.592    soc_crg_clkin
    MMCME2_ADV_X0Y0      MMCME2_ADV (Prop_mmcme2_adv_CLKIN1_CLKOUT3)
                                                      0.083    11.675 r  MMCME2_ADV/CLKOUT3
                         net (fo=1, routed)           1.923    13.598    soc_crg_clkout3
    BUFGCTRL_X0Y2        BUFG (Prop_bufg_I_O)         0.091    13.689 r  BUFG_3/O
                         net (fo=8, routed)           1.592    15.282    idelay_clk
    SLICE_X87Y74         FDSE                                         r  soc_crg_reset_counter_reg[3]/C
                         clock pessimism              0.795    16.076    
                         clock uncertainty           -0.061    16.015    
    SLICE_X87Y74         FDSE (Setup_fdse_C_CE)      -0.205    15.810    soc_crg_reset_counter_reg[3]
  -------------------------------------------------------------------
                         required time                         15.810    
                         arrival time                         -12.938    
  -------------------------------------------------------------------
                         slack                                  2.872    

Slack (MET) :             2.992ns  (required time - arrival time)
  Source:                 soc_crg_reset_counter_reg[2]/C
                            (rising edge-triggered cell FDSE clocked by soc_crg_clkout3  {rise@0.000ns fall@2.500ns period=5.000ns})
  Destination:            soc_crg_ic_reset_reg/D
                            (rising edge-triggered cell FDRE clocked by soc_crg_clkout3  {rise@0.000ns fall@2.500ns period=5.000ns})
  Path Group:             soc_crg_clkout3
  Path Type:              Setup (Max at Slow Process Corner)
  Requirement:            5.000ns  (soc_crg_clkout3 rise@5.000ns - soc_crg_clkout3 rise@0.000ns)
  Data Path Delay:        2.002ns  (logic 0.704ns (35.165%)  route 1.298ns (64.835%))
  Logic Levels:           2  (LUT3=1 LUT4=1)
  Clock Path Skew:        -0.022ns (DCD - SCD + CPR)
    Destination Clock Delay (DCD):    10.282ns = ( 15.282 - 5.000 ) 
    Source Clock Delay      (SCD):    11.076ns
    Clock Pessimism Removal (CPR):    0.773ns
  Clock Uncertainty:      0.061ns  ((TSJ^2 + DJ^2)^1/2) / 2 + PE
    Total System Jitter     (TSJ):    0.071ns
    Discrete Jitter          (DJ):    0.100ns
    Phase Error              (PE):    0.000ns

    Location             Delay type                Incr(ns)  Path(ns)    Netlist Resource(s)
  -------------------------------------------------------------------    -------------------
                         (clock soc_crg_clkout3 rise edge)
                                                      0.000     0.000 r  
    E3                                                0.000     0.000 r  clk100 (IN)
                         net (fo=0)                   0.000     0.000    clk100
    E3                   IBUF (Prop_ibuf_I_O)         1.482     1.482 r  clk100_IBUF_inst/O
                         net (fo=1, routed)           2.025     3.506    clk100_IBUF
    BUFGCTRL_X0Y16       BUFG (Prop_bufg_I_O)         0.096     3.602 r  clk100_IBUF_BUFG_inst/O
                         net (fo=1, routed)           1.961     5.563    clk100_IBUF_BUFG
    SLICE_X34Y21         LUT1 (Prop_lut1_I0_O)        0.124     5.687 r  clk100_inst/O
                         net (fo=9, routed)           1.476     7.164    soc_crg_clkin
    MMCME2_ADV_X0Y0      MMCME2_ADV (Prop_mmcme2_adv_CLKIN1_CLKOUT3)
                                                      0.088     7.252 r  MMCME2_ADV/CLKOUT3
                         net (fo=1, routed)           2.018     9.270    soc_crg_clkout3
    BUFGCTRL_X0Y2        BUFG (Prop_bufg_I_O)         0.096     9.366 r  BUFG_3/O
                         net (fo=8, routed)           1.710    11.076    idelay_clk
    SLICE_X87Y74         FDSE                                         r  soc_crg_reset_counter_reg[2]/C
  -------------------------------------------------------------------    -------------------
    SLICE_X87Y74         FDSE (Prop_fdse_C_Q)         0.456    11.532 r  soc_crg_reset_counter_reg[2]/Q
                         net (fo=3, routed)           0.700    12.233    soc_crg_reset_counter[2]
    SLICE_X87Y74         LUT4 (Prop_lut4_I2_O)        0.124    12.357 r  soc_crg_reset_counter[3]_i_1/O
                         net (fo=5, routed)           0.597    12.954    soc_crg_reset_counter[3]_i_1_n_0
    SLICE_X88Y74         LUT3 (Prop_lut3_I0_O)        0.124    13.078 r  soc_crg_ic_reset_i_1/O
                         net (fo=1, routed)           0.000    13.078    soc_crg_ic_reset_i_1_n_0
    SLICE_X88Y74         FDRE                                         r  soc_crg_ic_reset_reg/D
  -------------------------------------------------------------------    -------------------

                         (clock soc_crg_clkout3 rise edge)
                                                      5.000     5.000 r  
    E3                                                0.000     5.000 r  clk100 (IN)
                         net (fo=0)                   0.000     5.000    clk100
    E3                   IBUF (Prop_ibuf_I_O)         1.411     6.411 r  clk100_IBUF_inst/O
                         net (fo=1, routed)           1.920     8.331    clk100_IBUF
    BUFGCTRL_X0Y16       BUFG (Prop_bufg_I_O)         0.091     8.422 r  clk100_IBUF_BUFG_inst/O
                         net (fo=1, routed)           1.801    10.223    clk100_IBUF_BUFG
    SLICE_X34Y21         LUT1 (Prop_lut1_I0_O)        0.100    10.323 r  clk100_inst/O
                         net (fo=9, routed)           1.269    11.592    soc_crg_clkin
    MMCME2_ADV_X0Y0      MMCME2_ADV (Prop_mmcme2_adv_CLKIN1_CLKOUT3)
                                                      0.083    11.675 r  MMCME2_ADV/CLKOUT3
                         net (fo=1, routed)           1.923    13.598    soc_crg_clkout3
    BUFGCTRL_X0Y2        BUFG (Prop_bufg_I_O)         0.091    13.689 r  BUFG_3/O
                         net (fo=8, routed)           1.592    15.282    idelay_clk
    SLICE_X88Y74         FDRE                                         r  soc_crg_ic_reset_reg/C
                         clock pessimism              0.773    16.054    
                         clock uncertainty           -0.061    15.993    
    SLICE_X88Y74         FDRE (Setup_fdre_C_D)        0.077    16.070    soc_crg_ic_reset_reg
  -------------------------------------------------------------------
                         required time                         16.070    
                         arrival time                         -13.078    
  -------------------------------------------------------------------
                         slack                                  2.992    

Slack (MET) :             3.151ns  (required time - arrival time)
  Source:                 soc_crg_reset_counter_reg[0]/C
                            (rising edge-triggered cell FDSE clocked by soc_crg_clkout3  {rise@0.000ns fall@2.500ns period=5.000ns})
  Destination:            soc_crg_reset_counter_reg[2]/D
                            (rising edge-triggered cell FDSE clocked by soc_crg_clkout3  {rise@0.000ns fall@2.500ns period=5.000ns})
  Path Group:             soc_crg_clkout3
  Path Type:              Setup (Max at Slow Process Corner)
  Requirement:            5.000ns  (soc_crg_clkout3 rise@5.000ns - soc_crg_clkout3 rise@0.000ns)
  Data Path Delay:        1.819ns  (logic 0.580ns (31.888%)  route 1.239ns (68.112%))
  Logic Levels:           1  (LUT3=1)
  Clock Path Skew:        0.000ns (DCD - SCD + CPR)
    Destination Clock Delay (DCD):    10.282ns = ( 15.282 - 5.000 ) 
    Source Clock Delay      (SCD):    11.076ns
    Clock Pessimism Removal (CPR):    0.795ns
  Clock Uncertainty:      0.061ns  ((TSJ^2 + DJ^2)^1/2) / 2 + PE
    Total System Jitter     (TSJ):    0.071ns
    Discrete Jitter          (DJ):    0.100ns
    Phase Error              (PE):    0.000ns

    Location             Delay type                Incr(ns)  Path(ns)    Netlist Resource(s)
  -------------------------------------------------------------------    -------------------
                         (clock soc_crg_clkout3 rise edge)
                                                      0.000     0.000 r  
    E3                                                0.000     0.000 r  clk100 (IN)
                         net (fo=0)                   0.000     0.000    clk100
    E3                   IBUF (Prop_ibuf_I_O)         1.482     1.482 r  clk100_IBUF_inst/O
                         net (fo=1, routed)           2.025     3.506    clk100_IBUF
    BUFGCTRL_X0Y16       BUFG (Prop_bufg_I_O)         0.096     3.602 r  clk100_IBUF_BUFG_inst/O
                         net (fo=1, routed)           1.961     5.563    clk100_IBUF_BUFG
    SLICE_X34Y21         LUT1 (Prop_lut1_I0_O)        0.124     5.687 r  clk100_inst/O
                         net (fo=9, routed)           1.476     7.164    soc_crg_clkin
    MMCME2_ADV_X0Y0      MMCME2_ADV (Prop_mmcme2_adv_CLKIN1_CLKOUT3)
                                                      0.088     7.252 r  MMCME2_ADV/CLKOUT3
                         net (fo=1, routed)           2.018     9.270    soc_crg_clkout3
    BUFGCTRL_X0Y2        BUFG (Prop_bufg_I_O)         0.096     9.366 r  BUFG_3/O
                         net (fo=8, routed)           1.710    11.076    idelay_clk
    SLICE_X87Y74         FDSE                                         r  soc_crg_reset_counter_reg[0]/C
  -------------------------------------------------------------------    -------------------
    SLICE_X87Y74         FDSE (Prop_fdse_C_Q)         0.456    11.532 r  soc_crg_reset_counter_reg[0]/Q
                         net (fo=5, routed)           1.239    12.771    soc_crg_reset_counter[0]
    SLICE_X87Y74         LUT3 (Prop_lut3_I1_O)        0.124    12.895 r  soc_crg_reset_counter[2]_i_1/O
                         net (fo=1, routed)           0.000    12.895    soc_crg_reset_counter[2]_i_1_n_0
    SLICE_X87Y74         FDSE                                         r  soc_crg_reset_counter_reg[2]/D
  -------------------------------------------------------------------    -------------------

                         (clock soc_crg_clkout3 rise edge)
                                                      5.000     5.000 r  
    E3                                                0.000     5.000 r  clk100 (IN)
                         net (fo=0)                   0.000     5.000    clk100
    E3                   IBUF (Prop_ibuf_I_O)         1.411     6.411 r  clk100_IBUF_inst/O
                         net (fo=1, routed)           1.920     8.331    clk100_IBUF
    BUFGCTRL_X0Y16       BUFG (Prop_bufg_I_O)         0.091     8.422 r  clk100_IBUF_BUFG_inst/O
                         net (fo=1, routed)           1.801    10.223    clk100_IBUF_BUFG
    SLICE_X34Y21         LUT1 (Prop_lut1_I0_O)        0.100    10.323 r  clk100_inst/O
                         net (fo=9, routed)           1.269    11.592    soc_crg_clkin
    MMCME2_ADV_X0Y0      MMCME2_ADV (Prop_mmcme2_adv_CLKIN1_CLKOUT3)
                                                      0.083    11.675 r  MMCME2_ADV/CLKOUT3
                         net (fo=1, routed)           1.923    13.598    soc_crg_clkout3
    BUFGCTRL_X0Y2        BUFG (Prop_bufg_I_O)         0.091    13.689 r  BUFG_3/O
                         net (fo=8, routed)           1.592    15.282    idelay_clk
    SLICE_X87Y74         FDSE                                         r  soc_crg_reset_counter_reg[2]/C
                         clock pessimism              0.795    16.076    
                         clock uncertainty           -0.061    16.015    
    SLICE_X87Y74         FDSE (Setup_fdse_C_D)        0.031    16.046    soc_crg_reset_counter_reg[2]
  -------------------------------------------------------------------
                         required time                         16.046    
                         arrival time                         -12.895    
  -------------------------------------------------------------------
                         slack                                  3.151    

Slack (MET) :             3.154ns  (required time - arrival time)
  Source:                 soc_crg_reset_counter_reg[0]/C
                            (rising edge-triggered cell FDSE clocked by soc_crg_clkout3  {rise@0.000ns fall@2.500ns period=5.000ns})
  Destination:            soc_crg_reset_counter_reg[0]/D
                            (rising edge-triggered cell FDSE clocked by soc_crg_clkout3  {rise@0.000ns fall@2.500ns period=5.000ns})
  Path Group:             soc_crg_clkout3
  Path Type:              Setup (Max at Slow Process Corner)
  Requirement:            5.000ns  (soc_crg_clkout3 rise@5.000ns - soc_crg_clkout3 rise@0.000ns)
  Data Path Delay:        1.814ns  (logic 0.580ns (31.976%)  route 1.234ns (68.024%))
  Logic Levels:           1  (LUT1=1)
  Clock Path Skew:        0.000ns (DCD - SCD + CPR)
    Destination Clock Delay (DCD):    10.282ns = ( 15.282 - 5.000 ) 
    Source Clock Delay      (SCD):    11.076ns
    Clock Pessimism Removal (CPR):    0.795ns
  Clock Uncertainty:      0.061ns  ((TSJ^2 + DJ^2)^1/2) / 2 + PE
    Total System Jitter     (TSJ):    0.071ns
    Discrete Jitter          (DJ):    0.100ns
    Phase Error              (PE):    0.000ns

    Location             Delay type                Incr(ns)  Path(ns)    Netlist Resource(s)
  -------------------------------------------------------------------    -------------------
                         (clock soc_crg_clkout3 rise edge)
                                                      0.000     0.000 r  
    E3                                                0.000     0.000 r  clk100 (IN)
                         net (fo=0)                   0.000     0.000    clk100
    E3                   IBUF (Prop_ibuf_I_O)         1.482     1.482 r  clk100_IBUF_inst/O
                         net (fo=1, routed)           2.025     3.506    clk100_IBUF
    BUFGCTRL_X0Y16       BUFG (Prop_bufg_I_O)         0.096     3.602 r  clk100_IBUF_BUFG_inst/O
                         net (fo=1, routed)           1.961     5.563    clk100_IBUF_BUFG
    SLICE_X34Y21         LUT1 (Prop_lut1_I0_O)        0.124     5.687 r  clk100_inst/O
                         net (fo=9, routed)           1.476     7.164    soc_crg_clkin
    MMCME2_ADV_X0Y0      MMCME2_ADV (Prop_mmcme2_adv_CLKIN1_CLKOUT3)
                                                      0.088     7.252 r  MMCME2_ADV/CLKOUT3
                         net (fo=1, routed)           2.018     9.270    soc_crg_clkout3
    BUFGCTRL_X0Y2        BUFG (Prop_bufg_I_O)         0.096     9.366 r  BUFG_3/O
                         net (fo=8, routed)           1.710    11.076    idelay_clk
    SLICE_X87Y74         FDSE                                         r  soc_crg_reset_counter_reg[0]/C
  -------------------------------------------------------------------    -------------------
    SLICE_X87Y74         FDSE (Prop_fdse_C_Q)         0.456    11.532 f  soc_crg_reset_counter_reg[0]/Q
                         net (fo=5, routed)           1.234    12.766    soc_crg_reset_counter[0]
    SLICE_X87Y74         LUT1 (Prop_lut1_I0_O)        0.124    12.890 r  soc_crg_reset_counter[0]_i_1/O
                         net (fo=1, routed)           0.000    12.890    soc_crg_reset_counter0[0]
    SLICE_X87Y74         FDSE                                         r  soc_crg_reset_counter_reg[0]/D
  -------------------------------------------------------------------    -------------------

                         (clock soc_crg_clkout3 rise edge)
                                                      5.000     5.000 r  
    E3                                                0.000     5.000 r  clk100 (IN)
                         net (fo=0)                   0.000     5.000    clk100
    E3                   IBUF (Prop_ibuf_I_O)         1.411     6.411 r  clk100_IBUF_inst/O
                         net (fo=1, routed)           1.920     8.331    clk100_IBUF
    BUFGCTRL_X0Y16       BUFG (Prop_bufg_I_O)         0.091     8.422 r  clk100_IBUF_BUFG_inst/O
                         net (fo=1, routed)           1.801    10.223    clk100_IBUF_BUFG
    SLICE_X34Y21         LUT1 (Prop_lut1_I0_O)        0.100    10.323 r  clk100_inst/O
                         net (fo=9, routed)           1.269    11.592    soc_crg_clkin
    MMCME2_ADV_X0Y0      MMCME2_ADV (Prop_mmcme2_adv_CLKIN1_CLKOUT3)
                                                      0.083    11.675 r  MMCME2_ADV/CLKOUT3
                         net (fo=1, routed)           1.923    13.598    soc_crg_clkout3
    BUFGCTRL_X0Y2        BUFG (Prop_bufg_I_O)         0.091    13.689 r  BUFG_3/O
                         net (fo=8, routed)           1.592    15.282    idelay_clk
    SLICE_X87Y74         FDSE                                         r  soc_crg_reset_counter_reg[0]/C
                         clock pessimism              0.795    16.076    
                         clock uncertainty           -0.061    16.015    
    SLICE_X87Y74         FDSE (Setup_fdse_C_D)        0.029    16.044    soc_crg_reset_counter_reg[0]
  -------------------------------------------------------------------
                         required time                         16.044    
                         arrival time                         -12.890    
  -------------------------------------------------------------------
                         slack                                  3.154    

Slack (MET) :             3.167ns  (required time - arrival time)
  Source:                 soc_crg_reset_counter_reg[0]/C
                            (rising edge-triggered cell FDSE clocked by soc_crg_clkout3  {rise@0.000ns fall@2.500ns period=5.000ns})
  Destination:            soc_crg_reset_counter_reg[3]/D
                            (rising edge-triggered cell FDSE clocked by soc_crg_clkout3  {rise@0.000ns fall@2.500ns period=5.000ns})
  Path Group:             soc_crg_clkout3
  Path Type:              Setup (Max at Slow Process Corner)
  Requirement:            5.000ns  (soc_crg_clkout3 rise@5.000ns - soc_crg_clkout3 rise@0.000ns)
  Data Path Delay:        1.847ns  (logic 0.608ns (32.921%)  route 1.239ns (67.079%))
  Logic Levels:           1  (LUT4=1)
  Clock Path Skew:        0.000ns (DCD - SCD + CPR)
    Destination Clock Delay (DCD):    10.282ns = ( 15.282 - 5.000 ) 
    Source Clock Delay      (SCD):    11.076ns
    Clock Pessimism Removal (CPR):    0.795ns
  Clock Uncertainty:      0.061ns  ((TSJ^2 + DJ^2)^1/2) / 2 + PE
    Total System Jitter     (TSJ):    0.071ns
    Discrete Jitter          (DJ):    0.100ns
    Phase Error              (PE):    0.000ns

    Location             Delay type                Incr(ns)  Path(ns)    Netlist Resource(s)
  -------------------------------------------------------------------    -------------------
                         (clock soc_crg_clkout3 rise edge)
                                                      0.000     0.000 r  
    E3                                                0.000     0.000 r  clk100 (IN)
                         net (fo=0)                   0.000     0.000    clk100
    E3                   IBUF (Prop_ibuf_I_O)         1.482     1.482 r  clk100_IBUF_inst/O
                         net (fo=1, routed)           2.025     3.506    clk100_IBUF
    BUFGCTRL_X0Y16       BUFG (Prop_bufg_I_O)         0.096     3.602 r  clk100_IBUF_BUFG_inst/O
                         net (fo=1, routed)           1.961     5.563    clk100_IBUF_BUFG
    SLICE_X34Y21         LUT1 (Prop_lut1_I0_O)        0.124     5.687 r  clk100_inst/O
                         net (fo=9, routed)           1.476     7.164    soc_crg_clkin
    MMCME2_ADV_X0Y0      MMCME2_ADV (Prop_mmcme2_adv_CLKIN1_CLKOUT3)
                                                      0.088     7.252 r  MMCME2_ADV/CLKOUT3
                         net (fo=1, routed)           2.018     9.270    soc_crg_clkout3
    BUFGCTRL_X0Y2        BUFG (Prop_bufg_I_O)         0.096     9.366 r  BUFG_3/O
                         net (fo=8, routed)           1.710    11.076    idelay_clk
    SLICE_X87Y74         FDSE                                         r  soc_crg_reset_counter_reg[0]/C
  -------------------------------------------------------------------    -------------------
    SLICE_X87Y74         FDSE (Prop_fdse_C_Q)         0.456    11.532 r  soc_crg_reset_counter_reg[0]/Q
                         net (fo=5, routed)           1.239    12.771    soc_crg_reset_counter[0]
    SLICE_X87Y74         LUT4 (Prop_lut4_I1_O)        0.152    12.923 r  soc_crg_reset_counter[3]_i_2/O
                         net (fo=1, routed)           0.000    12.923    soc_crg_reset_counter[3]_i_2_n_0
    SLICE_X87Y74         FDSE                                         r  soc_crg_reset_counter_reg[3]/D
  -------------------------------------------------------------------    -------------------

                         (clock soc_crg_clkout3 rise edge)
                                                      5.000     5.000 r  
    E3                                                0.000     5.000 r  clk100 (IN)
                         net (fo=0)                   0.000     5.000    clk100
    E3                   IBUF (Prop_ibuf_I_O)         1.411     6.411 r  clk100_IBUF_inst/O
                         net (fo=1, routed)           1.920     8.331    clk100_IBUF
    BUFGCTRL_X0Y16       BUFG (Prop_bufg_I_O)         0.091     8.422 r  clk100_IBUF_BUFG_inst/O
                         net (fo=1, routed)           1.801    10.223    clk100_IBUF_BUFG
    SLICE_X34Y21         LUT1 (Prop_lut1_I0_O)        0.100    10.323 r  clk100_inst/O
                         net (fo=9, routed)           1.269    11.592    soc_crg_clkin
    MMCME2_ADV_X0Y0      MMCME2_ADV (Prop_mmcme2_adv_CLKIN1_CLKOUT3)
                                                      0.083    11.675 r  MMCME2_ADV/CLKOUT3
                         net (fo=1, routed)           1.923    13.598    soc_crg_clkout3
    BUFGCTRL_X0Y2        BUFG (Prop_bufg_I_O)         0.091    13.689 r  BUFG_3/O
                         net (fo=8, routed)           1.592    15.282    idelay_clk
    SLICE_X87Y74         FDSE                                         r  soc_crg_reset_counter_reg[3]/C
                         clock pessimism              0.795    16.076    
                         clock uncertainty           -0.061    16.015    
    SLICE_X87Y74         FDSE (Setup_fdse_C_D)        0.075    16.090    soc_crg_reset_counter_reg[3]
  -------------------------------------------------------------------
                         required time                         16.090    
                         arrival time                         -12.923    
  -------------------------------------------------------------------
                         slack                                  3.167    

Slack (MET) :             3.174ns  (required time - arrival time)
  Source:                 soc_crg_reset_counter_reg[0]/C
                            (rising edge-triggered cell FDSE clocked by soc_crg_clkout3  {rise@0.000ns fall@2.500ns period=5.000ns})
  Destination:            soc_crg_reset_counter_reg[1]/D
                            (rising edge-triggered cell FDSE clocked by soc_crg_clkout3  {rise@0.000ns fall@2.500ns period=5.000ns})
  Path Group:             soc_crg_clkout3
  Path Type:              Setup (Max at Slow Process Corner)
  Requirement:            5.000ns  (soc_crg_clkout3 rise@5.000ns - soc_crg_clkout3 rise@0.000ns)
  Data Path Delay:        1.840ns  (logic 0.606ns (32.938%)  route 1.234ns (67.063%))
  Logic Levels:           1  (LUT2=1)
  Clock Path Skew:        0.000ns (DCD - SCD + CPR)
    Destination Clock Delay (DCD):    10.282ns = ( 15.282 - 5.000 ) 
    Source Clock Delay      (SCD):    11.076ns
    Clock Pessimism Removal (CPR):    0.795ns
  Clock Uncertainty:      0.061ns  ((TSJ^2 + DJ^2)^1/2) / 2 + PE
    Total System Jitter     (TSJ):    0.071ns
    Discrete Jitter          (DJ):    0.100ns
    Phase Error              (PE):    0.000ns

    Location             Delay type                Incr(ns)  Path(ns)    Netlist Resource(s)
  -------------------------------------------------------------------    -------------------
                         (clock soc_crg_clkout3 rise edge)
                                                      0.000     0.000 r  
    E3                                                0.000     0.000 r  clk100 (IN)
                         net (fo=0)                   0.000     0.000    clk100
    E3                   IBUF (Prop_ibuf_I_O)         1.482     1.482 r  clk100_IBUF_inst/O
                         net (fo=1, routed)           2.025     3.506    clk100_IBUF
    BUFGCTRL_X0Y16       BUFG (Prop_bufg_I_O)         0.096     3.602 r  clk100_IBUF_BUFG_inst/O
                         net (fo=1, routed)           1.961     5.563    clk100_IBUF_BUFG
    SLICE_X34Y21         LUT1 (Prop_lut1_I0_O)        0.124     5.687 r  clk100_inst/O
                         net (fo=9, routed)           1.476     7.164    soc_crg_clkin
    MMCME2_ADV_X0Y0      MMCME2_ADV (Prop_mmcme2_adv_CLKIN1_CLKOUT3)
                                                      0.088     7.252 r  MMCME2_ADV/CLKOUT3
                         net (fo=1, routed)           2.018     9.270    soc_crg_clkout3
    BUFGCTRL_X0Y2        BUFG (Prop_bufg_I_O)         0.096     9.366 r  BUFG_3/O
                         net (fo=8, routed)           1.710    11.076    idelay_clk
    SLICE_X87Y74         FDSE                                         r  soc_crg_reset_counter_reg[0]/C
  -------------------------------------------------------------------    -------------------
    SLICE_X87Y74         FDSE (Prop_fdse_C_Q)         0.456    11.532 r  soc_crg_reset_counter_reg[0]/Q
                         net (fo=5, routed)           1.234    12.766    soc_crg_reset_counter[0]
    SLICE_X87Y74         LUT2 (Prop_lut2_I0_O)        0.150    12.916 r  soc_crg_reset_counter[1]_i_1/O
                         net (fo=1, routed)           0.000    12.916    soc_crg_reset_counter[1]_i_1_n_0
    SLICE_X87Y74         FDSE                                         r  soc_crg_reset_counter_reg[1]/D
  -------------------------------------------------------------------    -------------------

                         (clock soc_crg_clkout3 rise edge)
                                                      5.000     5.000 r  
    E3                                                0.000     5.000 r  clk100 (IN)
                         net (fo=0)                   0.000     5.000    clk100
    E3                   IBUF (Prop_ibuf_I_O)         1.411     6.411 r  clk100_IBUF_inst/O
                         net (fo=1, routed)           1.920     8.331    clk100_IBUF
    BUFGCTRL_X0Y16       BUFG (Prop_bufg_I_O)         0.091     8.422 r  clk100_IBUF_BUFG_inst/O
                         net (fo=1, routed)           1.801    10.223    clk100_IBUF_BUFG
    SLICE_X34Y21         LUT1 (Prop_lut1_I0_O)        0.100    10.323 r  clk100_inst/O
                         net (fo=9, routed)           1.269    11.592    soc_crg_clkin
    MMCME2_ADV_X0Y0      MMCME2_ADV (Prop_mmcme2_adv_CLKIN1_CLKOUT3)
                                                      0.083    11.675 r  MMCME2_ADV/CLKOUT3
                         net (fo=1, routed)           1.923    13.598    soc_crg_clkout3
    BUFGCTRL_X0Y2        BUFG (Prop_bufg_I_O)         0.091    13.689 r  BUFG_3/O
                         net (fo=8, routed)           1.592    15.282    idelay_clk
    SLICE_X87Y74         FDSE                                         r  soc_crg_reset_counter_reg[1]/C
                         clock pessimism              0.795    16.076    
                         clock uncertainty           -0.061    16.015    
    SLICE_X87Y74         FDSE (Setup_fdse_C_D)        0.075    16.090    soc_crg_reset_counter_reg[1]
  -------------------------------------------------------------------
                         required time                         16.090    
                         arrival time                         -12.916    
  -------------------------------------------------------------------
                         slack                                  3.174    





Min Delay Paths
--------------------------------------------------------------------------------------
Slack (MET) :             0.122ns  (arrival time - required time)
  Source:                 FDPE_6/C
                            (rising edge-triggered cell FDPE clocked by soc_crg_clkout3  {rise@0.000ns fall@2.500ns period=5.000ns})
  Destination:            FDPE_7/D
                            (rising edge-triggered cell FDPE clocked by soc_crg_clkout3  {rise@0.000ns fall@2.500ns period=5.000ns})
  Path Group:             soc_crg_clkout3
  Path Type:              Hold (Min at Fast Process Corner)
  Requirement:            0.000ns  (soc_crg_clkout3 rise@0.000ns - soc_crg_clkout3 rise@0.000ns)
  Data Path Delay:        0.197ns  (logic 0.141ns (71.611%)  route 0.056ns (28.389%))
  Logic Levels:           0  
  Clock Path Skew:        0.000ns (DCD - SCD - CPR)
    Destination Clock Delay (DCD):    4.587ns
    Source Clock Delay      (SCD):    3.627ns
    Clock Pessimism Removal (CPR):    0.959ns

    Location             Delay type                Incr(ns)  Path(ns)    Netlist Resource(s)
  -------------------------------------------------------------------    -------------------
                         (clock soc_crg_clkout3 rise edge)
                                                      0.000     0.000 r  
    E3                                                0.000     0.000 r  clk100 (IN)
                         net (fo=0)                   0.000     0.000    clk100
    E3                   IBUF (Prop_ibuf_I_O)         0.250     0.250 r  clk100_IBUF_inst/O
                         net (fo=1, routed)           0.644     0.894    clk100_IBUF
    BUFGCTRL_X0Y16       BUFG (Prop_bufg_I_O)         0.026     0.920 r  clk100_IBUF_BUFG_inst/O
                         net (fo=1, routed)           0.686     1.606    clk100_IBUF_BUFG
    SLICE_X34Y21         LUT1 (Prop_lut1_I0_O)        0.045     1.651 r  clk100_inst/O
                         net (fo=9, routed)           0.659     2.310    soc_crg_clkin
    MMCME2_ADV_X0Y0      MMCME2_ADV (Prop_mmcme2_adv_CLKIN1_CLKOUT3)
                                                      0.050     2.360 r  MMCME2_ADV/CLKOUT3
                         net (fo=1, routed)           0.648     3.008    soc_crg_clkout3
    BUFGCTRL_X0Y2        BUFG (Prop_bufg_I_O)         0.026     3.034 r  BUFG_3/O
                         net (fo=8, routed)           0.594     3.627    idelay_clk
    SLICE_X83Y72         FDPE                                         r  FDPE_6/C
  -------------------------------------------------------------------    -------------------
    SLICE_X83Y72         FDPE (Prop_fdpe_C_Q)         0.141     3.768 r  FDPE_6/Q
                         net (fo=1, routed)           0.056     3.824    soc_builder_xilinxasyncresetsynchronizerimpl3_rst_meta
    SLICE_X83Y72         FDPE                                         r  FDPE_7/D
  -------------------------------------------------------------------    -------------------

                         (clock soc_crg_clkout3 rise edge)
                                                      0.000     0.000 r  
    E3                                                0.000     0.000 r  clk100 (IN)
                         net (fo=0)                   0.000     0.000    clk100
    E3                   IBUF (Prop_ibuf_I_O)         0.438     0.438 r  clk100_IBUF_inst/O
                         net (fo=1, routed)           0.699     1.136    clk100_IBUF
    BUFGCTRL_X0Y16       BUFG (Prop_bufg_I_O)         0.029     1.165 r  clk100_IBUF_BUFG_inst/O
                         net (fo=1, routed)           0.967     2.133    clk100_IBUF_BUFG
    SLICE_X34Y21         LUT1 (Prop_lut1_I0_O)        0.056     2.189 r  clk100_inst/O
                         net (fo=9, routed)           0.753     2.942    soc_crg_clkin
    MMCME2_ADV_X0Y0      MMCME2_ADV (Prop_mmcme2_adv_CLKIN1_CLKOUT3)
                                                      0.053     2.995 r  MMCME2_ADV/CLKOUT3
                         net (fo=1, routed)           0.700     3.695    soc_crg_clkout3
    BUFGCTRL_X0Y2        BUFG (Prop_bufg_I_O)         0.029     3.724 r  BUFG_3/O
                         net (fo=8, routed)           0.863     4.587    idelay_clk
    SLICE_X83Y72         FDPE                                         r  FDPE_7/C
                         clock pessimism             -0.959     3.627    
    SLICE_X83Y72         FDPE (Hold_fdpe_C_D)         0.075     3.702    FDPE_7
  -------------------------------------------------------------------
                         required time                         -3.702    
                         arrival time                           3.824    
  -------------------------------------------------------------------
                         slack                                  0.122    

Slack (MET) :             0.264ns  (arrival time - required time)
  Source:                 soc_crg_ic_reset_reg/C
                            (rising edge-triggered cell FDRE clocked by soc_crg_clkout3  {rise@0.000ns fall@2.500ns period=5.000ns})
  Destination:            soc_crg_ic_reset_reg/D
                            (rising edge-triggered cell FDRE clocked by soc_crg_clkout3  {rise@0.000ns fall@2.500ns period=5.000ns})
  Path Group:             soc_crg_clkout3
  Path Type:              Hold (Min at Fast Process Corner)
  Requirement:            0.000ns  (soc_crg_clkout3 rise@0.000ns - soc_crg_clkout3 rise@0.000ns)
  Data Path Delay:        0.384ns  (logic 0.209ns (54.384%)  route 0.175ns (45.616%))
  Logic Levels:           1  (LUT3=1)
  Clock Path Skew:        0.000ns (DCD - SCD - CPR)
    Destination Clock Delay (DCD):    4.585ns
    Source Clock Delay      (SCD):    3.625ns
    Clock Pessimism Removal (CPR):    0.959ns

    Location             Delay type                Incr(ns)  Path(ns)    Netlist Resource(s)
  -------------------------------------------------------------------    -------------------
                         (clock soc_crg_clkout3 rise edge)
                                                      0.000     0.000 r  
    E3                                                0.000     0.000 r  clk100 (IN)
                         net (fo=0)                   0.000     0.000    clk100
    E3                   IBUF (Prop_ibuf_I_O)         0.250     0.250 r  clk100_IBUF_inst/O
                         net (fo=1, routed)           0.644     0.894    clk100_IBUF
    BUFGCTRL_X0Y16       BUFG (Prop_bufg_I_O)         0.026     0.920 r  clk100_IBUF_BUFG_inst/O
                         net (fo=1, routed)           0.686     1.606    clk100_IBUF_BUFG
    SLICE_X34Y21         LUT1 (Prop_lut1_I0_O)        0.045     1.651 r  clk100_inst/O
                         net (fo=9, routed)           0.659     2.310    soc_crg_clkin
    MMCME2_ADV_X0Y0      MMCME2_ADV (Prop_mmcme2_adv_CLKIN1_CLKOUT3)
                                                      0.050     2.360 r  MMCME2_ADV/CLKOUT3
                         net (fo=1, routed)           0.648     3.008    soc_crg_clkout3
    BUFGCTRL_X0Y2        BUFG (Prop_bufg_I_O)         0.026     3.034 r  BUFG_3/O
                         net (fo=8, routed)           0.592     3.625    idelay_clk
    SLICE_X88Y74         FDRE                                         r  soc_crg_ic_reset_reg/C
  -------------------------------------------------------------------    -------------------
    SLICE_X88Y74         FDRE (Prop_fdre_C_Q)         0.164     3.789 r  soc_crg_ic_reset_reg/Q
                         net (fo=2, routed)           0.175     3.965    soc_crg_ic_reset
    SLICE_X88Y74         LUT3 (Prop_lut3_I1_O)        0.045     4.010 r  soc_crg_ic_reset_i_1/O
                         net (fo=1, routed)           0.000     4.010    soc_crg_ic_reset_i_1_n_0
    SLICE_X88Y74         FDRE                                         r  soc_crg_ic_reset_reg/D
  -------------------------------------------------------------------    -------------------

                         (clock soc_crg_clkout3 rise edge)
                                                      0.000     0.000 r  
    E3                                                0.000     0.000 r  clk100 (IN)
                         net (fo=0)                   0.000     0.000    clk100
    E3                   IBUF (Prop_ibuf_I_O)         0.438     0.438 r  clk100_IBUF_inst/O
                         net (fo=1, routed)           0.699     1.136    clk100_IBUF
    BUFGCTRL_X0Y16       BUFG (Prop_bufg_I_O)         0.029     1.165 r  clk100_IBUF_BUFG_inst/O
                         net (fo=1, routed)           0.967     2.133    clk100_IBUF_BUFG
    SLICE_X34Y21         LUT1 (Prop_lut1_I0_O)        0.056     2.189 r  clk100_inst/O
                         net (fo=9, routed)           0.753     2.942    soc_crg_clkin
    MMCME2_ADV_X0Y0      MMCME2_ADV (Prop_mmcme2_adv_CLKIN1_CLKOUT3)
                                                      0.053     2.995 r  MMCME2_ADV/CLKOUT3
                         net (fo=1, routed)           0.700     3.695    soc_crg_clkout3
    BUFGCTRL_X0Y2        BUFG (Prop_bufg_I_O)         0.029     3.724 r  BUFG_3/O
                         net (fo=8, routed)           0.861     4.585    idelay_clk
    SLICE_X88Y74         FDRE                                         r  soc_crg_ic_reset_reg/C
                         clock pessimism             -0.959     3.625    
    SLICE_X88Y74         FDRE (Hold_fdre_C_D)         0.120     3.745    soc_crg_ic_reset_reg
  -------------------------------------------------------------------
                         required time                         -3.745    
                         arrival time                           4.010    
  -------------------------------------------------------------------
                         slack                                  0.264    

Slack (MET) :             0.307ns  (arrival time - required time)
  Source:                 soc_crg_reset_counter_reg[2]/C
                            (rising edge-triggered cell FDSE clocked by soc_crg_clkout3  {rise@0.000ns fall@2.500ns period=5.000ns})
  Destination:            soc_crg_reset_counter_reg[3]/D
                            (rising edge-triggered cell FDSE clocked by soc_crg_clkout3  {rise@0.000ns fall@2.500ns period=5.000ns})
  Path Group:             soc_crg_clkout3
  Path Type:              Hold (Min at Fast Process Corner)
  Requirement:            0.000ns  (soc_crg_clkout3 rise@0.000ns - soc_crg_clkout3 rise@0.000ns)
  Data Path Delay:        0.414ns  (logic 0.184ns (44.444%)  route 0.230ns (55.556%))
  Logic Levels:           1  (LUT4=1)
  Clock Path Skew:        0.000ns (DCD - SCD - CPR)
    Destination Clock Delay (DCD):    4.585ns
    Source Clock Delay      (SCD):    3.625ns
    Clock Pessimism Removal (CPR):    0.959ns

    Location             Delay type                Incr(ns)  Path(ns)    Netlist Resource(s)
  -------------------------------------------------------------------    -------------------
                         (clock soc_crg_clkout3 rise edge)
                                                      0.000     0.000 r  
    E3                                                0.000     0.000 r  clk100 (IN)
                         net (fo=0)                   0.000     0.000    clk100
    E3                   IBUF (Prop_ibuf_I_O)         0.250     0.250 r  clk100_IBUF_inst/O
                         net (fo=1, routed)           0.644     0.894    clk100_IBUF
    BUFGCTRL_X0Y16       BUFG (Prop_bufg_I_O)         0.026     0.920 r  clk100_IBUF_BUFG_inst/O
                         net (fo=1, routed)           0.686     1.606    clk100_IBUF_BUFG
    SLICE_X34Y21         LUT1 (Prop_lut1_I0_O)        0.045     1.651 r  clk100_inst/O
                         net (fo=9, routed)           0.659     2.310    soc_crg_clkin
    MMCME2_ADV_X0Y0      MMCME2_ADV (Prop_mmcme2_adv_CLKIN1_CLKOUT3)
                                                      0.050     2.360 r  MMCME2_ADV/CLKOUT3
                         net (fo=1, routed)           0.648     3.008    soc_crg_clkout3
    BUFGCTRL_X0Y2        BUFG (Prop_bufg_I_O)         0.026     3.034 r  BUFG_3/O
                         net (fo=8, routed)           0.592     3.625    idelay_clk
    SLICE_X87Y74         FDSE                                         r  soc_crg_reset_counter_reg[2]/C
  -------------------------------------------------------------------    -------------------
    SLICE_X87Y74         FDSE (Prop_fdse_C_Q)         0.141     3.766 r  soc_crg_reset_counter_reg[2]/Q
                         net (fo=3, routed)           0.230     3.996    soc_crg_reset_counter[2]
    SLICE_X87Y74         LUT4 (Prop_lut4_I0_O)        0.043     4.039 r  soc_crg_reset_counter[3]_i_2/O
                         net (fo=1, routed)           0.000     4.039    soc_crg_reset_counter[3]_i_2_n_0
    SLICE_X87Y74         FDSE                                         r  soc_crg_reset_counter_reg[3]/D
  -------------------------------------------------------------------    -------------------

                         (clock soc_crg_clkout3 rise edge)
                                                      0.000     0.000 r  
    E3                                                0.000     0.000 r  clk100 (IN)
                         net (fo=0)                   0.000     0.000    clk100
    E3                   IBUF (Prop_ibuf_I_O)         0.438     0.438 r  clk100_IBUF_inst/O
                         net (fo=1, routed)           0.699     1.136    clk100_IBUF
    BUFGCTRL_X0Y16       BUFG (Prop_bufg_I_O)         0.029     1.165 r  clk100_IBUF_BUFG_inst/O
                         net (fo=1, routed)           0.967     2.133    clk100_IBUF_BUFG
    SLICE_X34Y21         LUT1 (Prop_lut1_I0_O)        0.056     2.189 r  clk100_inst/O
                         net (fo=9, routed)           0.753     2.942    soc_crg_clkin
    MMCME2_ADV_X0Y0      MMCME2_ADV (Prop_mmcme2_adv_CLKIN1_CLKOUT3)
                                                      0.053     2.995 r  MMCME2_ADV/CLKOUT3
                         net (fo=1, routed)           0.700     3.695    soc_crg_clkout3
    BUFGCTRL_X0Y2        BUFG (Prop_bufg_I_O)         0.029     3.724 r  BUFG_3/O
                         net (fo=8, routed)           0.861     4.585    idelay_clk
    SLICE_X87Y74         FDSE                                         r  soc_crg_reset_counter_reg[3]/C
                         clock pessimism             -0.959     3.625    
    SLICE_X87Y74         FDSE (Hold_fdse_C_D)         0.107     3.732    soc_crg_reset_counter_reg[3]
  -------------------------------------------------------------------
                         required time                         -3.732    
                         arrival time                           4.039    
  -------------------------------------------------------------------
                         slack                                  0.307    

Slack (MET) :             0.324ns  (arrival time - required time)
  Source:                 soc_crg_reset_counter_reg[2]/C
                            (rising edge-triggered cell FDSE clocked by soc_crg_clkout3  {rise@0.000ns fall@2.500ns period=5.000ns})
  Destination:            soc_crg_reset_counter_reg[2]/D
                            (rising edge-triggered cell FDSE clocked by soc_crg_clkout3  {rise@0.000ns fall@2.500ns period=5.000ns})
  Path Group:             soc_crg_clkout3
  Path Type:              Hold (Min at Fast Process Corner)
  Requirement:            0.000ns  (soc_crg_clkout3 rise@0.000ns - soc_crg_clkout3 rise@0.000ns)
  Data Path Delay:        0.416ns  (logic 0.186ns (44.711%)  route 0.230ns (55.289%))
  Logic Levels:           1  (LUT3=1)
  Clock Path Skew:        0.000ns (DCD - SCD - CPR)
    Destination Clock Delay (DCD):    4.585ns
    Source Clock Delay      (SCD):    3.625ns
    Clock Pessimism Removal (CPR):    0.959ns

    Location             Delay type                Incr(ns)  Path(ns)    Netlist Resource(s)
  -------------------------------------------------------------------    -------------------
                         (clock soc_crg_clkout3 rise edge)
                                                      0.000     0.000 r  
    E3                                                0.000     0.000 r  clk100 (IN)
                         net (fo=0)                   0.000     0.000    clk100
    E3                   IBUF (Prop_ibuf_I_O)         0.250     0.250 r  clk100_IBUF_inst/O
                         net (fo=1, routed)           0.644     0.894    clk100_IBUF
    BUFGCTRL_X0Y16       BUFG (Prop_bufg_I_O)         0.026     0.920 r  clk100_IBUF_BUFG_inst/O
                         net (fo=1, routed)           0.686     1.606    clk100_IBUF_BUFG
    SLICE_X34Y21         LUT1 (Prop_lut1_I0_O)        0.045     1.651 r  clk100_inst/O
                         net (fo=9, routed)           0.659     2.310    soc_crg_clkin
    MMCME2_ADV_X0Y0      MMCME2_ADV (Prop_mmcme2_adv_CLKIN1_CLKOUT3)
                                                      0.050     2.360 r  MMCME2_ADV/CLKOUT3
                         net (fo=1, routed)           0.648     3.008    soc_crg_clkout3
    BUFGCTRL_X0Y2        BUFG (Prop_bufg_I_O)         0.026     3.034 r  BUFG_3/O
                         net (fo=8, routed)           0.592     3.625    idelay_clk
    SLICE_X87Y74         FDSE                                         r  soc_crg_reset_counter_reg[2]/C
  -------------------------------------------------------------------    -------------------
    SLICE_X87Y74         FDSE (Prop_fdse_C_Q)         0.141     3.766 r  soc_crg_reset_counter_reg[2]/Q
                         net (fo=3, routed)           0.230     3.996    soc_crg_reset_counter[2]
    SLICE_X87Y74         LUT3 (Prop_lut3_I2_O)        0.045     4.041 r  soc_crg_reset_counter[2]_i_1/O
                         net (fo=1, routed)           0.000     4.041    soc_crg_reset_counter[2]_i_1_n_0
    SLICE_X87Y74         FDSE                                         r  soc_crg_reset_counter_reg[2]/D
  -------------------------------------------------------------------    -------------------

                         (clock soc_crg_clkout3 rise edge)
                                                      0.000     0.000 r  
    E3                                                0.000     0.000 r  clk100 (IN)
                         net (fo=0)                   0.000     0.000    clk100
    E3                   IBUF (Prop_ibuf_I_O)         0.438     0.438 r  clk100_IBUF_inst/O
                         net (fo=1, routed)           0.699     1.136    clk100_IBUF
    BUFGCTRL_X0Y16       BUFG (Prop_bufg_I_O)         0.029     1.165 r  clk100_IBUF_BUFG_inst/O
                         net (fo=1, routed)           0.967     2.133    clk100_IBUF_BUFG
    SLICE_X34Y21         LUT1 (Prop_lut1_I0_O)        0.056     2.189 r  clk100_inst/O
                         net (fo=9, routed)           0.753     2.942    soc_crg_clkin
    MMCME2_ADV_X0Y0      MMCME2_ADV (Prop_mmcme2_adv_CLKIN1_CLKOUT3)
                                                      0.053     2.995 r  MMCME2_ADV/CLKOUT3
                         net (fo=1, routed)           0.700     3.695    soc_crg_clkout3
    BUFGCTRL_X0Y2        BUFG (Prop_bufg_I_O)         0.029     3.724 r  BUFG_3/O
                         net (fo=8, routed)           0.861     4.585    idelay_clk
    SLICE_X87Y74         FDSE                                         r  soc_crg_reset_counter_reg[2]/C
                         clock pessimism             -0.959     3.625    
    SLICE_X87Y74         FDSE (Hold_fdse_C_D)         0.092     3.717    soc_crg_reset_counter_reg[2]
  -------------------------------------------------------------------
                         required time                         -3.717    
                         arrival time                           4.041    
  -------------------------------------------------------------------
                         slack                                  0.324    

Slack (MET) :             0.403ns  (arrival time - required time)
  Source:                 soc_crg_reset_counter_reg[1]/C
                            (rising edge-triggered cell FDSE clocked by soc_crg_clkout3  {rise@0.000ns fall@2.500ns period=5.000ns})
  Destination:            soc_crg_reset_counter_reg[1]/D
                            (rising edge-triggered cell FDSE clocked by soc_crg_clkout3  {rise@0.000ns fall@2.500ns period=5.000ns})
  Path Group:             soc_crg_clkout3
  Path Type:              Hold (Min at Fast Process Corner)
  Requirement:            0.000ns  (soc_crg_clkout3 rise@0.000ns - soc_crg_clkout3 rise@0.000ns)
  Data Path Delay:        0.510ns  (logic 0.228ns (44.707%)  route 0.282ns (55.293%))
  Logic Levels:           1  (LUT2=1)
  Clock Path Skew:        0.000ns (DCD - SCD - CPR)
    Destination Clock Delay (DCD):    4.585ns
    Source Clock Delay      (SCD):    3.625ns
    Clock Pessimism Removal (CPR):    0.959ns

    Location             Delay type                Incr(ns)  Path(ns)    Netlist Resource(s)
  -------------------------------------------------------------------    -------------------
                         (clock soc_crg_clkout3 rise edge)
                                                      0.000     0.000 r  
    E3                                                0.000     0.000 r  clk100 (IN)
                         net (fo=0)                   0.000     0.000    clk100
    E3                   IBUF (Prop_ibuf_I_O)         0.250     0.250 r  clk100_IBUF_inst/O
                         net (fo=1, routed)           0.644     0.894    clk100_IBUF
    BUFGCTRL_X0Y16       BUFG (Prop_bufg_I_O)         0.026     0.920 r  clk100_IBUF_BUFG_inst/O
                         net (fo=1, routed)           0.686     1.606    clk100_IBUF_BUFG
    SLICE_X34Y21         LUT1 (Prop_lut1_I0_O)        0.045     1.651 r  clk100_inst/O
                         net (fo=9, routed)           0.659     2.310    soc_crg_clkin
    MMCME2_ADV_X0Y0      MMCME2_ADV (Prop_mmcme2_adv_CLKIN1_CLKOUT3)
                                                      0.050     2.360 r  MMCME2_ADV/CLKOUT3
                         net (fo=1, routed)           0.648     3.008    soc_crg_clkout3
    BUFGCTRL_X0Y2        BUFG (Prop_bufg_I_O)         0.026     3.034 r  BUFG_3/O
                         net (fo=8, routed)           0.592     3.625    idelay_clk
    SLICE_X87Y74         FDSE                                         r  soc_crg_reset_counter_reg[1]/C
  -------------------------------------------------------------------    -------------------
    SLICE_X87Y74         FDSE (Prop_fdse_C_Q)         0.128     3.753 r  soc_crg_reset_counter_reg[1]/Q
                         net (fo=4, routed)           0.282     4.035    soc_crg_reset_counter[1]
    SLICE_X87Y74         LUT2 (Prop_lut2_I1_O)        0.100     4.135 r  soc_crg_reset_counter[1]_i_1/O
                         net (fo=1, routed)           0.000     4.135    soc_crg_reset_counter[1]_i_1_n_0
    SLICE_X87Y74         FDSE                                         r  soc_crg_reset_counter_reg[1]/D
  -------------------------------------------------------------------    -------------------

                         (clock soc_crg_clkout3 rise edge)
                                                      0.000     0.000 r  
    E3                                                0.000     0.000 r  clk100 (IN)
                         net (fo=0)                   0.000     0.000    clk100
    E3                   IBUF (Prop_ibuf_I_O)         0.438     0.438 r  clk100_IBUF_inst/O
                         net (fo=1, routed)           0.699     1.136    clk100_IBUF
    BUFGCTRL_X0Y16       BUFG (Prop_bufg_I_O)         0.029     1.165 r  clk100_IBUF_BUFG_inst/O
                         net (fo=1, routed)           0.967     2.133    clk100_IBUF_BUFG
    SLICE_X34Y21         LUT1 (Prop_lut1_I0_O)        0.056     2.189 r  clk100_inst/O
                         net (fo=9, routed)           0.753     2.942    soc_crg_clkin
    MMCME2_ADV_X0Y0      MMCME2_ADV (Prop_mmcme2_adv_CLKIN1_CLKOUT3)
                                                      0.053     2.995 r  MMCME2_ADV/CLKOUT3
                         net (fo=1, routed)           0.700     3.695    soc_crg_clkout3
    BUFGCTRL_X0Y2        BUFG (Prop_bufg_I_O)         0.029     3.724 r  BUFG_3/O
                         net (fo=8, routed)           0.861     4.585    idelay_clk
    SLICE_X87Y74         FDSE                                         r  soc_crg_reset_counter_reg[1]/C
                         clock pessimism             -0.959     3.625    
    SLICE_X87Y74         FDSE (Hold_fdse_C_D)         0.107     3.732    soc_crg_reset_counter_reg[1]
  -------------------------------------------------------------------
                         required time                         -3.732    
                         arrival time                           4.135    
  -------------------------------------------------------------------
                         slack                                  0.403    

Slack (MET) :             0.412ns  (arrival time - required time)
  Source:                 FDPE_7/C
                            (rising edge-triggered cell FDPE clocked by soc_crg_clkout3  {rise@0.000ns fall@2.500ns period=5.000ns})
  Destination:            soc_crg_reset_counter_reg[0]/S
                            (rising edge-triggered cell FDSE clocked by soc_crg_clkout3  {rise@0.000ns fall@2.500ns period=5.000ns})
  Path Group:             soc_crg_clkout3
  Path Type:              Hold (Min at Fast Process Corner)
  Requirement:            0.000ns  (soc_crg_clkout3 rise@0.000ns - soc_crg_clkout3 rise@0.000ns)
  Data Path Delay:        0.373ns  (logic 0.128ns (34.291%)  route 0.245ns (65.709%))
  Logic Levels:           0  
  Clock Path Skew:        0.033ns (DCD - SCD - CPR)
    Destination Clock Delay (DCD):    4.585ns
    Source Clock Delay      (SCD):    3.627ns
    Clock Pessimism Removal (CPR):    0.924ns

    Location             Delay type                Incr(ns)  Path(ns)    Netlist Resource(s)
  -------------------------------------------------------------------    -------------------
                         (clock soc_crg_clkout3 rise edge)
                                                      0.000     0.000 r  
    E3                                                0.000     0.000 r  clk100 (IN)
                         net (fo=0)                   0.000     0.000    clk100
    E3                   IBUF (Prop_ibuf_I_O)         0.250     0.250 r  clk100_IBUF_inst/O
                         net (fo=1, routed)           0.644     0.894    clk100_IBUF
    BUFGCTRL_X0Y16       BUFG (Prop_bufg_I_O)         0.026     0.920 r  clk100_IBUF_BUFG_inst/O
                         net (fo=1, routed)           0.686     1.606    clk100_IBUF_BUFG
    SLICE_X34Y21         LUT1 (Prop_lut1_I0_O)        0.045     1.651 r  clk100_inst/O
                         net (fo=9, routed)           0.659     2.310    soc_crg_clkin
    MMCME2_ADV_X0Y0      MMCME2_ADV (Prop_mmcme2_adv_CLKIN1_CLKOUT3)
                                                      0.050     2.360 r  MMCME2_ADV/CLKOUT3
                         net (fo=1, routed)           0.648     3.008    soc_crg_clkout3
    BUFGCTRL_X0Y2        BUFG (Prop_bufg_I_O)         0.026     3.034 r  BUFG_3/O
                         net (fo=8, routed)           0.594     3.627    idelay_clk
    SLICE_X83Y72         FDPE                                         r  FDPE_7/C
  -------------------------------------------------------------------    -------------------
    SLICE_X83Y72         FDPE (Prop_fdpe_C_Q)         0.128     3.755 r  FDPE_7/Q
                         net (fo=5, routed)           0.245     4.000    idelay_rst
    SLICE_X87Y74         FDSE                                         r  soc_crg_reset_counter_reg[0]/S
  -------------------------------------------------------------------    -------------------

                         (clock soc_crg_clkout3 rise edge)
                                                      0.000     0.000 r  
    E3                                                0.000     0.000 r  clk100 (IN)
                         net (fo=0)                   0.000     0.000    clk100
    E3                   IBUF (Prop_ibuf_I_O)         0.438     0.438 r  clk100_IBUF_inst/O
                         net (fo=1, routed)           0.699     1.136    clk100_IBUF
    BUFGCTRL_X0Y16       BUFG (Prop_bufg_I_O)         0.029     1.165 r  clk100_IBUF_BUFG_inst/O
                         net (fo=1, routed)           0.967     2.133    clk100_IBUF_BUFG
    SLICE_X34Y21         LUT1 (Prop_lut1_I0_O)        0.056     2.189 r  clk100_inst/O
                         net (fo=9, routed)           0.753     2.942    soc_crg_clkin
    MMCME2_ADV_X0Y0      MMCME2_ADV (Prop_mmcme2_adv_CLKIN1_CLKOUT3)
                                                      0.053     2.995 r  MMCME2_ADV/CLKOUT3
                         net (fo=1, routed)           0.700     3.695    soc_crg_clkout3
    BUFGCTRL_X0Y2        BUFG (Prop_bufg_I_O)         0.029     3.724 r  BUFG_3/O
                         net (fo=8, routed)           0.861     4.585    idelay_clk
    SLICE_X87Y74         FDSE                                         r  soc_crg_reset_counter_reg[0]/C
                         clock pessimism             -0.924     3.660    
    SLICE_X87Y74         FDSE (Hold_fdse_C_S)        -0.072     3.588    soc_crg_reset_counter_reg[0]
  -------------------------------------------------------------------
                         required time                         -3.588    
                         arrival time                           4.000    
  -------------------------------------------------------------------
                         slack                                  0.412    

Slack (MET) :             0.412ns  (arrival time - required time)
  Source:                 FDPE_7/C
                            (rising edge-triggered cell FDPE clocked by soc_crg_clkout3  {rise@0.000ns fall@2.500ns period=5.000ns})
  Destination:            soc_crg_reset_counter_reg[1]/S
                            (rising edge-triggered cell FDSE clocked by soc_crg_clkout3  {rise@0.000ns fall@2.500ns period=5.000ns})
  Path Group:             soc_crg_clkout3
  Path Type:              Hold (Min at Fast Process Corner)
  Requirement:            0.000ns  (soc_crg_clkout3 rise@0.000ns - soc_crg_clkout3 rise@0.000ns)
  Data Path Delay:        0.373ns  (logic 0.128ns (34.291%)  route 0.245ns (65.709%))
  Logic Levels:           0  
  Clock Path Skew:        0.033ns (DCD - SCD - CPR)
    Destination Clock Delay (DCD):    4.585ns
    Source Clock Delay      (SCD):    3.627ns
    Clock Pessimism Removal (CPR):    0.924ns

    Location             Delay type                Incr(ns)  Path(ns)    Netlist Resource(s)
  -------------------------------------------------------------------    -------------------
                         (clock soc_crg_clkout3 rise edge)
                                                      0.000     0.000 r  
    E3                                                0.000     0.000 r  clk100 (IN)
                         net (fo=0)                   0.000     0.000    clk100
    E3                   IBUF (Prop_ibuf_I_O)         0.250     0.250 r  clk100_IBUF_inst/O
                         net (fo=1, routed)           0.644     0.894    clk100_IBUF
    BUFGCTRL_X0Y16       BUFG (Prop_bufg_I_O)         0.026     0.920 r  clk100_IBUF_BUFG_inst/O
                         net (fo=1, routed)           0.686     1.606    clk100_IBUF_BUFG
    SLICE_X34Y21         LUT1 (Prop_lut1_I0_O)        0.045     1.651 r  clk100_inst/O
                         net (fo=9, routed)           0.659     2.310    soc_crg_clkin
    MMCME2_ADV_X0Y0      MMCME2_ADV (Prop_mmcme2_adv_CLKIN1_CLKOUT3)
                                                      0.050     2.360 r  MMCME2_ADV/CLKOUT3
                         net (fo=1, routed)           0.648     3.008    soc_crg_clkout3
    BUFGCTRL_X0Y2        BUFG (Prop_bufg_I_O)         0.026     3.034 r  BUFG_3/O
                         net (fo=8, routed)           0.594     3.627    idelay_clk
    SLICE_X83Y72         FDPE                                         r  FDPE_7/C
  -------------------------------------------------------------------    -------------------
    SLICE_X83Y72         FDPE (Prop_fdpe_C_Q)         0.128     3.755 r  FDPE_7/Q
                         net (fo=5, routed)           0.245     4.000    idelay_rst
    SLICE_X87Y74         FDSE                                         r  soc_crg_reset_counter_reg[1]/S
  -------------------------------------------------------------------    -------------------

                         (clock soc_crg_clkout3 rise edge)
                                                      0.000     0.000 r  
    E3                                                0.000     0.000 r  clk100 (IN)
                         net (fo=0)                   0.000     0.000    clk100
    E3                   IBUF (Prop_ibuf_I_O)         0.438     0.438 r  clk100_IBUF_inst/O
                         net (fo=1, routed)           0.699     1.136    clk100_IBUF
    BUFGCTRL_X0Y16       BUFG (Prop_bufg_I_O)         0.029     1.165 r  clk100_IBUF_BUFG_inst/O
                         net (fo=1, routed)           0.967     2.133    clk100_IBUF_BUFG
    SLICE_X34Y21         LUT1 (Prop_lut1_I0_O)        0.056     2.189 r  clk100_inst/O
                         net (fo=9, routed)           0.753     2.942    soc_crg_clkin
    MMCME2_ADV_X0Y0      MMCME2_ADV (Prop_mmcme2_adv_CLKIN1_CLKOUT3)
                                                      0.053     2.995 r  MMCME2_ADV/CLKOUT3
                         net (fo=1, routed)           0.700     3.695    soc_crg_clkout3
    BUFGCTRL_X0Y2        BUFG (Prop_bufg_I_O)         0.029     3.724 r  BUFG_3/O
                         net (fo=8, routed)           0.861     4.585    idelay_clk
    SLICE_X87Y74         FDSE                                         r  soc_crg_reset_counter_reg[1]/C
                         clock pessimism             -0.924     3.660    
    SLICE_X87Y74         FDSE (Hold_fdse_C_S)        -0.072     3.588    soc_crg_reset_counter_reg[1]
  -------------------------------------------------------------------
                         required time                         -3.588    
                         arrival time                           4.000    
  -------------------------------------------------------------------
                         slack                                  0.412    

Slack (MET) :             0.412ns  (arrival time - required time)
  Source:                 FDPE_7/C
                            (rising edge-triggered cell FDPE clocked by soc_crg_clkout3  {rise@0.000ns fall@2.500ns period=5.000ns})
  Destination:            soc_crg_reset_counter_reg[2]/S
                            (rising edge-triggered cell FDSE clocked by soc_crg_clkout3  {rise@0.000ns fall@2.500ns period=5.000ns})
  Path Group:             soc_crg_clkout3
  Path Type:              Hold (Min at Fast Process Corner)
  Requirement:            0.000ns  (soc_crg_clkout3 rise@0.000ns - soc_crg_clkout3 rise@0.000ns)
  Data Path Delay:        0.373ns  (logic 0.128ns (34.291%)  route 0.245ns (65.709%))
  Logic Levels:           0  
  Clock Path Skew:        0.033ns (DCD - SCD - CPR)
    Destination Clock Delay (DCD):    4.585ns
    Source Clock Delay      (SCD):    3.627ns
    Clock Pessimism Removal (CPR):    0.924ns

    Location             Delay type                Incr(ns)  Path(ns)    Netlist Resource(s)
  -------------------------------------------------------------------    -------------------
                         (clock soc_crg_clkout3 rise edge)
                                                      0.000     0.000 r  
    E3                                                0.000     0.000 r  clk100 (IN)
                         net (fo=0)                   0.000     0.000    clk100
    E3                   IBUF (Prop_ibuf_I_O)         0.250     0.250 r  clk100_IBUF_inst/O
                         net (fo=1, routed)           0.644     0.894    clk100_IBUF
    BUFGCTRL_X0Y16       BUFG (Prop_bufg_I_O)         0.026     0.920 r  clk100_IBUF_BUFG_inst/O
                         net (fo=1, routed)           0.686     1.606    clk100_IBUF_BUFG
    SLICE_X34Y21         LUT1 (Prop_lut1_I0_O)        0.045     1.651 r  clk100_inst/O
                         net (fo=9, routed)           0.659     2.310    soc_crg_clkin
    MMCME2_ADV_X0Y0      MMCME2_ADV (Prop_mmcme2_adv_CLKIN1_CLKOUT3)
                                                      0.050     2.360 r  MMCME2_ADV/CLKOUT3
                         net (fo=1, routed)           0.648     3.008    soc_crg_clkout3
    BUFGCTRL_X0Y2        BUFG (Prop_bufg_I_O)         0.026     3.034 r  BUFG_3/O
                         net (fo=8, routed)           0.594     3.627    idelay_clk
    SLICE_X83Y72         FDPE                                         r  FDPE_7/C
  -------------------------------------------------------------------    -------------------
    SLICE_X83Y72         FDPE (Prop_fdpe_C_Q)         0.128     3.755 r  FDPE_7/Q
                         net (fo=5, routed)           0.245     4.000    idelay_rst
    SLICE_X87Y74         FDSE                                         r  soc_crg_reset_counter_reg[2]/S
  -------------------------------------------------------------------    -------------------

                         (clock soc_crg_clkout3 rise edge)
                                                      0.000     0.000 r  
    E3                                                0.000     0.000 r  clk100 (IN)
                         net (fo=0)                   0.000     0.000    clk100
    E3                   IBUF (Prop_ibuf_I_O)         0.438     0.438 r  clk100_IBUF_inst/O
                         net (fo=1, routed)           0.699     1.136    clk100_IBUF
    BUFGCTRL_X0Y16       BUFG (Prop_bufg_I_O)         0.029     1.165 r  clk100_IBUF_BUFG_inst/O
                         net (fo=1, routed)           0.967     2.133    clk100_IBUF_BUFG
    SLICE_X34Y21         LUT1 (Prop_lut1_I0_O)        0.056     2.189 r  clk100_inst/O
                         net (fo=9, routed)           0.753     2.942    soc_crg_clkin
    MMCME2_ADV_X0Y0      MMCME2_ADV (Prop_mmcme2_adv_CLKIN1_CLKOUT3)
                                                      0.053     2.995 r  MMCME2_ADV/CLKOUT3
                         net (fo=1, routed)           0.700     3.695    soc_crg_clkout3
    BUFGCTRL_X0Y2        BUFG (Prop_bufg_I_O)         0.029     3.724 r  BUFG_3/O
                         net (fo=8, routed)           0.861     4.585    idelay_clk
    SLICE_X87Y74         FDSE                                         r  soc_crg_reset_counter_reg[2]/C
                         clock pessimism             -0.924     3.660    
    SLICE_X87Y74         FDSE (Hold_fdse_C_S)        -0.072     3.588    soc_crg_reset_counter_reg[2]
  -------------------------------------------------------------------
                         required time                         -3.588    
                         arrival time                           4.000    
  -------------------------------------------------------------------
                         slack                                  0.412    

Slack (MET) :             0.412ns  (arrival time - required time)
  Source:                 FDPE_7/C
                            (rising edge-triggered cell FDPE clocked by soc_crg_clkout3  {rise@0.000ns fall@2.500ns period=5.000ns})
  Destination:            soc_crg_reset_counter_reg[3]/S
                            (rising edge-triggered cell FDSE clocked by soc_crg_clkout3  {rise@0.000ns fall@2.500ns period=5.000ns})
  Path Group:             soc_crg_clkout3
  Path Type:              Hold (Min at Fast Process Corner)
  Requirement:            0.000ns  (soc_crg_clkout3 rise@0.000ns - soc_crg_clkout3 rise@0.000ns)
  Data Path Delay:        0.373ns  (logic 0.128ns (34.291%)  route 0.245ns (65.709%))
  Logic Levels:           0  
  Clock Path Skew:        0.033ns (DCD - SCD - CPR)
    Destination Clock Delay (DCD):    4.585ns
    Source Clock Delay      (SCD):    3.627ns
    Clock Pessimism Removal (CPR):    0.924ns

    Location             Delay type                Incr(ns)  Path(ns)    Netlist Resource(s)
  -------------------------------------------------------------------    -------------------
                         (clock soc_crg_clkout3 rise edge)
                                                      0.000     0.000 r  
    E3                                                0.000     0.000 r  clk100 (IN)
                         net (fo=0)                   0.000     0.000    clk100
    E3                   IBUF (Prop_ibuf_I_O)         0.250     0.250 r  clk100_IBUF_inst/O
                         net (fo=1, routed)           0.644     0.894    clk100_IBUF
    BUFGCTRL_X0Y16       BUFG (Prop_bufg_I_O)         0.026     0.920 r  clk100_IBUF_BUFG_inst/O
                         net (fo=1, routed)           0.686     1.606    clk100_IBUF_BUFG
    SLICE_X34Y21         LUT1 (Prop_lut1_I0_O)        0.045     1.651 r  clk100_inst/O
                         net (fo=9, routed)           0.659     2.310    soc_crg_clkin
    MMCME2_ADV_X0Y0      MMCME2_ADV (Prop_mmcme2_adv_CLKIN1_CLKOUT3)
                                                      0.050     2.360 r  MMCME2_ADV/CLKOUT3
                         net (fo=1, routed)           0.648     3.008    soc_crg_clkout3
    BUFGCTRL_X0Y2        BUFG (Prop_bufg_I_O)         0.026     3.034 r  BUFG_3/O
                         net (fo=8, routed)           0.594     3.627    idelay_clk
    SLICE_X83Y72         FDPE                                         r  FDPE_7/C
  -------------------------------------------------------------------    -------------------
    SLICE_X83Y72         FDPE (Prop_fdpe_C_Q)         0.128     3.755 r  FDPE_7/Q
                         net (fo=5, routed)           0.245     4.000    idelay_rst
    SLICE_X87Y74         FDSE                                         r  soc_crg_reset_counter_reg[3]/S
  -------------------------------------------------------------------    -------------------

                         (clock soc_crg_clkout3 rise edge)
                                                      0.000     0.000 r  
    E3                                                0.000     0.000 r  clk100 (IN)
                         net (fo=0)                   0.000     0.000    clk100
    E3                   IBUF (Prop_ibuf_I_O)         0.438     0.438 r  clk100_IBUF_inst/O
                         net (fo=1, routed)           0.699     1.136    clk100_IBUF
    BUFGCTRL_X0Y16       BUFG (Prop_bufg_I_O)         0.029     1.165 r  clk100_IBUF_BUFG_inst/O
                         net (fo=1, routed)           0.967     2.133    clk100_IBUF_BUFG
    SLICE_X34Y21         LUT1 (Prop_lut1_I0_O)        0.056     2.189 r  clk100_inst/O
                         net (fo=9, routed)           0.753     2.942    soc_crg_clkin
    MMCME2_ADV_X0Y0      MMCME2_ADV (Prop_mmcme2_adv_CLKIN1_CLKOUT3)
                                                      0.053     2.995 r  MMCME2_ADV/CLKOUT3
                         net (fo=1, routed)           0.700     3.695    soc_crg_clkout3
    BUFGCTRL_X0Y2        BUFG (Prop_bufg_I_O)         0.029     3.724 r  BUFG_3/O
                         net (fo=8, routed)           0.861     4.585    idelay_clk
    SLICE_X87Y74         FDSE                                         r  soc_crg_reset_counter_reg[3]/C
                         clock pessimism             -0.924     3.660    
    SLICE_X87Y74         FDSE (Hold_fdse_C_S)        -0.072     3.588    soc_crg_reset_counter_reg[3]
  -------------------------------------------------------------------
                         required time                         -3.588    
                         arrival time                           4.000    
  -------------------------------------------------------------------
                         slack                                  0.412    

Slack (MET) :             0.560ns  (arrival time - required time)
  Source:                 soc_crg_reset_counter_reg[0]/C
                            (rising edge-triggered cell FDSE clocked by soc_crg_clkout3  {rise@0.000ns fall@2.500ns period=5.000ns})
  Destination:            soc_crg_reset_counter_reg[0]/CE
                            (rising edge-triggered cell FDSE clocked by soc_crg_clkout3  {rise@0.000ns fall@2.500ns period=5.000ns})
  Path Group:             soc_crg_clkout3
  Path Type:              Hold (Min at Fast Process Corner)
  Requirement:            0.000ns  (soc_crg_clkout3 rise@0.000ns - soc_crg_clkout3 rise@0.000ns)
  Data Path Delay:        0.521ns  (logic 0.186ns (35.695%)  route 0.335ns (64.305%))
  Logic Levels:           1  (LUT4=1)
  Clock Path Skew:        0.000ns (DCD - SCD - CPR)
    Destination Clock Delay (DCD):    4.585ns
    Source Clock Delay      (SCD):    3.625ns
    Clock Pessimism Removal (CPR):    0.959ns

    Location             Delay type                Incr(ns)  Path(ns)    Netlist Resource(s)
  -------------------------------------------------------------------    -------------------
                         (clock soc_crg_clkout3 rise edge)
                                                      0.000     0.000 r  
    E3                                                0.000     0.000 r  clk100 (IN)
                         net (fo=0)                   0.000     0.000    clk100
    E3                   IBUF (Prop_ibuf_I_O)         0.250     0.250 r  clk100_IBUF_inst/O
                         net (fo=1, routed)           0.644     0.894    clk100_IBUF
    BUFGCTRL_X0Y16       BUFG (Prop_bufg_I_O)         0.026     0.920 r  clk100_IBUF_BUFG_inst/O
                         net (fo=1, routed)           0.686     1.606    clk100_IBUF_BUFG
    SLICE_X34Y21         LUT1 (Prop_lut1_I0_O)        0.045     1.651 r  clk100_inst/O
                         net (fo=9, routed)           0.659     2.310    soc_crg_clkin
    MMCME2_ADV_X0Y0      MMCME2_ADV (Prop_mmcme2_adv_CLKIN1_CLKOUT3)
                                                      0.050     2.360 r  MMCME2_ADV/CLKOUT3
                         net (fo=1, routed)           0.648     3.008    soc_crg_clkout3
    BUFGCTRL_X0Y2        BUFG (Prop_bufg_I_O)         0.026     3.034 r  BUFG_3/O
                         net (fo=8, routed)           0.592     3.625    idelay_clk
    SLICE_X87Y74         FDSE                                         r  soc_crg_reset_counter_reg[0]/C
  -------------------------------------------------------------------    -------------------
    SLICE_X87Y74         FDSE (Prop_fdse_C_Q)         0.141     3.766 r  soc_crg_reset_counter_reg[0]/Q
                         net (fo=5, routed)           0.146     3.912    soc_crg_reset_counter[0]
    SLICE_X87Y74         LUT4 (Prop_lut4_I1_O)        0.045     3.957 r  soc_crg_reset_counter[3]_i_1/O
                         net (fo=5, routed)           0.189     4.146    soc_crg_reset_counter[3]_i_1_n_0
    SLICE_X87Y74         FDSE                                         r  soc_crg_reset_counter_reg[0]/CE
  -------------------------------------------------------------------    -------------------

                         (clock soc_crg_clkout3 rise edge)
                                                      0.000     0.000 r  
    E3                                                0.000     0.000 r  clk100 (IN)
                         net (fo=0)                   0.000     0.000    clk100
    E3                   IBUF (Prop_ibuf_I_O)         0.438     0.438 r  clk100_IBUF_inst/O
                         net (fo=1, routed)           0.699     1.136    clk100_IBUF
    BUFGCTRL_X0Y16       BUFG (Prop_bufg_I_O)         0.029     1.165 r  clk100_IBUF_BUFG_inst/O
                         net (fo=1, routed)           0.967     2.133    clk100_IBUF_BUFG
    SLICE_X34Y21         LUT1 (Prop_lut1_I0_O)        0.056     2.189 r  clk100_inst/O
                         net (fo=9, routed)           0.753     2.942    soc_crg_clkin
    MMCME2_ADV_X0Y0      MMCME2_ADV (Prop_mmcme2_adv_CLKIN1_CLKOUT3)
                                                      0.053     2.995 r  MMCME2_ADV/CLKOUT3
                         net (fo=1, routed)           0.700     3.695    soc_crg_clkout3
    BUFGCTRL_X0Y2        BUFG (Prop_bufg_I_O)         0.029     3.724 r  BUFG_3/O
                         net (fo=8, routed)           0.861     4.585    idelay_clk
    SLICE_X87Y74         FDSE                                         r  soc_crg_reset_counter_reg[0]/C
                         clock pessimism             -0.959     3.625    
    SLICE_X87Y74         FDSE (Hold_fdse_C_CE)       -0.039     3.586    soc_crg_reset_counter_reg[0]
  -------------------------------------------------------------------
                         required time                         -3.586    
                         arrival time                           4.146    
  -------------------------------------------------------------------
                         slack                                  0.560    





Pulse Width Checks
--------------------------------------------------------------------------------------
Clock Name:         soc_crg_clkout3
Waveform(ns):       { 0.000 2.500 }
Period(ns):         5.000
Sources:            { MMCME2_ADV/CLKOUT3 }

Check Type        Corner  Lib Pin             Reference Pin  Required(ns)  Actual(ns)  Slack(ns)  Location         Pin
Min Period        n/a     IDELAYCTRL/REFCLK   n/a            3.225         5.000       1.775      IDELAYCTRL_X1Y1  IDELAYCTRL/REFCLK
Min Period        n/a     BUFG/I              n/a            2.155         5.000       2.845      BUFGCTRL_X0Y2    BUFG_3/I
Min Period        n/a     MMCME2_ADV/CLKOUT3  n/a            1.249         5.000       3.751      MMCME2_ADV_X0Y0  MMCME2_ADV/CLKOUT3
Min Period        n/a     FDPE/C              n/a            1.000         5.000       4.000      SLICE_X83Y72     FDPE_6/C
Min Period        n/a     FDPE/C              n/a            1.000         5.000       4.000      SLICE_X83Y72     FDPE_7/C
Min Period        n/a     FDRE/C              n/a            1.000         5.000       4.000      SLICE_X88Y74     soc_crg_ic_reset_reg/C
Min Period        n/a     FDSE/C              n/a            1.000         5.000       4.000      SLICE_X87Y74     soc_crg_reset_counter_reg[0]/C
Min Period        n/a     FDSE/C              n/a            1.000         5.000       4.000      SLICE_X87Y74     soc_crg_reset_counter_reg[1]/C
Min Period        n/a     FDSE/C              n/a            1.000         5.000       4.000      SLICE_X87Y74     soc_crg_reset_counter_reg[2]/C
Min Period        n/a     FDSE/C              n/a            1.000         5.000       4.000      SLICE_X87Y74     soc_crg_reset_counter_reg[3]/C
Max Period        n/a     IDELAYCTRL/REFCLK   n/a            5.264         5.000       0.264      IDELAYCTRL_X1Y1  IDELAYCTRL/REFCLK
Max Period        n/a     MMCME2_ADV/CLKOUT3  n/a            213.360       5.000       208.360    MMCME2_ADV_X0Y0  MMCME2_ADV/CLKOUT3
Low Pulse Width   Slow    FDPE/C              n/a            0.500         2.500       2.000      SLICE_X83Y72     FDPE_6/C
Low Pulse Width   Fast    FDPE/C              n/a            0.500         2.500       2.000      SLICE_X83Y72     FDPE_6/C
Low Pulse Width   Slow    FDPE/C              n/a            0.500         2.500       2.000      SLICE_X83Y72     FDPE_7/C
Low Pulse Width   Fast    FDPE/C              n/a            0.500         2.500       2.000      SLICE_X83Y72     FDPE_7/C
Low Pulse Width   Slow    FDRE/C              n/a            0.500         2.500       2.000      SLICE_X88Y74     soc_crg_ic_reset_reg/C
Low Pulse Width   Fast    FDRE/C              n/a            0.500         2.500       2.000      SLICE_X88Y74     soc_crg_ic_reset_reg/C
Low Pulse Width   Slow    FDSE/C              n/a            0.500         2.500       2.000      SLICE_X87Y74     soc_crg_reset_counter_reg[0]/C
Low Pulse Width   Fast    FDSE/C              n/a            0.500         2.500       2.000      SLICE_X87Y74     soc_crg_reset_counter_reg[0]/C
Low Pulse Width   Slow    FDSE/C              n/a            0.500         2.500       2.000      SLICE_X87Y74     soc_crg_reset_counter_reg[1]/C
Low Pulse Width   Fast    FDSE/C              n/a            0.500         2.500       2.000      SLICE_X87Y74     soc_crg_reset_counter_reg[1]/C
High Pulse Width  Slow    FDPE/C              n/a            0.500         2.500       2.000      SLICE_X83Y72     FDPE_6/C
High Pulse Width  Fast    FDPE/C              n/a            0.500         2.500       2.000      SLICE_X83Y72     FDPE_6/C
High Pulse Width  Slow    FDPE/C              n/a            0.500         2.500       2.000      SLICE_X83Y72     FDPE_7/C
High Pulse Width  Fast    FDPE/C              n/a            0.500         2.500       2.000      SLICE_X83Y72     FDPE_7/C
High Pulse Width  Slow    FDRE/C              n/a            0.500         2.500       2.000      SLICE_X88Y74     soc_crg_ic_reset_reg/C
High Pulse Width  Fast    FDRE/C              n/a            0.500         2.500       2.000      SLICE_X88Y74     soc_crg_ic_reset_reg/C
High Pulse Width  Slow    FDSE/C              n/a            0.500         2.500       2.000      SLICE_X87Y74     soc_crg_reset_counter_reg[0]/C
High Pulse Width  Fast    FDSE/C              n/a            0.500         2.500       2.000      SLICE_X87Y74     soc_crg_reset_counter_reg[0]/C
High Pulse Width  Slow    FDSE/C              n/a            0.500         2.500       2.000      SLICE_X87Y74     soc_crg_reset_counter_reg[1]/C
High Pulse Width  Fast    FDSE/C              n/a            0.500         2.500       2.000      SLICE_X87Y74     soc_crg_reset_counter_reg[1]/C



---------------------------------------------------------------------------------------------------
Path Group:  **async_default**
From Clock:  soc_crg_clkout0
  To Clock:  soc_crg_clkout0

Setup :            0  Failing Endpoints,  Worst Slack        4.518ns,  Total Violation        0.000ns
Hold  :            0  Failing Endpoints,  Worst Slack        0.796ns,  Total Violation        0.000ns
---------------------------------------------------------------------------------------------------


Max Delay Paths
--------------------------------------------------------------------------------------
Slack (MET) :             4.518ns  (required time - arrival time)
  Source:                 Cfu/tpu/ctrl/FSM_onehot_state_reg[0]/C
                            (rising edge-triggered cell FDCE clocked by soc_crg_clkout0  {rise@0.000ns fall@6.667ns period=13.333ns})
  Destination:            Cfu/tpu/sys_array/ROW[2].COL[0].pe/right_out_reg[0]/CLR
                            (recovery check against rising-edge clock soc_crg_clkout0  {rise@0.000ns fall@6.667ns period=13.333ns})
  Path Group:             **async_default**
  Path Type:              Recovery (Max at Slow Process Corner)
  Requirement:            13.333ns  (soc_crg_clkout0 rise@13.333ns - soc_crg_clkout0 rise@0.000ns)
  Data Path Delay:        8.244ns  (logic 0.704ns (8.539%)  route 7.540ns (91.461%))
  Logic Levels:           2  (LUT2=2)
  Clock Path Skew:        -0.096ns (DCD - SCD + CPR)
    Destination Clock Delay (DCD):    10.198ns = ( 23.531 - 13.333 ) 
    Source Clock Delay      (SCD):    10.978ns
    Clock Pessimism Removal (CPR):    0.685ns
  Clock Uncertainty:      0.070ns  ((TSJ^2 + DJ^2)^1/2) / 2 + PE
    Total System Jitter     (TSJ):    0.071ns
    Discrete Jitter          (DJ):    0.121ns
    Phase Error              (PE):    0.000ns

    Location             Delay type                Incr(ns)  Path(ns)    Netlist Resource(s)
  -------------------------------------------------------------------    -------------------
                         (clock soc_crg_clkout0 rise edge)
                                                      0.000     0.000 r  
    E3                                                0.000     0.000 r  clk100 (IN)
                         net (fo=0)                   0.000     0.000    clk100
    E3                   IBUF (Prop_ibuf_I_O)         1.482     1.482 r  clk100_IBUF_inst/O
                         net (fo=1, routed)           2.025     3.506    clk100_IBUF
    BUFGCTRL_X0Y16       BUFG (Prop_bufg_I_O)         0.096     3.602 r  clk100_IBUF_BUFG_inst/O
                         net (fo=1, routed)           1.961     5.563    clk100_IBUF_BUFG
    SLICE_X34Y21         LUT1 (Prop_lut1_I0_O)        0.124     5.687 r  clk100_inst/O
                         net (fo=9, routed)           1.476     7.164    soc_crg_clkin
    MMCME2_ADV_X0Y0      MMCME2_ADV (Prop_mmcme2_adv_CLKIN1_CLKOUT0)
                                                      0.088     7.252 r  MMCME2_ADV/CLKOUT0
                         net (fo=1, routed)           2.018     9.270    soc_crg_clkout0
    BUFGCTRL_X0Y0        BUFG (Prop_bufg_I_O)         0.096     9.366 r  BUFG/O
                         net (fo=5415, routed)        1.612    10.978    Cfu/tpu/ctrl/out
    SLICE_X53Y81         FDCE                                         r  Cfu/tpu/ctrl/FSM_onehot_state_reg[0]/C
  -------------------------------------------------------------------    -------------------
    SLICE_X53Y81         FDCE (Prop_fdce_C_Q)         0.456    11.434 r  Cfu/tpu/ctrl/FSM_onehot_state_reg[0]/Q
                         net (fo=31, routed)          0.753    12.188    Cfu/tpu/ctrl/counter_a
    SLICE_X49Y81         LUT2 (Prop_lut2_I1_O)        0.124    12.312 r  Cfu/tpu/ctrl/temp_out4[23]_i_4/O
                         net (fo=417, routed)         1.035    13.347    Cfu/tpu/state[0]
    SLICE_X50Y83         LUT2 (Prop_lut2_I1_O)        0.124    13.471 f  Cfu/tpu/right_out[7]_i_2/O
                         net (fo=704, routed)         5.752    19.223    Cfu/tpu/sys_array/ROW[2].COL[0].pe/ans_reg[0]_0
    SLICE_X47Y60         FDCE                                         f  Cfu/tpu/sys_array/ROW[2].COL[0].pe/right_out_reg[0]/CLR
  -------------------------------------------------------------------    -------------------

                         (clock soc_crg_clkout0 rise edge)
                                                     13.333    13.333 r  
    E3                                                0.000    13.333 r  clk100 (IN)
                         net (fo=0)                   0.000    13.333    clk100
    E3                   IBUF (Prop_ibuf_I_O)         1.411    14.745 r  clk100_IBUF_inst/O
                         net (fo=1, routed)           1.920    16.665    clk100_IBUF
    BUFGCTRL_X0Y16       BUFG (Prop_bufg_I_O)         0.091    16.756 r  clk100_IBUF_BUFG_inst/O
                         net (fo=1, routed)           1.801    18.556    clk100_IBUF_BUFG
    SLICE_X34Y21         LUT1 (Prop_lut1_I0_O)        0.100    18.656 r  clk100_inst/O
                         net (fo=9, routed)           1.269    19.925    soc_crg_clkin
    MMCME2_ADV_X0Y0      MMCME2_ADV (Prop_mmcme2_adv_CLKIN1_CLKOUT0)
                                                      0.083    20.008 r  MMCME2_ADV/CLKOUT0
                         net (fo=1, routed)           1.923    21.932    soc_crg_clkout0
    BUFGCTRL_X0Y0        BUFG (Prop_bufg_I_O)         0.091    22.023 r  BUFG/O
                         net (fo=5415, routed)        1.508    23.531    Cfu/tpu/sys_array/ROW[2].COL[0].pe/out
    SLICE_X47Y60         FDCE                                         r  Cfu/tpu/sys_array/ROW[2].COL[0].pe/right_out_reg[0]/C
                         clock pessimism              0.685    24.216    
                         clock uncertainty           -0.070    24.146    
    SLICE_X47Y60         FDCE (Recov_fdce_C_CLR)     -0.405    23.741    Cfu/tpu/sys_array/ROW[2].COL[0].pe/right_out_reg[0]
  -------------------------------------------------------------------
                         required time                         23.741    
                         arrival time                         -19.223    
  -------------------------------------------------------------------
                         slack                                  4.518    

Slack (MET) :             4.518ns  (required time - arrival time)
  Source:                 Cfu/tpu/ctrl/FSM_onehot_state_reg[0]/C
                            (rising edge-triggered cell FDCE clocked by soc_crg_clkout0  {rise@0.000ns fall@6.667ns period=13.333ns})
  Destination:            Cfu/tpu/sys_array/ROW[2].COL[0].pe/right_out_reg[1]/CLR
                            (recovery check against rising-edge clock soc_crg_clkout0  {rise@0.000ns fall@6.667ns period=13.333ns})
  Path Group:             **async_default**
  Path Type:              Recovery (Max at Slow Process Corner)
  Requirement:            13.333ns  (soc_crg_clkout0 rise@13.333ns - soc_crg_clkout0 rise@0.000ns)
  Data Path Delay:        8.244ns  (logic 0.704ns (8.539%)  route 7.540ns (91.461%))
  Logic Levels:           2  (LUT2=2)
  Clock Path Skew:        -0.096ns (DCD - SCD + CPR)
    Destination Clock Delay (DCD):    10.198ns = ( 23.531 - 13.333 ) 
    Source Clock Delay      (SCD):    10.978ns
    Clock Pessimism Removal (CPR):    0.685ns
  Clock Uncertainty:      0.070ns  ((TSJ^2 + DJ^2)^1/2) / 2 + PE
    Total System Jitter     (TSJ):    0.071ns
    Discrete Jitter          (DJ):    0.121ns
    Phase Error              (PE):    0.000ns

    Location             Delay type                Incr(ns)  Path(ns)    Netlist Resource(s)
  -------------------------------------------------------------------    -------------------
                         (clock soc_crg_clkout0 rise edge)
                                                      0.000     0.000 r  
    E3                                                0.000     0.000 r  clk100 (IN)
                         net (fo=0)                   0.000     0.000    clk100
    E3                   IBUF (Prop_ibuf_I_O)         1.482     1.482 r  clk100_IBUF_inst/O
                         net (fo=1, routed)           2.025     3.506    clk100_IBUF
    BUFGCTRL_X0Y16       BUFG (Prop_bufg_I_O)         0.096     3.602 r  clk100_IBUF_BUFG_inst/O
                         net (fo=1, routed)           1.961     5.563    clk100_IBUF_BUFG
    SLICE_X34Y21         LUT1 (Prop_lut1_I0_O)        0.124     5.687 r  clk100_inst/O
                         net (fo=9, routed)           1.476     7.164    soc_crg_clkin
    MMCME2_ADV_X0Y0      MMCME2_ADV (Prop_mmcme2_adv_CLKIN1_CLKOUT0)
                                                      0.088     7.252 r  MMCME2_ADV/CLKOUT0
                         net (fo=1, routed)           2.018     9.270    soc_crg_clkout0
    BUFGCTRL_X0Y0        BUFG (Prop_bufg_I_O)         0.096     9.366 r  BUFG/O
                         net (fo=5415, routed)        1.612    10.978    Cfu/tpu/ctrl/out
    SLICE_X53Y81         FDCE                                         r  Cfu/tpu/ctrl/FSM_onehot_state_reg[0]/C
  -------------------------------------------------------------------    -------------------
    SLICE_X53Y81         FDCE (Prop_fdce_C_Q)         0.456    11.434 r  Cfu/tpu/ctrl/FSM_onehot_state_reg[0]/Q
                         net (fo=31, routed)          0.753    12.188    Cfu/tpu/ctrl/counter_a
    SLICE_X49Y81         LUT2 (Prop_lut2_I1_O)        0.124    12.312 r  Cfu/tpu/ctrl/temp_out4[23]_i_4/O
                         net (fo=417, routed)         1.035    13.347    Cfu/tpu/state[0]
    SLICE_X50Y83         LUT2 (Prop_lut2_I1_O)        0.124    13.471 f  Cfu/tpu/right_out[7]_i_2/O
                         net (fo=704, routed)         5.752    19.223    Cfu/tpu/sys_array/ROW[2].COL[0].pe/ans_reg[0]_0
    SLICE_X47Y60         FDCE                                         f  Cfu/tpu/sys_array/ROW[2].COL[0].pe/right_out_reg[1]/CLR
  -------------------------------------------------------------------    -------------------

                         (clock soc_crg_clkout0 rise edge)
                                                     13.333    13.333 r  
    E3                                                0.000    13.333 r  clk100 (IN)
                         net (fo=0)                   0.000    13.333    clk100
    E3                   IBUF (Prop_ibuf_I_O)         1.411    14.745 r  clk100_IBUF_inst/O
                         net (fo=1, routed)           1.920    16.665    clk100_IBUF
    BUFGCTRL_X0Y16       BUFG (Prop_bufg_I_O)         0.091    16.756 r  clk100_IBUF_BUFG_inst/O
                         net (fo=1, routed)           1.801    18.556    clk100_IBUF_BUFG
    SLICE_X34Y21         LUT1 (Prop_lut1_I0_O)        0.100    18.656 r  clk100_inst/O
                         net (fo=9, routed)           1.269    19.925    soc_crg_clkin
    MMCME2_ADV_X0Y0      MMCME2_ADV (Prop_mmcme2_adv_CLKIN1_CLKOUT0)
                                                      0.083    20.008 r  MMCME2_ADV/CLKOUT0
                         net (fo=1, routed)           1.923    21.932    soc_crg_clkout0
    BUFGCTRL_X0Y0        BUFG (Prop_bufg_I_O)         0.091    22.023 r  BUFG/O
                         net (fo=5415, routed)        1.508    23.531    Cfu/tpu/sys_array/ROW[2].COL[0].pe/out
    SLICE_X47Y60         FDCE                                         r  Cfu/tpu/sys_array/ROW[2].COL[0].pe/right_out_reg[1]/C
                         clock pessimism              0.685    24.216    
                         clock uncertainty           -0.070    24.146    
    SLICE_X47Y60         FDCE (Recov_fdce_C_CLR)     -0.405    23.741    Cfu/tpu/sys_array/ROW[2].COL[0].pe/right_out_reg[1]
  -------------------------------------------------------------------
                         required time                         23.741    
                         arrival time                         -19.223    
  -------------------------------------------------------------------
                         slack                                  4.518    

Slack (MET) :             4.518ns  (required time - arrival time)
  Source:                 Cfu/tpu/ctrl/FSM_onehot_state_reg[0]/C
                            (rising edge-triggered cell FDCE clocked by soc_crg_clkout0  {rise@0.000ns fall@6.667ns period=13.333ns})
  Destination:            Cfu/tpu/sys_array/ROW[2].COL[0].pe/right_out_reg[2]/CLR
                            (recovery check against rising-edge clock soc_crg_clkout0  {rise@0.000ns fall@6.667ns period=13.333ns})
  Path Group:             **async_default**
  Path Type:              Recovery (Max at Slow Process Corner)
  Requirement:            13.333ns  (soc_crg_clkout0 rise@13.333ns - soc_crg_clkout0 rise@0.000ns)
  Data Path Delay:        8.244ns  (logic 0.704ns (8.539%)  route 7.540ns (91.461%))
  Logic Levels:           2  (LUT2=2)
  Clock Path Skew:        -0.096ns (DCD - SCD + CPR)
    Destination Clock Delay (DCD):    10.198ns = ( 23.531 - 13.333 ) 
    Source Clock Delay      (SCD):    10.978ns
    Clock Pessimism Removal (CPR):    0.685ns
  Clock Uncertainty:      0.070ns  ((TSJ^2 + DJ^2)^1/2) / 2 + PE
    Total System Jitter     (TSJ):    0.071ns
    Discrete Jitter          (DJ):    0.121ns
    Phase Error              (PE):    0.000ns

    Location             Delay type                Incr(ns)  Path(ns)    Netlist Resource(s)
  -------------------------------------------------------------------    -------------------
                         (clock soc_crg_clkout0 rise edge)
                                                      0.000     0.000 r  
    E3                                                0.000     0.000 r  clk100 (IN)
                         net (fo=0)                   0.000     0.000    clk100
    E3                   IBUF (Prop_ibuf_I_O)         1.482     1.482 r  clk100_IBUF_inst/O
                         net (fo=1, routed)           2.025     3.506    clk100_IBUF
    BUFGCTRL_X0Y16       BUFG (Prop_bufg_I_O)         0.096     3.602 r  clk100_IBUF_BUFG_inst/O
                         net (fo=1, routed)           1.961     5.563    clk100_IBUF_BUFG
    SLICE_X34Y21         LUT1 (Prop_lut1_I0_O)        0.124     5.687 r  clk100_inst/O
                         net (fo=9, routed)           1.476     7.164    soc_crg_clkin
    MMCME2_ADV_X0Y0      MMCME2_ADV (Prop_mmcme2_adv_CLKIN1_CLKOUT0)
                                                      0.088     7.252 r  MMCME2_ADV/CLKOUT0
                         net (fo=1, routed)           2.018     9.270    soc_crg_clkout0
    BUFGCTRL_X0Y0        BUFG (Prop_bufg_I_O)         0.096     9.366 r  BUFG/O
                         net (fo=5415, routed)        1.612    10.978    Cfu/tpu/ctrl/out
    SLICE_X53Y81         FDCE                                         r  Cfu/tpu/ctrl/FSM_onehot_state_reg[0]/C
  -------------------------------------------------------------------    -------------------
    SLICE_X53Y81         FDCE (Prop_fdce_C_Q)         0.456    11.434 r  Cfu/tpu/ctrl/FSM_onehot_state_reg[0]/Q
                         net (fo=31, routed)          0.753    12.188    Cfu/tpu/ctrl/counter_a
    SLICE_X49Y81         LUT2 (Prop_lut2_I1_O)        0.124    12.312 r  Cfu/tpu/ctrl/temp_out4[23]_i_4/O
                         net (fo=417, routed)         1.035    13.347    Cfu/tpu/state[0]
    SLICE_X50Y83         LUT2 (Prop_lut2_I1_O)        0.124    13.471 f  Cfu/tpu/right_out[7]_i_2/O
                         net (fo=704, routed)         5.752    19.223    Cfu/tpu/sys_array/ROW[2].COL[0].pe/ans_reg[0]_0
    SLICE_X47Y60         FDCE                                         f  Cfu/tpu/sys_array/ROW[2].COL[0].pe/right_out_reg[2]/CLR
  -------------------------------------------------------------------    -------------------

                         (clock soc_crg_clkout0 rise edge)
                                                     13.333    13.333 r  
    E3                                                0.000    13.333 r  clk100 (IN)
                         net (fo=0)                   0.000    13.333    clk100
    E3                   IBUF (Prop_ibuf_I_O)         1.411    14.745 r  clk100_IBUF_inst/O
                         net (fo=1, routed)           1.920    16.665    clk100_IBUF
    BUFGCTRL_X0Y16       BUFG (Prop_bufg_I_O)         0.091    16.756 r  clk100_IBUF_BUFG_inst/O
                         net (fo=1, routed)           1.801    18.556    clk100_IBUF_BUFG
    SLICE_X34Y21         LUT1 (Prop_lut1_I0_O)        0.100    18.656 r  clk100_inst/O
                         net (fo=9, routed)           1.269    19.925    soc_crg_clkin
    MMCME2_ADV_X0Y0      MMCME2_ADV (Prop_mmcme2_adv_CLKIN1_CLKOUT0)
                                                      0.083    20.008 r  MMCME2_ADV/CLKOUT0
                         net (fo=1, routed)           1.923    21.932    soc_crg_clkout0
    BUFGCTRL_X0Y0        BUFG (Prop_bufg_I_O)         0.091    22.023 r  BUFG/O
                         net (fo=5415, routed)        1.508    23.531    Cfu/tpu/sys_array/ROW[2].COL[0].pe/out
    SLICE_X47Y60         FDCE                                         r  Cfu/tpu/sys_array/ROW[2].COL[0].pe/right_out_reg[2]/C
                         clock pessimism              0.685    24.216    
                         clock uncertainty           -0.070    24.146    
    SLICE_X47Y60         FDCE (Recov_fdce_C_CLR)     -0.405    23.741    Cfu/tpu/sys_array/ROW[2].COL[0].pe/right_out_reg[2]
  -------------------------------------------------------------------
                         required time                         23.741    
                         arrival time                         -19.223    
  -------------------------------------------------------------------
                         slack                                  4.518    

Slack (MET) :             4.518ns  (required time - arrival time)
  Source:                 Cfu/tpu/ctrl/FSM_onehot_state_reg[0]/C
                            (rising edge-triggered cell FDCE clocked by soc_crg_clkout0  {rise@0.000ns fall@6.667ns period=13.333ns})
  Destination:            Cfu/tpu/sys_array/ROW[2].COL[0].pe/right_out_reg[3]/CLR
                            (recovery check against rising-edge clock soc_crg_clkout0  {rise@0.000ns fall@6.667ns period=13.333ns})
  Path Group:             **async_default**
  Path Type:              Recovery (Max at Slow Process Corner)
  Requirement:            13.333ns  (soc_crg_clkout0 rise@13.333ns - soc_crg_clkout0 rise@0.000ns)
  Data Path Delay:        8.244ns  (logic 0.704ns (8.539%)  route 7.540ns (91.461%))
  Logic Levels:           2  (LUT2=2)
  Clock Path Skew:        -0.096ns (DCD - SCD + CPR)
    Destination Clock Delay (DCD):    10.198ns = ( 23.531 - 13.333 ) 
    Source Clock Delay      (SCD):    10.978ns
    Clock Pessimism Removal (CPR):    0.685ns
  Clock Uncertainty:      0.070ns  ((TSJ^2 + DJ^2)^1/2) / 2 + PE
    Total System Jitter     (TSJ):    0.071ns
    Discrete Jitter          (DJ):    0.121ns
    Phase Error              (PE):    0.000ns

    Location             Delay type                Incr(ns)  Path(ns)    Netlist Resource(s)
  -------------------------------------------------------------------    -------------------
                         (clock soc_crg_clkout0 rise edge)
                                                      0.000     0.000 r  
    E3                                                0.000     0.000 r  clk100 (IN)
                         net (fo=0)                   0.000     0.000    clk100
    E3                   IBUF (Prop_ibuf_I_O)         1.482     1.482 r  clk100_IBUF_inst/O
                         net (fo=1, routed)           2.025     3.506    clk100_IBUF
    BUFGCTRL_X0Y16       BUFG (Prop_bufg_I_O)         0.096     3.602 r  clk100_IBUF_BUFG_inst/O
                         net (fo=1, routed)           1.961     5.563    clk100_IBUF_BUFG
    SLICE_X34Y21         LUT1 (Prop_lut1_I0_O)        0.124     5.687 r  clk100_inst/O
                         net (fo=9, routed)           1.476     7.164    soc_crg_clkin
    MMCME2_ADV_X0Y0      MMCME2_ADV (Prop_mmcme2_adv_CLKIN1_CLKOUT0)
                                                      0.088     7.252 r  MMCME2_ADV/CLKOUT0
                         net (fo=1, routed)           2.018     9.270    soc_crg_clkout0
    BUFGCTRL_X0Y0        BUFG (Prop_bufg_I_O)         0.096     9.366 r  BUFG/O
                         net (fo=5415, routed)        1.612    10.978    Cfu/tpu/ctrl/out
    SLICE_X53Y81         FDCE                                         r  Cfu/tpu/ctrl/FSM_onehot_state_reg[0]/C
  -------------------------------------------------------------------    -------------------
    SLICE_X53Y81         FDCE (Prop_fdce_C_Q)         0.456    11.434 r  Cfu/tpu/ctrl/FSM_onehot_state_reg[0]/Q
                         net (fo=31, routed)          0.753    12.188    Cfu/tpu/ctrl/counter_a
    SLICE_X49Y81         LUT2 (Prop_lut2_I1_O)        0.124    12.312 r  Cfu/tpu/ctrl/temp_out4[23]_i_4/O
                         net (fo=417, routed)         1.035    13.347    Cfu/tpu/state[0]
    SLICE_X50Y83         LUT2 (Prop_lut2_I1_O)        0.124    13.471 f  Cfu/tpu/right_out[7]_i_2/O
                         net (fo=704, routed)         5.752    19.223    Cfu/tpu/sys_array/ROW[2].COL[0].pe/ans_reg[0]_0
    SLICE_X47Y60         FDCE                                         f  Cfu/tpu/sys_array/ROW[2].COL[0].pe/right_out_reg[3]/CLR
  -------------------------------------------------------------------    -------------------

                         (clock soc_crg_clkout0 rise edge)
                                                     13.333    13.333 r  
    E3                                                0.000    13.333 r  clk100 (IN)
                         net (fo=0)                   0.000    13.333    clk100
    E3                   IBUF (Prop_ibuf_I_O)         1.411    14.745 r  clk100_IBUF_inst/O
                         net (fo=1, routed)           1.920    16.665    clk100_IBUF
    BUFGCTRL_X0Y16       BUFG (Prop_bufg_I_O)         0.091    16.756 r  clk100_IBUF_BUFG_inst/O
                         net (fo=1, routed)           1.801    18.556    clk100_IBUF_BUFG
    SLICE_X34Y21         LUT1 (Prop_lut1_I0_O)        0.100    18.656 r  clk100_inst/O
                         net (fo=9, routed)           1.269    19.925    soc_crg_clkin
    MMCME2_ADV_X0Y0      MMCME2_ADV (Prop_mmcme2_adv_CLKIN1_CLKOUT0)
                                                      0.083    20.008 r  MMCME2_ADV/CLKOUT0
                         net (fo=1, routed)           1.923    21.932    soc_crg_clkout0
    BUFGCTRL_X0Y0        BUFG (Prop_bufg_I_O)         0.091    22.023 r  BUFG/O
                         net (fo=5415, routed)        1.508    23.531    Cfu/tpu/sys_array/ROW[2].COL[0].pe/out
    SLICE_X47Y60         FDCE                                         r  Cfu/tpu/sys_array/ROW[2].COL[0].pe/right_out_reg[3]/C
                         clock pessimism              0.685    24.216    
                         clock uncertainty           -0.070    24.146    
    SLICE_X47Y60         FDCE (Recov_fdce_C_CLR)     -0.405    23.741    Cfu/tpu/sys_array/ROW[2].COL[0].pe/right_out_reg[3]
  -------------------------------------------------------------------
                         required time                         23.741    
                         arrival time                         -19.223    
  -------------------------------------------------------------------
                         slack                                  4.518    

Slack (MET) :             4.518ns  (required time - arrival time)
  Source:                 Cfu/tpu/ctrl/FSM_onehot_state_reg[0]/C
                            (rising edge-triggered cell FDCE clocked by soc_crg_clkout0  {rise@0.000ns fall@6.667ns period=13.333ns})
  Destination:            Cfu/tpu/sys_array/ROW[2].COL[0].pe/right_out_reg[4]/CLR
                            (recovery check against rising-edge clock soc_crg_clkout0  {rise@0.000ns fall@6.667ns period=13.333ns})
  Path Group:             **async_default**
  Path Type:              Recovery (Max at Slow Process Corner)
  Requirement:            13.333ns  (soc_crg_clkout0 rise@13.333ns - soc_crg_clkout0 rise@0.000ns)
  Data Path Delay:        8.244ns  (logic 0.704ns (8.539%)  route 7.540ns (91.461%))
  Logic Levels:           2  (LUT2=2)
  Clock Path Skew:        -0.096ns (DCD - SCD + CPR)
    Destination Clock Delay (DCD):    10.198ns = ( 23.531 - 13.333 ) 
    Source Clock Delay      (SCD):    10.978ns
    Clock Pessimism Removal (CPR):    0.685ns
  Clock Uncertainty:      0.070ns  ((TSJ^2 + DJ^2)^1/2) / 2 + PE
    Total System Jitter     (TSJ):    0.071ns
    Discrete Jitter          (DJ):    0.121ns
    Phase Error              (PE):    0.000ns

    Location             Delay type                Incr(ns)  Path(ns)    Netlist Resource(s)
  -------------------------------------------------------------------    -------------------
                         (clock soc_crg_clkout0 rise edge)
                                                      0.000     0.000 r  
    E3                                                0.000     0.000 r  clk100 (IN)
                         net (fo=0)                   0.000     0.000    clk100
    E3                   IBUF (Prop_ibuf_I_O)         1.482     1.482 r  clk100_IBUF_inst/O
                         net (fo=1, routed)           2.025     3.506    clk100_IBUF
    BUFGCTRL_X0Y16       BUFG (Prop_bufg_I_O)         0.096     3.602 r  clk100_IBUF_BUFG_inst/O
                         net (fo=1, routed)           1.961     5.563    clk100_IBUF_BUFG
    SLICE_X34Y21         LUT1 (Prop_lut1_I0_O)        0.124     5.687 r  clk100_inst/O
                         net (fo=9, routed)           1.476     7.164    soc_crg_clkin
    MMCME2_ADV_X0Y0      MMCME2_ADV (Prop_mmcme2_adv_CLKIN1_CLKOUT0)
                                                      0.088     7.252 r  MMCME2_ADV/CLKOUT0
                         net (fo=1, routed)           2.018     9.270    soc_crg_clkout0
    BUFGCTRL_X0Y0        BUFG (Prop_bufg_I_O)         0.096     9.366 r  BUFG/O
                         net (fo=5415, routed)        1.612    10.978    Cfu/tpu/ctrl/out
    SLICE_X53Y81         FDCE                                         r  Cfu/tpu/ctrl/FSM_onehot_state_reg[0]/C
  -------------------------------------------------------------------    -------------------
    SLICE_X53Y81         FDCE (Prop_fdce_C_Q)         0.456    11.434 r  Cfu/tpu/ctrl/FSM_onehot_state_reg[0]/Q
                         net (fo=31, routed)          0.753    12.188    Cfu/tpu/ctrl/counter_a
    SLICE_X49Y81         LUT2 (Prop_lut2_I1_O)        0.124    12.312 r  Cfu/tpu/ctrl/temp_out4[23]_i_4/O
                         net (fo=417, routed)         1.035    13.347    Cfu/tpu/state[0]
    SLICE_X50Y83         LUT2 (Prop_lut2_I1_O)        0.124    13.471 f  Cfu/tpu/right_out[7]_i_2/O
                         net (fo=704, routed)         5.752    19.223    Cfu/tpu/sys_array/ROW[2].COL[0].pe/ans_reg[0]_0
    SLICE_X47Y60         FDCE                                         f  Cfu/tpu/sys_array/ROW[2].COL[0].pe/right_out_reg[4]/CLR
  -------------------------------------------------------------------    -------------------

                         (clock soc_crg_clkout0 rise edge)
                                                     13.333    13.333 r  
    E3                                                0.000    13.333 r  clk100 (IN)
                         net (fo=0)                   0.000    13.333    clk100
    E3                   IBUF (Prop_ibuf_I_O)         1.411    14.745 r  clk100_IBUF_inst/O
                         net (fo=1, routed)           1.920    16.665    clk100_IBUF
    BUFGCTRL_X0Y16       BUFG (Prop_bufg_I_O)         0.091    16.756 r  clk100_IBUF_BUFG_inst/O
                         net (fo=1, routed)           1.801    18.556    clk100_IBUF_BUFG
    SLICE_X34Y21         LUT1 (Prop_lut1_I0_O)        0.100    18.656 r  clk100_inst/O
                         net (fo=9, routed)           1.269    19.925    soc_crg_clkin
    MMCME2_ADV_X0Y0      MMCME2_ADV (Prop_mmcme2_adv_CLKIN1_CLKOUT0)
                                                      0.083    20.008 r  MMCME2_ADV/CLKOUT0
                         net (fo=1, routed)           1.923    21.932    soc_crg_clkout0
    BUFGCTRL_X0Y0        BUFG (Prop_bufg_I_O)         0.091    22.023 r  BUFG/O
                         net (fo=5415, routed)        1.508    23.531    Cfu/tpu/sys_array/ROW[2].COL[0].pe/out
    SLICE_X47Y60         FDCE                                         r  Cfu/tpu/sys_array/ROW[2].COL[0].pe/right_out_reg[4]/C
                         clock pessimism              0.685    24.216    
                         clock uncertainty           -0.070    24.146    
    SLICE_X47Y60         FDCE (Recov_fdce_C_CLR)     -0.405    23.741    Cfu/tpu/sys_array/ROW[2].COL[0].pe/right_out_reg[4]
  -------------------------------------------------------------------
                         required time                         23.741    
                         arrival time                         -19.223    
  -------------------------------------------------------------------
                         slack                                  4.518    

Slack (MET) :             4.518ns  (required time - arrival time)
  Source:                 Cfu/tpu/ctrl/FSM_onehot_state_reg[0]/C
                            (rising edge-triggered cell FDCE clocked by soc_crg_clkout0  {rise@0.000ns fall@6.667ns period=13.333ns})
  Destination:            Cfu/tpu/sys_array/ROW[2].COL[0].pe/right_out_reg[5]/CLR
                            (recovery check against rising-edge clock soc_crg_clkout0  {rise@0.000ns fall@6.667ns period=13.333ns})
  Path Group:             **async_default**
  Path Type:              Recovery (Max at Slow Process Corner)
  Requirement:            13.333ns  (soc_crg_clkout0 rise@13.333ns - soc_crg_clkout0 rise@0.000ns)
  Data Path Delay:        8.244ns  (logic 0.704ns (8.539%)  route 7.540ns (91.461%))
  Logic Levels:           2  (LUT2=2)
  Clock Path Skew:        -0.096ns (DCD - SCD + CPR)
    Destination Clock Delay (DCD):    10.198ns = ( 23.531 - 13.333 ) 
    Source Clock Delay      (SCD):    10.978ns
    Clock Pessimism Removal (CPR):    0.685ns
  Clock Uncertainty:      0.070ns  ((TSJ^2 + DJ^2)^1/2) / 2 + PE
    Total System Jitter     (TSJ):    0.071ns
    Discrete Jitter          (DJ):    0.121ns
    Phase Error              (PE):    0.000ns

    Location             Delay type                Incr(ns)  Path(ns)    Netlist Resource(s)
  -------------------------------------------------------------------    -------------------
                         (clock soc_crg_clkout0 rise edge)
                                                      0.000     0.000 r  
    E3                                                0.000     0.000 r  clk100 (IN)
                         net (fo=0)                   0.000     0.000    clk100
    E3                   IBUF (Prop_ibuf_I_O)         1.482     1.482 r  clk100_IBUF_inst/O
                         net (fo=1, routed)           2.025     3.506    clk100_IBUF
    BUFGCTRL_X0Y16       BUFG (Prop_bufg_I_O)         0.096     3.602 r  clk100_IBUF_BUFG_inst/O
                         net (fo=1, routed)           1.961     5.563    clk100_IBUF_BUFG
    SLICE_X34Y21         LUT1 (Prop_lut1_I0_O)        0.124     5.687 r  clk100_inst/O
                         net (fo=9, routed)           1.476     7.164    soc_crg_clkin
    MMCME2_ADV_X0Y0      MMCME2_ADV (Prop_mmcme2_adv_CLKIN1_CLKOUT0)
                                                      0.088     7.252 r  MMCME2_ADV/CLKOUT0
                         net (fo=1, routed)           2.018     9.270    soc_crg_clkout0
    BUFGCTRL_X0Y0        BUFG (Prop_bufg_I_O)         0.096     9.366 r  BUFG/O
                         net (fo=5415, routed)        1.612    10.978    Cfu/tpu/ctrl/out
    SLICE_X53Y81         FDCE                                         r  Cfu/tpu/ctrl/FSM_onehot_state_reg[0]/C
  -------------------------------------------------------------------    -------------------
    SLICE_X53Y81         FDCE (Prop_fdce_C_Q)         0.456    11.434 r  Cfu/tpu/ctrl/FSM_onehot_state_reg[0]/Q
                         net (fo=31, routed)          0.753    12.188    Cfu/tpu/ctrl/counter_a
    SLICE_X49Y81         LUT2 (Prop_lut2_I1_O)        0.124    12.312 r  Cfu/tpu/ctrl/temp_out4[23]_i_4/O
                         net (fo=417, routed)         1.035    13.347    Cfu/tpu/state[0]
    SLICE_X50Y83         LUT2 (Prop_lut2_I1_O)        0.124    13.471 f  Cfu/tpu/right_out[7]_i_2/O
                         net (fo=704, routed)         5.752    19.223    Cfu/tpu/sys_array/ROW[2].COL[0].pe/ans_reg[0]_0
    SLICE_X47Y60         FDCE                                         f  Cfu/tpu/sys_array/ROW[2].COL[0].pe/right_out_reg[5]/CLR
  -------------------------------------------------------------------    -------------------

                         (clock soc_crg_clkout0 rise edge)
                                                     13.333    13.333 r  
    E3                                                0.000    13.333 r  clk100 (IN)
                         net (fo=0)                   0.000    13.333    clk100
    E3                   IBUF (Prop_ibuf_I_O)         1.411    14.745 r  clk100_IBUF_inst/O
                         net (fo=1, routed)           1.920    16.665    clk100_IBUF
    BUFGCTRL_X0Y16       BUFG (Prop_bufg_I_O)         0.091    16.756 r  clk100_IBUF_BUFG_inst/O
                         net (fo=1, routed)           1.801    18.556    clk100_IBUF_BUFG
    SLICE_X34Y21         LUT1 (Prop_lut1_I0_O)        0.100    18.656 r  clk100_inst/O
                         net (fo=9, routed)           1.269    19.925    soc_crg_clkin
    MMCME2_ADV_X0Y0      MMCME2_ADV (Prop_mmcme2_adv_CLKIN1_CLKOUT0)
                                                      0.083    20.008 r  MMCME2_ADV/CLKOUT0
                         net (fo=1, routed)           1.923    21.932    soc_crg_clkout0
    BUFGCTRL_X0Y0        BUFG (Prop_bufg_I_O)         0.091    22.023 r  BUFG/O
                         net (fo=5415, routed)        1.508    23.531    Cfu/tpu/sys_array/ROW[2].COL[0].pe/out
    SLICE_X47Y60         FDCE                                         r  Cfu/tpu/sys_array/ROW[2].COL[0].pe/right_out_reg[5]/C
                         clock pessimism              0.685    24.216    
                         clock uncertainty           -0.070    24.146    
    SLICE_X47Y60         FDCE (Recov_fdce_C_CLR)     -0.405    23.741    Cfu/tpu/sys_array/ROW[2].COL[0].pe/right_out_reg[5]
  -------------------------------------------------------------------
                         required time                         23.741    
                         arrival time                         -19.223    
  -------------------------------------------------------------------
                         slack                                  4.518    

Slack (MET) :             4.518ns  (required time - arrival time)
  Source:                 Cfu/tpu/ctrl/FSM_onehot_state_reg[0]/C
                            (rising edge-triggered cell FDCE clocked by soc_crg_clkout0  {rise@0.000ns fall@6.667ns period=13.333ns})
  Destination:            Cfu/tpu/sys_array/ROW[2].COL[0].pe/right_out_reg[6]/CLR
                            (recovery check against rising-edge clock soc_crg_clkout0  {rise@0.000ns fall@6.667ns period=13.333ns})
  Path Group:             **async_default**
  Path Type:              Recovery (Max at Slow Process Corner)
  Requirement:            13.333ns  (soc_crg_clkout0 rise@13.333ns - soc_crg_clkout0 rise@0.000ns)
  Data Path Delay:        8.244ns  (logic 0.704ns (8.539%)  route 7.540ns (91.461%))
  Logic Levels:           2  (LUT2=2)
  Clock Path Skew:        -0.096ns (DCD - SCD + CPR)
    Destination Clock Delay (DCD):    10.198ns = ( 23.531 - 13.333 ) 
    Source Clock Delay      (SCD):    10.978ns
    Clock Pessimism Removal (CPR):    0.685ns
  Clock Uncertainty:      0.070ns  ((TSJ^2 + DJ^2)^1/2) / 2 + PE
    Total System Jitter     (TSJ):    0.071ns
    Discrete Jitter          (DJ):    0.121ns
    Phase Error              (PE):    0.000ns

    Location             Delay type                Incr(ns)  Path(ns)    Netlist Resource(s)
  -------------------------------------------------------------------    -------------------
                         (clock soc_crg_clkout0 rise edge)
                                                      0.000     0.000 r  
    E3                                                0.000     0.000 r  clk100 (IN)
                         net (fo=0)                   0.000     0.000    clk100
    E3                   IBUF (Prop_ibuf_I_O)         1.482     1.482 r  clk100_IBUF_inst/O
                         net (fo=1, routed)           2.025     3.506    clk100_IBUF
    BUFGCTRL_X0Y16       BUFG (Prop_bufg_I_O)         0.096     3.602 r  clk100_IBUF_BUFG_inst/O
                         net (fo=1, routed)           1.961     5.563    clk100_IBUF_BUFG
    SLICE_X34Y21         LUT1 (Prop_lut1_I0_O)        0.124     5.687 r  clk100_inst/O
                         net (fo=9, routed)           1.476     7.164    soc_crg_clkin
    MMCME2_ADV_X0Y0      MMCME2_ADV (Prop_mmcme2_adv_CLKIN1_CLKOUT0)
                                                      0.088     7.252 r  MMCME2_ADV/CLKOUT0
                         net (fo=1, routed)           2.018     9.270    soc_crg_clkout0
    BUFGCTRL_X0Y0        BUFG (Prop_bufg_I_O)         0.096     9.366 r  BUFG/O
                         net (fo=5415, routed)        1.612    10.978    Cfu/tpu/ctrl/out
    SLICE_X53Y81         FDCE                                         r  Cfu/tpu/ctrl/FSM_onehot_state_reg[0]/C
  -------------------------------------------------------------------    -------------------
    SLICE_X53Y81         FDCE (Prop_fdce_C_Q)         0.456    11.434 r  Cfu/tpu/ctrl/FSM_onehot_state_reg[0]/Q
                         net (fo=31, routed)          0.753    12.188    Cfu/tpu/ctrl/counter_a
    SLICE_X49Y81         LUT2 (Prop_lut2_I1_O)        0.124    12.312 r  Cfu/tpu/ctrl/temp_out4[23]_i_4/O
                         net (fo=417, routed)         1.035    13.347    Cfu/tpu/state[0]
    SLICE_X50Y83         LUT2 (Prop_lut2_I1_O)        0.124    13.471 f  Cfu/tpu/right_out[7]_i_2/O
                         net (fo=704, routed)         5.752    19.223    Cfu/tpu/sys_array/ROW[2].COL[0].pe/ans_reg[0]_0
    SLICE_X47Y60         FDCE                                         f  Cfu/tpu/sys_array/ROW[2].COL[0].pe/right_out_reg[6]/CLR
  -------------------------------------------------------------------    -------------------

                         (clock soc_crg_clkout0 rise edge)
                                                     13.333    13.333 r  
    E3                                                0.000    13.333 r  clk100 (IN)
                         net (fo=0)                   0.000    13.333    clk100
    E3                   IBUF (Prop_ibuf_I_O)         1.411    14.745 r  clk100_IBUF_inst/O
                         net (fo=1, routed)           1.920    16.665    clk100_IBUF
    BUFGCTRL_X0Y16       BUFG (Prop_bufg_I_O)         0.091    16.756 r  clk100_IBUF_BUFG_inst/O
                         net (fo=1, routed)           1.801    18.556    clk100_IBUF_BUFG
    SLICE_X34Y21         LUT1 (Prop_lut1_I0_O)        0.100    18.656 r  clk100_inst/O
                         net (fo=9, routed)           1.269    19.925    soc_crg_clkin
    MMCME2_ADV_X0Y0      MMCME2_ADV (Prop_mmcme2_adv_CLKIN1_CLKOUT0)
                                                      0.083    20.008 r  MMCME2_ADV/CLKOUT0
                         net (fo=1, routed)           1.923    21.932    soc_crg_clkout0
    BUFGCTRL_X0Y0        BUFG (Prop_bufg_I_O)         0.091    22.023 r  BUFG/O
                         net (fo=5415, routed)        1.508    23.531    Cfu/tpu/sys_array/ROW[2].COL[0].pe/out
    SLICE_X47Y60         FDCE                                         r  Cfu/tpu/sys_array/ROW[2].COL[0].pe/right_out_reg[6]/C
                         clock pessimism              0.685    24.216    
                         clock uncertainty           -0.070    24.146    
    SLICE_X47Y60         FDCE (Recov_fdce_C_CLR)     -0.405    23.741    Cfu/tpu/sys_array/ROW[2].COL[0].pe/right_out_reg[6]
  -------------------------------------------------------------------
                         required time                         23.741    
                         arrival time                         -19.223    
  -------------------------------------------------------------------
                         slack                                  4.518    

Slack (MET) :             4.518ns  (required time - arrival time)
  Source:                 Cfu/tpu/ctrl/FSM_onehot_state_reg[0]/C
                            (rising edge-triggered cell FDCE clocked by soc_crg_clkout0  {rise@0.000ns fall@6.667ns period=13.333ns})
  Destination:            Cfu/tpu/sys_array/ROW[2].COL[0].pe/right_out_reg[7]/CLR
                            (recovery check against rising-edge clock soc_crg_clkout0  {rise@0.000ns fall@6.667ns period=13.333ns})
  Path Group:             **async_default**
  Path Type:              Recovery (Max at Slow Process Corner)
  Requirement:            13.333ns  (soc_crg_clkout0 rise@13.333ns - soc_crg_clkout0 rise@0.000ns)
  Data Path Delay:        8.244ns  (logic 0.704ns (8.539%)  route 7.540ns (91.461%))
  Logic Levels:           2  (LUT2=2)
  Clock Path Skew:        -0.096ns (DCD - SCD + CPR)
    Destination Clock Delay (DCD):    10.198ns = ( 23.531 - 13.333 ) 
    Source Clock Delay      (SCD):    10.978ns
    Clock Pessimism Removal (CPR):    0.685ns
  Clock Uncertainty:      0.070ns  ((TSJ^2 + DJ^2)^1/2) / 2 + PE
    Total System Jitter     (TSJ):    0.071ns
    Discrete Jitter          (DJ):    0.121ns
    Phase Error              (PE):    0.000ns

    Location             Delay type                Incr(ns)  Path(ns)    Netlist Resource(s)
  -------------------------------------------------------------------    -------------------
                         (clock soc_crg_clkout0 rise edge)
                                                      0.000     0.000 r  
    E3                                                0.000     0.000 r  clk100 (IN)
                         net (fo=0)                   0.000     0.000    clk100
    E3                   IBUF (Prop_ibuf_I_O)         1.482     1.482 r  clk100_IBUF_inst/O
                         net (fo=1, routed)           2.025     3.506    clk100_IBUF
    BUFGCTRL_X0Y16       BUFG (Prop_bufg_I_O)         0.096     3.602 r  clk100_IBUF_BUFG_inst/O
                         net (fo=1, routed)           1.961     5.563    clk100_IBUF_BUFG
    SLICE_X34Y21         LUT1 (Prop_lut1_I0_O)        0.124     5.687 r  clk100_inst/O
                         net (fo=9, routed)           1.476     7.164    soc_crg_clkin
    MMCME2_ADV_X0Y0      MMCME2_ADV (Prop_mmcme2_adv_CLKIN1_CLKOUT0)
                                                      0.088     7.252 r  MMCME2_ADV/CLKOUT0
                         net (fo=1, routed)           2.018     9.270    soc_crg_clkout0
    BUFGCTRL_X0Y0        BUFG (Prop_bufg_I_O)         0.096     9.366 r  BUFG/O
                         net (fo=5415, routed)        1.612    10.978    Cfu/tpu/ctrl/out
    SLICE_X53Y81         FDCE                                         r  Cfu/tpu/ctrl/FSM_onehot_state_reg[0]/C
  -------------------------------------------------------------------    -------------------
    SLICE_X53Y81         FDCE (Prop_fdce_C_Q)         0.456    11.434 r  Cfu/tpu/ctrl/FSM_onehot_state_reg[0]/Q
                         net (fo=31, routed)          0.753    12.188    Cfu/tpu/ctrl/counter_a
    SLICE_X49Y81         LUT2 (Prop_lut2_I1_O)        0.124    12.312 r  Cfu/tpu/ctrl/temp_out4[23]_i_4/O
                         net (fo=417, routed)         1.035    13.347    Cfu/tpu/state[0]
    SLICE_X50Y83         LUT2 (Prop_lut2_I1_O)        0.124    13.471 f  Cfu/tpu/right_out[7]_i_2/O
                         net (fo=704, routed)         5.752    19.223    Cfu/tpu/sys_array/ROW[2].COL[0].pe/ans_reg[0]_0
    SLICE_X47Y60         FDCE                                         f  Cfu/tpu/sys_array/ROW[2].COL[0].pe/right_out_reg[7]/CLR
  -------------------------------------------------------------------    -------------------

                         (clock soc_crg_clkout0 rise edge)
                                                     13.333    13.333 r  
    E3                                                0.000    13.333 r  clk100 (IN)
                         net (fo=0)                   0.000    13.333    clk100
    E3                   IBUF (Prop_ibuf_I_O)         1.411    14.745 r  clk100_IBUF_inst/O
                         net (fo=1, routed)           1.920    16.665    clk100_IBUF
    BUFGCTRL_X0Y16       BUFG (Prop_bufg_I_O)         0.091    16.756 r  clk100_IBUF_BUFG_inst/O
                         net (fo=1, routed)           1.801    18.556    clk100_IBUF_BUFG
    SLICE_X34Y21         LUT1 (Prop_lut1_I0_O)        0.100    18.656 r  clk100_inst/O
                         net (fo=9, routed)           1.269    19.925    soc_crg_clkin
    MMCME2_ADV_X0Y0      MMCME2_ADV (Prop_mmcme2_adv_CLKIN1_CLKOUT0)
                                                      0.083    20.008 r  MMCME2_ADV/CLKOUT0
                         net (fo=1, routed)           1.923    21.932    soc_crg_clkout0
    BUFGCTRL_X0Y0        BUFG (Prop_bufg_I_O)         0.091    22.023 r  BUFG/O
                         net (fo=5415, routed)        1.508    23.531    Cfu/tpu/sys_array/ROW[2].COL[0].pe/out
    SLICE_X47Y60         FDCE                                         r  Cfu/tpu/sys_array/ROW[2].COL[0].pe/right_out_reg[7]/C
                         clock pessimism              0.685    24.216    
                         clock uncertainty           -0.070    24.146    
    SLICE_X47Y60         FDCE (Recov_fdce_C_CLR)     -0.405    23.741    Cfu/tpu/sys_array/ROW[2].COL[0].pe/right_out_reg[7]
  -------------------------------------------------------------------
                         required time                         23.741    
                         arrival time                         -19.223    
  -------------------------------------------------------------------
                         slack                                  4.518    

Slack (MET) :             4.532ns  (required time - arrival time)
  Source:                 Cfu/tpu/ctrl/FSM_onehot_state_reg[0]/C
                            (rising edge-triggered cell FDCE clocked by soc_crg_clkout0  {rise@0.000ns fall@6.667ns period=13.333ns})
  Destination:            Cfu/tpu/sys_array/ROW[2].COL[1].pe/right_out_reg[0]/CLR
                            (recovery check against rising-edge clock soc_crg_clkout0  {rise@0.000ns fall@6.667ns period=13.333ns})
  Path Group:             **async_default**
  Path Type:              Recovery (Max at Slow Process Corner)
  Requirement:            13.333ns  (soc_crg_clkout0 rise@13.333ns - soc_crg_clkout0 rise@0.000ns)
  Data Path Delay:        8.232ns  (logic 0.704ns (8.552%)  route 7.528ns (91.448%))
  Logic Levels:           2  (LUT2=2)
  Clock Path Skew:        -0.094ns (DCD - SCD + CPR)
    Destination Clock Delay (DCD):    10.200ns = ( 23.533 - 13.333 ) 
    Source Clock Delay      (SCD):    10.978ns
    Clock Pessimism Removal (CPR):    0.685ns
  Clock Uncertainty:      0.070ns  ((TSJ^2 + DJ^2)^1/2) / 2 + PE
    Total System Jitter     (TSJ):    0.071ns
    Discrete Jitter          (DJ):    0.121ns
    Phase Error              (PE):    0.000ns

    Location             Delay type                Incr(ns)  Path(ns)    Netlist Resource(s)
  -------------------------------------------------------------------    -------------------
                         (clock soc_crg_clkout0 rise edge)
                                                      0.000     0.000 r  
    E3                                                0.000     0.000 r  clk100 (IN)
                         net (fo=0)                   0.000     0.000    clk100
    E3                   IBUF (Prop_ibuf_I_O)         1.482     1.482 r  clk100_IBUF_inst/O
                         net (fo=1, routed)           2.025     3.506    clk100_IBUF
    BUFGCTRL_X0Y16       BUFG (Prop_bufg_I_O)         0.096     3.602 r  clk100_IBUF_BUFG_inst/O
                         net (fo=1, routed)           1.961     5.563    clk100_IBUF_BUFG
    SLICE_X34Y21         LUT1 (Prop_lut1_I0_O)        0.124     5.687 r  clk100_inst/O
                         net (fo=9, routed)           1.476     7.164    soc_crg_clkin
    MMCME2_ADV_X0Y0      MMCME2_ADV (Prop_mmcme2_adv_CLKIN1_CLKOUT0)
                                                      0.088     7.252 r  MMCME2_ADV/CLKOUT0
                         net (fo=1, routed)           2.018     9.270    soc_crg_clkout0
    BUFGCTRL_X0Y0        BUFG (Prop_bufg_I_O)         0.096     9.366 r  BUFG/O
                         net (fo=5415, routed)        1.612    10.978    Cfu/tpu/ctrl/out
    SLICE_X53Y81         FDCE                                         r  Cfu/tpu/ctrl/FSM_onehot_state_reg[0]/C
  -------------------------------------------------------------------    -------------------
    SLICE_X53Y81         FDCE (Prop_fdce_C_Q)         0.456    11.434 r  Cfu/tpu/ctrl/FSM_onehot_state_reg[0]/Q
                         net (fo=31, routed)          0.753    12.188    Cfu/tpu/ctrl/counter_a
    SLICE_X49Y81         LUT2 (Prop_lut2_I1_O)        0.124    12.312 r  Cfu/tpu/ctrl/temp_out4[23]_i_4/O
                         net (fo=417, routed)         1.035    13.347    Cfu/tpu/state[0]
    SLICE_X50Y83         LUT2 (Prop_lut2_I1_O)        0.124    13.471 f  Cfu/tpu/right_out[7]_i_2/O
                         net (fo=704, routed)         5.740    19.211    Cfu/tpu/sys_array/ROW[2].COL[1].pe/ans_reg[0]_0
    SLICE_X43Y60         FDCE                                         f  Cfu/tpu/sys_array/ROW[2].COL[1].pe/right_out_reg[0]/CLR
  -------------------------------------------------------------------    -------------------

                         (clock soc_crg_clkout0 rise edge)
                                                     13.333    13.333 r  
    E3                                                0.000    13.333 r  clk100 (IN)
                         net (fo=0)                   0.000    13.333    clk100
    E3                   IBUF (Prop_ibuf_I_O)         1.411    14.745 r  clk100_IBUF_inst/O
                         net (fo=1, routed)           1.920    16.665    clk100_IBUF
    BUFGCTRL_X0Y16       BUFG (Prop_bufg_I_O)         0.091    16.756 r  clk100_IBUF_BUFG_inst/O
                         net (fo=1, routed)           1.801    18.556    clk100_IBUF_BUFG
    SLICE_X34Y21         LUT1 (Prop_lut1_I0_O)        0.100    18.656 r  clk100_inst/O
                         net (fo=9, routed)           1.269    19.925    soc_crg_clkin
    MMCME2_ADV_X0Y0      MMCME2_ADV (Prop_mmcme2_adv_CLKIN1_CLKOUT0)
                                                      0.083    20.008 r  MMCME2_ADV/CLKOUT0
                         net (fo=1, routed)           1.923    21.932    soc_crg_clkout0
    BUFGCTRL_X0Y0        BUFG (Prop_bufg_I_O)         0.091    22.023 r  BUFG/O
                         net (fo=5415, routed)        1.510    23.533    Cfu/tpu/sys_array/ROW[2].COL[1].pe/out
    SLICE_X43Y60         FDCE                                         r  Cfu/tpu/sys_array/ROW[2].COL[1].pe/right_out_reg[0]/C
                         clock pessimism              0.685    24.218    
                         clock uncertainty           -0.070    24.148    
    SLICE_X43Y60         FDCE (Recov_fdce_C_CLR)     -0.405    23.743    Cfu/tpu/sys_array/ROW[2].COL[1].pe/right_out_reg[0]
  -------------------------------------------------------------------
                         required time                         23.743    
                         arrival time                         -19.211    
  -------------------------------------------------------------------
                         slack                                  4.532    

Slack (MET) :             4.532ns  (required time - arrival time)
  Source:                 Cfu/tpu/ctrl/FSM_onehot_state_reg[0]/C
                            (rising edge-triggered cell FDCE clocked by soc_crg_clkout0  {rise@0.000ns fall@6.667ns period=13.333ns})
  Destination:            Cfu/tpu/sys_array/ROW[2].COL[1].pe/right_out_reg[3]/CLR
                            (recovery check against rising-edge clock soc_crg_clkout0  {rise@0.000ns fall@6.667ns period=13.333ns})
  Path Group:             **async_default**
  Path Type:              Recovery (Max at Slow Process Corner)
  Requirement:            13.333ns  (soc_crg_clkout0 rise@13.333ns - soc_crg_clkout0 rise@0.000ns)
  Data Path Delay:        8.232ns  (logic 0.704ns (8.552%)  route 7.528ns (91.448%))
  Logic Levels:           2  (LUT2=2)
  Clock Path Skew:        -0.094ns (DCD - SCD + CPR)
    Destination Clock Delay (DCD):    10.200ns = ( 23.533 - 13.333 ) 
    Source Clock Delay      (SCD):    10.978ns
    Clock Pessimism Removal (CPR):    0.685ns
  Clock Uncertainty:      0.070ns  ((TSJ^2 + DJ^2)^1/2) / 2 + PE
    Total System Jitter     (TSJ):    0.071ns
    Discrete Jitter          (DJ):    0.121ns
    Phase Error              (PE):    0.000ns

    Location             Delay type                Incr(ns)  Path(ns)    Netlist Resource(s)
  -------------------------------------------------------------------    -------------------
                         (clock soc_crg_clkout0 rise edge)
                                                      0.000     0.000 r  
    E3                                                0.000     0.000 r  clk100 (IN)
                         net (fo=0)                   0.000     0.000    clk100
    E3                   IBUF (Prop_ibuf_I_O)         1.482     1.482 r  clk100_IBUF_inst/O
                         net (fo=1, routed)           2.025     3.506    clk100_IBUF
    BUFGCTRL_X0Y16       BUFG (Prop_bufg_I_O)         0.096     3.602 r  clk100_IBUF_BUFG_inst/O
                         net (fo=1, routed)           1.961     5.563    clk100_IBUF_BUFG
    SLICE_X34Y21         LUT1 (Prop_lut1_I0_O)        0.124     5.687 r  clk100_inst/O
                         net (fo=9, routed)           1.476     7.164    soc_crg_clkin
    MMCME2_ADV_X0Y0      MMCME2_ADV (Prop_mmcme2_adv_CLKIN1_CLKOUT0)
                                                      0.088     7.252 r  MMCME2_ADV/CLKOUT0
                         net (fo=1, routed)           2.018     9.270    soc_crg_clkout0
    BUFGCTRL_X0Y0        BUFG (Prop_bufg_I_O)         0.096     9.366 r  BUFG/O
                         net (fo=5415, routed)        1.612    10.978    Cfu/tpu/ctrl/out
    SLICE_X53Y81         FDCE                                         r  Cfu/tpu/ctrl/FSM_onehot_state_reg[0]/C
  -------------------------------------------------------------------    -------------------
    SLICE_X53Y81         FDCE (Prop_fdce_C_Q)         0.456    11.434 r  Cfu/tpu/ctrl/FSM_onehot_state_reg[0]/Q
                         net (fo=31, routed)          0.753    12.188    Cfu/tpu/ctrl/counter_a
    SLICE_X49Y81         LUT2 (Prop_lut2_I1_O)        0.124    12.312 r  Cfu/tpu/ctrl/temp_out4[23]_i_4/O
                         net (fo=417, routed)         1.035    13.347    Cfu/tpu/state[0]
    SLICE_X50Y83         LUT2 (Prop_lut2_I1_O)        0.124    13.471 f  Cfu/tpu/right_out[7]_i_2/O
                         net (fo=704, routed)         5.740    19.211    Cfu/tpu/sys_array/ROW[2].COL[1].pe/ans_reg[0]_0
    SLICE_X43Y60         FDCE                                         f  Cfu/tpu/sys_array/ROW[2].COL[1].pe/right_out_reg[3]/CLR
  -------------------------------------------------------------------    -------------------

                         (clock soc_crg_clkout0 rise edge)
                                                     13.333    13.333 r  
    E3                                                0.000    13.333 r  clk100 (IN)
                         net (fo=0)                   0.000    13.333    clk100
    E3                   IBUF (Prop_ibuf_I_O)         1.411    14.745 r  clk100_IBUF_inst/O
                         net (fo=1, routed)           1.920    16.665    clk100_IBUF
    BUFGCTRL_X0Y16       BUFG (Prop_bufg_I_O)         0.091    16.756 r  clk100_IBUF_BUFG_inst/O
                         net (fo=1, routed)           1.801    18.556    clk100_IBUF_BUFG
    SLICE_X34Y21         LUT1 (Prop_lut1_I0_O)        0.100    18.656 r  clk100_inst/O
                         net (fo=9, routed)           1.269    19.925    soc_crg_clkin
    MMCME2_ADV_X0Y0      MMCME2_ADV (Prop_mmcme2_adv_CLKIN1_CLKOUT0)
                                                      0.083    20.008 r  MMCME2_ADV/CLKOUT0
                         net (fo=1, routed)           1.923    21.932    soc_crg_clkout0
    BUFGCTRL_X0Y0        BUFG (Prop_bufg_I_O)         0.091    22.023 r  BUFG/O
                         net (fo=5415, routed)        1.510    23.533    Cfu/tpu/sys_array/ROW[2].COL[1].pe/out
    SLICE_X43Y60         FDCE                                         r  Cfu/tpu/sys_array/ROW[2].COL[1].pe/right_out_reg[3]/C
                         clock pessimism              0.685    24.218    
                         clock uncertainty           -0.070    24.148    
    SLICE_X43Y60         FDCE (Recov_fdce_C_CLR)     -0.405    23.743    Cfu/tpu/sys_array/ROW[2].COL[1].pe/right_out_reg[3]
  -------------------------------------------------------------------
                         required time                         23.743    
                         arrival time                         -19.211    
  -------------------------------------------------------------------
                         slack                                  4.532    





Min Delay Paths
--------------------------------------------------------------------------------------
Slack (MET) :             0.796ns  (arrival time - required time)
  Source:                 Cfu/rst_n_reg/C
                            (rising edge-triggered cell FDSE clocked by soc_crg_clkout0  {rise@0.000ns fall@6.667ns period=13.333ns})
  Destination:            Cfu/tpu/ctrl/counter_out_reg[19]/CLR
                            (removal check against rising-edge clock soc_crg_clkout0  {rise@0.000ns fall@6.667ns period=13.333ns})
  Path Group:             **async_default**
  Path Type:              Removal (Min at Fast Process Corner)
  Requirement:            0.000ns  (soc_crg_clkout0 rise@0.000ns - soc_crg_clkout0 rise@0.000ns)
  Data Path Delay:        0.740ns  (logic 0.186ns (25.143%)  route 0.554ns (74.857%))
  Logic Levels:           1  (LUT1=1)
  Clock Path Skew:        0.036ns (DCD - SCD - CPR)
    Destination Clock Delay (DCD):    4.545ns
    Source Clock Delay      (SCD):    3.584ns
    Clock Pessimism Removal (CPR):    0.924ns

    Location             Delay type                Incr(ns)  Path(ns)    Netlist Resource(s)
  -------------------------------------------------------------------    -------------------
                         (clock soc_crg_clkout0 rise edge)
                                                      0.000     0.000 r  
    E3                                                0.000     0.000 r  clk100 (IN)
                         net (fo=0)                   0.000     0.000    clk100
    E3                   IBUF (Prop_ibuf_I_O)         0.250     0.250 r  clk100_IBUF_inst/O
                         net (fo=1, routed)           0.644     0.894    clk100_IBUF
    BUFGCTRL_X0Y16       BUFG (Prop_bufg_I_O)         0.026     0.920 r  clk100_IBUF_BUFG_inst/O
                         net (fo=1, routed)           0.686     1.606    clk100_IBUF_BUFG
    SLICE_X34Y21         LUT1 (Prop_lut1_I0_O)        0.045     1.651 r  clk100_inst/O
                         net (fo=9, routed)           0.659     2.310    soc_crg_clkin
    MMCME2_ADV_X0Y0      MMCME2_ADV (Prop_mmcme2_adv_CLKIN1_CLKOUT0)
                                                      0.050     2.360 r  MMCME2_ADV/CLKOUT0
                         net (fo=1, routed)           0.648     3.008    soc_crg_clkout0
    BUFGCTRL_X0Y0        BUFG (Prop_bufg_I_O)         0.026     3.034 r  BUFG/O
                         net (fo=5415, routed)        0.551     3.584    Cfu/out
    SLICE_X57Y73         FDSE                                         r  Cfu/rst_n_reg/C
  -------------------------------------------------------------------    -------------------
    SLICE_X57Y73         FDSE (Prop_fdse_C_Q)         0.141     3.725 r  Cfu/rst_n_reg/Q
                         net (fo=3, routed)           0.411     4.136    Cfu/tpu/ctrl/idx_b_reg[0]_0
    SLICE_X57Y78         LUT1 (Prop_lut1_I0_O)        0.045     4.181 f  Cfu/tpu/ctrl/temp_out4[23]_i_3/O
                         net (fo=286, routed)         0.143     4.324    Cfu/tpu/ctrl/rst_n_reg
    SLICE_X57Y78         FDCE                                         f  Cfu/tpu/ctrl/counter_out_reg[19]/CLR
  -------------------------------------------------------------------    -------------------

                         (clock soc_crg_clkout0 rise edge)
                                                      0.000     0.000 r  
    E3                                                0.000     0.000 r  clk100 (IN)
                         net (fo=0)                   0.000     0.000    clk100
    E3                   IBUF (Prop_ibuf_I_O)         0.438     0.438 r  clk100_IBUF_inst/O
                         net (fo=1, routed)           0.699     1.136    clk100_IBUF
    BUFGCTRL_X0Y16       BUFG (Prop_bufg_I_O)         0.029     1.165 r  clk100_IBUF_BUFG_inst/O
                         net (fo=1, routed)           0.967     2.133    clk100_IBUF_BUFG
    SLICE_X34Y21         LUT1 (Prop_lut1_I0_O)        0.056     2.189 r  clk100_inst/O
                         net (fo=9, routed)           0.753     2.942    soc_crg_clkin
    MMCME2_ADV_X0Y0      MMCME2_ADV (Prop_mmcme2_adv_CLKIN1_CLKOUT0)
                                                      0.053     2.995 r  MMCME2_ADV/CLKOUT0
                         net (fo=1, routed)           0.700     3.695    soc_crg_clkout0
    BUFGCTRL_X0Y0        BUFG (Prop_bufg_I_O)         0.029     3.724 r  BUFG/O
                         net (fo=5415, routed)        0.821     4.545    Cfu/tpu/ctrl/out
    SLICE_X57Y78         FDCE                                         r  Cfu/tpu/ctrl/counter_out_reg[19]/C
                         clock pessimism             -0.924     3.620    
    SLICE_X57Y78         FDCE (Remov_fdce_C_CLR)     -0.092     3.528    Cfu/tpu/ctrl/counter_out_reg[19]
  -------------------------------------------------------------------
                         required time                         -3.528    
                         arrival time                           4.324    
  -------------------------------------------------------------------
                         slack                                  0.796    

Slack (MET) :             0.796ns  (arrival time - required time)
  Source:                 Cfu/rst_n_reg/C
                            (rising edge-triggered cell FDSE clocked by soc_crg_clkout0  {rise@0.000ns fall@6.667ns period=13.333ns})
  Destination:            Cfu/tpu/ctrl/counter_out_reg[20]/CLR
                            (removal check against rising-edge clock soc_crg_clkout0  {rise@0.000ns fall@6.667ns period=13.333ns})
  Path Group:             **async_default**
  Path Type:              Removal (Min at Fast Process Corner)
  Requirement:            0.000ns  (soc_crg_clkout0 rise@0.000ns - soc_crg_clkout0 rise@0.000ns)
  Data Path Delay:        0.740ns  (logic 0.186ns (25.143%)  route 0.554ns (74.857%))
  Logic Levels:           1  (LUT1=1)
  Clock Path Skew:        0.036ns (DCD - SCD - CPR)
    Destination Clock Delay (DCD):    4.545ns
    Source Clock Delay      (SCD):    3.584ns
    Clock Pessimism Removal (CPR):    0.924ns

    Location             Delay type                Incr(ns)  Path(ns)    Netlist Resource(s)
  -------------------------------------------------------------------    -------------------
                         (clock soc_crg_clkout0 rise edge)
                                                      0.000     0.000 r  
    E3                                                0.000     0.000 r  clk100 (IN)
                         net (fo=0)                   0.000     0.000    clk100
    E3                   IBUF (Prop_ibuf_I_O)         0.250     0.250 r  clk100_IBUF_inst/O
                         net (fo=1, routed)           0.644     0.894    clk100_IBUF
    BUFGCTRL_X0Y16       BUFG (Prop_bufg_I_O)         0.026     0.920 r  clk100_IBUF_BUFG_inst/O
                         net (fo=1, routed)           0.686     1.606    clk100_IBUF_BUFG
    SLICE_X34Y21         LUT1 (Prop_lut1_I0_O)        0.045     1.651 r  clk100_inst/O
                         net (fo=9, routed)           0.659     2.310    soc_crg_clkin
    MMCME2_ADV_X0Y0      MMCME2_ADV (Prop_mmcme2_adv_CLKIN1_CLKOUT0)
                                                      0.050     2.360 r  MMCME2_ADV/CLKOUT0
                         net (fo=1, routed)           0.648     3.008    soc_crg_clkout0
    BUFGCTRL_X0Y0        BUFG (Prop_bufg_I_O)         0.026     3.034 r  BUFG/O
                         net (fo=5415, routed)        0.551     3.584    Cfu/out
    SLICE_X57Y73         FDSE                                         r  Cfu/rst_n_reg/C
  -------------------------------------------------------------------    -------------------
    SLICE_X57Y73         FDSE (Prop_fdse_C_Q)         0.141     3.725 r  Cfu/rst_n_reg/Q
                         net (fo=3, routed)           0.411     4.136    Cfu/tpu/ctrl/idx_b_reg[0]_0
    SLICE_X57Y78         LUT1 (Prop_lut1_I0_O)        0.045     4.181 f  Cfu/tpu/ctrl/temp_out4[23]_i_3/O
                         net (fo=286, routed)         0.143     4.324    Cfu/tpu/ctrl/rst_n_reg
    SLICE_X57Y78         FDCE                                         f  Cfu/tpu/ctrl/counter_out_reg[20]/CLR
  -------------------------------------------------------------------    -------------------

                         (clock soc_crg_clkout0 rise edge)
                                                      0.000     0.000 r  
    E3                                                0.000     0.000 r  clk100 (IN)
                         net (fo=0)                   0.000     0.000    clk100
    E3                   IBUF (Prop_ibuf_I_O)         0.438     0.438 r  clk100_IBUF_inst/O
                         net (fo=1, routed)           0.699     1.136    clk100_IBUF
    BUFGCTRL_X0Y16       BUFG (Prop_bufg_I_O)         0.029     1.165 r  clk100_IBUF_BUFG_inst/O
                         net (fo=1, routed)           0.967     2.133    clk100_IBUF_BUFG
    SLICE_X34Y21         LUT1 (Prop_lut1_I0_O)        0.056     2.189 r  clk100_inst/O
                         net (fo=9, routed)           0.753     2.942    soc_crg_clkin
    MMCME2_ADV_X0Y0      MMCME2_ADV (Prop_mmcme2_adv_CLKIN1_CLKOUT0)
                                                      0.053     2.995 r  MMCME2_ADV/CLKOUT0
                         net (fo=1, routed)           0.700     3.695    soc_crg_clkout0
    BUFGCTRL_X0Y0        BUFG (Prop_bufg_I_O)         0.029     3.724 r  BUFG/O
                         net (fo=5415, routed)        0.821     4.545    Cfu/tpu/ctrl/out
    SLICE_X57Y78         FDCE                                         r  Cfu/tpu/ctrl/counter_out_reg[20]/C
                         clock pessimism             -0.924     3.620    
    SLICE_X57Y78         FDCE (Remov_fdce_C_CLR)     -0.092     3.528    Cfu/tpu/ctrl/counter_out_reg[20]
  -------------------------------------------------------------------
                         required time                         -3.528    
                         arrival time                           4.324    
  -------------------------------------------------------------------
                         slack                                  0.796    

Slack (MET) :             0.860ns  (arrival time - required time)
  Source:                 Cfu/rst_n_reg/C
                            (rising edge-triggered cell FDSE clocked by soc_crg_clkout0  {rise@0.000ns fall@6.667ns period=13.333ns})
  Destination:            Cfu/tpu/ctrl/counter_out_reg[18]/CLR
                            (removal check against rising-edge clock soc_crg_clkout0  {rise@0.000ns fall@6.667ns period=13.333ns})
  Path Group:             **async_default**
  Path Type:              Removal (Min at Fast Process Corner)
  Requirement:            0.000ns  (soc_crg_clkout0 rise@0.000ns - soc_crg_clkout0 rise@0.000ns)
  Data Path Delay:        0.805ns  (logic 0.186ns (23.119%)  route 0.619ns (76.881%))
  Logic Levels:           1  (LUT1=1)
  Clock Path Skew:        0.037ns (DCD - SCD - CPR)
    Destination Clock Delay (DCD):    4.546ns
    Source Clock Delay      (SCD):    3.584ns
    Clock Pessimism Removal (CPR):    0.924ns

    Location             Delay type                Incr(ns)  Path(ns)    Netlist Resource(s)
  -------------------------------------------------------------------    -------------------
                         (clock soc_crg_clkout0 rise edge)
                                                      0.000     0.000 r  
    E3                                                0.000     0.000 r  clk100 (IN)
                         net (fo=0)                   0.000     0.000    clk100
    E3                   IBUF (Prop_ibuf_I_O)         0.250     0.250 r  clk100_IBUF_inst/O
                         net (fo=1, routed)           0.644     0.894    clk100_IBUF
    BUFGCTRL_X0Y16       BUFG (Prop_bufg_I_O)         0.026     0.920 r  clk100_IBUF_BUFG_inst/O
                         net (fo=1, routed)           0.686     1.606    clk100_IBUF_BUFG
    SLICE_X34Y21         LUT1 (Prop_lut1_I0_O)        0.045     1.651 r  clk100_inst/O
                         net (fo=9, routed)           0.659     2.310    soc_crg_clkin
    MMCME2_ADV_X0Y0      MMCME2_ADV (Prop_mmcme2_adv_CLKIN1_CLKOUT0)
                                                      0.050     2.360 r  MMCME2_ADV/CLKOUT0
                         net (fo=1, routed)           0.648     3.008    soc_crg_clkout0
    BUFGCTRL_X0Y0        BUFG (Prop_bufg_I_O)         0.026     3.034 r  BUFG/O
                         net (fo=5415, routed)        0.551     3.584    Cfu/out
    SLICE_X57Y73         FDSE                                         r  Cfu/rst_n_reg/C
  -------------------------------------------------------------------    -------------------
    SLICE_X57Y73         FDSE (Prop_fdse_C_Q)         0.141     3.725 r  Cfu/rst_n_reg/Q
                         net (fo=3, routed)           0.411     4.136    Cfu/tpu/ctrl/idx_b_reg[0]_0
    SLICE_X57Y78         LUT1 (Prop_lut1_I0_O)        0.045     4.181 f  Cfu/tpu/ctrl/temp_out4[23]_i_3/O
                         net (fo=286, routed)         0.208     4.389    Cfu/tpu/ctrl/rst_n_reg
    SLICE_X57Y79         FDCE                                         f  Cfu/tpu/ctrl/counter_out_reg[18]/CLR
  -------------------------------------------------------------------    -------------------

                         (clock soc_crg_clkout0 rise edge)
                                                      0.000     0.000 r  
    E3                                                0.000     0.000 r  clk100 (IN)
                         net (fo=0)                   0.000     0.000    clk100
    E3                   IBUF (Prop_ibuf_I_O)         0.438     0.438 r  clk100_IBUF_inst/O
                         net (fo=1, routed)           0.699     1.136    clk100_IBUF
    BUFGCTRL_X0Y16       BUFG (Prop_bufg_I_O)         0.029     1.165 r  clk100_IBUF_BUFG_inst/O
                         net (fo=1, routed)           0.967     2.133    clk100_IBUF_BUFG
    SLICE_X34Y21         LUT1 (Prop_lut1_I0_O)        0.056     2.189 r  clk100_inst/O
                         net (fo=9, routed)           0.753     2.942    soc_crg_clkin
    MMCME2_ADV_X0Y0      MMCME2_ADV (Prop_mmcme2_adv_CLKIN1_CLKOUT0)
                                                      0.053     2.995 r  MMCME2_ADV/CLKOUT0
                         net (fo=1, routed)           0.700     3.695    soc_crg_clkout0
    BUFGCTRL_X0Y0        BUFG (Prop_bufg_I_O)         0.029     3.724 r  BUFG/O
                         net (fo=5415, routed)        0.822     4.546    Cfu/tpu/ctrl/out
    SLICE_X57Y79         FDCE                                         r  Cfu/tpu/ctrl/counter_out_reg[18]/C
                         clock pessimism             -0.924     3.621    
    SLICE_X57Y79         FDCE (Remov_fdce_C_CLR)     -0.092     3.529    Cfu/tpu/ctrl/counter_out_reg[18]
  -------------------------------------------------------------------
                         required time                         -3.529    
                         arrival time                           4.389    
  -------------------------------------------------------------------
                         slack                                  0.860    

Slack (MET) :             0.860ns  (arrival time - required time)
  Source:                 Cfu/rst_n_reg/C
                            (rising edge-triggered cell FDSE clocked by soc_crg_clkout0  {rise@0.000ns fall@6.667ns period=13.333ns})
  Destination:            Cfu/tpu/ctrl/counter_out_reg[21]/CLR
                            (removal check against rising-edge clock soc_crg_clkout0  {rise@0.000ns fall@6.667ns period=13.333ns})
  Path Group:             **async_default**
  Path Type:              Removal (Min at Fast Process Corner)
  Requirement:            0.000ns  (soc_crg_clkout0 rise@0.000ns - soc_crg_clkout0 rise@0.000ns)
  Data Path Delay:        0.805ns  (logic 0.186ns (23.119%)  route 0.619ns (76.881%))
  Logic Levels:           1  (LUT1=1)
  Clock Path Skew:        0.037ns (DCD - SCD - CPR)
    Destination Clock Delay (DCD):    4.546ns
    Source Clock Delay      (SCD):    3.584ns
    Clock Pessimism Removal (CPR):    0.924ns

    Location             Delay type                Incr(ns)  Path(ns)    Netlist Resource(s)
  -------------------------------------------------------------------    -------------------
                         (clock soc_crg_clkout0 rise edge)
                                                      0.000     0.000 r  
    E3                                                0.000     0.000 r  clk100 (IN)
                         net (fo=0)                   0.000     0.000    clk100
    E3                   IBUF (Prop_ibuf_I_O)         0.250     0.250 r  clk100_IBUF_inst/O
                         net (fo=1, routed)           0.644     0.894    clk100_IBUF
    BUFGCTRL_X0Y16       BUFG (Prop_bufg_I_O)         0.026     0.920 r  clk100_IBUF_BUFG_inst/O
                         net (fo=1, routed)           0.686     1.606    clk100_IBUF_BUFG
    SLICE_X34Y21         LUT1 (Prop_lut1_I0_O)        0.045     1.651 r  clk100_inst/O
                         net (fo=9, routed)           0.659     2.310    soc_crg_clkin
    MMCME2_ADV_X0Y0      MMCME2_ADV (Prop_mmcme2_adv_CLKIN1_CLKOUT0)
                                                      0.050     2.360 r  MMCME2_ADV/CLKOUT0
                         net (fo=1, routed)           0.648     3.008    soc_crg_clkout0
    BUFGCTRL_X0Y0        BUFG (Prop_bufg_I_O)         0.026     3.034 r  BUFG/O
                         net (fo=5415, routed)        0.551     3.584    Cfu/out
    SLICE_X57Y73         FDSE                                         r  Cfu/rst_n_reg/C
  -------------------------------------------------------------------    -------------------
    SLICE_X57Y73         FDSE (Prop_fdse_C_Q)         0.141     3.725 r  Cfu/rst_n_reg/Q
                         net (fo=3, routed)           0.411     4.136    Cfu/tpu/ctrl/idx_b_reg[0]_0
    SLICE_X57Y78         LUT1 (Prop_lut1_I0_O)        0.045     4.181 f  Cfu/tpu/ctrl/temp_out4[23]_i_3/O
                         net (fo=286, routed)         0.208     4.389    Cfu/tpu/ctrl/rst_n_reg
    SLICE_X57Y79         FDCE                                         f  Cfu/tpu/ctrl/counter_out_reg[21]/CLR
  -------------------------------------------------------------------    -------------------

                         (clock soc_crg_clkout0 rise edge)
                                                      0.000     0.000 r  
    E3                                                0.000     0.000 r  clk100 (IN)
                         net (fo=0)                   0.000     0.000    clk100
    E3                   IBUF (Prop_ibuf_I_O)         0.438     0.438 r  clk100_IBUF_inst/O
                         net (fo=1, routed)           0.699     1.136    clk100_IBUF
    BUFGCTRL_X0Y16       BUFG (Prop_bufg_I_O)         0.029     1.165 r  clk100_IBUF_BUFG_inst/O
                         net (fo=1, routed)           0.967     2.133    clk100_IBUF_BUFG
    SLICE_X34Y21         LUT1 (Prop_lut1_I0_O)        0.056     2.189 r  clk100_inst/O
                         net (fo=9, routed)           0.753     2.942    soc_crg_clkin
    MMCME2_ADV_X0Y0      MMCME2_ADV (Prop_mmcme2_adv_CLKIN1_CLKOUT0)
                                                      0.053     2.995 r  MMCME2_ADV/CLKOUT0
                         net (fo=1, routed)           0.700     3.695    soc_crg_clkout0
    BUFGCTRL_X0Y0        BUFG (Prop_bufg_I_O)         0.029     3.724 r  BUFG/O
                         net (fo=5415, routed)        0.822     4.546    Cfu/tpu/ctrl/out
    SLICE_X57Y79         FDCE                                         r  Cfu/tpu/ctrl/counter_out_reg[21]/C
                         clock pessimism             -0.924     3.621    
    SLICE_X57Y79         FDCE (Remov_fdce_C_CLR)     -0.092     3.529    Cfu/tpu/ctrl/counter_out_reg[21]
  -------------------------------------------------------------------
                         required time                         -3.529    
                         arrival time                           4.389    
  -------------------------------------------------------------------
                         slack                                  0.860    

Slack (MET) :             0.860ns  (arrival time - required time)
  Source:                 Cfu/rst_n_reg/C
                            (rising edge-triggered cell FDSE clocked by soc_crg_clkout0  {rise@0.000ns fall@6.667ns period=13.333ns})
  Destination:            Cfu/tpu/ctrl/counter_out_reg[23]/CLR
                            (removal check against rising-edge clock soc_crg_clkout0  {rise@0.000ns fall@6.667ns period=13.333ns})
  Path Group:             **async_default**
  Path Type:              Removal (Min at Fast Process Corner)
  Requirement:            0.000ns  (soc_crg_clkout0 rise@0.000ns - soc_crg_clkout0 rise@0.000ns)
  Data Path Delay:        0.805ns  (logic 0.186ns (23.119%)  route 0.619ns (76.881%))
  Logic Levels:           1  (LUT1=1)
  Clock Path Skew:        0.037ns (DCD - SCD - CPR)
    Destination Clock Delay (DCD):    4.546ns
    Source Clock Delay      (SCD):    3.584ns
    Clock Pessimism Removal (CPR):    0.924ns

    Location             Delay type                Incr(ns)  Path(ns)    Netlist Resource(s)
  -------------------------------------------------------------------    -------------------
                         (clock soc_crg_clkout0 rise edge)
                                                      0.000     0.000 r  
    E3                                                0.000     0.000 r  clk100 (IN)
                         net (fo=0)                   0.000     0.000    clk100
    E3                   IBUF (Prop_ibuf_I_O)         0.250     0.250 r  clk100_IBUF_inst/O
                         net (fo=1, routed)           0.644     0.894    clk100_IBUF
    BUFGCTRL_X0Y16       BUFG (Prop_bufg_I_O)         0.026     0.920 r  clk100_IBUF_BUFG_inst/O
                         net (fo=1, routed)           0.686     1.606    clk100_IBUF_BUFG
    SLICE_X34Y21         LUT1 (Prop_lut1_I0_O)        0.045     1.651 r  clk100_inst/O
                         net (fo=9, routed)           0.659     2.310    soc_crg_clkin
    MMCME2_ADV_X0Y0      MMCME2_ADV (Prop_mmcme2_adv_CLKIN1_CLKOUT0)
                                                      0.050     2.360 r  MMCME2_ADV/CLKOUT0
                         net (fo=1, routed)           0.648     3.008    soc_crg_clkout0
    BUFGCTRL_X0Y0        BUFG (Prop_bufg_I_O)         0.026     3.034 r  BUFG/O
                         net (fo=5415, routed)        0.551     3.584    Cfu/out
    SLICE_X57Y73         FDSE                                         r  Cfu/rst_n_reg/C
  -------------------------------------------------------------------    -------------------
    SLICE_X57Y73         FDSE (Prop_fdse_C_Q)         0.141     3.725 r  Cfu/rst_n_reg/Q
                         net (fo=3, routed)           0.411     4.136    Cfu/tpu/ctrl/idx_b_reg[0]_0
    SLICE_X57Y78         LUT1 (Prop_lut1_I0_O)        0.045     4.181 f  Cfu/tpu/ctrl/temp_out4[23]_i_3/O
                         net (fo=286, routed)         0.208     4.389    Cfu/tpu/ctrl/rst_n_reg
    SLICE_X57Y79         FDCE                                         f  Cfu/tpu/ctrl/counter_out_reg[23]/CLR
  -------------------------------------------------------------------    -------------------

                         (clock soc_crg_clkout0 rise edge)
                                                      0.000     0.000 r  
    E3                                                0.000     0.000 r  clk100 (IN)
                         net (fo=0)                   0.000     0.000    clk100
    E3                   IBUF (Prop_ibuf_I_O)         0.438     0.438 r  clk100_IBUF_inst/O
                         net (fo=1, routed)           0.699     1.136    clk100_IBUF
    BUFGCTRL_X0Y16       BUFG (Prop_bufg_I_O)         0.029     1.165 r  clk100_IBUF_BUFG_inst/O
                         net (fo=1, routed)           0.967     2.133    clk100_IBUF_BUFG
    SLICE_X34Y21         LUT1 (Prop_lut1_I0_O)        0.056     2.189 r  clk100_inst/O
                         net (fo=9, routed)           0.753     2.942    soc_crg_clkin
    MMCME2_ADV_X0Y0      MMCME2_ADV (Prop_mmcme2_adv_CLKIN1_CLKOUT0)
                                                      0.053     2.995 r  MMCME2_ADV/CLKOUT0
                         net (fo=1, routed)           0.700     3.695    soc_crg_clkout0
    BUFGCTRL_X0Y0        BUFG (Prop_bufg_I_O)         0.029     3.724 r  BUFG/O
                         net (fo=5415, routed)        0.822     4.546    Cfu/tpu/ctrl/out
    SLICE_X57Y79         FDCE                                         r  Cfu/tpu/ctrl/counter_out_reg[23]/C
                         clock pessimism             -0.924     3.621    
    SLICE_X57Y79         FDCE (Remov_fdce_C_CLR)     -0.092     3.529    Cfu/tpu/ctrl/counter_out_reg[23]
  -------------------------------------------------------------------
                         required time                         -3.529    
                         arrival time                           4.389    
  -------------------------------------------------------------------
                         slack                                  0.860    

Slack (MET) :             0.860ns  (arrival time - required time)
  Source:                 Cfu/rst_n_reg/C
                            (rising edge-triggered cell FDSE clocked by soc_crg_clkout0  {rise@0.000ns fall@6.667ns period=13.333ns})
  Destination:            Cfu/tpu/ctrl/counter_out_reg[24]/CLR
                            (removal check against rising-edge clock soc_crg_clkout0  {rise@0.000ns fall@6.667ns period=13.333ns})
  Path Group:             **async_default**
  Path Type:              Removal (Min at Fast Process Corner)
  Requirement:            0.000ns  (soc_crg_clkout0 rise@0.000ns - soc_crg_clkout0 rise@0.000ns)
  Data Path Delay:        0.805ns  (logic 0.186ns (23.119%)  route 0.619ns (76.881%))
  Logic Levels:           1  (LUT1=1)
  Clock Path Skew:        0.037ns (DCD - SCD - CPR)
    Destination Clock Delay (DCD):    4.546ns
    Source Clock Delay      (SCD):    3.584ns
    Clock Pessimism Removal (CPR):    0.924ns

    Location             Delay type                Incr(ns)  Path(ns)    Netlist Resource(s)
  -------------------------------------------------------------------    -------------------
                         (clock soc_crg_clkout0 rise edge)
                                                      0.000     0.000 r  
    E3                                                0.000     0.000 r  clk100 (IN)
                         net (fo=0)                   0.000     0.000    clk100
    E3                   IBUF (Prop_ibuf_I_O)         0.250     0.250 r  clk100_IBUF_inst/O
                         net (fo=1, routed)           0.644     0.894    clk100_IBUF
    BUFGCTRL_X0Y16       BUFG (Prop_bufg_I_O)         0.026     0.920 r  clk100_IBUF_BUFG_inst/O
                         net (fo=1, routed)           0.686     1.606    clk100_IBUF_BUFG
    SLICE_X34Y21         LUT1 (Prop_lut1_I0_O)        0.045     1.651 r  clk100_inst/O
                         net (fo=9, routed)           0.659     2.310    soc_crg_clkin
    MMCME2_ADV_X0Y0      MMCME2_ADV (Prop_mmcme2_adv_CLKIN1_CLKOUT0)
                                                      0.050     2.360 r  MMCME2_ADV/CLKOUT0
                         net (fo=1, routed)           0.648     3.008    soc_crg_clkout0
    BUFGCTRL_X0Y0        BUFG (Prop_bufg_I_O)         0.026     3.034 r  BUFG/O
                         net (fo=5415, routed)        0.551     3.584    Cfu/out
    SLICE_X57Y73         FDSE                                         r  Cfu/rst_n_reg/C
  -------------------------------------------------------------------    -------------------
    SLICE_X57Y73         FDSE (Prop_fdse_C_Q)         0.141     3.725 r  Cfu/rst_n_reg/Q
                         net (fo=3, routed)           0.411     4.136    Cfu/tpu/ctrl/idx_b_reg[0]_0
    SLICE_X57Y78         LUT1 (Prop_lut1_I0_O)        0.045     4.181 f  Cfu/tpu/ctrl/temp_out4[23]_i_3/O
                         net (fo=286, routed)         0.208     4.389    Cfu/tpu/ctrl/rst_n_reg
    SLICE_X57Y79         FDCE                                         f  Cfu/tpu/ctrl/counter_out_reg[24]/CLR
  -------------------------------------------------------------------    -------------------

                         (clock soc_crg_clkout0 rise edge)
                                                      0.000     0.000 r  
    E3                                                0.000     0.000 r  clk100 (IN)
                         net (fo=0)                   0.000     0.000    clk100
    E3                   IBUF (Prop_ibuf_I_O)         0.438     0.438 r  clk100_IBUF_inst/O
                         net (fo=1, routed)           0.699     1.136    clk100_IBUF
    BUFGCTRL_X0Y16       BUFG (Prop_bufg_I_O)         0.029     1.165 r  clk100_IBUF_BUFG_inst/O
                         net (fo=1, routed)           0.967     2.133    clk100_IBUF_BUFG
    SLICE_X34Y21         LUT1 (Prop_lut1_I0_O)        0.056     2.189 r  clk100_inst/O
                         net (fo=9, routed)           0.753     2.942    soc_crg_clkin
    MMCME2_ADV_X0Y0      MMCME2_ADV (Prop_mmcme2_adv_CLKIN1_CLKOUT0)
                                                      0.053     2.995 r  MMCME2_ADV/CLKOUT0
                         net (fo=1, routed)           0.700     3.695    soc_crg_clkout0
    BUFGCTRL_X0Y0        BUFG (Prop_bufg_I_O)         0.029     3.724 r  BUFG/O
                         net (fo=5415, routed)        0.822     4.546    Cfu/tpu/ctrl/out
    SLICE_X57Y79         FDCE                                         r  Cfu/tpu/ctrl/counter_out_reg[24]/C
                         clock pessimism             -0.924     3.621    
    SLICE_X57Y79         FDCE (Remov_fdce_C_CLR)     -0.092     3.529    Cfu/tpu/ctrl/counter_out_reg[24]
  -------------------------------------------------------------------
                         required time                         -3.529    
                         arrival time                           4.389    
  -------------------------------------------------------------------
                         slack                                  0.860    

Slack (MET) :             0.860ns  (arrival time - required time)
  Source:                 Cfu/rst_n_reg/C
                            (rising edge-triggered cell FDSE clocked by soc_crg_clkout0  {rise@0.000ns fall@6.667ns period=13.333ns})
  Destination:            Cfu/tpu/ctrl/counter_out_reg[30]/CLR
                            (removal check against rising-edge clock soc_crg_clkout0  {rise@0.000ns fall@6.667ns period=13.333ns})
  Path Group:             **async_default**
  Path Type:              Removal (Min at Fast Process Corner)
  Requirement:            0.000ns  (soc_crg_clkout0 rise@0.000ns - soc_crg_clkout0 rise@0.000ns)
  Data Path Delay:        0.805ns  (logic 0.186ns (23.119%)  route 0.619ns (76.881%))
  Logic Levels:           1  (LUT1=1)
  Clock Path Skew:        0.037ns (DCD - SCD - CPR)
    Destination Clock Delay (DCD):    4.546ns
    Source Clock Delay      (SCD):    3.584ns
    Clock Pessimism Removal (CPR):    0.924ns

    Location             Delay type                Incr(ns)  Path(ns)    Netlist Resource(s)
  -------------------------------------------------------------------    -------------------
                         (clock soc_crg_clkout0 rise edge)
                                                      0.000     0.000 r  
    E3                                                0.000     0.000 r  clk100 (IN)
                         net (fo=0)                   0.000     0.000    clk100
    E3                   IBUF (Prop_ibuf_I_O)         0.250     0.250 r  clk100_IBUF_inst/O
                         net (fo=1, routed)           0.644     0.894    clk100_IBUF
    BUFGCTRL_X0Y16       BUFG (Prop_bufg_I_O)         0.026     0.920 r  clk100_IBUF_BUFG_inst/O
                         net (fo=1, routed)           0.686     1.606    clk100_IBUF_BUFG
    SLICE_X34Y21         LUT1 (Prop_lut1_I0_O)        0.045     1.651 r  clk100_inst/O
                         net (fo=9, routed)           0.659     2.310    soc_crg_clkin
    MMCME2_ADV_X0Y0      MMCME2_ADV (Prop_mmcme2_adv_CLKIN1_CLKOUT0)
                                                      0.050     2.360 r  MMCME2_ADV/CLKOUT0
                         net (fo=1, routed)           0.648     3.008    soc_crg_clkout0
    BUFGCTRL_X0Y0        BUFG (Prop_bufg_I_O)         0.026     3.034 r  BUFG/O
                         net (fo=5415, routed)        0.551     3.584    Cfu/out
    SLICE_X57Y73         FDSE                                         r  Cfu/rst_n_reg/C
  -------------------------------------------------------------------    -------------------
    SLICE_X57Y73         FDSE (Prop_fdse_C_Q)         0.141     3.725 r  Cfu/rst_n_reg/Q
                         net (fo=3, routed)           0.411     4.136    Cfu/tpu/ctrl/idx_b_reg[0]_0
    SLICE_X57Y78         LUT1 (Prop_lut1_I0_O)        0.045     4.181 f  Cfu/tpu/ctrl/temp_out4[23]_i_3/O
                         net (fo=286, routed)         0.208     4.389    Cfu/tpu/ctrl/rst_n_reg
    SLICE_X57Y79         FDCE                                         f  Cfu/tpu/ctrl/counter_out_reg[30]/CLR
  -------------------------------------------------------------------    -------------------

                         (clock soc_crg_clkout0 rise edge)
                                                      0.000     0.000 r  
    E3                                                0.000     0.000 r  clk100 (IN)
                         net (fo=0)                   0.000     0.000    clk100
    E3                   IBUF (Prop_ibuf_I_O)         0.438     0.438 r  clk100_IBUF_inst/O
                         net (fo=1, routed)           0.699     1.136    clk100_IBUF
    BUFGCTRL_X0Y16       BUFG (Prop_bufg_I_O)         0.029     1.165 r  clk100_IBUF_BUFG_inst/O
                         net (fo=1, routed)           0.967     2.133    clk100_IBUF_BUFG
    SLICE_X34Y21         LUT1 (Prop_lut1_I0_O)        0.056     2.189 r  clk100_inst/O
                         net (fo=9, routed)           0.753     2.942    soc_crg_clkin
    MMCME2_ADV_X0Y0      MMCME2_ADV (Prop_mmcme2_adv_CLKIN1_CLKOUT0)
                                                      0.053     2.995 r  MMCME2_ADV/CLKOUT0
                         net (fo=1, routed)           0.700     3.695    soc_crg_clkout0
    BUFGCTRL_X0Y0        BUFG (Prop_bufg_I_O)         0.029     3.724 r  BUFG/O
                         net (fo=5415, routed)        0.822     4.546    Cfu/tpu/ctrl/out
    SLICE_X57Y79         FDCE                                         r  Cfu/tpu/ctrl/counter_out_reg[30]/C
                         clock pessimism             -0.924     3.621    
    SLICE_X57Y79         FDCE (Remov_fdce_C_CLR)     -0.092     3.529    Cfu/tpu/ctrl/counter_out_reg[30]
  -------------------------------------------------------------------
                         required time                         -3.529    
                         arrival time                           4.389    
  -------------------------------------------------------------------
                         slack                                  0.860    

Slack (MET) :             0.860ns  (arrival time - required time)
  Source:                 Cfu/rst_n_reg/C
                            (rising edge-triggered cell FDSE clocked by soc_crg_clkout0  {rise@0.000ns fall@6.667ns period=13.333ns})
  Destination:            Cfu/tpu/ctrl/counter_out_reg[31]/CLR
                            (removal check against rising-edge clock soc_crg_clkout0  {rise@0.000ns fall@6.667ns period=13.333ns})
  Path Group:             **async_default**
  Path Type:              Removal (Min at Fast Process Corner)
  Requirement:            0.000ns  (soc_crg_clkout0 rise@0.000ns - soc_crg_clkout0 rise@0.000ns)
  Data Path Delay:        0.805ns  (logic 0.186ns (23.119%)  route 0.619ns (76.881%))
  Logic Levels:           1  (LUT1=1)
  Clock Path Skew:        0.037ns (DCD - SCD - CPR)
    Destination Clock Delay (DCD):    4.546ns
    Source Clock Delay      (SCD):    3.584ns
    Clock Pessimism Removal (CPR):    0.924ns

    Location             Delay type                Incr(ns)  Path(ns)    Netlist Resource(s)
  -------------------------------------------------------------------    -------------------
                         (clock soc_crg_clkout0 rise edge)
                                                      0.000     0.000 r  
    E3                                                0.000     0.000 r  clk100 (IN)
                         net (fo=0)                   0.000     0.000    clk100
    E3                   IBUF (Prop_ibuf_I_O)         0.250     0.250 r  clk100_IBUF_inst/O
                         net (fo=1, routed)           0.644     0.894    clk100_IBUF
    BUFGCTRL_X0Y16       BUFG (Prop_bufg_I_O)         0.026     0.920 r  clk100_IBUF_BUFG_inst/O
                         net (fo=1, routed)           0.686     1.606    clk100_IBUF_BUFG
    SLICE_X34Y21         LUT1 (Prop_lut1_I0_O)        0.045     1.651 r  clk100_inst/O
                         net (fo=9, routed)           0.659     2.310    soc_crg_clkin
    MMCME2_ADV_X0Y0      MMCME2_ADV (Prop_mmcme2_adv_CLKIN1_CLKOUT0)
                                                      0.050     2.360 r  MMCME2_ADV/CLKOUT0
                         net (fo=1, routed)           0.648     3.008    soc_crg_clkout0
    BUFGCTRL_X0Y0        BUFG (Prop_bufg_I_O)         0.026     3.034 r  BUFG/O
                         net (fo=5415, routed)        0.551     3.584    Cfu/out
    SLICE_X57Y73         FDSE                                         r  Cfu/rst_n_reg/C
  -------------------------------------------------------------------    -------------------
    SLICE_X57Y73         FDSE (Prop_fdse_C_Q)         0.141     3.725 r  Cfu/rst_n_reg/Q
                         net (fo=3, routed)           0.411     4.136    Cfu/tpu/ctrl/idx_b_reg[0]_0
    SLICE_X57Y78         LUT1 (Prop_lut1_I0_O)        0.045     4.181 f  Cfu/tpu/ctrl/temp_out4[23]_i_3/O
                         net (fo=286, routed)         0.208     4.389    Cfu/tpu/ctrl/rst_n_reg
    SLICE_X57Y79         FDCE                                         f  Cfu/tpu/ctrl/counter_out_reg[31]/CLR
  -------------------------------------------------------------------    -------------------

                         (clock soc_crg_clkout0 rise edge)
                                                      0.000     0.000 r  
    E3                                                0.000     0.000 r  clk100 (IN)
                         net (fo=0)                   0.000     0.000    clk100
    E3                   IBUF (Prop_ibuf_I_O)         0.438     0.438 r  clk100_IBUF_inst/O
                         net (fo=1, routed)           0.699     1.136    clk100_IBUF
    BUFGCTRL_X0Y16       BUFG (Prop_bufg_I_O)         0.029     1.165 r  clk100_IBUF_BUFG_inst/O
                         net (fo=1, routed)           0.967     2.133    clk100_IBUF_BUFG
    SLICE_X34Y21         LUT1 (Prop_lut1_I0_O)        0.056     2.189 r  clk100_inst/O
                         net (fo=9, routed)           0.753     2.942    soc_crg_clkin
    MMCME2_ADV_X0Y0      MMCME2_ADV (Prop_mmcme2_adv_CLKIN1_CLKOUT0)
                                                      0.053     2.995 r  MMCME2_ADV/CLKOUT0
                         net (fo=1, routed)           0.700     3.695    soc_crg_clkout0
    BUFGCTRL_X0Y0        BUFG (Prop_bufg_I_O)         0.029     3.724 r  BUFG/O
                         net (fo=5415, routed)        0.822     4.546    Cfu/tpu/ctrl/out
    SLICE_X57Y79         FDCE                                         r  Cfu/tpu/ctrl/counter_out_reg[31]/C
                         clock pessimism             -0.924     3.621    
    SLICE_X57Y79         FDCE (Remov_fdce_C_CLR)     -0.092     3.529    Cfu/tpu/ctrl/counter_out_reg[31]
  -------------------------------------------------------------------
                         required time                         -3.529    
                         arrival time                           4.389    
  -------------------------------------------------------------------
                         slack                                  0.860    

Slack (MET) :             0.875ns  (arrival time - required time)
  Source:                 Cfu/tpu/ctrl/FSM_onehot_state_reg[0]/C
                            (rising edge-triggered cell FDCE clocked by soc_crg_clkout0  {rise@0.000ns fall@6.667ns period=13.333ns})
  Destination:            Cfu/tpu/sys_array/ROW[2].COL[2].pe/ans_reg[24]/CLR
                            (removal check against rising-edge clock soc_crg_clkout0  {rise@0.000ns fall@6.667ns period=13.333ns})
  Path Group:             **async_default**
  Path Type:              Removal (Min at Fast Process Corner)
  Requirement:            0.000ns  (soc_crg_clkout0 rise@0.000ns - soc_crg_clkout0 rise@0.000ns)
  Data Path Delay:        1.053ns  (logic 0.231ns (21.935%)  route 0.822ns (78.065%))
  Logic Levels:           2  (LUT2=2)
  Clock Path Skew:        0.270ns (DCD - SCD - CPR)
    Destination Clock Delay (DCD):    4.554ns
    Source Clock Delay      (SCD):    3.588ns
    Clock Pessimism Removal (CPR):    0.695ns

    Location             Delay type                Incr(ns)  Path(ns)    Netlist Resource(s)
  -------------------------------------------------------------------    -------------------
                         (clock soc_crg_clkout0 rise edge)
                                                      0.000     0.000 r  
    E3                                                0.000     0.000 r  clk100 (IN)
                         net (fo=0)                   0.000     0.000    clk100
    E3                   IBUF (Prop_ibuf_I_O)         0.250     0.250 r  clk100_IBUF_inst/O
                         net (fo=1, routed)           0.644     0.894    clk100_IBUF
    BUFGCTRL_X0Y16       BUFG (Prop_bufg_I_O)         0.026     0.920 r  clk100_IBUF_BUFG_inst/O
                         net (fo=1, routed)           0.686     1.606    clk100_IBUF_BUFG
    SLICE_X34Y21         LUT1 (Prop_lut1_I0_O)        0.045     1.651 r  clk100_inst/O
                         net (fo=9, routed)           0.659     2.310    soc_crg_clkin
    MMCME2_ADV_X0Y0      MMCME2_ADV (Prop_mmcme2_adv_CLKIN1_CLKOUT0)
                                                      0.050     2.360 r  MMCME2_ADV/CLKOUT0
                         net (fo=1, routed)           0.648     3.008    soc_crg_clkout0
    BUFGCTRL_X0Y0        BUFG (Prop_bufg_I_O)         0.026     3.034 r  BUFG/O
                         net (fo=5415, routed)        0.555     3.588    Cfu/tpu/ctrl/out
    SLICE_X53Y81         FDCE                                         r  Cfu/tpu/ctrl/FSM_onehot_state_reg[0]/C
  -------------------------------------------------------------------    -------------------
    SLICE_X53Y81         FDCE (Prop_fdce_C_Q)         0.141     3.729 r  Cfu/tpu/ctrl/FSM_onehot_state_reg[0]/Q
                         net (fo=31, routed)          0.242     3.971    Cfu/tpu/ctrl/counter_a
    SLICE_X50Y82         LUT2 (Prop_lut2_I1_O)        0.045     4.016 f  Cfu/tpu/ctrl/temp_out4[23]_i_1/O
                         net (fo=683, routed)         0.318     4.334    Cfu/tpu/ctrl_n_130
    SLICE_X50Y83         LUT2 (Prop_lut2_I0_O)        0.045     4.379 f  Cfu/tpu/right_out[7]_i_2/O
                         net (fo=704, routed)         0.262     4.641    Cfu/tpu/sys_array/ROW[2].COL[2].pe/ans_reg[0]_0
    SLICE_X44Y84         FDCE                                         f  Cfu/tpu/sys_array/ROW[2].COL[2].pe/ans_reg[24]/CLR
  -------------------------------------------------------------------    -------------------

                         (clock soc_crg_clkout0 rise edge)
                                                      0.000     0.000 r  
    E3                                                0.000     0.000 r  clk100 (IN)
                         net (fo=0)                   0.000     0.000    clk100
    E3                   IBUF (Prop_ibuf_I_O)         0.438     0.438 r  clk100_IBUF_inst/O
                         net (fo=1, routed)           0.699     1.136    clk100_IBUF
    BUFGCTRL_X0Y16       BUFG (Prop_bufg_I_O)         0.029     1.165 r  clk100_IBUF_BUFG_inst/O
                         net (fo=1, routed)           0.967     2.133    clk100_IBUF_BUFG
    SLICE_X34Y21         LUT1 (Prop_lut1_I0_O)        0.056     2.189 r  clk100_inst/O
                         net (fo=9, routed)           0.753     2.942    soc_crg_clkin
    MMCME2_ADV_X0Y0      MMCME2_ADV (Prop_mmcme2_adv_CLKIN1_CLKOUT0)
                                                      0.053     2.995 r  MMCME2_ADV/CLKOUT0
                         net (fo=1, routed)           0.700     3.695    soc_crg_clkout0
    BUFGCTRL_X0Y0        BUFG (Prop_bufg_I_O)         0.029     3.724 r  BUFG/O
                         net (fo=5415, routed)        0.830     4.554    Cfu/tpu/sys_array/ROW[2].COL[2].pe/out
    SLICE_X44Y84         FDCE                                         r  Cfu/tpu/sys_array/ROW[2].COL[2].pe/ans_reg[24]/C
                         clock pessimism             -0.695     3.858    
    SLICE_X44Y84         FDCE (Remov_fdce_C_CLR)     -0.092     3.766    Cfu/tpu/sys_array/ROW[2].COL[2].pe/ans_reg[24]
  -------------------------------------------------------------------
                         required time                         -3.766    
                         arrival time                           4.641    
  -------------------------------------------------------------------
                         slack                                  0.875    

Slack (MET) :             0.875ns  (arrival time - required time)
  Source:                 Cfu/tpu/ctrl/FSM_onehot_state_reg[0]/C
                            (rising edge-triggered cell FDCE clocked by soc_crg_clkout0  {rise@0.000ns fall@6.667ns period=13.333ns})
  Destination:            Cfu/tpu/sys_array/ROW[2].COL[2].pe/ans_reg[25]/CLR
                            (removal check against rising-edge clock soc_crg_clkout0  {rise@0.000ns fall@6.667ns period=13.333ns})
  Path Group:             **async_default**
  Path Type:              Removal (Min at Fast Process Corner)
  Requirement:            0.000ns  (soc_crg_clkout0 rise@0.000ns - soc_crg_clkout0 rise@0.000ns)
  Data Path Delay:        1.053ns  (logic 0.231ns (21.935%)  route 0.822ns (78.065%))
  Logic Levels:           2  (LUT2=2)
  Clock Path Skew:        0.270ns (DCD - SCD - CPR)
    Destination Clock Delay (DCD):    4.554ns
    Source Clock Delay      (SCD):    3.588ns
    Clock Pessimism Removal (CPR):    0.695ns

    Location             Delay type                Incr(ns)  Path(ns)    Netlist Resource(s)
  -------------------------------------------------------------------    -------------------
                         (clock soc_crg_clkout0 rise edge)
                                                      0.000     0.000 r  
    E3                                                0.000     0.000 r  clk100 (IN)
                         net (fo=0)                   0.000     0.000    clk100
    E3                   IBUF (Prop_ibuf_I_O)         0.250     0.250 r  clk100_IBUF_inst/O
                         net (fo=1, routed)           0.644     0.894    clk100_IBUF
    BUFGCTRL_X0Y16       BUFG (Prop_bufg_I_O)         0.026     0.920 r  clk100_IBUF_BUFG_inst/O
                         net (fo=1, routed)           0.686     1.606    clk100_IBUF_BUFG
    SLICE_X34Y21         LUT1 (Prop_lut1_I0_O)        0.045     1.651 r  clk100_inst/O
                         net (fo=9, routed)           0.659     2.310    soc_crg_clkin
    MMCME2_ADV_X0Y0      MMCME2_ADV (Prop_mmcme2_adv_CLKIN1_CLKOUT0)
                                                      0.050     2.360 r  MMCME2_ADV/CLKOUT0
                         net (fo=1, routed)           0.648     3.008    soc_crg_clkout0
    BUFGCTRL_X0Y0        BUFG (Prop_bufg_I_O)         0.026     3.034 r  BUFG/O
                         net (fo=5415, routed)        0.555     3.588    Cfu/tpu/ctrl/out
    SLICE_X53Y81         FDCE                                         r  Cfu/tpu/ctrl/FSM_onehot_state_reg[0]/C
  -------------------------------------------------------------------    -------------------
    SLICE_X53Y81         FDCE (Prop_fdce_C_Q)         0.141     3.729 r  Cfu/tpu/ctrl/FSM_onehot_state_reg[0]/Q
                         net (fo=31, routed)          0.242     3.971    Cfu/tpu/ctrl/counter_a
    SLICE_X50Y82         LUT2 (Prop_lut2_I1_O)        0.045     4.016 f  Cfu/tpu/ctrl/temp_out4[23]_i_1/O
                         net (fo=683, routed)         0.318     4.334    Cfu/tpu/ctrl_n_130
    SLICE_X50Y83         LUT2 (Prop_lut2_I0_O)        0.045     4.379 f  Cfu/tpu/right_out[7]_i_2/O
                         net (fo=704, routed)         0.262     4.641    Cfu/tpu/sys_array/ROW[2].COL[2].pe/ans_reg[0]_0
    SLICE_X44Y84         FDCE                                         f  Cfu/tpu/sys_array/ROW[2].COL[2].pe/ans_reg[25]/CLR
  -------------------------------------------------------------------    -------------------

                         (clock soc_crg_clkout0 rise edge)
                                                      0.000     0.000 r  
    E3                                                0.000     0.000 r  clk100 (IN)
                         net (fo=0)                   0.000     0.000    clk100
    E3                   IBUF (Prop_ibuf_I_O)         0.438     0.438 r  clk100_IBUF_inst/O
                         net (fo=1, routed)           0.699     1.136    clk100_IBUF
    BUFGCTRL_X0Y16       BUFG (Prop_bufg_I_O)         0.029     1.165 r  clk100_IBUF_BUFG_inst/O
                         net (fo=1, routed)           0.967     2.133    clk100_IBUF_BUFG
    SLICE_X34Y21         LUT1 (Prop_lut1_I0_O)        0.056     2.189 r  clk100_inst/O
                         net (fo=9, routed)           0.753     2.942    soc_crg_clkin
    MMCME2_ADV_X0Y0      MMCME2_ADV (Prop_mmcme2_adv_CLKIN1_CLKOUT0)
                                                      0.053     2.995 r  MMCME2_ADV/CLKOUT0
                         net (fo=1, routed)           0.700     3.695    soc_crg_clkout0
    BUFGCTRL_X0Y0        BUFG (Prop_bufg_I_O)         0.029     3.724 r  BUFG/O
                         net (fo=5415, routed)        0.830     4.554    Cfu/tpu/sys_array/ROW[2].COL[2].pe/out
    SLICE_X44Y84         FDCE                                         r  Cfu/tpu/sys_array/ROW[2].COL[2].pe/ans_reg[25]/C
                         clock pessimism             -0.695     3.858    
    SLICE_X44Y84         FDCE (Remov_fdce_C_CLR)     -0.092     3.766    Cfu/tpu/sys_array/ROW[2].COL[2].pe/ans_reg[25]
  -------------------------------------------------------------------
                         required time                         -3.766    
                         arrival time                           4.641    
  -------------------------------------------------------------------
                         slack                                  0.875    





------------------------------------------------------------------------------------------------
| Data sheet
| ----------
------------------------------------------------------------------------------------------------

Input Ports Setup/Hold

----------+--------------+----------------+----------+---------------+---------+---------------+---------+-----------------+
Reference | Input        | IO Reg         | Delay    |     Setup(ns) | Process |      Hold(ns) | Process | Internal        |
Clock     | Port         | Type           | Type     | to Clk (Edge) | Corner  | to Clk (Edge) | Corner  | Clock           |
----------+--------------+----------------+----------+---------------+---------+---------------+---------+-----------------+
clk100    | cpu_reset    | FDCE           | -        |     0.686 (r) | FAST    |     2.243 (r) | SLOW    |                 |
clk100    | serial_rx    | FDRE           | -        |    -1.497 (r) | FAST    |     7.225 (r) | SLOW    | soc_crg_clkout0 |
clk100    | ddram_dq[0]  | ISERDESE2 (IO) | VARIABLE |    -2.789 (r) | FAST    |     9.641 (r) | SLOW    | soc_crg_clkout1 |
clk100    | ddram_dq[0]  | ISERDESE2 (IO) | VARIABLE |    -2.717 (f) | FAST    |     9.641 (f) | SLOW    | soc_crg_clkout1 |
clk100    | ddram_dq[1]  | ISERDESE2 (IO) | VARIABLE |    -2.788 (r) | FAST    |     9.638 (r) | SLOW    | soc_crg_clkout1 |
clk100    | ddram_dq[1]  | ISERDESE2 (IO) | VARIABLE |    -2.716 (f) | FAST    |     9.638 (f) | SLOW    | soc_crg_clkout1 |
clk100    | ddram_dq[2]  | ISERDESE2 (IO) | VARIABLE |    -2.805 (r) | FAST    |     9.657 (r) | SLOW    | soc_crg_clkout1 |
clk100    | ddram_dq[2]  | ISERDESE2 (IO) | VARIABLE |    -2.733 (f) | FAST    |     9.657 (f) | SLOW    | soc_crg_clkout1 |
clk100    | ddram_dq[3]  | ISERDESE2 (IO) | VARIABLE |    -2.788 (r) | FAST    |     9.640 (r) | SLOW    | soc_crg_clkout1 |
clk100    | ddram_dq[3]  | ISERDESE2 (IO) | VARIABLE |    -2.716 (f) | FAST    |     9.640 (f) | SLOW    | soc_crg_clkout1 |
clk100    | ddram_dq[4]  | ISERDESE2 (IO) | VARIABLE |    -2.782 (r) | FAST    |     9.632 (r) | SLOW    | soc_crg_clkout1 |
clk100    | ddram_dq[4]  | ISERDESE2 (IO) | VARIABLE |    -2.710 (f) | FAST    |     9.632 (f) | SLOW    | soc_crg_clkout1 |
clk100    | ddram_dq[5]  | ISERDESE2 (IO) | VARIABLE |    -2.797 (r) | FAST    |     9.647 (r) | SLOW    | soc_crg_clkout1 |
clk100    | ddram_dq[5]  | ISERDESE2 (IO) | VARIABLE |    -2.725 (f) | FAST    |     9.647 (f) | SLOW    | soc_crg_clkout1 |
clk100    | ddram_dq[6]  | ISERDESE2 (IO) | VARIABLE |    -2.784 (r) | FAST    |     9.636 (r) | SLOW    | soc_crg_clkout1 |
clk100    | ddram_dq[6]  | ISERDESE2 (IO) | VARIABLE |    -2.712 (f) | FAST    |     9.636 (f) | SLOW    | soc_crg_clkout1 |
clk100    | ddram_dq[7]  | ISERDESE2 (IO) | VARIABLE |    -2.806 (r) | FAST    |     9.657 (r) | SLOW    | soc_crg_clkout1 |
clk100    | ddram_dq[7]  | ISERDESE2 (IO) | VARIABLE |    -2.734 (f) | FAST    |     9.657 (f) | SLOW    | soc_crg_clkout1 |
clk100    | ddram_dq[8]  | ISERDESE2 (IO) | VARIABLE |    -2.783 (r) | FAST    |     9.627 (r) | SLOW    | soc_crg_clkout1 |
clk100    | ddram_dq[8]  | ISERDESE2 (IO) | VARIABLE |    -2.711 (f) | FAST    |     9.627 (f) | SLOW    | soc_crg_clkout1 |
clk100    | ddram_dq[9]  | ISERDESE2 (IO) | VARIABLE |    -2.774 (r) | FAST    |     9.623 (r) | SLOW    | soc_crg_clkout1 |
clk100    | ddram_dq[9]  | ISERDESE2 (IO) | VARIABLE |    -2.702 (f) | FAST    |     9.623 (f) | SLOW    | soc_crg_clkout1 |
clk100    | ddram_dq[10] | ISERDESE2 (IO) | VARIABLE |    -2.776 (r) | FAST    |     9.621 (r) | SLOW    | soc_crg_clkout1 |
clk100    | ddram_dq[10] | ISERDESE2 (IO) | VARIABLE |    -2.704 (f) | FAST    |     9.621 (f) | SLOW    | soc_crg_clkout1 |
clk100    | ddram_dq[11] | ISERDESE2 (IO) | VARIABLE |    -2.769 (r) | FAST    |     9.618 (r) | SLOW    | soc_crg_clkout1 |
clk100    | ddram_dq[11] | ISERDESE2 (IO) | VARIABLE |    -2.697 (f) | FAST    |     9.618 (f) | SLOW    | soc_crg_clkout1 |
clk100    | ddram_dq[12] | ISERDESE2 (IO) | VARIABLE |    -2.765 (r) | FAST    |     9.610 (r) | SLOW    | soc_crg_clkout1 |
clk100    | ddram_dq[12] | ISERDESE2 (IO) | VARIABLE |    -2.693 (f) | FAST    |     9.610 (f) | SLOW    | soc_crg_clkout1 |
clk100    | ddram_dq[13] | ISERDESE2 (IO) | VARIABLE |    -2.788 (r) | FAST    |     9.632 (r) | SLOW    | soc_crg_clkout1 |
clk100    | ddram_dq[13] | ISERDESE2 (IO) | VARIABLE |    -2.716 (f) | FAST    |     9.632 (f) | SLOW    | soc_crg_clkout1 |
clk100    | ddram_dq[14] | ISERDESE2 (IO) | VARIABLE |    -2.776 (r) | FAST    |     9.626 (r) | SLOW    | soc_crg_clkout1 |
clk100    | ddram_dq[14] | ISERDESE2 (IO) | VARIABLE |    -2.704 (f) | FAST    |     9.626 (f) | SLOW    | soc_crg_clkout1 |
clk100    | ddram_dq[15] | ISERDESE2 (IO) | VARIABLE |    -2.789 (r) | FAST    |     9.634 (r) | SLOW    | soc_crg_clkout1 |
clk100    | ddram_dq[15] | ISERDESE2 (IO) | VARIABLE |    -2.717 (f) | FAST    |     9.634 (f) | SLOW    | soc_crg_clkout1 |
----------+--------------+----------------+----------+---------------+---------+---------------+---------+-----------------+


Output Ports Clock-to-out

----------+----------------+----------------+-------+----------------+---------+----------------+---------+-----------------+
Reference | Output         | IO Reg         | Delay | Max Clk (Edge) | Process | Min Clk (Edge) | Process | Internal        |
Clock     | Port           | Type           | Type  |    to port(ns) | Corner  |    to port(ns) | Corner  | Clock           |
----------+----------------+----------------+-------+----------------+---------+----------------+---------+-----------------+
clk100    | ddram_dq[0]    | FDRE           | -     |     17.581 (r) | SLOW    |      5.327 (r) | FAST    | soc_crg_clkout0 |
clk100    | ddram_dq[1]    | FDRE           | -     |     17.129 (r) | SLOW    |      5.126 (r) | FAST    | soc_crg_clkout0 |
clk100    | ddram_dq[2]    | FDRE           | -     |     17.862 (r) | SLOW    |      5.419 (r) | FAST    | soc_crg_clkout0 |
clk100    | ddram_dq[3]    | FDRE           | -     |     17.571 (r) | SLOW    |      5.319 (r) | FAST    | soc_crg_clkout0 |
clk100    | ddram_dq[4]    | FDRE           | -     |     16.979 (r) | SLOW    |      5.069 (r) | FAST    | soc_crg_clkout0 |
clk100    | ddram_dq[5]    | FDRE           | -     |     17.007 (r) | SLOW    |      5.040 (r) | FAST    | soc_crg_clkout0 |
clk100    | ddram_dq[6]    | FDRE           | -     |     17.431 (r) | SLOW    |      5.267 (r) | FAST    | soc_crg_clkout0 |
clk100    | ddram_dq[7]    | FDRE           | -     |     16.829 (r) | SLOW    |      4.982 (r) | FAST    | soc_crg_clkout0 |
clk100    | ddram_dq[8]    | FDRE           | -     |     16.191 (r) | SLOW    |      4.702 (r) | FAST    | soc_crg_clkout0 |
clk100    | ddram_dq[9]    | FDRE           | -     |     17.092 (r) | SLOW    |      5.069 (r) | FAST    | soc_crg_clkout0 |
clk100    | ddram_dq[10]   | FDRE           | -     |     16.799 (r) | SLOW    |      4.939 (r) | FAST    | soc_crg_clkout0 |
clk100    | ddram_dq[11]   | FDRE           | -     |     17.242 (r) | SLOW    |      5.139 (r) | FAST    | soc_crg_clkout0 |
clk100    | ddram_dq[12]   | FDRE           | -     |     16.650 (r) | SLOW    |      4.886 (r) | FAST    | soc_crg_clkout0 |
clk100    | ddram_dq[13]   | FDRE           | -     |     16.041 (r) | SLOW    |      4.632 (r) | FAST    | soc_crg_clkout0 |
clk100    | ddram_dq[14]   | FDRE           | -     |     17.382 (r) | SLOW    |      5.187 (r) | FAST    | soc_crg_clkout0 |
clk100    | ddram_dq[15]   | FDRE           | -     |     16.341 (r) | SLOW    |      4.762 (r) | FAST    | soc_crg_clkout0 |
clk100    | ddram_dqs_n[0] | FDRE           | -     |     16.435 (r) | SLOW    |      4.738 (r) | FAST    | soc_crg_clkout0 |
clk100    | ddram_dqs_n[1] | FDRE           | -     |     16.449 (r) | SLOW    |      4.778 (r) | FAST    | soc_crg_clkout0 |
clk100    | ddram_dqs_p[0] | FDRE           | -     |     16.436 (r) | SLOW    |      4.740 (r) | FAST    | soc_crg_clkout0 |
clk100    | ddram_dqs_p[1] | FDRE           | -     |     16.450 (r) | SLOW    |      4.779 (r) | FAST    | soc_crg_clkout0 |
clk100    | serial_tx      | FDSE           | -     |     18.703 (r) | SLOW    |      5.922 (r) | FAST    | soc_crg_clkout0 |
clk100    | user_led0      | FDRE           | -     |     21.563 (r) | SLOW    |      6.942 (r) | FAST    | soc_crg_clkout0 |
clk100    | user_led1      | FDRE           | -     |     21.157 (r) | SLOW    |      6.862 (r) | FAST    | soc_crg_clkout0 |
clk100    | user_led10     | FDRE           | -     |     21.098 (r) | SLOW    |      6.544 (r) | FAST    | soc_crg_clkout0 |
clk100    | user_led11     | FDRE           | -     |     20.357 (r) | SLOW    |      6.341 (r) | FAST    | soc_crg_clkout0 |
clk100    | user_led12     | FDRE           | -     |     20.654 (r) | SLOW    |      6.491 (r) | FAST    | soc_crg_clkout0 |
clk100    | user_led13     | FDRE           | -     |     20.746 (r) | SLOW    |      6.550 (r) | FAST    | soc_crg_clkout0 |
clk100    | user_led14     | FDRE           | -     |     20.655 (r) | SLOW    |      6.455 (r) | FAST    | soc_crg_clkout0 |
clk100    | user_led15     | FDRE           | -     |     20.820 (r) | SLOW    |      6.489 (r) | FAST    | soc_crg_clkout0 |
clk100    | user_led2      | FDRE           | -     |     21.664 (r) | SLOW    |      7.096 (r) | FAST    | soc_crg_clkout0 |
clk100    | user_led3      | FDRE           | -     |     20.845 (r) | SLOW    |      6.791 (r) | FAST    | soc_crg_clkout0 |
clk100    | user_led4      | FDRE           | -     |     21.180 (r) | SLOW    |      7.003 (r) | FAST    | soc_crg_clkout0 |
clk100    | user_led5      | FDRE           | -     |     20.485 (r) | SLOW    |      6.513 (r) | FAST    | soc_crg_clkout0 |
clk100    | user_led6      | FDRE           | -     |     20.452 (r) | SLOW    |      6.557 (r) | FAST    | soc_crg_clkout0 |
clk100    | user_led7      | FDRE           | -     |     20.924 (r) | SLOW    |      6.730 (r) | FAST    | soc_crg_clkout0 |
clk100    | user_led8      | FDRE           | -     |     20.626 (r) | SLOW    |      6.510 (r) | FAST    | soc_crg_clkout0 |
clk100    | user_led9      | FDRE           | -     |     20.921 (r) | SLOW    |      6.540 (r) | FAST    | soc_crg_clkout0 |
clk100    | ddram_a[0]     | OSERDESE2 (IO) | -     |     13.250 (r) | SLOW    |      4.170 (r) | FAST    | soc_crg_clkout1 |
clk100    | ddram_a[1]     | OSERDESE2 (IO) | -     |     13.265 (r) | SLOW    |      4.187 (r) | FAST    | soc_crg_clkout1 |
clk100    | ddram_a[2]     | OSERDESE2 (IO) | -     |     13.277 (r) | SLOW    |      4.193 (r) | FAST    | soc_crg_clkout1 |
clk100    | ddram_a[3]     | OSERDESE2 (IO) | -     |     13.277 (r) | SLOW    |      4.194 (r) | FAST    | soc_crg_clkout1 |
clk100    | ddram_a[4]     | OSERDESE2 (IO) | -     |     13.273 (r) | SLOW    |      4.188 (r) | FAST    | soc_crg_clkout1 |
clk100    | ddram_a[5]     | OSERDESE2 (IO) | -     |     13.267 (r) | SLOW    |      4.190 (r) | FAST    | soc_crg_clkout1 |
clk100    | ddram_a[6]     | OSERDESE2 (IO) | -     |     13.281 (r) | SLOW    |      4.196 (r) | FAST    | soc_crg_clkout1 |
clk100    | ddram_a[7]     | OSERDESE2 (IO) | -     |     13.283 (r) | SLOW    |      4.197 (r) | FAST    | soc_crg_clkout1 |
clk100    | ddram_a[8]     | OSERDESE2 (IO) | -     |     13.273 (r) | SLOW    |      4.188 (r) | FAST    | soc_crg_clkout1 |
clk100    | ddram_a[9]     | OSERDESE2 (IO) | -     |     13.266 (r) | SLOW    |      4.189 (r) | FAST    | soc_crg_clkout1 |
clk100    | ddram_a[10]    | OSERDESE2 (IO) | -     |     13.267 (r) | SLOW    |      4.189 (r) | FAST    | soc_crg_clkout1 |
clk100    | ddram_a[11]    | OSERDESE2 (IO) | -     |     13.260 (r) | SLOW    |      4.176 (r) | FAST    | soc_crg_clkout1 |
clk100    | ddram_a[12]    | OSERDESE2 (IO) | -     |     13.272 (r) | SLOW    |      4.189 (r) | FAST    | soc_crg_clkout1 |
clk100    | ddram_ba[0]    | OSERDESE2 (IO) | -     |     13.271 (r) | SLOW    |      4.192 (r) | FAST    | soc_crg_clkout1 |
clk100    | ddram_ba[1]    | OSERDESE2 (IO) | -     |     13.263 (r) | SLOW    |      4.185 (r) | FAST    | soc_crg_clkout1 |
clk100    | ddram_ba[2]    | OSERDESE2 (IO) | -     |     13.275 (r) | SLOW    |      4.193 (r) | FAST    | soc_crg_clkout1 |
clk100    | ddram_cas_n    | OSERDESE2 (IO) | -     |     13.291 (r) | SLOW    |      4.206 (r) | FAST    | soc_crg_clkout1 |
clk100    | ddram_cke      | OSERDESE2 (IO) | -     |     13.284 (r) | SLOW    |      4.199 (r) | FAST    | soc_crg_clkout1 |
clk100    | ddram_clk_n    | OSERDESE2 (IO) | -     |     13.354 (r) | SLOW    |      4.169 (r) | FAST    | soc_crg_clkout1 |
clk100    | ddram_clk_p    | OSERDESE2 (IO) | -     |     13.366 (r) | SLOW    |      4.181 (r) | FAST    | soc_crg_clkout1 |
clk100    | ddram_cs_n     | OSERDESE2 (IO) | -     |     13.241 (r) | SLOW    |      4.156 (r) | FAST    | soc_crg_clkout1 |
clk100    | ddram_dm[0]    | OSERDESE2 (IO) | -     |     13.305 (r) | SLOW    |      4.220 (r) | FAST    | soc_crg_clkout1 |
clk100    | ddram_dm[1]    | OSERDESE2 (IO) | -     |     13.307 (r) | SLOW    |      4.224 (r) | FAST    | soc_crg_clkout1 |
clk100    | ddram_dq[0]    | OSERDESE2 (IO) | -     |     14.163 (r) | SLOW    |      3.910 (r) | FAST    | soc_crg_clkout1 |
clk100    | ddram_dq[1]    | OSERDESE2 (IO) | -     |     14.161 (r) | SLOW    |      3.909 (r) | FAST    | soc_crg_clkout1 |
clk100    | ddram_dq[2]    | OSERDESE2 (IO) | -     |     14.164 (r) | SLOW    |      3.896 (r) | FAST    | soc_crg_clkout1 |
clk100    | ddram_dq[3]    | OSERDESE2 (IO) | -     |     14.162 (r) | SLOW    |      3.908 (r) | FAST    | soc_crg_clkout1 |
clk100    | ddram_dq[4]    | OSERDESE2 (IO) | -     |     14.161 (r) | SLOW    |      3.915 (r) | FAST    | soc_crg_clkout1 |
clk100    | ddram_dq[5]    | OSERDESE2 (IO) | -     |     14.161 (r) | SLOW    |      3.900 (r) | FAST    | soc_crg_clkout1 |
clk100    | ddram_dq[6]    | OSERDESE2 (IO) | -     |     14.162 (r) | SLOW    |      3.912 (r) | FAST    | soc_crg_clkout1 |
clk100    | ddram_dq[7]    | OSERDESE2 (IO) | -     |     14.161 (r) | SLOW    |      3.890 (r) | FAST    | soc_crg_clkout1 |
clk100    | ddram_dq[8]    | OSERDESE2 (IO) | -     |     14.147 (r) | SLOW    |      3.899 (r) | FAST    | soc_crg_clkout1 |
clk100    | ddram_dq[9]    | OSERDESE2 (IO) | -     |     14.157 (r) | SLOW    |      3.919 (r) | FAST    | soc_crg_clkout1 |
clk100    | ddram_dq[10]   | OSERDESE2 (IO) | -     |     14.150 (r) | SLOW    |      3.910 (r) | FAST    | soc_crg_clkout1 |
clk100    | ddram_dq[11]   | OSERDESE2 (IO) | -     |     14.157 (r) | SLOW    |      3.923 (r) | FAST    | soc_crg_clkout1 |
clk100    | ddram_dq[12]   | OSERDESE2 (IO) | -     |     14.150 (r) | SLOW    |      3.922 (r) | FAST    | soc_crg_clkout1 |
clk100    | ddram_dq[13]   | OSERDESE2 (IO) | -     |     14.147 (r) | SLOW    |      3.894 (r) | FAST    | soc_crg_clkout1 |
clk100    | ddram_dq[14]   | OSERDESE2 (IO) | -     |     14.158 (r) | SLOW    |      3.916 (r) | FAST    | soc_crg_clkout1 |
clk100    | ddram_dq[15]   | OSERDESE2 (IO) | -     |     14.149 (r) | SLOW    |      3.896 (r) | FAST    | soc_crg_clkout1 |
clk100    | ddram_odt      | OSERDESE2 (IO) | -     |     13.277 (r) | SLOW    |      4.191 (r) | FAST    | soc_crg_clkout1 |
clk100    | ddram_ras_n    | OSERDESE2 (IO) | -     |     13.262 (r) | SLOW    |      4.181 (r) | FAST    | soc_crg_clkout1 |
clk100    | ddram_we_n     | OSERDESE2 (IO) | -     |     13.294 (r) | SLOW    |      4.208 (r) | FAST    | soc_crg_clkout1 |
clk100    | ddram_dqs_n[0] | OSERDESE2 (IO) | -     |     15.827 (r) | SLOW    |      5.576 (r) | FAST    | soc_crg_clkout2 |
clk100    | ddram_dqs_n[1] | OSERDESE2 (IO) | -     |     15.820 (r) | SLOW    |      5.574 (r) | FAST    | soc_crg_clkout2 |
clk100    | ddram_dqs_p[0] | OSERDESE2 (IO) | -     |     15.828 (r) | SLOW    |      5.578 (r) | FAST    | soc_crg_clkout2 |
clk100    | ddram_dqs_p[1] | OSERDESE2 (IO) | -     |     15.821 (r) | SLOW    |      5.574 (r) | FAST    | soc_crg_clkout2 |
----------+----------------+----------------+-------+----------------+---------+----------------+---------+-----------------+


Setup between Clocks

-------+-------------+---------------+---------+---------------+---------+---------------+---------+---------------+---------+
Source | Destination |  Src:Rise     | Process |  Src:Rise     | Process |  Src:Fall     | Process |  Src:Fall     | Process |
Clock  | Clock       | Dest:Rise(ns) | Corner  | Dest:Fall(ns) | Corner  | Dest:Rise(ns) | Corner  | Dest:Fall(ns) | Corner  |
-------+-------------+---------------+---------+---------------+---------+---------------+---------+---------------+---------+
clk100 | clk100      |        12.612 | SLOW    |         7.671 | SLOW    |         6.587 | SLOW    |               |         |
-------+-------------+---------------+---------+---------------+---------+---------------+---------+---------------+---------+


Setup / Hold times for input bus
Clocked by: clk100
Worst Case Data Window: 6.964 ns
Ideal Clock Offset to Actual Clock: 6.175 ns
-------------------+-------------+---------+-------------+---------+-----------+-----------+---------------+
                   |             | Process |             | Process | Setup     |  Hold     | Source Offset |
Source             |   Setup(ns) | Corner  |    Hold(ns) | Corner  | Slack(ns) | Slack(ns) | to Center(ns) |
-------------------+-------------+---------+-------------+---------+-----------+-----------+---------------+
ddram_dq[0]        |  -2.789 (r) | FAST    |   9.641 (r) | SLOW    |       inf |       inf |             - |
ddram_dq[0]        |  -2.717 (f) | FAST    |   9.641 (f) | SLOW    |       inf |       inf |             - |
ddram_dq[1]        |  -2.788 (r) | FAST    |   9.638 (r) | SLOW    |       inf |       inf |             - |
ddram_dq[1]        |  -2.716 (f) | FAST    |   9.638 (f) | SLOW    |       inf |       inf |             - |
ddram_dq[2]        |  -2.805 (r) | FAST    |   9.657 (r) | SLOW    |       inf |       inf |             - |
ddram_dq[2]        |  -2.733 (f) | FAST    |   9.657 (f) | SLOW    |       inf |       inf |             - |
ddram_dq[3]        |  -2.788 (r) | FAST    |   9.640 (r) | SLOW    |       inf |       inf |             - |
ddram_dq[3]        |  -2.716 (f) | FAST    |   9.640 (f) | SLOW    |       inf |       inf |             - |
ddram_dq[4]        |  -2.782 (r) | FAST    |   9.632 (r) | SLOW    |       inf |       inf |             - |
ddram_dq[4]        |  -2.710 (f) | FAST    |   9.632 (f) | SLOW    |       inf |       inf |             - |
ddram_dq[5]        |  -2.797 (r) | FAST    |   9.647 (r) | SLOW    |       inf |       inf |             - |
ddram_dq[5]        |  -2.725 (f) | FAST    |   9.647 (f) | SLOW    |       inf |       inf |             - |
ddram_dq[6]        |  -2.784 (r) | FAST    |   9.636 (r) | SLOW    |       inf |       inf |             - |
ddram_dq[6]        |  -2.712 (f) | FAST    |   9.636 (f) | SLOW    |       inf |       inf |             - |
ddram_dq[7]        |  -2.806 (r) | FAST    |   9.657 (r) | SLOW    |       inf |       inf |             - |
ddram_dq[7]        |  -2.734 (f) | FAST    |   9.657 (f) | SLOW    |       inf |       inf |             - |
ddram_dq[8]        |  -2.783 (r) | FAST    |   9.627 (r) | SLOW    |       inf |       inf |             - |
ddram_dq[8]        |  -2.711 (f) | FAST    |   9.627 (f) | SLOW    |       inf |       inf |             - |
ddram_dq[9]        |  -2.774 (r) | FAST    |   9.623 (r) | SLOW    |       inf |       inf |             - |
ddram_dq[9]        |  -2.702 (f) | FAST    |   9.623 (f) | SLOW    |       inf |       inf |             - |
ddram_dq[10]       |  -2.776 (r) | FAST    |   9.621 (r) | SLOW    |       inf |       inf |             - |
ddram_dq[10]       |  -2.704 (f) | FAST    |   9.621 (f) | SLOW    |       inf |       inf |             - |
ddram_dq[11]       |  -2.769 (r) | FAST    |   9.618 (r) | SLOW    |       inf |       inf |             - |
ddram_dq[11]       |  -2.697 (f) | FAST    |   9.618 (f) | SLOW    |       inf |       inf |             - |
ddram_dq[12]       |  -2.765 (r) | FAST    |   9.610 (r) | SLOW    |       inf |       inf |             - |
ddram_dq[12]       |  -2.693 (f) | FAST    |   9.610 (f) | SLOW    |       inf |       inf |             - |
ddram_dq[13]       |  -2.788 (r) | FAST    |   9.632 (r) | SLOW    |       inf |       inf |             - |
ddram_dq[13]       |  -2.716 (f) | FAST    |   9.632 (f) | SLOW    |       inf |       inf |             - |
ddram_dq[14]       |  -2.776 (r) | FAST    |   9.626 (r) | SLOW    |       inf |       inf |             - |
ddram_dq[14]       |  -2.704 (f) | FAST    |   9.626 (f) | SLOW    |       inf |       inf |             - |
ddram_dq[15]       |  -2.789 (r) | FAST    |   9.634 (r) | SLOW    |       inf |       inf |             - |
ddram_dq[15]       |  -2.717 (f) | FAST    |   9.634 (f) | SLOW    |       inf |       inf |             - |
-------------------+-------------+---------+-------------+---------+-----------+-----------+---------------+
Worst Case Summary |  -2.693 (f) | FAST    |   9.657 (r) | SLOW    |       inf |       inf |             - |
-------------------+-------------+---------+-------------+---------+-----------+-----------+---------------+



Max / Min delays for output bus
Clocked by: clk100
Bus Skew: 0.032 ns
-------------------+--------------+---------+-------------+---------+----------+
                   |      Max     | Process |     Min     | Process | Edge     |
Pad                |    Delay(ns) | Corner  |   Delay(ns) | Corner  | Skew(ns) |
-------------------+--------------+---------+-------------+---------+----------+
ddram_a[0]         |   13.250 (r) | SLOW    |   4.170 (r) | FAST    |    0.000 |
ddram_a[1]         |   13.265 (r) | SLOW    |   4.187 (r) | FAST    |    0.017 |
ddram_a[2]         |   13.277 (r) | SLOW    |   4.193 (r) | FAST    |    0.026 |
ddram_a[3]         |   13.277 (r) | SLOW    |   4.194 (r) | FAST    |    0.026 |
ddram_a[4]         |   13.273 (r) | SLOW    |   4.188 (r) | FAST    |    0.022 |
ddram_a[5]         |   13.267 (r) | SLOW    |   4.190 (r) | FAST    |    0.020 |
ddram_a[6]         |   13.281 (r) | SLOW    |   4.196 (r) | FAST    |    0.031 |
ddram_a[7]         |   13.283 (r) | SLOW    |   4.197 (r) | FAST    |    0.032 |
ddram_a[8]         |   13.273 (r) | SLOW    |   4.188 (r) | FAST    |    0.022 |
ddram_a[9]         |   13.266 (r) | SLOW    |   4.189 (r) | FAST    |    0.019 |
ddram_a[10]        |   13.267 (r) | SLOW    |   4.189 (r) | FAST    |    0.020 |
ddram_a[11]        |   13.260 (r) | SLOW    |   4.176 (r) | FAST    |    0.010 |
ddram_a[12]        |   13.272 (r) | SLOW    |   4.189 (r) | FAST    |    0.022 |
-------------------+--------------+---------+-------------+---------+----------+
Worst Case Summary |   13.283 (r) | SLOW    |   4.170 (r) | FAST    |    0.032 |
-------------------+--------------+---------+-------------+---------+----------+



Max / Min delays for output bus
Clocked by: clk100
Bus Skew: 0.012 ns
-------------------+--------------+---------+-------------+---------+----------+
                   |      Max     | Process |     Min     | Process | Edge     |
Pad                |    Delay(ns) | Corner  |   Delay(ns) | Corner  | Skew(ns) |
-------------------+--------------+---------+-------------+---------+----------+
ddram_ba[0]        |   13.271 (r) | SLOW    |   4.192 (r) | FAST    |    0.008 |
ddram_ba[1]        |   13.263 (r) | SLOW    |   4.185 (r) | FAST    |    0.000 |
ddram_ba[2]        |   13.275 (r) | SLOW    |   4.193 (r) | FAST    |    0.012 |
-------------------+--------------+---------+-------------+---------+----------+
Worst Case Summary |   13.275 (r) | SLOW    |   4.185 (r) | FAST    |    0.012 |
-------------------+--------------+---------+-------------+---------+----------+



Max / Min delays for output bus
Clocked by: clk100
Bus Skew: 0.004 ns
-------------------+--------------+---------+-------------+---------+----------+
                   |      Max     | Process |     Min     | Process | Edge     |
Pad                |    Delay(ns) | Corner  |   Delay(ns) | Corner  | Skew(ns) |
-------------------+--------------+---------+-------------+---------+----------+
ddram_dm[0]        |   13.305 (r) | SLOW    |   4.220 (r) | FAST    |    0.000 |
ddram_dm[1]        |   13.307 (r) | SLOW    |   4.224 (r) | FAST    |    0.004 |
-------------------+--------------+---------+-------------+---------+----------+
Worst Case Summary |   13.307 (r) | SLOW    |   4.220 (r) | FAST    |    0.004 |
-------------------+--------------+---------+-------------+---------+----------+



Max / Min delays for output bus
Clocked by: clk100
Bus Skew: 1.820 ns
-------------------+--------------+---------+-------------+---------+----------+
                   |      Max     | Process |     Min     | Process | Edge     |
Pad                |    Delay(ns) | Corner  |   Delay(ns) | Corner  | Skew(ns) |
-------------------+--------------+---------+-------------+---------+----------+
ddram_dq[0]        |   17.581 (r) | SLOW    |   3.910 (r) | FAST    |    1.539 |
ddram_dq[1]        |   17.129 (r) | SLOW    |   3.909 (r) | FAST    |    1.088 |
ddram_dq[2]        |   17.862 (r) | SLOW    |   3.896 (r) | FAST    |    1.820 |
ddram_dq[3]        |   17.571 (r) | SLOW    |   3.908 (r) | FAST    |    1.530 |
ddram_dq[4]        |   16.979 (r) | SLOW    |   3.915 (r) | FAST    |    0.938 |
ddram_dq[5]        |   17.007 (r) | SLOW    |   3.900 (r) | FAST    |    0.966 |
ddram_dq[6]        |   17.431 (r) | SLOW    |   3.912 (r) | FAST    |    1.390 |
ddram_dq[7]        |   16.829 (r) | SLOW    |   3.890 (r) | FAST    |    0.788 |
ddram_dq[8]        |   16.191 (r) | SLOW    |   3.899 (r) | FAST    |    0.150 |
ddram_dq[9]        |   17.092 (r) | SLOW    |   3.919 (r) | FAST    |    1.051 |
ddram_dq[10]       |   16.799 (r) | SLOW    |   3.910 (r) | FAST    |    0.758 |
ddram_dq[11]       |   17.242 (r) | SLOW    |   3.923 (r) | FAST    |    1.201 |
ddram_dq[12]       |   16.650 (r) | SLOW    |   3.922 (r) | FAST    |    0.608 |
ddram_dq[13]       |   16.041 (r) | SLOW    |   3.894 (r) | FAST    |    0.004 |
ddram_dq[14]       |   17.382 (r) | SLOW    |   3.916 (r) | FAST    |    1.341 |
ddram_dq[15]       |   16.341 (r) | SLOW    |   3.896 (r) | FAST    |    0.300 |
-------------------+--------------+---------+-------------+---------+----------+
Worst Case Summary |   17.862 (r) | SLOW    |   3.890 (r) | FAST    |    1.820 |
-------------------+--------------+---------+-------------+---------+----------+



Max / Min delays for output bus
Clocked by: clk100
Bus Skew: 0.041 ns
-------------------+--------------+---------+-------------+---------+----------+
                   |      Max     | Process |     Min     | Process | Edge     |
Pad                |    Delay(ns) | Corner  |   Delay(ns) | Corner  | Skew(ns) |
-------------------+--------------+---------+-------------+---------+----------+
ddram_dqs_n[0]     |   16.435 (r) | SLOW    |   4.738 (r) | FAST    |    0.000 |
ddram_dqs_n[1]     |   16.449 (r) | SLOW    |   4.778 (r) | FAST    |    0.041 |
ddram_dqs_p[0]     |   16.436 (r) | SLOW    |   4.740 (r) | FAST    |    0.002 |
ddram_dqs_p[1]     |   16.450 (r) | SLOW    |   4.779 (r) | FAST    |    0.041 |
-------------------+--------------+---------+-------------+---------+----------+
Worst Case Summary |   16.450 (r) | SLOW    |   4.738 (r) | FAST    |    0.041 |
-------------------+--------------+---------+-------------+---------+----------+




