Copyright 1986-2022 Xilinx, Inc. All Rights Reserved. Copyright 2022-2023 Advanced Micro Devices, Inc. All Rights Reserved.
---------------------------------------------------------------------------------------------------------------------------------------------
| Tool Version : Vivado v.2023.2 (lin64) Build 4029153 Fri Oct 13 20:13:54 MDT 2023
| Date         : Fri Nov 28 19:55:21 2025
| Host         : DESKTOP-8IM51LT running 64-bit Ubuntu 24.04.3 LTS
| Command      : report_timing_summary -datasheet -max_paths 10 -file digilent_nexys4ddr_timing.rpt
| Design       : digilent_nexys4ddr
| Device       : 7a100t-csg324
| Speed File   : -1  PRODUCTION 1.23 2018-06-13
| Design State : Physopt postRoute
---------------------------------------------------------------------------------------------------------------------------------------------

Timing Summary Report

------------------------------------------------------------------------------------------------
| Timer Settings
| --------------
------------------------------------------------------------------------------------------------

  Enable Multi Corner Analysis               :  Yes
  Enable Pessimism Removal                   :  Yes
  Pessimism Removal Resolution               :  Nearest Common Node
  Enable Input Delay Default Clock           :  No
  Enable Preset / Clear Arcs                 :  No
  Disable Flight Delays                      :  No
  Ignore I/O Paths                           :  No
  Timing Early Launch at Borrowing Latches   :  No
  Borrow Time for Max Delay Exceptions       :  Yes
  Merge Timing Exceptions                    :  Yes
  Inter-SLR Compensation                     :  Conservative

  Corner  Analyze    Analyze    
  Name    Max Paths  Min Paths  
  ------  ---------  ---------  
  Slow    Yes        Yes        
  Fast    Yes        Yes        


------------------------------------------------------------------------------------------------
| Report Methodology
| ------------------
------------------------------------------------------------------------------------------------

No report available as report_methodology has not been run prior. Run report_methodology on the current design for the summary of methodology violations.



check_timing report

Table of Contents
-----------------
1. checking no_clock (0)
2. checking constant_clock (0)
3. checking pulse_width_clock (0)
4. checking unconstrained_internal_endpoints (0)
5. checking no_input_delay (18)
6. checking no_output_delay (60)
7. checking multiple_clock (0)
8. checking generated_clocks (0)
9. checking loops (0)
10. checking partial_input_delay (0)
11. checking partial_output_delay (0)
12. checking latch_loops (0)

1. checking no_clock (0)
------------------------
 There are 0 register/latch pins with no clock.


2. checking constant_clock (0)
------------------------------
 There are 0 register/latch pins with constant_clock.


3. checking pulse_width_clock (0)
---------------------------------
 There are 0 register/latch pins which need pulse_width check


4. checking unconstrained_internal_endpoints (0)
------------------------------------------------
 There are 0 pins that are not constrained for maximum delay.

 There are 0 pins that are not constrained for maximum delay due to constant clock.


5. checking no_input_delay (18)
-------------------------------
 There are 18 input ports with no input delay specified. (HIGH)

 There are 0 input ports with no input delay but user has a false path constraint.


6. checking no_output_delay (60)
--------------------------------
 There are 60 ports with no output delay specified. (HIGH)

 There are 0 ports with no output delay but user has a false path constraint

 There are 0 ports with no output delay but with a timing clock defined on it or propagating through it


7. checking multiple_clock (0)
------------------------------
 There are 0 register/latch pins with multiple clocks.


8. checking generated_clocks (0)
--------------------------------
 There are 0 generated clocks that are not connected to a clock source.


9. checking loops (0)
---------------------
 There are 0 combinational loops in the design.


10. checking partial_input_delay (0)
------------------------------------
 There are 0 input ports with partial input delay specified.


11. checking partial_output_delay (0)
-------------------------------------
 There are 0 ports with partial output delay specified.


12. checking latch_loops (0)
----------------------------
 There are 0 combinational latch loops in the design through latch input



------------------------------------------------------------------------------------------------
| Design Timing Summary
| ---------------------
------------------------------------------------------------------------------------------------

    WNS(ns)      TNS(ns)  TNS Failing Endpoints  TNS Total Endpoints      WHS(ns)      THS(ns)  THS Failing Endpoints  THS Total Endpoints     WPWS(ns)     TPWS(ns)  TPWS Failing Endpoints  TPWS Total Endpoints  
    -------      -------  ---------------------  -------------------      -------      -------  ---------------------  -------------------     --------     --------  ----------------------  --------------------  
     -0.928      -12.222                     24                10454        0.027        0.000                      0                10454        0.264        0.000                       0                  3966  


Timing constraints are not met.


------------------------------------------------------------------------------------------------
| Clock Summary
| -------------
------------------------------------------------------------------------------------------------

Clock                          Waveform(ns)         Period(ns)      Frequency(MHz)
-----                          ------------         ----------      --------------
clk100                         {0.000 5.000}        10.000          100.000         
  soc_builder_basesoc_mmcm_fb  {0.000 5.000}        10.000          100.000         
  soc_crg_clkout0              {0.000 6.667}        13.333          75.000          
  soc_crg_clkout1              {0.000 3.333}        6.667           150.000         
  soc_crg_clkout2              {1.667 5.000}        6.667           150.000         
  soc_crg_clkout3              {0.000 2.500}        5.000           200.000         


------------------------------------------------------------------------------------------------
| Intra Clock Table
| -----------------
------------------------------------------------------------------------------------------------

Clock                              WNS(ns)      TNS(ns)  TNS Failing Endpoints  TNS Total Endpoints      WHS(ns)      THS(ns)  THS Failing Endpoints  THS Total Endpoints     WPWS(ns)     TPWS(ns)  TPWS Failing Endpoints  TPWS Total Endpoints  
-----                              -------      -------  ---------------------  -------------------      -------      -------  ---------------------  -------------------     --------     --------  ----------------------  --------------------  
clk100                               8.428        0.000                      0                    7        0.245        0.000                      0                    7        3.000        0.000                       0                    10  
  soc_builder_basesoc_mmcm_fb                                                                                                                                                    8.751        0.000                       0                     2  
  soc_crg_clkout0                   -0.928      -12.222                     24                10433        0.027        0.000                      0                10433        5.417        0.000                       0                  3865  
  soc_crg_clkout1                                                                                                                                                                4.511        0.000                       0                    75  
  soc_crg_clkout2                                                                                                                                                                4.511        0.000                       0                     4  
  soc_crg_clkout3                    1.246        0.000                      0                   14        0.122        0.000                      0                   14        0.264        0.000                       0                    10  


------------------------------------------------------------------------------------------------
| Inter Clock Table
| -----------------
------------------------------------------------------------------------------------------------

From Clock    To Clock          WNS(ns)      TNS(ns)  TNS Failing Endpoints  TNS Total Endpoints      WHS(ns)      THS(ns)  THS Failing Endpoints  THS Total Endpoints  
----------    --------          -------      -------  ---------------------  -------------------      -------      -------  ---------------------  -------------------  


------------------------------------------------------------------------------------------------
| Other Path Groups Table
| -----------------------
------------------------------------------------------------------------------------------------

Path Group    From Clock    To Clock          WNS(ns)      TNS(ns)  TNS Failing Endpoints  TNS Total Endpoints      WHS(ns)      THS(ns)  THS Failing Endpoints  THS Total Endpoints  
----------    ----------    --------          -------      -------  ---------------------  -------------------      -------      -------  ---------------------  -------------------  


------------------------------------------------------------------------------------------------
| Timing Details
| --------------
------------------------------------------------------------------------------------------------


---------------------------------------------------------------------------------------------------
From Clock:  clk100
  To Clock:  clk100

Setup :            0  Failing Endpoints,  Worst Slack        8.428ns,  Total Violation        0.000ns
Hold  :            0  Failing Endpoints,  Worst Slack        0.245ns,  Total Violation        0.000ns
PW    :            0  Failing Endpoints,  Worst Slack        3.000ns,  Total Violation        0.000ns
---------------------------------------------------------------------------------------------------


Max Delay Paths
--------------------------------------------------------------------------------------
Slack (MET) :             8.428ns  (required time - arrival time)
  Source:                 FDCE/C
                            (rising edge-triggered cell FDCE clocked by clk100  {rise@0.000ns fall@5.000ns period=10.000ns})
  Destination:            FDCE_1/D
                            (rising edge-triggered cell FDCE clocked by clk100  {rise@0.000ns fall@5.000ns period=10.000ns})
  Path Group:             clk100
  Path Type:              Setup (Max at Slow Process Corner)
  Requirement:            10.000ns  (clk100 rise@10.000ns - clk100 rise@0.000ns)
  Data Path Delay:        1.140ns  (logic 0.518ns (45.419%)  route 0.622ns (54.581%))
  Logic Levels:           0  
  Clock Path Skew:        -0.329ns (DCD - SCD + CPR)
    Destination Clock Delay (DCD):    6.272ns = ( 16.272 - 10.000 ) 
    Source Clock Delay      (SCD):    6.969ns
    Clock Pessimism Removal (CPR):    0.367ns
  Clock Uncertainty:      0.035ns  ((TSJ^2 + TIJ^2)^1/2 + DJ) / 2 + PE
    Total System Jitter     (TSJ):    0.071ns
    Total Input Jitter      (TIJ):    0.000ns
    Discrete Jitter          (DJ):    0.000ns
    Phase Error              (PE):    0.000ns

    Location             Delay type                Incr(ns)  Path(ns)    Netlist Resource(s)
  -------------------------------------------------------------------    -------------------
                         (clock clk100 rise edge)     0.000     0.000 r  
    E3                                                0.000     0.000 r  clk100 (IN)
                         net (fo=0)                   0.000     0.000    clk100
    E3                   IBUF (Prop_ibuf_I_O)         1.482     1.482 r  clk100_IBUF_inst/O
                         net (fo=1, routed)           2.025     3.506    clk100_IBUF
    BUFGCTRL_X0Y16       BUFG (Prop_bufg_I_O)         0.096     3.602 r  clk100_IBUF_BUFG_inst/O
                         net (fo=1, routed)           1.972     5.574    clk100_IBUF_BUFG
    SLICE_X38Y39         LUT1 (Prop_lut1_I0_O)        0.124     5.698 r  clk100_inst/O
                         net (fo=9, routed)           1.270     6.969    soc_crg_clkin
    SLICE_X46Y60         FDCE                                         r  FDCE/C
  -------------------------------------------------------------------    -------------------
    SLICE_X46Y60         FDCE (Prop_fdce_C_Q)         0.518     7.487 r  FDCE/Q
                         net (fo=1, routed)           0.622     8.109    soc_builder_basesoc_reset0
    SLICE_X47Y54         FDCE                                         r  FDCE_1/D
  -------------------------------------------------------------------    -------------------

                         (clock clk100 rise edge)    10.000    10.000 r  
    E3                                                0.000    10.000 r  clk100 (IN)
                         net (fo=0)                   0.000    10.000    clk100
    E3                   IBUF (Prop_ibuf_I_O)         1.411    11.411 r  clk100_IBUF_inst/O
                         net (fo=1, routed)           1.920    13.331    clk100_IBUF
    BUFGCTRL_X0Y16       BUFG (Prop_bufg_I_O)         0.091    13.422 r  clk100_IBUF_BUFG_inst/O
                         net (fo=1, routed)           1.809    15.231    clk100_IBUF_BUFG
    SLICE_X38Y39         LUT1 (Prop_lut1_I0_O)        0.100    15.331 r  clk100_inst/O
                         net (fo=9, routed)           0.941    16.272    soc_crg_clkin
    SLICE_X47Y54         FDCE                                         r  FDCE_1/C
                         clock pessimism              0.367    16.640    
                         clock uncertainty           -0.035    16.604    
    SLICE_X47Y54         FDCE (Setup_fdce_C_D)       -0.067    16.537    FDCE_1
  -------------------------------------------------------------------
                         required time                         16.537    
                         arrival time                          -8.109    
  -------------------------------------------------------------------
                         slack                                  8.428    

Slack (MET) :             8.758ns  (required time - arrival time)
  Source:                 FDCE_4/C
                            (rising edge-triggered cell FDCE clocked by clk100  {rise@0.000ns fall@5.000ns period=10.000ns})
  Destination:            FDCE_5/D
                            (rising edge-triggered cell FDCE clocked by clk100  {rise@0.000ns fall@5.000ns period=10.000ns})
  Path Group:             clk100
  Path Type:              Setup (Max at Slow Process Corner)
  Requirement:            10.000ns  (clk100 rise@10.000ns - clk100 rise@0.000ns)
  Data Path Delay:        1.162ns  (logic 0.518ns (44.588%)  route 0.644ns (55.412%))
  Logic Levels:           0  
  Clock Path Skew:        0.000ns (DCD - SCD + CPR)
    Destination Clock Delay (DCD):    6.272ns = ( 16.272 - 10.000 ) 
    Source Clock Delay      (SCD):    6.799ns
    Clock Pessimism Removal (CPR):    0.526ns
  Clock Uncertainty:      0.035ns  ((TSJ^2 + TIJ^2)^1/2 + DJ) / 2 + PE
    Total System Jitter     (TSJ):    0.071ns
    Total Input Jitter      (TIJ):    0.000ns
    Discrete Jitter          (DJ):    0.000ns
    Phase Error              (PE):    0.000ns

    Location             Delay type                Incr(ns)  Path(ns)    Netlist Resource(s)
  -------------------------------------------------------------------    -------------------
                         (clock clk100 rise edge)     0.000     0.000 r  
    E3                                                0.000     0.000 r  clk100 (IN)
                         net (fo=0)                   0.000     0.000    clk100
    E3                   IBUF (Prop_ibuf_I_O)         1.482     1.482 r  clk100_IBUF_inst/O
                         net (fo=1, routed)           2.025     3.506    clk100_IBUF
    BUFGCTRL_X0Y16       BUFG (Prop_bufg_I_O)         0.096     3.602 r  clk100_IBUF_BUFG_inst/O
                         net (fo=1, routed)           1.972     5.574    clk100_IBUF_BUFG
    SLICE_X38Y39         LUT1 (Prop_lut1_I0_O)        0.124     5.698 r  clk100_inst/O
                         net (fo=9, routed)           1.100     6.799    soc_crg_clkin
    SLICE_X46Y54         FDCE                                         r  FDCE_4/C
  -------------------------------------------------------------------    -------------------
    SLICE_X46Y54         FDCE (Prop_fdce_C_Q)         0.518     7.317 r  FDCE_4/Q
                         net (fo=1, routed)           0.644     7.960    soc_builder_basesoc_reset4
    SLICE_X46Y54         FDCE                                         r  FDCE_5/D
  -------------------------------------------------------------------    -------------------

                         (clock clk100 rise edge)    10.000    10.000 r  
    E3                                                0.000    10.000 r  clk100 (IN)
                         net (fo=0)                   0.000    10.000    clk100
    E3                   IBUF (Prop_ibuf_I_O)         1.411    11.411 r  clk100_IBUF_inst/O
                         net (fo=1, routed)           1.920    13.331    clk100_IBUF
    BUFGCTRL_X0Y16       BUFG (Prop_bufg_I_O)         0.091    13.422 r  clk100_IBUF_BUFG_inst/O
                         net (fo=1, routed)           1.809    15.231    clk100_IBUF_BUFG
    SLICE_X38Y39         LUT1 (Prop_lut1_I0_O)        0.100    15.331 r  clk100_inst/O
                         net (fo=9, routed)           0.941    16.272    soc_crg_clkin
    SLICE_X46Y54         FDCE                                         r  FDCE_5/C
                         clock pessimism              0.526    16.799    
                         clock uncertainty           -0.035    16.763    
    SLICE_X46Y54         FDCE (Setup_fdce_C_D)       -0.045    16.718    FDCE_5
  -------------------------------------------------------------------
                         required time                         16.718    
                         arrival time                          -7.960    
  -------------------------------------------------------------------
                         slack                                  8.758    

Slack (MET) :             8.778ns  (required time - arrival time)
  Source:                 FDCE_6/C
                            (rising edge-triggered cell FDCE clocked by clk100  {rise@0.000ns fall@5.000ns period=10.000ns})
  Destination:            FDCE_7/D
                            (rising edge-triggered cell FDCE clocked by clk100  {rise@0.000ns fall@5.000ns period=10.000ns})
  Path Group:             clk100
  Path Type:              Setup (Max at Slow Process Corner)
  Requirement:            10.000ns  (clk100 rise@10.000ns - clk100 rise@0.000ns)
  Data Path Delay:        1.159ns  (logic 0.518ns (44.703%)  route 0.641ns (55.297%))
  Logic Levels:           0  
  Clock Path Skew:        0.000ns (DCD - SCD + CPR)
    Destination Clock Delay (DCD):    6.272ns = ( 16.272 - 10.000 ) 
    Source Clock Delay      (SCD):    6.799ns
    Clock Pessimism Removal (CPR):    0.526ns
  Clock Uncertainty:      0.035ns  ((TSJ^2 + TIJ^2)^1/2 + DJ) / 2 + PE
    Total System Jitter     (TSJ):    0.071ns
    Total Input Jitter      (TIJ):    0.000ns
    Discrete Jitter          (DJ):    0.000ns
    Phase Error              (PE):    0.000ns

    Location             Delay type                Incr(ns)  Path(ns)    Netlist Resource(s)
  -------------------------------------------------------------------    -------------------
                         (clock clk100 rise edge)     0.000     0.000 r  
    E3                                                0.000     0.000 r  clk100 (IN)
                         net (fo=0)                   0.000     0.000    clk100
    E3                   IBUF (Prop_ibuf_I_O)         1.482     1.482 r  clk100_IBUF_inst/O
                         net (fo=1, routed)           2.025     3.506    clk100_IBUF
    BUFGCTRL_X0Y16       BUFG (Prop_bufg_I_O)         0.096     3.602 r  clk100_IBUF_BUFG_inst/O
                         net (fo=1, routed)           1.972     5.574    clk100_IBUF_BUFG
    SLICE_X38Y39         LUT1 (Prop_lut1_I0_O)        0.124     5.698 r  clk100_inst/O
                         net (fo=9, routed)           1.100     6.799    soc_crg_clkin
    SLICE_X46Y54         FDCE                                         r  FDCE_6/C
  -------------------------------------------------------------------    -------------------
    SLICE_X46Y54         FDCE (Prop_fdce_C_Q)         0.518     7.317 r  FDCE_6/Q
                         net (fo=1, routed)           0.641     7.957    soc_builder_basesoc_reset6
    SLICE_X46Y54         FDCE                                         r  FDCE_7/D
  -------------------------------------------------------------------    -------------------

                         (clock clk100 rise edge)    10.000    10.000 r  
    E3                                                0.000    10.000 r  clk100 (IN)
                         net (fo=0)                   0.000    10.000    clk100
    E3                   IBUF (Prop_ibuf_I_O)         1.411    11.411 r  clk100_IBUF_inst/O
                         net (fo=1, routed)           1.920    13.331    clk100_IBUF
    BUFGCTRL_X0Y16       BUFG (Prop_bufg_I_O)         0.091    13.422 r  clk100_IBUF_BUFG_inst/O
                         net (fo=1, routed)           1.809    15.231    clk100_IBUF_BUFG
    SLICE_X38Y39         LUT1 (Prop_lut1_I0_O)        0.100    15.331 r  clk100_inst/O
                         net (fo=9, routed)           0.941    16.272    soc_crg_clkin
    SLICE_X46Y54         FDCE                                         r  FDCE_7/C
                         clock pessimism              0.526    16.799    
                         clock uncertainty           -0.035    16.763    
    SLICE_X46Y54         FDCE (Setup_fdce_C_D)       -0.028    16.735    FDCE_7
  -------------------------------------------------------------------
                         required time                         16.735    
                         arrival time                          -7.957    
  -------------------------------------------------------------------
                         slack                                  8.778    

Slack (MET) :             8.812ns  (required time - arrival time)
  Source:                 FDCE_2/C
                            (rising edge-triggered cell FDCE clocked by clk100  {rise@0.000ns fall@5.000ns period=10.000ns})
  Destination:            FDCE_3/D
                            (rising edge-triggered cell FDCE clocked by clk100  {rise@0.000ns fall@5.000ns period=10.000ns})
  Path Group:             clk100
  Path Type:              Setup (Max at Slow Process Corner)
  Requirement:            10.000ns  (clk100 rise@10.000ns - clk100 rise@0.000ns)
  Data Path Delay:        1.092ns  (logic 0.456ns (41.768%)  route 0.636ns (58.232%))
  Logic Levels:           0  
  Clock Path Skew:        0.000ns (DCD - SCD + CPR)
    Destination Clock Delay (DCD):    6.272ns = ( 16.272 - 10.000 ) 
    Source Clock Delay      (SCD):    6.799ns
    Clock Pessimism Removal (CPR):    0.526ns
  Clock Uncertainty:      0.035ns  ((TSJ^2 + TIJ^2)^1/2 + DJ) / 2 + PE
    Total System Jitter     (TSJ):    0.071ns
    Total Input Jitter      (TIJ):    0.000ns
    Discrete Jitter          (DJ):    0.000ns
    Phase Error              (PE):    0.000ns

    Location             Delay type                Incr(ns)  Path(ns)    Netlist Resource(s)
  -------------------------------------------------------------------    -------------------
                         (clock clk100 rise edge)     0.000     0.000 r  
    E3                                                0.000     0.000 r  clk100 (IN)
                         net (fo=0)                   0.000     0.000    clk100
    E3                   IBUF (Prop_ibuf_I_O)         1.482     1.482 r  clk100_IBUF_inst/O
                         net (fo=1, routed)           2.025     3.506    clk100_IBUF
    BUFGCTRL_X0Y16       BUFG (Prop_bufg_I_O)         0.096     3.602 r  clk100_IBUF_BUFG_inst/O
                         net (fo=1, routed)           1.972     5.574    clk100_IBUF_BUFG
    SLICE_X38Y39         LUT1 (Prop_lut1_I0_O)        0.124     5.698 r  clk100_inst/O
                         net (fo=9, routed)           1.100     6.799    soc_crg_clkin
    SLICE_X47Y54         FDCE                                         r  FDCE_2/C
  -------------------------------------------------------------------    -------------------
    SLICE_X47Y54         FDCE (Prop_fdce_C_Q)         0.456     7.255 r  FDCE_2/Q
                         net (fo=1, routed)           0.636     7.890    soc_builder_basesoc_reset2
    SLICE_X47Y54         FDCE                                         r  FDCE_3/D
  -------------------------------------------------------------------    -------------------

                         (clock clk100 rise edge)    10.000    10.000 r  
    E3                                                0.000    10.000 r  clk100 (IN)
                         net (fo=0)                   0.000    10.000    clk100
    E3                   IBUF (Prop_ibuf_I_O)         1.411    11.411 r  clk100_IBUF_inst/O
                         net (fo=1, routed)           1.920    13.331    clk100_IBUF
    BUFGCTRL_X0Y16       BUFG (Prop_bufg_I_O)         0.091    13.422 r  clk100_IBUF_BUFG_inst/O
                         net (fo=1, routed)           1.809    15.231    clk100_IBUF_BUFG
    SLICE_X38Y39         LUT1 (Prop_lut1_I0_O)        0.100    15.331 r  clk100_inst/O
                         net (fo=9, routed)           0.941    16.272    soc_crg_clkin
    SLICE_X47Y54         FDCE                                         r  FDCE_3/C
                         clock pessimism              0.526    16.799    
                         clock uncertainty           -0.035    16.763    
    SLICE_X47Y54         FDCE (Setup_fdce_C_D)       -0.061    16.702    FDCE_3
  -------------------------------------------------------------------
                         required time                         16.702    
                         arrival time                          -7.890    
  -------------------------------------------------------------------
                         slack                                  8.812    

Slack (MET) :             8.887ns  (required time - arrival time)
  Source:                 FDCE_3/C
                            (rising edge-triggered cell FDCE clocked by clk100  {rise@0.000ns fall@5.000ns period=10.000ns})
  Destination:            FDCE_4/D
                            (rising edge-triggered cell FDCE clocked by clk100  {rise@0.000ns fall@5.000ns period=10.000ns})
  Path Group:             clk100
  Path Type:              Setup (Max at Slow Process Corner)
  Requirement:            10.000ns  (clk100 rise@10.000ns - clk100 rise@0.000ns)
  Data Path Delay:        1.024ns  (logic 0.456ns (44.512%)  route 0.568ns (55.488%))
  Logic Levels:           0  
  Clock Path Skew:        -0.022ns (DCD - SCD + CPR)
    Destination Clock Delay (DCD):    6.272ns = ( 16.272 - 10.000 ) 
    Source Clock Delay      (SCD):    6.799ns
    Clock Pessimism Removal (CPR):    0.504ns
  Clock Uncertainty:      0.035ns  ((TSJ^2 + TIJ^2)^1/2 + DJ) / 2 + PE
    Total System Jitter     (TSJ):    0.071ns
    Total Input Jitter      (TIJ):    0.000ns
    Discrete Jitter          (DJ):    0.000ns
    Phase Error              (PE):    0.000ns

    Location             Delay type                Incr(ns)  Path(ns)    Netlist Resource(s)
  -------------------------------------------------------------------    -------------------
                         (clock clk100 rise edge)     0.000     0.000 r  
    E3                                                0.000     0.000 r  clk100 (IN)
                         net (fo=0)                   0.000     0.000    clk100
    E3                   IBUF (Prop_ibuf_I_O)         1.482     1.482 r  clk100_IBUF_inst/O
                         net (fo=1, routed)           2.025     3.506    clk100_IBUF
    BUFGCTRL_X0Y16       BUFG (Prop_bufg_I_O)         0.096     3.602 r  clk100_IBUF_BUFG_inst/O
                         net (fo=1, routed)           1.972     5.574    clk100_IBUF_BUFG
    SLICE_X38Y39         LUT1 (Prop_lut1_I0_O)        0.124     5.698 r  clk100_inst/O
                         net (fo=9, routed)           1.100     6.799    soc_crg_clkin
    SLICE_X47Y54         FDCE                                         r  FDCE_3/C
  -------------------------------------------------------------------    -------------------
    SLICE_X47Y54         FDCE (Prop_fdce_C_Q)         0.456     7.255 r  FDCE_3/Q
                         net (fo=1, routed)           0.568     7.823    soc_builder_basesoc_reset3
    SLICE_X46Y54         FDCE                                         r  FDCE_4/D
  -------------------------------------------------------------------    -------------------

                         (clock clk100 rise edge)    10.000    10.000 r  
    E3                                                0.000    10.000 r  clk100 (IN)
                         net (fo=0)                   0.000    10.000    clk100
    E3                   IBUF (Prop_ibuf_I_O)         1.411    11.411 r  clk100_IBUF_inst/O
                         net (fo=1, routed)           1.920    13.331    clk100_IBUF
    BUFGCTRL_X0Y16       BUFG (Prop_bufg_I_O)         0.091    13.422 r  clk100_IBUF_BUFG_inst/O
                         net (fo=1, routed)           1.809    15.231    clk100_IBUF_BUFG
    SLICE_X38Y39         LUT1 (Prop_lut1_I0_O)        0.100    15.331 r  clk100_inst/O
                         net (fo=9, routed)           0.941    16.272    soc_crg_clkin
    SLICE_X46Y54         FDCE                                         r  FDCE_4/C
                         clock pessimism              0.504    16.777    
                         clock uncertainty           -0.035    16.741    
    SLICE_X46Y54         FDCE (Setup_fdce_C_D)       -0.031    16.710    FDCE_4
  -------------------------------------------------------------------
                         required time                         16.710    
                         arrival time                          -7.823    
  -------------------------------------------------------------------
                         slack                                  8.887    

Slack (MET) :             8.899ns  (required time - arrival time)
  Source:                 FDCE_5/C
                            (rising edge-triggered cell FDCE clocked by clk100  {rise@0.000ns fall@5.000ns period=10.000ns})
  Destination:            FDCE_6/D
                            (rising edge-triggered cell FDCE clocked by clk100  {rise@0.000ns fall@5.000ns period=10.000ns})
  Path Group:             clk100
  Path Type:              Setup (Max at Slow Process Corner)
  Requirement:            10.000ns  (clk100 rise@10.000ns - clk100 rise@0.000ns)
  Data Path Delay:        1.037ns  (logic 0.518ns (49.939%)  route 0.519ns (50.061%))
  Logic Levels:           0  
  Clock Path Skew:        0.000ns (DCD - SCD + CPR)
    Destination Clock Delay (DCD):    6.272ns = ( 16.272 - 10.000 ) 
    Source Clock Delay      (SCD):    6.799ns
    Clock Pessimism Removal (CPR):    0.526ns
  Clock Uncertainty:      0.035ns  ((TSJ^2 + TIJ^2)^1/2 + DJ) / 2 + PE
    Total System Jitter     (TSJ):    0.071ns
    Total Input Jitter      (TIJ):    0.000ns
    Discrete Jitter          (DJ):    0.000ns
    Phase Error              (PE):    0.000ns

    Location             Delay type                Incr(ns)  Path(ns)    Netlist Resource(s)
  -------------------------------------------------------------------    -------------------
                         (clock clk100 rise edge)     0.000     0.000 r  
    E3                                                0.000     0.000 r  clk100 (IN)
                         net (fo=0)                   0.000     0.000    clk100
    E3                   IBUF (Prop_ibuf_I_O)         1.482     1.482 r  clk100_IBUF_inst/O
                         net (fo=1, routed)           2.025     3.506    clk100_IBUF
    BUFGCTRL_X0Y16       BUFG (Prop_bufg_I_O)         0.096     3.602 r  clk100_IBUF_BUFG_inst/O
                         net (fo=1, routed)           1.972     5.574    clk100_IBUF_BUFG
    SLICE_X38Y39         LUT1 (Prop_lut1_I0_O)        0.124     5.698 r  clk100_inst/O
                         net (fo=9, routed)           1.100     6.799    soc_crg_clkin
    SLICE_X46Y54         FDCE                                         r  FDCE_5/C
  -------------------------------------------------------------------    -------------------
    SLICE_X46Y54         FDCE (Prop_fdce_C_Q)         0.518     7.317 r  FDCE_5/Q
                         net (fo=1, routed)           0.519     7.836    soc_builder_basesoc_reset5
    SLICE_X46Y54         FDCE                                         r  FDCE_6/D
  -------------------------------------------------------------------    -------------------

                         (clock clk100 rise edge)    10.000    10.000 r  
    E3                                                0.000    10.000 r  clk100 (IN)
                         net (fo=0)                   0.000    10.000    clk100
    E3                   IBUF (Prop_ibuf_I_O)         1.411    11.411 r  clk100_IBUF_inst/O
                         net (fo=1, routed)           1.920    13.331    clk100_IBUF
    BUFGCTRL_X0Y16       BUFG (Prop_bufg_I_O)         0.091    13.422 r  clk100_IBUF_BUFG_inst/O
                         net (fo=1, routed)           1.809    15.231    clk100_IBUF_BUFG
    SLICE_X38Y39         LUT1 (Prop_lut1_I0_O)        0.100    15.331 r  clk100_inst/O
                         net (fo=9, routed)           0.941    16.272    soc_crg_clkin
    SLICE_X46Y54         FDCE                                         r  FDCE_6/C
                         clock pessimism              0.526    16.799    
                         clock uncertainty           -0.035    16.763    
    SLICE_X46Y54         FDCE (Setup_fdce_C_D)       -0.028    16.735    FDCE_6
  -------------------------------------------------------------------
                         required time                         16.735    
                         arrival time                          -7.836    
  -------------------------------------------------------------------
                         slack                                  8.899    

Slack (MET) :             8.907ns  (required time - arrival time)
  Source:                 FDCE_1/C
                            (rising edge-triggered cell FDCE clocked by clk100  {rise@0.000ns fall@5.000ns period=10.000ns})
  Destination:            FDCE_2/D
                            (rising edge-triggered cell FDCE clocked by clk100  {rise@0.000ns fall@5.000ns period=10.000ns})
  Path Group:             clk100
  Path Type:              Setup (Max at Slow Process Corner)
  Requirement:            10.000ns  (clk100 rise@10.000ns - clk100 rise@0.000ns)
  Data Path Delay:        0.976ns  (logic 0.456ns (46.708%)  route 0.520ns (53.292%))
  Logic Levels:           0  
  Clock Path Skew:        0.000ns (DCD - SCD + CPR)
    Destination Clock Delay (DCD):    6.272ns = ( 16.272 - 10.000 ) 
    Source Clock Delay      (SCD):    6.799ns
    Clock Pessimism Removal (CPR):    0.526ns
  Clock Uncertainty:      0.035ns  ((TSJ^2 + TIJ^2)^1/2 + DJ) / 2 + PE
    Total System Jitter     (TSJ):    0.071ns
    Total Input Jitter      (TIJ):    0.000ns
    Discrete Jitter          (DJ):    0.000ns
    Phase Error              (PE):    0.000ns

    Location             Delay type                Incr(ns)  Path(ns)    Netlist Resource(s)
  -------------------------------------------------------------------    -------------------
                         (clock clk100 rise edge)     0.000     0.000 r  
    E3                                                0.000     0.000 r  clk100 (IN)
                         net (fo=0)                   0.000     0.000    clk100
    E3                   IBUF (Prop_ibuf_I_O)         1.482     1.482 r  clk100_IBUF_inst/O
                         net (fo=1, routed)           2.025     3.506    clk100_IBUF
    BUFGCTRL_X0Y16       BUFG (Prop_bufg_I_O)         0.096     3.602 r  clk100_IBUF_BUFG_inst/O
                         net (fo=1, routed)           1.972     5.574    clk100_IBUF_BUFG
    SLICE_X38Y39         LUT1 (Prop_lut1_I0_O)        0.124     5.698 r  clk100_inst/O
                         net (fo=9, routed)           1.100     6.799    soc_crg_clkin
    SLICE_X47Y54         FDCE                                         r  FDCE_1/C
  -------------------------------------------------------------------    -------------------
    SLICE_X47Y54         FDCE (Prop_fdce_C_Q)         0.456     7.255 r  FDCE_1/Q
                         net (fo=1, routed)           0.520     7.775    soc_builder_basesoc_reset1
    SLICE_X47Y54         FDCE                                         r  FDCE_2/D
  -------------------------------------------------------------------    -------------------

                         (clock clk100 rise edge)    10.000    10.000 r  
    E3                                                0.000    10.000 r  clk100 (IN)
                         net (fo=0)                   0.000    10.000    clk100
    E3                   IBUF (Prop_ibuf_I_O)         1.411    11.411 r  clk100_IBUF_inst/O
                         net (fo=1, routed)           1.920    13.331    clk100_IBUF
    BUFGCTRL_X0Y16       BUFG (Prop_bufg_I_O)         0.091    13.422 r  clk100_IBUF_BUFG_inst/O
                         net (fo=1, routed)           1.809    15.231    clk100_IBUF_BUFG
    SLICE_X38Y39         LUT1 (Prop_lut1_I0_O)        0.100    15.331 r  clk100_inst/O
                         net (fo=9, routed)           0.941    16.272    soc_crg_clkin
    SLICE_X47Y54         FDCE                                         r  FDCE_2/C
                         clock pessimism              0.526    16.799    
                         clock uncertainty           -0.035    16.763    
    SLICE_X47Y54         FDCE (Setup_fdce_C_D)       -0.081    16.682    FDCE_2
  -------------------------------------------------------------------
                         required time                         16.682    
                         arrival time                          -7.775    
  -------------------------------------------------------------------
                         slack                                  8.907    





Min Delay Paths
--------------------------------------------------------------------------------------
Slack (MET) :             0.245ns  (arrival time - required time)
  Source:                 FDCE_1/C
                            (rising edge-triggered cell FDCE clocked by clk100  {rise@0.000ns fall@5.000ns period=10.000ns})
  Destination:            FDCE_2/D
                            (rising edge-triggered cell FDCE clocked by clk100  {rise@0.000ns fall@5.000ns period=10.000ns})
  Path Group:             clk100
  Path Type:              Hold (Min at Fast Process Corner)
  Requirement:            0.000ns  (clk100 rise@0.000ns - clk100 rise@0.000ns)
  Data Path Delay:        0.311ns  (logic 0.141ns (45.298%)  route 0.170ns (54.702%))
  Logic Levels:           0  
  Clock Path Skew:        0.000ns (DCD - SCD - CPR)
    Destination Clock Delay (DCD):    2.721ns
    Source Clock Delay      (SCD):    2.108ns
    Clock Pessimism Removal (CPR):    0.613ns

    Location             Delay type                Incr(ns)  Path(ns)    Netlist Resource(s)
  -------------------------------------------------------------------    -------------------
                         (clock clk100 rise edge)     0.000     0.000 r  
    E3                                                0.000     0.000 r  clk100 (IN)
                         net (fo=0)                   0.000     0.000    clk100
    E3                   IBUF (Prop_ibuf_I_O)         0.250     0.250 r  clk100_IBUF_inst/O
                         net (fo=1, routed)           0.644     0.894    clk100_IBUF
    BUFGCTRL_X0Y16       BUFG (Prop_bufg_I_O)         0.026     0.920 r  clk100_IBUF_BUFG_inst/O
                         net (fo=1, routed)           0.691     1.611    clk100_IBUF_BUFG
    SLICE_X38Y39         LUT1 (Prop_lut1_I0_O)        0.045     1.656 r  clk100_inst/O
                         net (fo=9, routed)           0.452     2.108    soc_crg_clkin
    SLICE_X47Y54         FDCE                                         r  FDCE_1/C
  -------------------------------------------------------------------    -------------------
    SLICE_X47Y54         FDCE (Prop_fdce_C_Q)         0.141     2.249 r  FDCE_1/Q
                         net (fo=1, routed)           0.170     2.419    soc_builder_basesoc_reset1
    SLICE_X47Y54         FDCE                                         r  FDCE_2/D
  -------------------------------------------------------------------    -------------------

                         (clock clk100 rise edge)     0.000     0.000 r  
    E3                                                0.000     0.000 r  clk100 (IN)
                         net (fo=0)                   0.000     0.000    clk100
    E3                   IBUF (Prop_ibuf_I_O)         0.438     0.438 r  clk100_IBUF_inst/O
                         net (fo=1, routed)           0.699     1.136    clk100_IBUF
    BUFGCTRL_X0Y16       BUFG (Prop_bufg_I_O)         0.029     1.165 r  clk100_IBUF_BUFG_inst/O
                         net (fo=1, routed)           0.976     2.142    clk100_IBUF_BUFG
    SLICE_X38Y39         LUT1 (Prop_lut1_I0_O)        0.056     2.198 r  clk100_inst/O
                         net (fo=9, routed)           0.523     2.721    soc_crg_clkin
    SLICE_X47Y54         FDCE                                         r  FDCE_2/C
                         clock pessimism             -0.613     2.108    
    SLICE_X47Y54         FDCE (Hold_fdce_C_D)         0.066     2.174    FDCE_2
  -------------------------------------------------------------------
                         required time                         -2.174    
                         arrival time                           2.419    
  -------------------------------------------------------------------
                         slack                                  0.245    

Slack (MET) :             0.245ns  (arrival time - required time)
  Source:                 FDCE_3/C
                            (rising edge-triggered cell FDCE clocked by clk100  {rise@0.000ns fall@5.000ns period=10.000ns})
  Destination:            FDCE_4/D
                            (rising edge-triggered cell FDCE clocked by clk100  {rise@0.000ns fall@5.000ns period=10.000ns})
  Path Group:             clk100
  Path Type:              Hold (Min at Fast Process Corner)
  Requirement:            0.000ns  (clk100 rise@0.000ns - clk100 rise@0.000ns)
  Data Path Delay:        0.317ns  (logic 0.141ns (44.418%)  route 0.176ns (55.581%))
  Logic Levels:           0  
  Clock Path Skew:        0.013ns (DCD - SCD - CPR)
    Destination Clock Delay (DCD):    2.721ns
    Source Clock Delay      (SCD):    2.108ns
    Clock Pessimism Removal (CPR):    0.600ns

    Location             Delay type                Incr(ns)  Path(ns)    Netlist Resource(s)
  -------------------------------------------------------------------    -------------------
                         (clock clk100 rise edge)     0.000     0.000 r  
    E3                                                0.000     0.000 r  clk100 (IN)
                         net (fo=0)                   0.000     0.000    clk100
    E3                   IBUF (Prop_ibuf_I_O)         0.250     0.250 r  clk100_IBUF_inst/O
                         net (fo=1, routed)           0.644     0.894    clk100_IBUF
    BUFGCTRL_X0Y16       BUFG (Prop_bufg_I_O)         0.026     0.920 r  clk100_IBUF_BUFG_inst/O
                         net (fo=1, routed)           0.691     1.611    clk100_IBUF_BUFG
    SLICE_X38Y39         LUT1 (Prop_lut1_I0_O)        0.045     1.656 r  clk100_inst/O
                         net (fo=9, routed)           0.452     2.108    soc_crg_clkin
    SLICE_X47Y54         FDCE                                         r  FDCE_3/C
  -------------------------------------------------------------------    -------------------
    SLICE_X47Y54         FDCE (Prop_fdce_C_Q)         0.141     2.249 r  FDCE_3/Q
                         net (fo=1, routed)           0.176     2.425    soc_builder_basesoc_reset3
    SLICE_X46Y54         FDCE                                         r  FDCE_4/D
  -------------------------------------------------------------------    -------------------

                         (clock clk100 rise edge)     0.000     0.000 r  
    E3                                                0.000     0.000 r  clk100 (IN)
                         net (fo=0)                   0.000     0.000    clk100
    E3                   IBUF (Prop_ibuf_I_O)         0.438     0.438 r  clk100_IBUF_inst/O
                         net (fo=1, routed)           0.699     1.136    clk100_IBUF
    BUFGCTRL_X0Y16       BUFG (Prop_bufg_I_O)         0.029     1.165 r  clk100_IBUF_BUFG_inst/O
                         net (fo=1, routed)           0.976     2.142    clk100_IBUF_BUFG
    SLICE_X38Y39         LUT1 (Prop_lut1_I0_O)        0.056     2.198 r  clk100_inst/O
                         net (fo=9, routed)           0.523     2.721    soc_crg_clkin
    SLICE_X46Y54         FDCE                                         r  FDCE_4/C
                         clock pessimism             -0.600     2.121    
    SLICE_X46Y54         FDCE (Hold_fdce_C_D)         0.059     2.180    FDCE_4
  -------------------------------------------------------------------
                         required time                         -2.180    
                         arrival time                           2.425    
  -------------------------------------------------------------------
                         slack                                  0.245    

Slack (MET) :             0.271ns  (arrival time - required time)
  Source:                 FDCE_5/C
                            (rising edge-triggered cell FDCE clocked by clk100  {rise@0.000ns fall@5.000ns period=10.000ns})
  Destination:            FDCE_6/D
                            (rising edge-triggered cell FDCE clocked by clk100  {rise@0.000ns fall@5.000ns period=10.000ns})
  Path Group:             clk100
  Path Type:              Hold (Min at Fast Process Corner)
  Requirement:            0.000ns  (clk100 rise@0.000ns - clk100 rise@0.000ns)
  Data Path Delay:        0.334ns  (logic 0.164ns (49.062%)  route 0.170ns (50.938%))
  Logic Levels:           0  
  Clock Path Skew:        0.000ns (DCD - SCD - CPR)
    Destination Clock Delay (DCD):    2.721ns
    Source Clock Delay      (SCD):    2.108ns
    Clock Pessimism Removal (CPR):    0.613ns

    Location             Delay type                Incr(ns)  Path(ns)    Netlist Resource(s)
  -------------------------------------------------------------------    -------------------
                         (clock clk100 rise edge)     0.000     0.000 r  
    E3                                                0.000     0.000 r  clk100 (IN)
                         net (fo=0)                   0.000     0.000    clk100
    E3                   IBUF (Prop_ibuf_I_O)         0.250     0.250 r  clk100_IBUF_inst/O
                         net (fo=1, routed)           0.644     0.894    clk100_IBUF
    BUFGCTRL_X0Y16       BUFG (Prop_bufg_I_O)         0.026     0.920 r  clk100_IBUF_BUFG_inst/O
                         net (fo=1, routed)           0.691     1.611    clk100_IBUF_BUFG
    SLICE_X38Y39         LUT1 (Prop_lut1_I0_O)        0.045     1.656 r  clk100_inst/O
                         net (fo=9, routed)           0.452     2.108    soc_crg_clkin
    SLICE_X46Y54         FDCE                                         r  FDCE_5/C
  -------------------------------------------------------------------    -------------------
    SLICE_X46Y54         FDCE (Prop_fdce_C_Q)         0.164     2.272 r  FDCE_5/Q
                         net (fo=1, routed)           0.170     2.442    soc_builder_basesoc_reset5
    SLICE_X46Y54         FDCE                                         r  FDCE_6/D
  -------------------------------------------------------------------    -------------------

                         (clock clk100 rise edge)     0.000     0.000 r  
    E3                                                0.000     0.000 r  clk100 (IN)
                         net (fo=0)                   0.000     0.000    clk100
    E3                   IBUF (Prop_ibuf_I_O)         0.438     0.438 r  clk100_IBUF_inst/O
                         net (fo=1, routed)           0.699     1.136    clk100_IBUF
    BUFGCTRL_X0Y16       BUFG (Prop_bufg_I_O)         0.029     1.165 r  clk100_IBUF_BUFG_inst/O
                         net (fo=1, routed)           0.976     2.142    clk100_IBUF_BUFG
    SLICE_X38Y39         LUT1 (Prop_lut1_I0_O)        0.056     2.198 r  clk100_inst/O
                         net (fo=9, routed)           0.523     2.721    soc_crg_clkin
    SLICE_X46Y54         FDCE                                         r  FDCE_6/C
                         clock pessimism             -0.613     2.108    
    SLICE_X46Y54         FDCE (Hold_fdce_C_D)         0.063     2.171    FDCE_6
  -------------------------------------------------------------------
                         required time                         -2.171    
                         arrival time                           2.442    
  -------------------------------------------------------------------
                         slack                                  0.271    

Slack (MET) :             0.303ns  (arrival time - required time)
  Source:                 FDCE_2/C
                            (rising edge-triggered cell FDCE clocked by clk100  {rise@0.000ns fall@5.000ns period=10.000ns})
  Destination:            FDCE_3/D
                            (rising edge-triggered cell FDCE clocked by clk100  {rise@0.000ns fall@5.000ns period=10.000ns})
  Path Group:             clk100
  Path Type:              Hold (Min at Fast Process Corner)
  Requirement:            0.000ns  (clk100 rise@0.000ns - clk100 rise@0.000ns)
  Data Path Delay:        0.373ns  (logic 0.141ns (37.827%)  route 0.232ns (62.173%))
  Logic Levels:           0  
  Clock Path Skew:        0.000ns (DCD - SCD - CPR)
    Destination Clock Delay (DCD):    2.721ns
    Source Clock Delay      (SCD):    2.108ns
    Clock Pessimism Removal (CPR):    0.613ns

    Location             Delay type                Incr(ns)  Path(ns)    Netlist Resource(s)
  -------------------------------------------------------------------    -------------------
                         (clock clk100 rise edge)     0.000     0.000 r  
    E3                                                0.000     0.000 r  clk100 (IN)
                         net (fo=0)                   0.000     0.000    clk100
    E3                   IBUF (Prop_ibuf_I_O)         0.250     0.250 r  clk100_IBUF_inst/O
                         net (fo=1, routed)           0.644     0.894    clk100_IBUF
    BUFGCTRL_X0Y16       BUFG (Prop_bufg_I_O)         0.026     0.920 r  clk100_IBUF_BUFG_inst/O
                         net (fo=1, routed)           0.691     1.611    clk100_IBUF_BUFG
    SLICE_X38Y39         LUT1 (Prop_lut1_I0_O)        0.045     1.656 r  clk100_inst/O
                         net (fo=9, routed)           0.452     2.108    soc_crg_clkin
    SLICE_X47Y54         FDCE                                         r  FDCE_2/C
  -------------------------------------------------------------------    -------------------
    SLICE_X47Y54         FDCE (Prop_fdce_C_Q)         0.141     2.249 r  FDCE_2/Q
                         net (fo=1, routed)           0.232     2.481    soc_builder_basesoc_reset2
    SLICE_X47Y54         FDCE                                         r  FDCE_3/D
  -------------------------------------------------------------------    -------------------

                         (clock clk100 rise edge)     0.000     0.000 r  
    E3                                                0.000     0.000 r  clk100 (IN)
                         net (fo=0)                   0.000     0.000    clk100
    E3                   IBUF (Prop_ibuf_I_O)         0.438     0.438 r  clk100_IBUF_inst/O
                         net (fo=1, routed)           0.699     1.136    clk100_IBUF
    BUFGCTRL_X0Y16       BUFG (Prop_bufg_I_O)         0.029     1.165 r  clk100_IBUF_BUFG_inst/O
                         net (fo=1, routed)           0.976     2.142    clk100_IBUF_BUFG
    SLICE_X38Y39         LUT1 (Prop_lut1_I0_O)        0.056     2.198 r  clk100_inst/O
                         net (fo=9, routed)           0.523     2.721    soc_crg_clkin
    SLICE_X47Y54         FDCE                                         r  FDCE_3/C
                         clock pessimism             -0.613     2.108    
    SLICE_X47Y54         FDCE (Hold_fdce_C_D)         0.070     2.178    FDCE_3
  -------------------------------------------------------------------
                         required time                         -2.178    
                         arrival time                           2.481    
  -------------------------------------------------------------------
                         slack                                  0.303    

Slack (MET) :             0.323ns  (arrival time - required time)
  Source:                 FDCE/C
                            (rising edge-triggered cell FDCE clocked by clk100  {rise@0.000ns fall@5.000ns period=10.000ns})
  Destination:            FDCE_1/D
                            (rising edge-triggered cell FDCE clocked by clk100  {rise@0.000ns fall@5.000ns period=10.000ns})
  Path Group:             clk100
  Path Type:              Hold (Min at Fast Process Corner)
  Requirement:            0.000ns  (clk100 rise@0.000ns - clk100 rise@0.000ns)
  Data Path Delay:        0.400ns  (logic 0.164ns (40.950%)  route 0.236ns (59.050%))
  Logic Levels:           0  
  Clock Path Skew:        0.008ns (DCD - SCD - CPR)
    Destination Clock Delay (DCD):    2.721ns
    Source Clock Delay      (SCD):    2.171ns
    Clock Pessimism Removal (CPR):    0.542ns

    Location             Delay type                Incr(ns)  Path(ns)    Netlist Resource(s)
  -------------------------------------------------------------------    -------------------
                         (clock clk100 rise edge)     0.000     0.000 r  
    E3                                                0.000     0.000 r  clk100 (IN)
                         net (fo=0)                   0.000     0.000    clk100
    E3                   IBUF (Prop_ibuf_I_O)         0.250     0.250 r  clk100_IBUF_inst/O
                         net (fo=1, routed)           0.644     0.894    clk100_IBUF
    BUFGCTRL_X0Y16       BUFG (Prop_bufg_I_O)         0.026     0.920 r  clk100_IBUF_BUFG_inst/O
                         net (fo=1, routed)           0.691     1.611    clk100_IBUF_BUFG
    SLICE_X38Y39         LUT1 (Prop_lut1_I0_O)        0.045     1.656 r  clk100_inst/O
                         net (fo=9, routed)           0.515     2.171    soc_crg_clkin
    SLICE_X46Y60         FDCE                                         r  FDCE/C
  -------------------------------------------------------------------    -------------------
    SLICE_X46Y60         FDCE (Prop_fdce_C_Q)         0.164     2.335 r  FDCE/Q
                         net (fo=1, routed)           0.236     2.572    soc_builder_basesoc_reset0
    SLICE_X47Y54         FDCE                                         r  FDCE_1/D
  -------------------------------------------------------------------    -------------------

                         (clock clk100 rise edge)     0.000     0.000 r  
    E3                                                0.000     0.000 r  clk100 (IN)
                         net (fo=0)                   0.000     0.000    clk100
    E3                   IBUF (Prop_ibuf_I_O)         0.438     0.438 r  clk100_IBUF_inst/O
                         net (fo=1, routed)           0.699     1.136    clk100_IBUF
    BUFGCTRL_X0Y16       BUFG (Prop_bufg_I_O)         0.029     1.165 r  clk100_IBUF_BUFG_inst/O
                         net (fo=1, routed)           0.976     2.142    clk100_IBUF_BUFG
    SLICE_X38Y39         LUT1 (Prop_lut1_I0_O)        0.056     2.198 r  clk100_inst/O
                         net (fo=9, routed)           0.523     2.721    soc_crg_clkin
    SLICE_X47Y54         FDCE                                         r  FDCE_1/C
                         clock pessimism             -0.542     2.179    
    SLICE_X47Y54         FDCE (Hold_fdce_C_D)         0.070     2.249    FDCE_1
  -------------------------------------------------------------------
                         required time                         -2.249    
                         arrival time                           2.572    
  -------------------------------------------------------------------
                         slack                                  0.323    

Slack (MET) :             0.333ns  (arrival time - required time)
  Source:                 FDCE_6/C
                            (rising edge-triggered cell FDCE clocked by clk100  {rise@0.000ns fall@5.000ns period=10.000ns})
  Destination:            FDCE_7/D
                            (rising edge-triggered cell FDCE clocked by clk100  {rise@0.000ns fall@5.000ns period=10.000ns})
  Path Group:             clk100
  Path Type:              Hold (Min at Fast Process Corner)
  Requirement:            0.000ns  (clk100 rise@0.000ns - clk100 rise@0.000ns)
  Data Path Delay:        0.396ns  (logic 0.164ns (41.440%)  route 0.232ns (58.560%))
  Logic Levels:           0  
  Clock Path Skew:        0.000ns (DCD - SCD - CPR)
    Destination Clock Delay (DCD):    2.721ns
    Source Clock Delay      (SCD):    2.108ns
    Clock Pessimism Removal (CPR):    0.613ns

    Location             Delay type                Incr(ns)  Path(ns)    Netlist Resource(s)
  -------------------------------------------------------------------    -------------------
                         (clock clk100 rise edge)     0.000     0.000 r  
    E3                                                0.000     0.000 r  clk100 (IN)
                         net (fo=0)                   0.000     0.000    clk100
    E3                   IBUF (Prop_ibuf_I_O)         0.250     0.250 r  clk100_IBUF_inst/O
                         net (fo=1, routed)           0.644     0.894    clk100_IBUF
    BUFGCTRL_X0Y16       BUFG (Prop_bufg_I_O)         0.026     0.920 r  clk100_IBUF_BUFG_inst/O
                         net (fo=1, routed)           0.691     1.611    clk100_IBUF_BUFG
    SLICE_X38Y39         LUT1 (Prop_lut1_I0_O)        0.045     1.656 r  clk100_inst/O
                         net (fo=9, routed)           0.452     2.108    soc_crg_clkin
    SLICE_X46Y54         FDCE                                         r  FDCE_6/C
  -------------------------------------------------------------------    -------------------
    SLICE_X46Y54         FDCE (Prop_fdce_C_Q)         0.164     2.272 r  FDCE_6/Q
                         net (fo=1, routed)           0.232     2.504    soc_builder_basesoc_reset6
    SLICE_X46Y54         FDCE                                         r  FDCE_7/D
  -------------------------------------------------------------------    -------------------

                         (clock clk100 rise edge)     0.000     0.000 r  
    E3                                                0.000     0.000 r  clk100 (IN)
                         net (fo=0)                   0.000     0.000    clk100
    E3                   IBUF (Prop_ibuf_I_O)         0.438     0.438 r  clk100_IBUF_inst/O
                         net (fo=1, routed)           0.699     1.136    clk100_IBUF
    BUFGCTRL_X0Y16       BUFG (Prop_bufg_I_O)         0.029     1.165 r  clk100_IBUF_BUFG_inst/O
                         net (fo=1, routed)           0.976     2.142    clk100_IBUF_BUFG
    SLICE_X38Y39         LUT1 (Prop_lut1_I0_O)        0.056     2.198 r  clk100_inst/O
                         net (fo=9, routed)           0.523     2.721    soc_crg_clkin
    SLICE_X46Y54         FDCE                                         r  FDCE_7/C
                         clock pessimism             -0.613     2.108    
    SLICE_X46Y54         FDCE (Hold_fdce_C_D)         0.063     2.171    FDCE_7
  -------------------------------------------------------------------
                         required time                         -2.171    
                         arrival time                           2.504    
  -------------------------------------------------------------------
                         slack                                  0.333    

Slack (MET) :             0.344ns  (arrival time - required time)
  Source:                 FDCE_4/C
                            (rising edge-triggered cell FDCE clocked by clk100  {rise@0.000ns fall@5.000ns period=10.000ns})
  Destination:            FDCE_5/D
                            (rising edge-triggered cell FDCE clocked by clk100  {rise@0.000ns fall@5.000ns period=10.000ns})
  Path Group:             clk100
  Path Type:              Hold (Min at Fast Process Corner)
  Requirement:            0.000ns  (clk100 rise@0.000ns - clk100 rise@0.000ns)
  Data Path Delay:        0.396ns  (logic 0.164ns (41.440%)  route 0.232ns (58.560%))
  Logic Levels:           0  
  Clock Path Skew:        0.000ns (DCD - SCD - CPR)
    Destination Clock Delay (DCD):    2.721ns
    Source Clock Delay      (SCD):    2.108ns
    Clock Pessimism Removal (CPR):    0.613ns

    Location             Delay type                Incr(ns)  Path(ns)    Netlist Resource(s)
  -------------------------------------------------------------------    -------------------
                         (clock clk100 rise edge)     0.000     0.000 r  
    E3                                                0.000     0.000 r  clk100 (IN)
                         net (fo=0)                   0.000     0.000    clk100
    E3                   IBUF (Prop_ibuf_I_O)         0.250     0.250 r  clk100_IBUF_inst/O
                         net (fo=1, routed)           0.644     0.894    clk100_IBUF
    BUFGCTRL_X0Y16       BUFG (Prop_bufg_I_O)         0.026     0.920 r  clk100_IBUF_BUFG_inst/O
                         net (fo=1, routed)           0.691     1.611    clk100_IBUF_BUFG
    SLICE_X38Y39         LUT1 (Prop_lut1_I0_O)        0.045     1.656 r  clk100_inst/O
                         net (fo=9, routed)           0.452     2.108    soc_crg_clkin
    SLICE_X46Y54         FDCE                                         r  FDCE_4/C
  -------------------------------------------------------------------    -------------------
    SLICE_X46Y54         FDCE (Prop_fdce_C_Q)         0.164     2.272 r  FDCE_4/Q
                         net (fo=1, routed)           0.232     2.504    soc_builder_basesoc_reset4
    SLICE_X46Y54         FDCE                                         r  FDCE_5/D
  -------------------------------------------------------------------    -------------------

                         (clock clk100 rise edge)     0.000     0.000 r  
    E3                                                0.000     0.000 r  clk100 (IN)
                         net (fo=0)                   0.000     0.000    clk100
    E3                   IBUF (Prop_ibuf_I_O)         0.438     0.438 r  clk100_IBUF_inst/O
                         net (fo=1, routed)           0.699     1.136    clk100_IBUF
    BUFGCTRL_X0Y16       BUFG (Prop_bufg_I_O)         0.029     1.165 r  clk100_IBUF_BUFG_inst/O
                         net (fo=1, routed)           0.976     2.142    clk100_IBUF_BUFG
    SLICE_X38Y39         LUT1 (Prop_lut1_I0_O)        0.056     2.198 r  clk100_inst/O
                         net (fo=9, routed)           0.523     2.721    soc_crg_clkin
    SLICE_X46Y54         FDCE                                         r  FDCE_5/C
                         clock pessimism             -0.613     2.108    
    SLICE_X46Y54         FDCE (Hold_fdce_C_D)         0.052     2.160    FDCE_5
  -------------------------------------------------------------------
                         required time                         -2.160    
                         arrival time                           2.504    
  -------------------------------------------------------------------
                         slack                                  0.344    





Pulse Width Checks
--------------------------------------------------------------------------------------
Clock Name:         clk100
Waveform(ns):       { 0.000 5.000 }
Period(ns):         10.000
Sources:            { clk100 }

Check Type        Corner  Lib Pin            Reference Pin  Required(ns)  Actual(ns)  Slack(ns)  Location         Pin
Min Period        n/a     BUFG/I             n/a            2.155         10.000      7.845      BUFGCTRL_X0Y16   clk100_IBUF_BUFG_inst/I
Min Period        n/a     MMCME2_ADV/CLKIN1  n/a            1.249         10.000      8.751      MMCME2_ADV_X0Y0  MMCME2_ADV/CLKIN1
Min Period        n/a     FDCE/C             n/a            1.000         10.000      9.000      SLICE_X46Y60     FDCE/C
Min Period        n/a     FDCE/C             n/a            1.000         10.000      9.000      SLICE_X47Y54     FDCE_1/C
Min Period        n/a     FDCE/C             n/a            1.000         10.000      9.000      SLICE_X47Y54     FDCE_2/C
Min Period        n/a     FDCE/C             n/a            1.000         10.000      9.000      SLICE_X47Y54     FDCE_3/C
Min Period        n/a     FDCE/C             n/a            1.000         10.000      9.000      SLICE_X46Y54     FDCE_4/C
Min Period        n/a     FDCE/C             n/a            1.000         10.000      9.000      SLICE_X46Y54     FDCE_5/C
Min Period        n/a     FDCE/C             n/a            1.000         10.000      9.000      SLICE_X46Y54     FDCE_6/C
Min Period        n/a     FDCE/C             n/a            1.000         10.000      9.000      SLICE_X46Y54     FDCE_7/C
Max Period        n/a     MMCME2_ADV/CLKIN1  n/a            100.000       10.000      90.000     MMCME2_ADV_X0Y0  MMCME2_ADV/CLKIN1
Low Pulse Width   Slow    MMCME2_ADV/CLKIN1  n/a            2.000         5.000       3.000      MMCME2_ADV_X0Y0  MMCME2_ADV/CLKIN1
Low Pulse Width   Fast    MMCME2_ADV/CLKIN1  n/a            2.000         5.000       3.000      MMCME2_ADV_X0Y0  MMCME2_ADV/CLKIN1
Low Pulse Width   Slow    FDCE/C             n/a            0.500         5.000       4.500      SLICE_X46Y60     FDCE/C
Low Pulse Width   Fast    FDCE/C             n/a            0.500         5.000       4.500      SLICE_X46Y60     FDCE/C
Low Pulse Width   Slow    FDCE/C             n/a            0.500         5.000       4.500      SLICE_X47Y54     FDCE_1/C
Low Pulse Width   Fast    FDCE/C             n/a            0.500         5.000       4.500      SLICE_X47Y54     FDCE_1/C
Low Pulse Width   Slow    FDCE/C             n/a            0.500         5.000       4.500      SLICE_X47Y54     FDCE_2/C
Low Pulse Width   Fast    FDCE/C             n/a            0.500         5.000       4.500      SLICE_X47Y54     FDCE_2/C
Low Pulse Width   Slow    FDCE/C             n/a            0.500         5.000       4.500      SLICE_X47Y54     FDCE_3/C
Low Pulse Width   Fast    FDCE/C             n/a            0.500         5.000       4.500      SLICE_X47Y54     FDCE_3/C
High Pulse Width  Slow    MMCME2_ADV/CLKIN1  n/a            2.000         5.000       3.000      MMCME2_ADV_X0Y0  MMCME2_ADV/CLKIN1
High Pulse Width  Fast    MMCME2_ADV/CLKIN1  n/a            2.000         5.000       3.000      MMCME2_ADV_X0Y0  MMCME2_ADV/CLKIN1
High Pulse Width  Slow    FDCE/C             n/a            0.500         5.000       4.500      SLICE_X46Y60     FDCE/C
High Pulse Width  Fast    FDCE/C             n/a            0.500         5.000       4.500      SLICE_X46Y60     FDCE/C
High Pulse Width  Slow    FDCE/C             n/a            0.500         5.000       4.500      SLICE_X47Y54     FDCE_1/C
High Pulse Width  Fast    FDCE/C             n/a            0.500         5.000       4.500      SLICE_X47Y54     FDCE_1/C
High Pulse Width  Slow    FDCE/C             n/a            0.500         5.000       4.500      SLICE_X47Y54     FDCE_2/C
High Pulse Width  Fast    FDCE/C             n/a            0.500         5.000       4.500      SLICE_X47Y54     FDCE_2/C
High Pulse Width  Slow    FDCE/C             n/a            0.500         5.000       4.500      SLICE_X47Y54     FDCE_3/C
High Pulse Width  Fast    FDCE/C             n/a            0.500         5.000       4.500      SLICE_X47Y54     FDCE_3/C



---------------------------------------------------------------------------------------------------
From Clock:  soc_builder_basesoc_mmcm_fb
  To Clock:  soc_builder_basesoc_mmcm_fb

Setup :           NA  Failing Endpoints,  Worst Slack           NA  ,  Total Violation           NA
Hold  :           NA  Failing Endpoints,  Worst Slack           NA  ,  Total Violation           NA
PW    :            0  Failing Endpoints,  Worst Slack        8.751ns,  Total Violation        0.000ns
---------------------------------------------------------------------------------------------------


Pulse Width Checks
--------------------------------------------------------------------------------------
Clock Name:         soc_builder_basesoc_mmcm_fb
Waveform(ns):       { 0.000 5.000 }
Period(ns):         10.000
Sources:            { MMCME2_ADV/CLKFBOUT }

Check Type  Corner  Lib Pin              Reference Pin  Required(ns)  Actual(ns)  Slack(ns)  Location         Pin
Min Period  n/a     MMCME2_ADV/CLKFBOUT  n/a            1.249         10.000      8.751      MMCME2_ADV_X0Y0  MMCME2_ADV/CLKFBOUT
Min Period  n/a     MMCME2_ADV/CLKFBIN   n/a            1.249         10.000      8.751      MMCME2_ADV_X0Y0  MMCME2_ADV/CLKFBIN
Max Period  n/a     MMCME2_ADV/CLKFBIN   n/a            100.000       10.000      90.000     MMCME2_ADV_X0Y0  MMCME2_ADV/CLKFBIN
Max Period  n/a     MMCME2_ADV/CLKFBOUT  n/a            213.360       10.000      203.360    MMCME2_ADV_X0Y0  MMCME2_ADV/CLKFBOUT



---------------------------------------------------------------------------------------------------
From Clock:  soc_crg_clkout0
  To Clock:  soc_crg_clkout0

Setup :           24  Failing Endpoints,  Worst Slack       -0.928ns,  Total Violation      -12.222ns
Hold  :            0  Failing Endpoints,  Worst Slack        0.027ns,  Total Violation        0.000ns
PW    :            0  Failing Endpoints,  Worst Slack        5.417ns,  Total Violation        0.000ns
---------------------------------------------------------------------------------------------------


Max Delay Paths
--------------------------------------------------------------------------------------
Slack (VIOLATED) :        -0.928ns  (required time - arrival time)
  Source:                 VexRiscv/decode_to_execute_RS2_reg[24]/C
                            (rising edge-triggered cell FDRE clocked by soc_crg_clkout0  {rise@0.000ns fall@6.667ns period=13.333ns})
  Destination:            Cfu/rsp_payload_outputs_0_reg[29]/D
                            (rising edge-triggered cell FDRE clocked by soc_crg_clkout0  {rise@0.000ns fall@6.667ns period=13.333ns})
  Path Group:             soc_crg_clkout0
  Path Type:              Setup (Max at Slow Process Corner)
  Requirement:            13.333ns  (soc_crg_clkout0 rise@13.333ns - soc_crg_clkout0 rise@0.000ns)
  Data Path Delay:        14.090ns  (logic 8.983ns (63.752%)  route 5.107ns (36.248%))
  Logic Levels:           19  (CARRY4=12 DSP48E1=1 LUT3=4 LUT4=2)
  Clock Path Skew:        -0.130ns (DCD - SCD + CPR)
    Destination Clock Delay (DCD):    10.555ns = ( 23.889 - 13.333 ) 
    Source Clock Delay      (SCD):    11.432ns
    Clock Pessimism Removal (CPR):    0.747ns
  Clock Uncertainty:      0.070ns  ((TSJ^2 + DJ^2)^1/2) / 2 + PE
    Total System Jitter     (TSJ):    0.071ns
    Discrete Jitter          (DJ):    0.121ns
    Phase Error              (PE):    0.000ns

    Location             Delay type                Incr(ns)  Path(ns)    Netlist Resource(s)
  -------------------------------------------------------------------    -------------------
                         (clock soc_crg_clkout0 rise edge)
                                                      0.000     0.000 r  
    E3                                                0.000     0.000 r  clk100 (IN)
                         net (fo=0)                   0.000     0.000    clk100
    E3                   IBUF (Prop_ibuf_I_O)         1.482     1.482 r  clk100_IBUF_inst/O
                         net (fo=1, routed)           2.025     3.506    clk100_IBUF
    BUFGCTRL_X0Y16       BUFG (Prop_bufg_I_O)         0.096     3.602 r  clk100_IBUF_BUFG_inst/O
                         net (fo=1, routed)           1.972     5.574    clk100_IBUF_BUFG
    SLICE_X38Y39         LUT1 (Prop_lut1_I0_O)        0.124     5.698 r  clk100_inst/O
                         net (fo=9, routed)           1.887     7.585    soc_crg_clkin
    MMCME2_ADV_X0Y0      MMCME2_ADV (Prop_mmcme2_adv_CLKIN1_CLKOUT0)
                                                      0.088     7.673 r  MMCME2_ADV/CLKOUT0
                         net (fo=1, routed)           2.018     9.692    soc_crg_clkout0
    BUFGCTRL_X0Y0        BUFG (Prop_bufg_I_O)         0.096     9.788 r  BUFG/O
                         net (fo=3867, routed)        1.644    11.432    VexRiscv/stageB_flusher_counter_reg[0]
    SLICE_X14Y94         FDRE                                         r  VexRiscv/decode_to_execute_RS2_reg[24]/C
  -------------------------------------------------------------------    -------------------
    SLICE_X14Y94         FDRE (Prop_fdre_C_Q)         0.518    11.950 r  VexRiscv/decode_to_execute_RS2_reg[24]/Q
                         net (fo=9, routed)           0.723    12.673    VexRiscv/execute_RS2[24]
    SLICE_X12Y94         CARRY4 (Prop_carry4_DI[0]_CO[3])
                                                      0.550    13.223 r  VexRiscv/p_0_out__0_i_13/CO[3]
                         net (fo=1, routed)           0.000    13.223    VexRiscv/p_0_out__0_i_13_n_0
    SLICE_X12Y95         CARRY4 (Prop_carry4_CI_CO[3])
                                                      0.117    13.340 r  VexRiscv/p_0_out__0_i_12/CO[3]
                         net (fo=1, routed)           0.000    13.340    Cfu/p_0_out__0_1[0]
    SLICE_X12Y96         CARRY4 (Prop_carry4_CI_O[1])
                                                      0.323    13.663 r  Cfu/p_0_out__0_i_11/O[1]
                         net (fo=1, routed)           0.295    13.958    VexRiscv/p_0_out__0[1]
    SLICE_X13Y96         LUT3 (Prop_lut3_I0_O)        0.306    14.264 r  VexRiscv/p_0_out__0_i_1/O
                         net (fo=9, routed)           0.723    14.987    Cfu/p_0_out__0_0[9]
    DSP48_X0Y38          DSP48E1 (Prop_dsp48e1_B[17]_P[2])
                                                      3.656    18.643 r  Cfu/p_0_out__0/P[2]
                         net (fo=2, routed)           1.124    19.767    Cfu/p_0_out__0_n_103
    SLICE_X11Y93         LUT3 (Prop_lut3_I0_O)        0.154    19.921 r  Cfu/rsp_payload_outputs_0[7]_i_12/O
                         net (fo=2, routed)           0.690    20.611    Cfu/rsp_payload_outputs_0[7]_i_12_n_0
    SLICE_X11Y93         LUT4 (Prop_lut4_I3_O)        0.327    20.938 r  Cfu/rsp_payload_outputs_0[7]_i_15/O
                         net (fo=1, routed)           0.000    20.938    Cfu/rsp_payload_outputs_0[7]_i_15_n_0
    SLICE_X11Y93         CARRY4 (Prop_carry4_S[3]_CO[3])
                                                      0.401    21.339 r  Cfu/rsp_payload_outputs_0_reg[7]_i_11/CO[3]
                         net (fo=1, routed)           0.000    21.339    Cfu/rsp_payload_outputs_0_reg[7]_i_11_n_0
    SLICE_X11Y94         CARRY4 (Prop_carry4_CI_CO[3])
                                                      0.114    21.453 r  Cfu/rsp_payload_outputs_0_reg[11]_i_11/CO[3]
                         net (fo=1, routed)           0.000    21.453    Cfu/rsp_payload_outputs_0_reg[11]_i_11_n_0
    SLICE_X11Y95         CARRY4 (Prop_carry4_CI_O[0])
                                                      0.223    21.676 r  Cfu/rsp_payload_outputs_0_reg[15]_i_11/O[0]
                         net (fo=2, routed)           0.583    22.259    Cfu/rsp_payload_outputs_0_reg[15]_i_11_n_7
    SLICE_X9Y95          LUT3 (Prop_lut3_I0_O)        0.325    22.584 r  Cfu/rsp_payload_outputs_0[11]_i_5/O
                         net (fo=2, routed)           0.666    23.250    Cfu/rsp_payload_outputs_0[11]_i_5_n_0
    SLICE_X9Y95          LUT4 (Prop_lut4_I3_O)        0.326    23.576 r  Cfu/rsp_payload_outputs_0[11]_i_9/O
                         net (fo=1, routed)           0.000    23.576    Cfu/rsp_payload_outputs_0[11]_i_9_n_0
    SLICE_X9Y95          CARRY4 (Prop_carry4_S[1]_CO[3])
                                                      0.550    24.126 r  Cfu/rsp_payload_outputs_0_reg[11]_i_2/CO[3]
                         net (fo=1, routed)           0.000    24.126    Cfu/rsp_payload_outputs_0_reg[11]_i_2_n_0
    SLICE_X9Y96          CARRY4 (Prop_carry4_CI_CO[3])
                                                      0.114    24.240 r  Cfu/rsp_payload_outputs_0_reg[15]_i_2/CO[3]
                         net (fo=1, routed)           0.000    24.240    Cfu/rsp_payload_outputs_0_reg[15]_i_2_n_0
    SLICE_X9Y97          CARRY4 (Prop_carry4_CI_CO[3])
                                                      0.114    24.354 r  Cfu/rsp_payload_outputs_0_reg[19]_i_2/CO[3]
                         net (fo=1, routed)           0.000    24.354    Cfu/rsp_payload_outputs_0_reg[19]_i_2_n_0
    SLICE_X9Y98          CARRY4 (Prop_carry4_CI_CO[3])
                                                      0.114    24.468 r  Cfu/rsp_payload_outputs_0_reg[23]_i_2/CO[3]
                         net (fo=1, routed)           0.000    24.468    Cfu/rsp_payload_outputs_0_reg[23]_i_2_n_0
    SLICE_X9Y99          CARRY4 (Prop_carry4_CI_CO[3])
                                                      0.114    24.582 r  Cfu/rsp_payload_outputs_0_reg[27]_i_2/CO[3]
                         net (fo=1, routed)           0.001    24.582    Cfu/rsp_payload_outputs_0_reg[27]_i_2_n_0
    SLICE_X9Y100         CARRY4 (Prop_carry4_CI_O[1])
                                                      0.334    24.916 r  Cfu/rsp_payload_outputs_0_reg[31]_i_3/O[1]
                         net (fo=1, routed)           0.303    25.219    VexRiscv/p_0_in1_in_0[29]
    SLICE_X11Y100        LUT3 (Prop_lut3_I1_O)        0.303    25.522 r  VexRiscv/rsp_payload_outputs_0[29]_i_1/O
                         net (fo=1, routed)           0.000    25.522    Cfu/D[29]
    SLICE_X11Y100        FDRE                                         r  Cfu/rsp_payload_outputs_0_reg[29]/D
  -------------------------------------------------------------------    -------------------

                         (clock soc_crg_clkout0 rise edge)
                                                     13.333    13.333 r  
    E3                                                0.000    13.333 r  clk100 (IN)
                         net (fo=0)                   0.000    13.333    clk100
    E3                   IBUF (Prop_ibuf_I_O)         1.411    14.745 r  clk100_IBUF_inst/O
                         net (fo=1, routed)           1.920    16.665    clk100_IBUF
    BUFGCTRL_X0Y16       BUFG (Prop_bufg_I_O)         0.091    16.756 r  clk100_IBUF_BUFG_inst/O
                         net (fo=1, routed)           1.809    18.564    clk100_IBUF_BUFG
    SLICE_X38Y39         LUT1 (Prop_lut1_I0_O)        0.100    18.664 r  clk100_inst/O
                         net (fo=9, routed)           1.613    20.277    soc_crg_clkin
    MMCME2_ADV_X0Y0      MMCME2_ADV (Prop_mmcme2_adv_CLKIN1_CLKOUT0)
                                                      0.083    20.360 r  MMCME2_ADV/CLKOUT0
                         net (fo=1, routed)           1.923    22.283    soc_crg_clkout0
    BUFGCTRL_X0Y0        BUFG (Prop_bufg_I_O)         0.091    22.374 r  BUFG/O
                         net (fo=3867, routed)        1.515    23.889    Cfu/out
    SLICE_X11Y100        FDRE                                         r  Cfu/rsp_payload_outputs_0_reg[29]/C
                         clock pessimism              0.747    24.636    
                         clock uncertainty           -0.070    24.566    
    SLICE_X11Y100        FDRE (Setup_fdre_C_D)        0.029    24.595    Cfu/rsp_payload_outputs_0_reg[29]
  -------------------------------------------------------------------
                         required time                         24.595    
                         arrival time                         -25.522    
  -------------------------------------------------------------------
                         slack                                 -0.928    

Slack (VIOLATED) :        -0.906ns  (required time - arrival time)
  Source:                 VexRiscv/decode_to_execute_RS2_reg[24]/C
                            (rising edge-triggered cell FDRE clocked by soc_crg_clkout0  {rise@0.000ns fall@6.667ns period=13.333ns})
  Destination:            Cfu/rsp_payload_outputs_0_reg[31]/D
                            (rising edge-triggered cell FDRE clocked by soc_crg_clkout0  {rise@0.000ns fall@6.667ns period=13.333ns})
  Path Group:             soc_crg_clkout0
  Path Type:              Setup (Max at Slow Process Corner)
  Requirement:            13.333ns  (soc_crg_clkout0 rise@13.333ns - soc_crg_clkout0 rise@0.000ns)
  Data Path Delay:        14.071ns  (logic 8.965ns (63.713%)  route 5.106ns (36.287%))
  Logic Levels:           19  (CARRY4=12 DSP48E1=1 LUT3=4 LUT4=2)
  Clock Path Skew:        -0.130ns (DCD - SCD + CPR)
    Destination Clock Delay (DCD):    10.555ns = ( 23.889 - 13.333 ) 
    Source Clock Delay      (SCD):    11.432ns
    Clock Pessimism Removal (CPR):    0.747ns
  Clock Uncertainty:      0.070ns  ((TSJ^2 + DJ^2)^1/2) / 2 + PE
    Total System Jitter     (TSJ):    0.071ns
    Discrete Jitter          (DJ):    0.121ns
    Phase Error              (PE):    0.000ns

    Location             Delay type                Incr(ns)  Path(ns)    Netlist Resource(s)
  -------------------------------------------------------------------    -------------------
                         (clock soc_crg_clkout0 rise edge)
                                                      0.000     0.000 r  
    E3                                                0.000     0.000 r  clk100 (IN)
                         net (fo=0)                   0.000     0.000    clk100
    E3                   IBUF (Prop_ibuf_I_O)         1.482     1.482 r  clk100_IBUF_inst/O
                         net (fo=1, routed)           2.025     3.506    clk100_IBUF
    BUFGCTRL_X0Y16       BUFG (Prop_bufg_I_O)         0.096     3.602 r  clk100_IBUF_BUFG_inst/O
                         net (fo=1, routed)           1.972     5.574    clk100_IBUF_BUFG
    SLICE_X38Y39         LUT1 (Prop_lut1_I0_O)        0.124     5.698 r  clk100_inst/O
                         net (fo=9, routed)           1.887     7.585    soc_crg_clkin
    MMCME2_ADV_X0Y0      MMCME2_ADV (Prop_mmcme2_adv_CLKIN1_CLKOUT0)
                                                      0.088     7.673 r  MMCME2_ADV/CLKOUT0
                         net (fo=1, routed)           2.018     9.692    soc_crg_clkout0
    BUFGCTRL_X0Y0        BUFG (Prop_bufg_I_O)         0.096     9.788 r  BUFG/O
                         net (fo=3867, routed)        1.644    11.432    VexRiscv/stageB_flusher_counter_reg[0]
    SLICE_X14Y94         FDRE                                         r  VexRiscv/decode_to_execute_RS2_reg[24]/C
  -------------------------------------------------------------------    -------------------
    SLICE_X14Y94         FDRE (Prop_fdre_C_Q)         0.518    11.950 r  VexRiscv/decode_to_execute_RS2_reg[24]/Q
                         net (fo=9, routed)           0.723    12.673    VexRiscv/execute_RS2[24]
    SLICE_X12Y94         CARRY4 (Prop_carry4_DI[0]_CO[3])
                                                      0.550    13.223 r  VexRiscv/p_0_out__0_i_13/CO[3]
                         net (fo=1, routed)           0.000    13.223    VexRiscv/p_0_out__0_i_13_n_0
    SLICE_X12Y95         CARRY4 (Prop_carry4_CI_CO[3])
                                                      0.117    13.340 r  VexRiscv/p_0_out__0_i_12/CO[3]
                         net (fo=1, routed)           0.000    13.340    Cfu/p_0_out__0_1[0]
    SLICE_X12Y96         CARRY4 (Prop_carry4_CI_O[1])
                                                      0.323    13.663 r  Cfu/p_0_out__0_i_11/O[1]
                         net (fo=1, routed)           0.295    13.958    VexRiscv/p_0_out__0[1]
    SLICE_X13Y96         LUT3 (Prop_lut3_I0_O)        0.306    14.264 r  VexRiscv/p_0_out__0_i_1/O
                         net (fo=9, routed)           0.723    14.987    Cfu/p_0_out__0_0[9]
    DSP48_X0Y38          DSP48E1 (Prop_dsp48e1_B[17]_P[2])
                                                      3.656    18.643 r  Cfu/p_0_out__0/P[2]
                         net (fo=2, routed)           1.124    19.767    Cfu/p_0_out__0_n_103
    SLICE_X11Y93         LUT3 (Prop_lut3_I0_O)        0.154    19.921 r  Cfu/rsp_payload_outputs_0[7]_i_12/O
                         net (fo=2, routed)           0.690    20.611    Cfu/rsp_payload_outputs_0[7]_i_12_n_0
    SLICE_X11Y93         LUT4 (Prop_lut4_I3_O)        0.327    20.938 r  Cfu/rsp_payload_outputs_0[7]_i_15/O
                         net (fo=1, routed)           0.000    20.938    Cfu/rsp_payload_outputs_0[7]_i_15_n_0
    SLICE_X11Y93         CARRY4 (Prop_carry4_S[3]_CO[3])
                                                      0.401    21.339 r  Cfu/rsp_payload_outputs_0_reg[7]_i_11/CO[3]
                         net (fo=1, routed)           0.000    21.339    Cfu/rsp_payload_outputs_0_reg[7]_i_11_n_0
    SLICE_X11Y94         CARRY4 (Prop_carry4_CI_CO[3])
                                                      0.114    21.453 r  Cfu/rsp_payload_outputs_0_reg[11]_i_11/CO[3]
                         net (fo=1, routed)           0.000    21.453    Cfu/rsp_payload_outputs_0_reg[11]_i_11_n_0
    SLICE_X11Y95         CARRY4 (Prop_carry4_CI_O[0])
                                                      0.223    21.676 r  Cfu/rsp_payload_outputs_0_reg[15]_i_11/O[0]
                         net (fo=2, routed)           0.583    22.259    Cfu/rsp_payload_outputs_0_reg[15]_i_11_n_7
    SLICE_X9Y95          LUT3 (Prop_lut3_I0_O)        0.325    22.584 r  Cfu/rsp_payload_outputs_0[11]_i_5/O
                         net (fo=2, routed)           0.666    23.250    Cfu/rsp_payload_outputs_0[11]_i_5_n_0
    SLICE_X9Y95          LUT4 (Prop_lut4_I3_O)        0.326    23.576 r  Cfu/rsp_payload_outputs_0[11]_i_9/O
                         net (fo=1, routed)           0.000    23.576    Cfu/rsp_payload_outputs_0[11]_i_9_n_0
    SLICE_X9Y95          CARRY4 (Prop_carry4_S[1]_CO[3])
                                                      0.550    24.126 r  Cfu/rsp_payload_outputs_0_reg[11]_i_2/CO[3]
                         net (fo=1, routed)           0.000    24.126    Cfu/rsp_payload_outputs_0_reg[11]_i_2_n_0
    SLICE_X9Y96          CARRY4 (Prop_carry4_CI_CO[3])
                                                      0.114    24.240 r  Cfu/rsp_payload_outputs_0_reg[15]_i_2/CO[3]
                         net (fo=1, routed)           0.000    24.240    Cfu/rsp_payload_outputs_0_reg[15]_i_2_n_0
    SLICE_X9Y97          CARRY4 (Prop_carry4_CI_CO[3])
                                                      0.114    24.354 r  Cfu/rsp_payload_outputs_0_reg[19]_i_2/CO[3]
                         net (fo=1, routed)           0.000    24.354    Cfu/rsp_payload_outputs_0_reg[19]_i_2_n_0
    SLICE_X9Y98          CARRY4 (Prop_carry4_CI_CO[3])
                                                      0.114    24.468 r  Cfu/rsp_payload_outputs_0_reg[23]_i_2/CO[3]
                         net (fo=1, routed)           0.000    24.468    Cfu/rsp_payload_outputs_0_reg[23]_i_2_n_0
    SLICE_X9Y99          CARRY4 (Prop_carry4_CI_CO[3])
                                                      0.114    24.582 r  Cfu/rsp_payload_outputs_0_reg[27]_i_2/CO[3]
                         net (fo=1, routed)           0.001    24.582    Cfu/rsp_payload_outputs_0_reg[27]_i_2_n_0
    SLICE_X9Y100         CARRY4 (Prop_carry4_CI_O[3])
                                                      0.313    24.895 r  Cfu/rsp_payload_outputs_0_reg[31]_i_3/O[3]
                         net (fo=1, routed)           0.301    25.197    VexRiscv/p_0_in1_in_0[31]
    SLICE_X11Y100        LUT3 (Prop_lut3_I1_O)        0.306    25.503 r  VexRiscv/rsp_payload_outputs_0[31]_i_2/O
                         net (fo=1, routed)           0.000    25.503    Cfu/D[31]
    SLICE_X11Y100        FDRE                                         r  Cfu/rsp_payload_outputs_0_reg[31]/D
  -------------------------------------------------------------------    -------------------

                         (clock soc_crg_clkout0 rise edge)
                                                     13.333    13.333 r  
    E3                                                0.000    13.333 r  clk100 (IN)
                         net (fo=0)                   0.000    13.333    clk100
    E3                   IBUF (Prop_ibuf_I_O)         1.411    14.745 r  clk100_IBUF_inst/O
                         net (fo=1, routed)           1.920    16.665    clk100_IBUF
    BUFGCTRL_X0Y16       BUFG (Prop_bufg_I_O)         0.091    16.756 r  clk100_IBUF_BUFG_inst/O
                         net (fo=1, routed)           1.809    18.564    clk100_IBUF_BUFG
    SLICE_X38Y39         LUT1 (Prop_lut1_I0_O)        0.100    18.664 r  clk100_inst/O
                         net (fo=9, routed)           1.613    20.277    soc_crg_clkin
    MMCME2_ADV_X0Y0      MMCME2_ADV (Prop_mmcme2_adv_CLKIN1_CLKOUT0)
                                                      0.083    20.360 r  MMCME2_ADV/CLKOUT0
                         net (fo=1, routed)           1.923    22.283    soc_crg_clkout0
    BUFGCTRL_X0Y0        BUFG (Prop_bufg_I_O)         0.091    22.374 r  BUFG/O
                         net (fo=3867, routed)        1.515    23.889    Cfu/out
    SLICE_X11Y100        FDRE                                         r  Cfu/rsp_payload_outputs_0_reg[31]/C
                         clock pessimism              0.747    24.636    
                         clock uncertainty           -0.070    24.566    
    SLICE_X11Y100        FDRE (Setup_fdre_C_D)        0.031    24.597    Cfu/rsp_payload_outputs_0_reg[31]
  -------------------------------------------------------------------
                         required time                         24.597    
                         arrival time                         -25.503    
  -------------------------------------------------------------------
                         slack                                 -0.906    

Slack (VIOLATED) :        -0.832ns  (required time - arrival time)
  Source:                 VexRiscv/decode_to_execute_RS2_reg[24]/C
                            (rising edge-triggered cell FDRE clocked by soc_crg_clkout0  {rise@0.000ns fall@6.667ns period=13.333ns})
  Destination:            Cfu/rsp_payload_outputs_0_reg[30]/D
                            (rising edge-triggered cell FDRE clocked by soc_crg_clkout0  {rise@0.000ns fall@6.667ns period=13.333ns})
  Path Group:             soc_crg_clkout0
  Path Type:              Setup (Max at Slow Process Corner)
  Requirement:            13.333ns  (soc_crg_clkout0 rise@13.333ns - soc_crg_clkout0 rise@0.000ns)
  Data Path Delay:        13.998ns  (logic 8.887ns (63.488%)  route 5.111ns (36.512%))
  Logic Levels:           19  (CARRY4=12 DSP48E1=1 LUT3=4 LUT4=2)
  Clock Path Skew:        -0.130ns (DCD - SCD + CPR)
    Destination Clock Delay (DCD):    10.555ns = ( 23.889 - 13.333 ) 
    Source Clock Delay      (SCD):    11.432ns
    Clock Pessimism Removal (CPR):    0.747ns
  Clock Uncertainty:      0.070ns  ((TSJ^2 + DJ^2)^1/2) / 2 + PE
    Total System Jitter     (TSJ):    0.071ns
    Discrete Jitter          (DJ):    0.121ns
    Phase Error              (PE):    0.000ns

    Location             Delay type                Incr(ns)  Path(ns)    Netlist Resource(s)
  -------------------------------------------------------------------    -------------------
                         (clock soc_crg_clkout0 rise edge)
                                                      0.000     0.000 r  
    E3                                                0.000     0.000 r  clk100 (IN)
                         net (fo=0)                   0.000     0.000    clk100
    E3                   IBUF (Prop_ibuf_I_O)         1.482     1.482 r  clk100_IBUF_inst/O
                         net (fo=1, routed)           2.025     3.506    clk100_IBUF
    BUFGCTRL_X0Y16       BUFG (Prop_bufg_I_O)         0.096     3.602 r  clk100_IBUF_BUFG_inst/O
                         net (fo=1, routed)           1.972     5.574    clk100_IBUF_BUFG
    SLICE_X38Y39         LUT1 (Prop_lut1_I0_O)        0.124     5.698 r  clk100_inst/O
                         net (fo=9, routed)           1.887     7.585    soc_crg_clkin
    MMCME2_ADV_X0Y0      MMCME2_ADV (Prop_mmcme2_adv_CLKIN1_CLKOUT0)
                                                      0.088     7.673 r  MMCME2_ADV/CLKOUT0
                         net (fo=1, routed)           2.018     9.692    soc_crg_clkout0
    BUFGCTRL_X0Y0        BUFG (Prop_bufg_I_O)         0.096     9.788 r  BUFG/O
                         net (fo=3867, routed)        1.644    11.432    VexRiscv/stageB_flusher_counter_reg[0]
    SLICE_X14Y94         FDRE                                         r  VexRiscv/decode_to_execute_RS2_reg[24]/C
  -------------------------------------------------------------------    -------------------
    SLICE_X14Y94         FDRE (Prop_fdre_C_Q)         0.518    11.950 r  VexRiscv/decode_to_execute_RS2_reg[24]/Q
                         net (fo=9, routed)           0.723    12.673    VexRiscv/execute_RS2[24]
    SLICE_X12Y94         CARRY4 (Prop_carry4_DI[0]_CO[3])
                                                      0.550    13.223 r  VexRiscv/p_0_out__0_i_13/CO[3]
                         net (fo=1, routed)           0.000    13.223    VexRiscv/p_0_out__0_i_13_n_0
    SLICE_X12Y95         CARRY4 (Prop_carry4_CI_CO[3])
                                                      0.117    13.340 r  VexRiscv/p_0_out__0_i_12/CO[3]
                         net (fo=1, routed)           0.000    13.340    Cfu/p_0_out__0_1[0]
    SLICE_X12Y96         CARRY4 (Prop_carry4_CI_O[1])
                                                      0.323    13.663 r  Cfu/p_0_out__0_i_11/O[1]
                         net (fo=1, routed)           0.295    13.958    VexRiscv/p_0_out__0[1]
    SLICE_X13Y96         LUT3 (Prop_lut3_I0_O)        0.306    14.264 r  VexRiscv/p_0_out__0_i_1/O
                         net (fo=9, routed)           0.723    14.987    Cfu/p_0_out__0_0[9]
    DSP48_X0Y38          DSP48E1 (Prop_dsp48e1_B[17]_P[2])
                                                      3.656    18.643 r  Cfu/p_0_out__0/P[2]
                         net (fo=2, routed)           1.124    19.767    Cfu/p_0_out__0_n_103
    SLICE_X11Y93         LUT3 (Prop_lut3_I0_O)        0.154    19.921 r  Cfu/rsp_payload_outputs_0[7]_i_12/O
                         net (fo=2, routed)           0.690    20.611    Cfu/rsp_payload_outputs_0[7]_i_12_n_0
    SLICE_X11Y93         LUT4 (Prop_lut4_I3_O)        0.327    20.938 r  Cfu/rsp_payload_outputs_0[7]_i_15/O
                         net (fo=1, routed)           0.000    20.938    Cfu/rsp_payload_outputs_0[7]_i_15_n_0
    SLICE_X11Y93         CARRY4 (Prop_carry4_S[3]_CO[3])
                                                      0.401    21.339 r  Cfu/rsp_payload_outputs_0_reg[7]_i_11/CO[3]
                         net (fo=1, routed)           0.000    21.339    Cfu/rsp_payload_outputs_0_reg[7]_i_11_n_0
    SLICE_X11Y94         CARRY4 (Prop_carry4_CI_CO[3])
                                                      0.114    21.453 r  Cfu/rsp_payload_outputs_0_reg[11]_i_11/CO[3]
                         net (fo=1, routed)           0.000    21.453    Cfu/rsp_payload_outputs_0_reg[11]_i_11_n_0
    SLICE_X11Y95         CARRY4 (Prop_carry4_CI_O[0])
                                                      0.223    21.676 r  Cfu/rsp_payload_outputs_0_reg[15]_i_11/O[0]
                         net (fo=2, routed)           0.583    22.259    Cfu/rsp_payload_outputs_0_reg[15]_i_11_n_7
    SLICE_X9Y95          LUT3 (Prop_lut3_I0_O)        0.325    22.584 r  Cfu/rsp_payload_outputs_0[11]_i_5/O
                         net (fo=2, routed)           0.666    23.250    Cfu/rsp_payload_outputs_0[11]_i_5_n_0
    SLICE_X9Y95          LUT4 (Prop_lut4_I3_O)        0.326    23.576 r  Cfu/rsp_payload_outputs_0[11]_i_9/O
                         net (fo=1, routed)           0.000    23.576    Cfu/rsp_payload_outputs_0[11]_i_9_n_0
    SLICE_X9Y95          CARRY4 (Prop_carry4_S[1]_CO[3])
                                                      0.550    24.126 r  Cfu/rsp_payload_outputs_0_reg[11]_i_2/CO[3]
                         net (fo=1, routed)           0.000    24.126    Cfu/rsp_payload_outputs_0_reg[11]_i_2_n_0
    SLICE_X9Y96          CARRY4 (Prop_carry4_CI_CO[3])
                                                      0.114    24.240 r  Cfu/rsp_payload_outputs_0_reg[15]_i_2/CO[3]
                         net (fo=1, routed)           0.000    24.240    Cfu/rsp_payload_outputs_0_reg[15]_i_2_n_0
    SLICE_X9Y97          CARRY4 (Prop_carry4_CI_CO[3])
                                                      0.114    24.354 r  Cfu/rsp_payload_outputs_0_reg[19]_i_2/CO[3]
                         net (fo=1, routed)           0.000    24.354    Cfu/rsp_payload_outputs_0_reg[19]_i_2_n_0
    SLICE_X9Y98          CARRY4 (Prop_carry4_CI_CO[3])
                                                      0.114    24.468 r  Cfu/rsp_payload_outputs_0_reg[23]_i_2/CO[3]
                         net (fo=1, routed)           0.000    24.468    Cfu/rsp_payload_outputs_0_reg[23]_i_2_n_0
    SLICE_X9Y99          CARRY4 (Prop_carry4_CI_CO[3])
                                                      0.114    24.582 r  Cfu/rsp_payload_outputs_0_reg[27]_i_2/CO[3]
                         net (fo=1, routed)           0.001    24.582    Cfu/rsp_payload_outputs_0_reg[27]_i_2_n_0
    SLICE_X9Y100         CARRY4 (Prop_carry4_CI_O[2])
                                                      0.239    24.821 r  Cfu/rsp_payload_outputs_0_reg[31]_i_3/O[2]
                         net (fo=1, routed)           0.306    25.128    VexRiscv/p_0_in1_in_0[30]
    SLICE_X11Y100        LUT3 (Prop_lut3_I1_O)        0.302    25.430 r  VexRiscv/rsp_payload_outputs_0[30]_i_1/O
                         net (fo=1, routed)           0.000    25.430    Cfu/D[30]
    SLICE_X11Y100        FDRE                                         r  Cfu/rsp_payload_outputs_0_reg[30]/D
  -------------------------------------------------------------------    -------------------

                         (clock soc_crg_clkout0 rise edge)
                                                     13.333    13.333 r  
    E3                                                0.000    13.333 r  clk100 (IN)
                         net (fo=0)                   0.000    13.333    clk100
    E3                   IBUF (Prop_ibuf_I_O)         1.411    14.745 r  clk100_IBUF_inst/O
                         net (fo=1, routed)           1.920    16.665    clk100_IBUF
    BUFGCTRL_X0Y16       BUFG (Prop_bufg_I_O)         0.091    16.756 r  clk100_IBUF_BUFG_inst/O
                         net (fo=1, routed)           1.809    18.564    clk100_IBUF_BUFG
    SLICE_X38Y39         LUT1 (Prop_lut1_I0_O)        0.100    18.664 r  clk100_inst/O
                         net (fo=9, routed)           1.613    20.277    soc_crg_clkin
    MMCME2_ADV_X0Y0      MMCME2_ADV (Prop_mmcme2_adv_CLKIN1_CLKOUT0)
                                                      0.083    20.360 r  MMCME2_ADV/CLKOUT0
                         net (fo=1, routed)           1.923    22.283    soc_crg_clkout0
    BUFGCTRL_X0Y0        BUFG (Prop_bufg_I_O)         0.091    22.374 r  BUFG/O
                         net (fo=3867, routed)        1.515    23.889    Cfu/out
    SLICE_X11Y100        FDRE                                         r  Cfu/rsp_payload_outputs_0_reg[30]/C
                         clock pessimism              0.747    24.636    
                         clock uncertainty           -0.070    24.566    
    SLICE_X11Y100        FDRE (Setup_fdre_C_D)        0.032    24.598    Cfu/rsp_payload_outputs_0_reg[30]
  -------------------------------------------------------------------
                         required time                         24.598    
                         arrival time                         -25.430    
  -------------------------------------------------------------------
                         slack                                 -0.832    

Slack (VIOLATED) :        -0.806ns  (required time - arrival time)
  Source:                 VexRiscv/decode_to_execute_RS2_reg[24]/C
                            (rising edge-triggered cell FDRE clocked by soc_crg_clkout0  {rise@0.000ns fall@6.667ns period=13.333ns})
  Destination:            Cfu/rsp_payload_outputs_0_reg[28]/D
                            (rising edge-triggered cell FDRE clocked by soc_crg_clkout0  {rise@0.000ns fall@6.667ns period=13.333ns})
  Path Group:             soc_crg_clkout0
  Path Type:              Setup (Max at Slow Process Corner)
  Requirement:            13.333ns  (soc_crg_clkout0 rise@13.333ns - soc_crg_clkout0 rise@0.000ns)
  Data Path Delay:        13.970ns  (logic 8.867ns (63.470%)  route 5.103ns (36.530%))
  Logic Levels:           19  (CARRY4=12 DSP48E1=1 LUT3=4 LUT4=2)
  Clock Path Skew:        -0.130ns (DCD - SCD + CPR)
    Destination Clock Delay (DCD):    10.555ns = ( 23.889 - 13.333 ) 
    Source Clock Delay      (SCD):    11.432ns
    Clock Pessimism Removal (CPR):    0.747ns
  Clock Uncertainty:      0.070ns  ((TSJ^2 + DJ^2)^1/2) / 2 + PE
    Total System Jitter     (TSJ):    0.071ns
    Discrete Jitter          (DJ):    0.121ns
    Phase Error              (PE):    0.000ns

    Location             Delay type                Incr(ns)  Path(ns)    Netlist Resource(s)
  -------------------------------------------------------------------    -------------------
                         (clock soc_crg_clkout0 rise edge)
                                                      0.000     0.000 r  
    E3                                                0.000     0.000 r  clk100 (IN)
                         net (fo=0)                   0.000     0.000    clk100
    E3                   IBUF (Prop_ibuf_I_O)         1.482     1.482 r  clk100_IBUF_inst/O
                         net (fo=1, routed)           2.025     3.506    clk100_IBUF
    BUFGCTRL_X0Y16       BUFG (Prop_bufg_I_O)         0.096     3.602 r  clk100_IBUF_BUFG_inst/O
                         net (fo=1, routed)           1.972     5.574    clk100_IBUF_BUFG
    SLICE_X38Y39         LUT1 (Prop_lut1_I0_O)        0.124     5.698 r  clk100_inst/O
                         net (fo=9, routed)           1.887     7.585    soc_crg_clkin
    MMCME2_ADV_X0Y0      MMCME2_ADV (Prop_mmcme2_adv_CLKIN1_CLKOUT0)
                                                      0.088     7.673 r  MMCME2_ADV/CLKOUT0
                         net (fo=1, routed)           2.018     9.692    soc_crg_clkout0
    BUFGCTRL_X0Y0        BUFG (Prop_bufg_I_O)         0.096     9.788 r  BUFG/O
                         net (fo=3867, routed)        1.644    11.432    VexRiscv/stageB_flusher_counter_reg[0]
    SLICE_X14Y94         FDRE                                         r  VexRiscv/decode_to_execute_RS2_reg[24]/C
  -------------------------------------------------------------------    -------------------
    SLICE_X14Y94         FDRE (Prop_fdre_C_Q)         0.518    11.950 r  VexRiscv/decode_to_execute_RS2_reg[24]/Q
                         net (fo=9, routed)           0.723    12.673    VexRiscv/execute_RS2[24]
    SLICE_X12Y94         CARRY4 (Prop_carry4_DI[0]_CO[3])
                                                      0.550    13.223 r  VexRiscv/p_0_out__0_i_13/CO[3]
                         net (fo=1, routed)           0.000    13.223    VexRiscv/p_0_out__0_i_13_n_0
    SLICE_X12Y95         CARRY4 (Prop_carry4_CI_CO[3])
                                                      0.117    13.340 r  VexRiscv/p_0_out__0_i_12/CO[3]
                         net (fo=1, routed)           0.000    13.340    Cfu/p_0_out__0_1[0]
    SLICE_X12Y96         CARRY4 (Prop_carry4_CI_O[1])
                                                      0.323    13.663 r  Cfu/p_0_out__0_i_11/O[1]
                         net (fo=1, routed)           0.295    13.958    VexRiscv/p_0_out__0[1]
    SLICE_X13Y96         LUT3 (Prop_lut3_I0_O)        0.306    14.264 r  VexRiscv/p_0_out__0_i_1/O
                         net (fo=9, routed)           0.723    14.987    Cfu/p_0_out__0_0[9]
    DSP48_X0Y38          DSP48E1 (Prop_dsp48e1_B[17]_P[2])
                                                      3.656    18.643 r  Cfu/p_0_out__0/P[2]
                         net (fo=2, routed)           1.124    19.767    Cfu/p_0_out__0_n_103
    SLICE_X11Y93         LUT3 (Prop_lut3_I0_O)        0.154    19.921 r  Cfu/rsp_payload_outputs_0[7]_i_12/O
                         net (fo=2, routed)           0.690    20.611    Cfu/rsp_payload_outputs_0[7]_i_12_n_0
    SLICE_X11Y93         LUT4 (Prop_lut4_I3_O)        0.327    20.938 r  Cfu/rsp_payload_outputs_0[7]_i_15/O
                         net (fo=1, routed)           0.000    20.938    Cfu/rsp_payload_outputs_0[7]_i_15_n_0
    SLICE_X11Y93         CARRY4 (Prop_carry4_S[3]_CO[3])
                                                      0.401    21.339 r  Cfu/rsp_payload_outputs_0_reg[7]_i_11/CO[3]
                         net (fo=1, routed)           0.000    21.339    Cfu/rsp_payload_outputs_0_reg[7]_i_11_n_0
    SLICE_X11Y94         CARRY4 (Prop_carry4_CI_CO[3])
                                                      0.114    21.453 r  Cfu/rsp_payload_outputs_0_reg[11]_i_11/CO[3]
                         net (fo=1, routed)           0.000    21.453    Cfu/rsp_payload_outputs_0_reg[11]_i_11_n_0
    SLICE_X11Y95         CARRY4 (Prop_carry4_CI_O[0])
                                                      0.223    21.676 r  Cfu/rsp_payload_outputs_0_reg[15]_i_11/O[0]
                         net (fo=2, routed)           0.583    22.259    Cfu/rsp_payload_outputs_0_reg[15]_i_11_n_7
    SLICE_X9Y95          LUT3 (Prop_lut3_I0_O)        0.325    22.584 r  Cfu/rsp_payload_outputs_0[11]_i_5/O
                         net (fo=2, routed)           0.666    23.250    Cfu/rsp_payload_outputs_0[11]_i_5_n_0
    SLICE_X9Y95          LUT4 (Prop_lut4_I3_O)        0.326    23.576 r  Cfu/rsp_payload_outputs_0[11]_i_9/O
                         net (fo=1, routed)           0.000    23.576    Cfu/rsp_payload_outputs_0[11]_i_9_n_0
    SLICE_X9Y95          CARRY4 (Prop_carry4_S[1]_CO[3])
                                                      0.550    24.126 r  Cfu/rsp_payload_outputs_0_reg[11]_i_2/CO[3]
                         net (fo=1, routed)           0.000    24.126    Cfu/rsp_payload_outputs_0_reg[11]_i_2_n_0
    SLICE_X9Y96          CARRY4 (Prop_carry4_CI_CO[3])
                                                      0.114    24.240 r  Cfu/rsp_payload_outputs_0_reg[15]_i_2/CO[3]
                         net (fo=1, routed)           0.000    24.240    Cfu/rsp_payload_outputs_0_reg[15]_i_2_n_0
    SLICE_X9Y97          CARRY4 (Prop_carry4_CI_CO[3])
                                                      0.114    24.354 r  Cfu/rsp_payload_outputs_0_reg[19]_i_2/CO[3]
                         net (fo=1, routed)           0.000    24.354    Cfu/rsp_payload_outputs_0_reg[19]_i_2_n_0
    SLICE_X9Y98          CARRY4 (Prop_carry4_CI_CO[3])
                                                      0.114    24.468 r  Cfu/rsp_payload_outputs_0_reg[23]_i_2/CO[3]
                         net (fo=1, routed)           0.000    24.468    Cfu/rsp_payload_outputs_0_reg[23]_i_2_n_0
    SLICE_X9Y99          CARRY4 (Prop_carry4_CI_CO[3])
                                                      0.114    24.582 r  Cfu/rsp_payload_outputs_0_reg[27]_i_2/CO[3]
                         net (fo=1, routed)           0.001    24.582    Cfu/rsp_payload_outputs_0_reg[27]_i_2_n_0
    SLICE_X9Y100         CARRY4 (Prop_carry4_CI_O[0])
                                                      0.222    24.804 r  Cfu/rsp_payload_outputs_0_reg[31]_i_3/O[0]
                         net (fo=1, routed)           0.299    25.103    VexRiscv/p_0_in1_in_0[28]
    SLICE_X11Y100        LUT3 (Prop_lut3_I1_O)        0.299    25.402 r  VexRiscv/rsp_payload_outputs_0[28]_i_1/O
                         net (fo=1, routed)           0.000    25.402    Cfu/D[28]
    SLICE_X11Y100        FDRE                                         r  Cfu/rsp_payload_outputs_0_reg[28]/D
  -------------------------------------------------------------------    -------------------

                         (clock soc_crg_clkout0 rise edge)
                                                     13.333    13.333 r  
    E3                                                0.000    13.333 r  clk100 (IN)
                         net (fo=0)                   0.000    13.333    clk100
    E3                   IBUF (Prop_ibuf_I_O)         1.411    14.745 r  clk100_IBUF_inst/O
                         net (fo=1, routed)           1.920    16.665    clk100_IBUF
    BUFGCTRL_X0Y16       BUFG (Prop_bufg_I_O)         0.091    16.756 r  clk100_IBUF_BUFG_inst/O
                         net (fo=1, routed)           1.809    18.564    clk100_IBUF_BUFG
    SLICE_X38Y39         LUT1 (Prop_lut1_I0_O)        0.100    18.664 r  clk100_inst/O
                         net (fo=9, routed)           1.613    20.277    soc_crg_clkin
    MMCME2_ADV_X0Y0      MMCME2_ADV (Prop_mmcme2_adv_CLKIN1_CLKOUT0)
                                                      0.083    20.360 r  MMCME2_ADV/CLKOUT0
                         net (fo=1, routed)           1.923    22.283    soc_crg_clkout0
    BUFGCTRL_X0Y0        BUFG (Prop_bufg_I_O)         0.091    22.374 r  BUFG/O
                         net (fo=3867, routed)        1.515    23.889    Cfu/out
    SLICE_X11Y100        FDRE                                         r  Cfu/rsp_payload_outputs_0_reg[28]/C
                         clock pessimism              0.747    24.636    
                         clock uncertainty           -0.070    24.566    
    SLICE_X11Y100        FDRE (Setup_fdre_C_D)        0.031    24.597    Cfu/rsp_payload_outputs_0_reg[28]
  -------------------------------------------------------------------
                         required time                         24.597    
                         arrival time                         -25.402    
  -------------------------------------------------------------------
                         slack                                 -0.806    

Slack (VIOLATED) :        -0.722ns  (required time - arrival time)
  Source:                 VexRiscv/decode_to_execute_RS2_reg[24]/C
                            (rising edge-triggered cell FDRE clocked by soc_crg_clkout0  {rise@0.000ns fall@6.667ns period=13.333ns})
  Destination:            Cfu/rsp_payload_outputs_0_reg[25]/D
                            (rising edge-triggered cell FDRE clocked by soc_crg_clkout0  {rise@0.000ns fall@6.667ns period=13.333ns})
  Path Group:             soc_crg_clkout0
  Path Type:              Setup (Max at Slow Process Corner)
  Requirement:            13.333ns  (soc_crg_clkout0 rise@13.333ns - soc_crg_clkout0 rise@0.000ns)
  Data Path Delay:        13.976ns  (logic 8.869ns (63.460%)  route 5.107ns (36.540%))
  Logic Levels:           18  (CARRY4=11 DSP48E1=1 LUT3=4 LUT4=2)
  Clock Path Skew:        -0.039ns (DCD - SCD + CPR)
    Destination Clock Delay (DCD):    10.566ns = ( 23.900 - 13.333 ) 
    Source Clock Delay      (SCD):    11.432ns
    Clock Pessimism Removal (CPR):    0.827ns
  Clock Uncertainty:      0.070ns  ((TSJ^2 + DJ^2)^1/2) / 2 + PE
    Total System Jitter     (TSJ):    0.071ns
    Discrete Jitter          (DJ):    0.121ns
    Phase Error              (PE):    0.000ns

    Location             Delay type                Incr(ns)  Path(ns)    Netlist Resource(s)
  -------------------------------------------------------------------    -------------------
                         (clock soc_crg_clkout0 rise edge)
                                                      0.000     0.000 r  
    E3                                                0.000     0.000 r  clk100 (IN)
                         net (fo=0)                   0.000     0.000    clk100
    E3                   IBUF (Prop_ibuf_I_O)         1.482     1.482 r  clk100_IBUF_inst/O
                         net (fo=1, routed)           2.025     3.506    clk100_IBUF
    BUFGCTRL_X0Y16       BUFG (Prop_bufg_I_O)         0.096     3.602 r  clk100_IBUF_BUFG_inst/O
                         net (fo=1, routed)           1.972     5.574    clk100_IBUF_BUFG
    SLICE_X38Y39         LUT1 (Prop_lut1_I0_O)        0.124     5.698 r  clk100_inst/O
                         net (fo=9, routed)           1.887     7.585    soc_crg_clkin
    MMCME2_ADV_X0Y0      MMCME2_ADV (Prop_mmcme2_adv_CLKIN1_CLKOUT0)
                                                      0.088     7.673 r  MMCME2_ADV/CLKOUT0
                         net (fo=1, routed)           2.018     9.692    soc_crg_clkout0
    BUFGCTRL_X0Y0        BUFG (Prop_bufg_I_O)         0.096     9.788 r  BUFG/O
                         net (fo=3867, routed)        1.644    11.432    VexRiscv/stageB_flusher_counter_reg[0]
    SLICE_X14Y94         FDRE                                         r  VexRiscv/decode_to_execute_RS2_reg[24]/C
  -------------------------------------------------------------------    -------------------
    SLICE_X14Y94         FDRE (Prop_fdre_C_Q)         0.518    11.950 r  VexRiscv/decode_to_execute_RS2_reg[24]/Q
                         net (fo=9, routed)           0.723    12.673    VexRiscv/execute_RS2[24]
    SLICE_X12Y94         CARRY4 (Prop_carry4_DI[0]_CO[3])
                                                      0.550    13.223 r  VexRiscv/p_0_out__0_i_13/CO[3]
                         net (fo=1, routed)           0.000    13.223    VexRiscv/p_0_out__0_i_13_n_0
    SLICE_X12Y95         CARRY4 (Prop_carry4_CI_CO[3])
                                                      0.117    13.340 r  VexRiscv/p_0_out__0_i_12/CO[3]
                         net (fo=1, routed)           0.000    13.340    Cfu/p_0_out__0_1[0]
    SLICE_X12Y96         CARRY4 (Prop_carry4_CI_O[1])
                                                      0.323    13.663 r  Cfu/p_0_out__0_i_11/O[1]
                         net (fo=1, routed)           0.295    13.958    VexRiscv/p_0_out__0[1]
    SLICE_X13Y96         LUT3 (Prop_lut3_I0_O)        0.306    14.264 r  VexRiscv/p_0_out__0_i_1/O
                         net (fo=9, routed)           0.723    14.987    Cfu/p_0_out__0_0[9]
    DSP48_X0Y38          DSP48E1 (Prop_dsp48e1_B[17]_P[2])
                                                      3.656    18.643 r  Cfu/p_0_out__0/P[2]
                         net (fo=2, routed)           1.124    19.767    Cfu/p_0_out__0_n_103
    SLICE_X11Y93         LUT3 (Prop_lut3_I0_O)        0.154    19.921 r  Cfu/rsp_payload_outputs_0[7]_i_12/O
                         net (fo=2, routed)           0.690    20.611    Cfu/rsp_payload_outputs_0[7]_i_12_n_0
    SLICE_X11Y93         LUT4 (Prop_lut4_I3_O)        0.327    20.938 r  Cfu/rsp_payload_outputs_0[7]_i_15/O
                         net (fo=1, routed)           0.000    20.938    Cfu/rsp_payload_outputs_0[7]_i_15_n_0
    SLICE_X11Y93         CARRY4 (Prop_carry4_S[3]_CO[3])
                                                      0.401    21.339 r  Cfu/rsp_payload_outputs_0_reg[7]_i_11/CO[3]
                         net (fo=1, routed)           0.000    21.339    Cfu/rsp_payload_outputs_0_reg[7]_i_11_n_0
    SLICE_X11Y94         CARRY4 (Prop_carry4_CI_CO[3])
                                                      0.114    21.453 r  Cfu/rsp_payload_outputs_0_reg[11]_i_11/CO[3]
                         net (fo=1, routed)           0.000    21.453    Cfu/rsp_payload_outputs_0_reg[11]_i_11_n_0
    SLICE_X11Y95         CARRY4 (Prop_carry4_CI_O[0])
                                                      0.223    21.676 r  Cfu/rsp_payload_outputs_0_reg[15]_i_11/O[0]
                         net (fo=2, routed)           0.583    22.259    Cfu/rsp_payload_outputs_0_reg[15]_i_11_n_7
    SLICE_X9Y95          LUT3 (Prop_lut3_I0_O)        0.325    22.584 r  Cfu/rsp_payload_outputs_0[11]_i_5/O
                         net (fo=2, routed)           0.666    23.250    Cfu/rsp_payload_outputs_0[11]_i_5_n_0
    SLICE_X9Y95          LUT4 (Prop_lut4_I3_O)        0.326    23.576 r  Cfu/rsp_payload_outputs_0[11]_i_9/O
                         net (fo=1, routed)           0.000    23.576    Cfu/rsp_payload_outputs_0[11]_i_9_n_0
    SLICE_X9Y95          CARRY4 (Prop_carry4_S[1]_CO[3])
                                                      0.550    24.126 r  Cfu/rsp_payload_outputs_0_reg[11]_i_2/CO[3]
                         net (fo=1, routed)           0.000    24.126    Cfu/rsp_payload_outputs_0_reg[11]_i_2_n_0
    SLICE_X9Y96          CARRY4 (Prop_carry4_CI_CO[3])
                                                      0.114    24.240 r  Cfu/rsp_payload_outputs_0_reg[15]_i_2/CO[3]
                         net (fo=1, routed)           0.000    24.240    Cfu/rsp_payload_outputs_0_reg[15]_i_2_n_0
    SLICE_X9Y97          CARRY4 (Prop_carry4_CI_CO[3])
                                                      0.114    24.354 r  Cfu/rsp_payload_outputs_0_reg[19]_i_2/CO[3]
                         net (fo=1, routed)           0.000    24.354    Cfu/rsp_payload_outputs_0_reg[19]_i_2_n_0
    SLICE_X9Y98          CARRY4 (Prop_carry4_CI_CO[3])
                                                      0.114    24.468 r  Cfu/rsp_payload_outputs_0_reg[23]_i_2/CO[3]
                         net (fo=1, routed)           0.000    24.468    Cfu/rsp_payload_outputs_0_reg[23]_i_2_n_0
    SLICE_X9Y99          CARRY4 (Prop_carry4_CI_O[1])
                                                      0.334    24.802 r  Cfu/rsp_payload_outputs_0_reg[27]_i_2/O[1]
                         net (fo=1, routed)           0.303    25.105    VexRiscv/p_0_in1_in_0[25]
    SLICE_X11Y99         LUT3 (Prop_lut3_I1_O)        0.303    25.408 r  VexRiscv/rsp_payload_outputs_0[25]_i_1/O
                         net (fo=1, routed)           0.000    25.408    Cfu/D[25]
    SLICE_X11Y99         FDRE                                         r  Cfu/rsp_payload_outputs_0_reg[25]/D
  -------------------------------------------------------------------    -------------------

                         (clock soc_crg_clkout0 rise edge)
                                                     13.333    13.333 r  
    E3                                                0.000    13.333 r  clk100 (IN)
                         net (fo=0)                   0.000    13.333    clk100
    E3                   IBUF (Prop_ibuf_I_O)         1.411    14.745 r  clk100_IBUF_inst/O
                         net (fo=1, routed)           1.920    16.665    clk100_IBUF
    BUFGCTRL_X0Y16       BUFG (Prop_bufg_I_O)         0.091    16.756 r  clk100_IBUF_BUFG_inst/O
                         net (fo=1, routed)           1.809    18.564    clk100_IBUF_BUFG
    SLICE_X38Y39         LUT1 (Prop_lut1_I0_O)        0.100    18.664 r  clk100_inst/O
                         net (fo=9, routed)           1.613    20.277    soc_crg_clkin
    MMCME2_ADV_X0Y0      MMCME2_ADV (Prop_mmcme2_adv_CLKIN1_CLKOUT0)
                                                      0.083    20.360 r  MMCME2_ADV/CLKOUT0
                         net (fo=1, routed)           1.923    22.283    soc_crg_clkout0
    BUFGCTRL_X0Y0        BUFG (Prop_bufg_I_O)         0.091    22.374 r  BUFG/O
                         net (fo=3867, routed)        1.525    23.900    Cfu/out
    SLICE_X11Y99         FDRE                                         r  Cfu/rsp_payload_outputs_0_reg[25]/C
                         clock pessimism              0.827    24.726    
                         clock uncertainty           -0.070    24.656    
    SLICE_X11Y99         FDRE (Setup_fdre_C_D)        0.029    24.685    Cfu/rsp_payload_outputs_0_reg[25]
  -------------------------------------------------------------------
                         required time                         24.685    
                         arrival time                         -25.408    
  -------------------------------------------------------------------
                         slack                                 -0.722    

Slack (VIOLATED) :        -0.701ns  (required time - arrival time)
  Source:                 VexRiscv/decode_to_execute_RS2_reg[24]/C
                            (rising edge-triggered cell FDRE clocked by soc_crg_clkout0  {rise@0.000ns fall@6.667ns period=13.333ns})
  Destination:            Cfu/rsp_payload_outputs_0_reg[27]/D
                            (rising edge-triggered cell FDRE clocked by soc_crg_clkout0  {rise@0.000ns fall@6.667ns period=13.333ns})
  Path Group:             soc_crg_clkout0
  Path Type:              Setup (Max at Slow Process Corner)
  Requirement:            13.333ns  (soc_crg_clkout0 rise@13.333ns - soc_crg_clkout0 rise@0.000ns)
  Data Path Delay:        13.956ns  (logic 8.851ns (63.420%)  route 5.105ns (36.581%))
  Logic Levels:           18  (CARRY4=11 DSP48E1=1 LUT3=4 LUT4=2)
  Clock Path Skew:        -0.039ns (DCD - SCD + CPR)
    Destination Clock Delay (DCD):    10.566ns = ( 23.900 - 13.333 ) 
    Source Clock Delay      (SCD):    11.432ns
    Clock Pessimism Removal (CPR):    0.827ns
  Clock Uncertainty:      0.070ns  ((TSJ^2 + DJ^2)^1/2) / 2 + PE
    Total System Jitter     (TSJ):    0.071ns
    Discrete Jitter          (DJ):    0.121ns
    Phase Error              (PE):    0.000ns

    Location             Delay type                Incr(ns)  Path(ns)    Netlist Resource(s)
  -------------------------------------------------------------------    -------------------
                         (clock soc_crg_clkout0 rise edge)
                                                      0.000     0.000 r  
    E3                                                0.000     0.000 r  clk100 (IN)
                         net (fo=0)                   0.000     0.000    clk100
    E3                   IBUF (Prop_ibuf_I_O)         1.482     1.482 r  clk100_IBUF_inst/O
                         net (fo=1, routed)           2.025     3.506    clk100_IBUF
    BUFGCTRL_X0Y16       BUFG (Prop_bufg_I_O)         0.096     3.602 r  clk100_IBUF_BUFG_inst/O
                         net (fo=1, routed)           1.972     5.574    clk100_IBUF_BUFG
    SLICE_X38Y39         LUT1 (Prop_lut1_I0_O)        0.124     5.698 r  clk100_inst/O
                         net (fo=9, routed)           1.887     7.585    soc_crg_clkin
    MMCME2_ADV_X0Y0      MMCME2_ADV (Prop_mmcme2_adv_CLKIN1_CLKOUT0)
                                                      0.088     7.673 r  MMCME2_ADV/CLKOUT0
                         net (fo=1, routed)           2.018     9.692    soc_crg_clkout0
    BUFGCTRL_X0Y0        BUFG (Prop_bufg_I_O)         0.096     9.788 r  BUFG/O
                         net (fo=3867, routed)        1.644    11.432    VexRiscv/stageB_flusher_counter_reg[0]
    SLICE_X14Y94         FDRE                                         r  VexRiscv/decode_to_execute_RS2_reg[24]/C
  -------------------------------------------------------------------    -------------------
    SLICE_X14Y94         FDRE (Prop_fdre_C_Q)         0.518    11.950 r  VexRiscv/decode_to_execute_RS2_reg[24]/Q
                         net (fo=9, routed)           0.723    12.673    VexRiscv/execute_RS2[24]
    SLICE_X12Y94         CARRY4 (Prop_carry4_DI[0]_CO[3])
                                                      0.550    13.223 r  VexRiscv/p_0_out__0_i_13/CO[3]
                         net (fo=1, routed)           0.000    13.223    VexRiscv/p_0_out__0_i_13_n_0
    SLICE_X12Y95         CARRY4 (Prop_carry4_CI_CO[3])
                                                      0.117    13.340 r  VexRiscv/p_0_out__0_i_12/CO[3]
                         net (fo=1, routed)           0.000    13.340    Cfu/p_0_out__0_1[0]
    SLICE_X12Y96         CARRY4 (Prop_carry4_CI_O[1])
                                                      0.323    13.663 r  Cfu/p_0_out__0_i_11/O[1]
                         net (fo=1, routed)           0.295    13.958    VexRiscv/p_0_out__0[1]
    SLICE_X13Y96         LUT3 (Prop_lut3_I0_O)        0.306    14.264 r  VexRiscv/p_0_out__0_i_1/O
                         net (fo=9, routed)           0.723    14.987    Cfu/p_0_out__0_0[9]
    DSP48_X0Y38          DSP48E1 (Prop_dsp48e1_B[17]_P[2])
                                                      3.656    18.643 r  Cfu/p_0_out__0/P[2]
                         net (fo=2, routed)           1.124    19.767    Cfu/p_0_out__0_n_103
    SLICE_X11Y93         LUT3 (Prop_lut3_I0_O)        0.154    19.921 r  Cfu/rsp_payload_outputs_0[7]_i_12/O
                         net (fo=2, routed)           0.690    20.611    Cfu/rsp_payload_outputs_0[7]_i_12_n_0
    SLICE_X11Y93         LUT4 (Prop_lut4_I3_O)        0.327    20.938 r  Cfu/rsp_payload_outputs_0[7]_i_15/O
                         net (fo=1, routed)           0.000    20.938    Cfu/rsp_payload_outputs_0[7]_i_15_n_0
    SLICE_X11Y93         CARRY4 (Prop_carry4_S[3]_CO[3])
                                                      0.401    21.339 r  Cfu/rsp_payload_outputs_0_reg[7]_i_11/CO[3]
                         net (fo=1, routed)           0.000    21.339    Cfu/rsp_payload_outputs_0_reg[7]_i_11_n_0
    SLICE_X11Y94         CARRY4 (Prop_carry4_CI_CO[3])
                                                      0.114    21.453 r  Cfu/rsp_payload_outputs_0_reg[11]_i_11/CO[3]
                         net (fo=1, routed)           0.000    21.453    Cfu/rsp_payload_outputs_0_reg[11]_i_11_n_0
    SLICE_X11Y95         CARRY4 (Prop_carry4_CI_O[0])
                                                      0.223    21.676 r  Cfu/rsp_payload_outputs_0_reg[15]_i_11/O[0]
                         net (fo=2, routed)           0.583    22.259    Cfu/rsp_payload_outputs_0_reg[15]_i_11_n_7
    SLICE_X9Y95          LUT3 (Prop_lut3_I0_O)        0.325    22.584 r  Cfu/rsp_payload_outputs_0[11]_i_5/O
                         net (fo=2, routed)           0.666    23.250    Cfu/rsp_payload_outputs_0[11]_i_5_n_0
    SLICE_X9Y95          LUT4 (Prop_lut4_I3_O)        0.326    23.576 r  Cfu/rsp_payload_outputs_0[11]_i_9/O
                         net (fo=1, routed)           0.000    23.576    Cfu/rsp_payload_outputs_0[11]_i_9_n_0
    SLICE_X9Y95          CARRY4 (Prop_carry4_S[1]_CO[3])
                                                      0.550    24.126 r  Cfu/rsp_payload_outputs_0_reg[11]_i_2/CO[3]
                         net (fo=1, routed)           0.000    24.126    Cfu/rsp_payload_outputs_0_reg[11]_i_2_n_0
    SLICE_X9Y96          CARRY4 (Prop_carry4_CI_CO[3])
                                                      0.114    24.240 r  Cfu/rsp_payload_outputs_0_reg[15]_i_2/CO[3]
                         net (fo=1, routed)           0.000    24.240    Cfu/rsp_payload_outputs_0_reg[15]_i_2_n_0
    SLICE_X9Y97          CARRY4 (Prop_carry4_CI_CO[3])
                                                      0.114    24.354 r  Cfu/rsp_payload_outputs_0_reg[19]_i_2/CO[3]
                         net (fo=1, routed)           0.000    24.354    Cfu/rsp_payload_outputs_0_reg[19]_i_2_n_0
    SLICE_X9Y98          CARRY4 (Prop_carry4_CI_CO[3])
                                                      0.114    24.468 r  Cfu/rsp_payload_outputs_0_reg[23]_i_2/CO[3]
                         net (fo=1, routed)           0.000    24.468    Cfu/rsp_payload_outputs_0_reg[23]_i_2_n_0
    SLICE_X9Y99          CARRY4 (Prop_carry4_CI_O[3])
                                                      0.313    24.781 r  Cfu/rsp_payload_outputs_0_reg[27]_i_2/O[3]
                         net (fo=1, routed)           0.301    25.082    VexRiscv/p_0_in1_in_0[27]
    SLICE_X11Y99         LUT3 (Prop_lut3_I1_O)        0.306    25.388 r  VexRiscv/rsp_payload_outputs_0[27]_i_1/O
                         net (fo=1, routed)           0.000    25.388    Cfu/D[27]
    SLICE_X11Y99         FDRE                                         r  Cfu/rsp_payload_outputs_0_reg[27]/D
  -------------------------------------------------------------------    -------------------

                         (clock soc_crg_clkout0 rise edge)
                                                     13.333    13.333 r  
    E3                                                0.000    13.333 r  clk100 (IN)
                         net (fo=0)                   0.000    13.333    clk100
    E3                   IBUF (Prop_ibuf_I_O)         1.411    14.745 r  clk100_IBUF_inst/O
                         net (fo=1, routed)           1.920    16.665    clk100_IBUF
    BUFGCTRL_X0Y16       BUFG (Prop_bufg_I_O)         0.091    16.756 r  clk100_IBUF_BUFG_inst/O
                         net (fo=1, routed)           1.809    18.564    clk100_IBUF_BUFG
    SLICE_X38Y39         LUT1 (Prop_lut1_I0_O)        0.100    18.664 r  clk100_inst/O
                         net (fo=9, routed)           1.613    20.277    soc_crg_clkin
    MMCME2_ADV_X0Y0      MMCME2_ADV (Prop_mmcme2_adv_CLKIN1_CLKOUT0)
                                                      0.083    20.360 r  MMCME2_ADV/CLKOUT0
                         net (fo=1, routed)           1.923    22.283    soc_crg_clkout0
    BUFGCTRL_X0Y0        BUFG (Prop_bufg_I_O)         0.091    22.374 r  BUFG/O
                         net (fo=3867, routed)        1.525    23.900    Cfu/out
    SLICE_X11Y99         FDRE                                         r  Cfu/rsp_payload_outputs_0_reg[27]/C
                         clock pessimism              0.827    24.726    
                         clock uncertainty           -0.070    24.656    
    SLICE_X11Y99         FDRE (Setup_fdre_C_D)        0.031    24.687    Cfu/rsp_payload_outputs_0_reg[27]
  -------------------------------------------------------------------
                         required time                         24.687    
                         arrival time                         -25.388    
  -------------------------------------------------------------------
                         slack                                 -0.701    

Slack (VIOLATED) :        -0.627ns  (required time - arrival time)
  Source:                 VexRiscv/decode_to_execute_RS2_reg[24]/C
                            (rising edge-triggered cell FDRE clocked by soc_crg_clkout0  {rise@0.000ns fall@6.667ns period=13.333ns})
  Destination:            Cfu/rsp_payload_outputs_0_reg[26]/D
                            (rising edge-triggered cell FDRE clocked by soc_crg_clkout0  {rise@0.000ns fall@6.667ns period=13.333ns})
  Path Group:             soc_crg_clkout0
  Path Type:              Setup (Max at Slow Process Corner)
  Requirement:            13.333ns  (soc_crg_clkout0 rise@13.333ns - soc_crg_clkout0 rise@0.000ns)
  Data Path Delay:        13.883ns  (logic 8.773ns (63.191%)  route 5.110ns (36.809%))
  Logic Levels:           18  (CARRY4=11 DSP48E1=1 LUT3=4 LUT4=2)
  Clock Path Skew:        -0.039ns (DCD - SCD + CPR)
    Destination Clock Delay (DCD):    10.566ns = ( 23.900 - 13.333 ) 
    Source Clock Delay      (SCD):    11.432ns
    Clock Pessimism Removal (CPR):    0.827ns
  Clock Uncertainty:      0.070ns  ((TSJ^2 + DJ^2)^1/2) / 2 + PE
    Total System Jitter     (TSJ):    0.071ns
    Discrete Jitter          (DJ):    0.121ns
    Phase Error              (PE):    0.000ns

    Location             Delay type                Incr(ns)  Path(ns)    Netlist Resource(s)
  -------------------------------------------------------------------    -------------------
                         (clock soc_crg_clkout0 rise edge)
                                                      0.000     0.000 r  
    E3                                                0.000     0.000 r  clk100 (IN)
                         net (fo=0)                   0.000     0.000    clk100
    E3                   IBUF (Prop_ibuf_I_O)         1.482     1.482 r  clk100_IBUF_inst/O
                         net (fo=1, routed)           2.025     3.506    clk100_IBUF
    BUFGCTRL_X0Y16       BUFG (Prop_bufg_I_O)         0.096     3.602 r  clk100_IBUF_BUFG_inst/O
                         net (fo=1, routed)           1.972     5.574    clk100_IBUF_BUFG
    SLICE_X38Y39         LUT1 (Prop_lut1_I0_O)        0.124     5.698 r  clk100_inst/O
                         net (fo=9, routed)           1.887     7.585    soc_crg_clkin
    MMCME2_ADV_X0Y0      MMCME2_ADV (Prop_mmcme2_adv_CLKIN1_CLKOUT0)
                                                      0.088     7.673 r  MMCME2_ADV/CLKOUT0
                         net (fo=1, routed)           2.018     9.692    soc_crg_clkout0
    BUFGCTRL_X0Y0        BUFG (Prop_bufg_I_O)         0.096     9.788 r  BUFG/O
                         net (fo=3867, routed)        1.644    11.432    VexRiscv/stageB_flusher_counter_reg[0]
    SLICE_X14Y94         FDRE                                         r  VexRiscv/decode_to_execute_RS2_reg[24]/C
  -------------------------------------------------------------------    -------------------
    SLICE_X14Y94         FDRE (Prop_fdre_C_Q)         0.518    11.950 r  VexRiscv/decode_to_execute_RS2_reg[24]/Q
                         net (fo=9, routed)           0.723    12.673    VexRiscv/execute_RS2[24]
    SLICE_X12Y94         CARRY4 (Prop_carry4_DI[0]_CO[3])
                                                      0.550    13.223 r  VexRiscv/p_0_out__0_i_13/CO[3]
                         net (fo=1, routed)           0.000    13.223    VexRiscv/p_0_out__0_i_13_n_0
    SLICE_X12Y95         CARRY4 (Prop_carry4_CI_CO[3])
                                                      0.117    13.340 r  VexRiscv/p_0_out__0_i_12/CO[3]
                         net (fo=1, routed)           0.000    13.340    Cfu/p_0_out__0_1[0]
    SLICE_X12Y96         CARRY4 (Prop_carry4_CI_O[1])
                                                      0.323    13.663 r  Cfu/p_0_out__0_i_11/O[1]
                         net (fo=1, routed)           0.295    13.958    VexRiscv/p_0_out__0[1]
    SLICE_X13Y96         LUT3 (Prop_lut3_I0_O)        0.306    14.264 r  VexRiscv/p_0_out__0_i_1/O
                         net (fo=9, routed)           0.723    14.987    Cfu/p_0_out__0_0[9]
    DSP48_X0Y38          DSP48E1 (Prop_dsp48e1_B[17]_P[2])
                                                      3.656    18.643 r  Cfu/p_0_out__0/P[2]
                         net (fo=2, routed)           1.124    19.767    Cfu/p_0_out__0_n_103
    SLICE_X11Y93         LUT3 (Prop_lut3_I0_O)        0.154    19.921 r  Cfu/rsp_payload_outputs_0[7]_i_12/O
                         net (fo=2, routed)           0.690    20.611    Cfu/rsp_payload_outputs_0[7]_i_12_n_0
    SLICE_X11Y93         LUT4 (Prop_lut4_I3_O)        0.327    20.938 r  Cfu/rsp_payload_outputs_0[7]_i_15/O
                         net (fo=1, routed)           0.000    20.938    Cfu/rsp_payload_outputs_0[7]_i_15_n_0
    SLICE_X11Y93         CARRY4 (Prop_carry4_S[3]_CO[3])
                                                      0.401    21.339 r  Cfu/rsp_payload_outputs_0_reg[7]_i_11/CO[3]
                         net (fo=1, routed)           0.000    21.339    Cfu/rsp_payload_outputs_0_reg[7]_i_11_n_0
    SLICE_X11Y94         CARRY4 (Prop_carry4_CI_CO[3])
                                                      0.114    21.453 r  Cfu/rsp_payload_outputs_0_reg[11]_i_11/CO[3]
                         net (fo=1, routed)           0.000    21.453    Cfu/rsp_payload_outputs_0_reg[11]_i_11_n_0
    SLICE_X11Y95         CARRY4 (Prop_carry4_CI_O[0])
                                                      0.223    21.676 r  Cfu/rsp_payload_outputs_0_reg[15]_i_11/O[0]
                         net (fo=2, routed)           0.583    22.259    Cfu/rsp_payload_outputs_0_reg[15]_i_11_n_7
    SLICE_X9Y95          LUT3 (Prop_lut3_I0_O)        0.325    22.584 r  Cfu/rsp_payload_outputs_0[11]_i_5/O
                         net (fo=2, routed)           0.666    23.250    Cfu/rsp_payload_outputs_0[11]_i_5_n_0
    SLICE_X9Y95          LUT4 (Prop_lut4_I3_O)        0.326    23.576 r  Cfu/rsp_payload_outputs_0[11]_i_9/O
                         net (fo=1, routed)           0.000    23.576    Cfu/rsp_payload_outputs_0[11]_i_9_n_0
    SLICE_X9Y95          CARRY4 (Prop_carry4_S[1]_CO[3])
                                                      0.550    24.126 r  Cfu/rsp_payload_outputs_0_reg[11]_i_2/CO[3]
                         net (fo=1, routed)           0.000    24.126    Cfu/rsp_payload_outputs_0_reg[11]_i_2_n_0
    SLICE_X9Y96          CARRY4 (Prop_carry4_CI_CO[3])
                                                      0.114    24.240 r  Cfu/rsp_payload_outputs_0_reg[15]_i_2/CO[3]
                         net (fo=1, routed)           0.000    24.240    Cfu/rsp_payload_outputs_0_reg[15]_i_2_n_0
    SLICE_X9Y97          CARRY4 (Prop_carry4_CI_CO[3])
                                                      0.114    24.354 r  Cfu/rsp_payload_outputs_0_reg[19]_i_2/CO[3]
                         net (fo=1, routed)           0.000    24.354    Cfu/rsp_payload_outputs_0_reg[19]_i_2_n_0
    SLICE_X9Y98          CARRY4 (Prop_carry4_CI_CO[3])
                                                      0.114    24.468 r  Cfu/rsp_payload_outputs_0_reg[23]_i_2/CO[3]
                         net (fo=1, routed)           0.000    24.468    Cfu/rsp_payload_outputs_0_reg[23]_i_2_n_0
    SLICE_X9Y99          CARRY4 (Prop_carry4_CI_O[2])
                                                      0.239    24.707 r  Cfu/rsp_payload_outputs_0_reg[27]_i_2/O[2]
                         net (fo=1, routed)           0.306    25.013    VexRiscv/p_0_in1_in_0[26]
    SLICE_X11Y99         LUT3 (Prop_lut3_I1_O)        0.302    25.315 r  VexRiscv/rsp_payload_outputs_0[26]_i_1/O
                         net (fo=1, routed)           0.000    25.315    Cfu/D[26]
    SLICE_X11Y99         FDRE                                         r  Cfu/rsp_payload_outputs_0_reg[26]/D
  -------------------------------------------------------------------    -------------------

                         (clock soc_crg_clkout0 rise edge)
                                                     13.333    13.333 r  
    E3                                                0.000    13.333 r  clk100 (IN)
                         net (fo=0)                   0.000    13.333    clk100
    E3                   IBUF (Prop_ibuf_I_O)         1.411    14.745 r  clk100_IBUF_inst/O
                         net (fo=1, routed)           1.920    16.665    clk100_IBUF
    BUFGCTRL_X0Y16       BUFG (Prop_bufg_I_O)         0.091    16.756 r  clk100_IBUF_BUFG_inst/O
                         net (fo=1, routed)           1.809    18.564    clk100_IBUF_BUFG
    SLICE_X38Y39         LUT1 (Prop_lut1_I0_O)        0.100    18.664 r  clk100_inst/O
                         net (fo=9, routed)           1.613    20.277    soc_crg_clkin
    MMCME2_ADV_X0Y0      MMCME2_ADV (Prop_mmcme2_adv_CLKIN1_CLKOUT0)
                                                      0.083    20.360 r  MMCME2_ADV/CLKOUT0
                         net (fo=1, routed)           1.923    22.283    soc_crg_clkout0
    BUFGCTRL_X0Y0        BUFG (Prop_bufg_I_O)         0.091    22.374 r  BUFG/O
                         net (fo=3867, routed)        1.525    23.900    Cfu/out
    SLICE_X11Y99         FDRE                                         r  Cfu/rsp_payload_outputs_0_reg[26]/C
                         clock pessimism              0.827    24.726    
                         clock uncertainty           -0.070    24.656    
    SLICE_X11Y99         FDRE (Setup_fdre_C_D)        0.032    24.688    Cfu/rsp_payload_outputs_0_reg[26]
  -------------------------------------------------------------------
                         required time                         24.688    
                         arrival time                         -25.315    
  -------------------------------------------------------------------
                         slack                                 -0.627    

Slack (VIOLATED) :        -0.608ns  (required time - arrival time)
  Source:                 VexRiscv/decode_to_execute_RS2_reg[24]/C
                            (rising edge-triggered cell FDRE clocked by soc_crg_clkout0  {rise@0.000ns fall@6.667ns period=13.333ns})
  Destination:            Cfu/rsp_payload_outputs_0_reg[21]/D
                            (rising edge-triggered cell FDRE clocked by soc_crg_clkout0  {rise@0.000ns fall@6.667ns period=13.333ns})
  Path Group:             soc_crg_clkout0
  Path Type:              Setup (Max at Slow Process Corner)
  Requirement:            13.333ns  (soc_crg_clkout0 rise@13.333ns - soc_crg_clkout0 rise@0.000ns)
  Data Path Delay:        13.862ns  (logic 8.755ns (63.159%)  route 5.107ns (36.841%))
  Logic Levels:           17  (CARRY4=10 DSP48E1=1 LUT3=4 LUT4=2)
  Clock Path Skew:        -0.039ns (DCD - SCD + CPR)
    Destination Clock Delay (DCD):    10.566ns = ( 23.900 - 13.333 ) 
    Source Clock Delay      (SCD):    11.432ns
    Clock Pessimism Removal (CPR):    0.827ns
  Clock Uncertainty:      0.070ns  ((TSJ^2 + DJ^2)^1/2) / 2 + PE
    Total System Jitter     (TSJ):    0.071ns
    Discrete Jitter          (DJ):    0.121ns
    Phase Error              (PE):    0.000ns

    Location             Delay type                Incr(ns)  Path(ns)    Netlist Resource(s)
  -------------------------------------------------------------------    -------------------
                         (clock soc_crg_clkout0 rise edge)
                                                      0.000     0.000 r  
    E3                                                0.000     0.000 r  clk100 (IN)
                         net (fo=0)                   0.000     0.000    clk100
    E3                   IBUF (Prop_ibuf_I_O)         1.482     1.482 r  clk100_IBUF_inst/O
                         net (fo=1, routed)           2.025     3.506    clk100_IBUF
    BUFGCTRL_X0Y16       BUFG (Prop_bufg_I_O)         0.096     3.602 r  clk100_IBUF_BUFG_inst/O
                         net (fo=1, routed)           1.972     5.574    clk100_IBUF_BUFG
    SLICE_X38Y39         LUT1 (Prop_lut1_I0_O)        0.124     5.698 r  clk100_inst/O
                         net (fo=9, routed)           1.887     7.585    soc_crg_clkin
    MMCME2_ADV_X0Y0      MMCME2_ADV (Prop_mmcme2_adv_CLKIN1_CLKOUT0)
                                                      0.088     7.673 r  MMCME2_ADV/CLKOUT0
                         net (fo=1, routed)           2.018     9.692    soc_crg_clkout0
    BUFGCTRL_X0Y0        BUFG (Prop_bufg_I_O)         0.096     9.788 r  BUFG/O
                         net (fo=3867, routed)        1.644    11.432    VexRiscv/stageB_flusher_counter_reg[0]
    SLICE_X14Y94         FDRE                                         r  VexRiscv/decode_to_execute_RS2_reg[24]/C
  -------------------------------------------------------------------    -------------------
    SLICE_X14Y94         FDRE (Prop_fdre_C_Q)         0.518    11.950 r  VexRiscv/decode_to_execute_RS2_reg[24]/Q
                         net (fo=9, routed)           0.723    12.673    VexRiscv/execute_RS2[24]
    SLICE_X12Y94         CARRY4 (Prop_carry4_DI[0]_CO[3])
                                                      0.550    13.223 r  VexRiscv/p_0_out__0_i_13/CO[3]
                         net (fo=1, routed)           0.000    13.223    VexRiscv/p_0_out__0_i_13_n_0
    SLICE_X12Y95         CARRY4 (Prop_carry4_CI_CO[3])
                                                      0.117    13.340 r  VexRiscv/p_0_out__0_i_12/CO[3]
                         net (fo=1, routed)           0.000    13.340    Cfu/p_0_out__0_1[0]
    SLICE_X12Y96         CARRY4 (Prop_carry4_CI_O[1])
                                                      0.323    13.663 r  Cfu/p_0_out__0_i_11/O[1]
                         net (fo=1, routed)           0.295    13.958    VexRiscv/p_0_out__0[1]
    SLICE_X13Y96         LUT3 (Prop_lut3_I0_O)        0.306    14.264 r  VexRiscv/p_0_out__0_i_1/O
                         net (fo=9, routed)           0.723    14.987    Cfu/p_0_out__0_0[9]
    DSP48_X0Y38          DSP48E1 (Prop_dsp48e1_B[17]_P[2])
                                                      3.656    18.643 r  Cfu/p_0_out__0/P[2]
                         net (fo=2, routed)           1.124    19.767    Cfu/p_0_out__0_n_103
    SLICE_X11Y93         LUT3 (Prop_lut3_I0_O)        0.154    19.921 r  Cfu/rsp_payload_outputs_0[7]_i_12/O
                         net (fo=2, routed)           0.690    20.611    Cfu/rsp_payload_outputs_0[7]_i_12_n_0
    SLICE_X11Y93         LUT4 (Prop_lut4_I3_O)        0.327    20.938 r  Cfu/rsp_payload_outputs_0[7]_i_15/O
                         net (fo=1, routed)           0.000    20.938    Cfu/rsp_payload_outputs_0[7]_i_15_n_0
    SLICE_X11Y93         CARRY4 (Prop_carry4_S[3]_CO[3])
                                                      0.401    21.339 r  Cfu/rsp_payload_outputs_0_reg[7]_i_11/CO[3]
                         net (fo=1, routed)           0.000    21.339    Cfu/rsp_payload_outputs_0_reg[7]_i_11_n_0
    SLICE_X11Y94         CARRY4 (Prop_carry4_CI_CO[3])
                                                      0.114    21.453 r  Cfu/rsp_payload_outputs_0_reg[11]_i_11/CO[3]
                         net (fo=1, routed)           0.000    21.453    Cfu/rsp_payload_outputs_0_reg[11]_i_11_n_0
    SLICE_X11Y95         CARRY4 (Prop_carry4_CI_O[0])
                                                      0.223    21.676 r  Cfu/rsp_payload_outputs_0_reg[15]_i_11/O[0]
                         net (fo=2, routed)           0.583    22.259    Cfu/rsp_payload_outputs_0_reg[15]_i_11_n_7
    SLICE_X9Y95          LUT3 (Prop_lut3_I0_O)        0.325    22.584 r  Cfu/rsp_payload_outputs_0[11]_i_5/O
                         net (fo=2, routed)           0.666    23.250    Cfu/rsp_payload_outputs_0[11]_i_5_n_0
    SLICE_X9Y95          LUT4 (Prop_lut4_I3_O)        0.326    23.576 r  Cfu/rsp_payload_outputs_0[11]_i_9/O
                         net (fo=1, routed)           0.000    23.576    Cfu/rsp_payload_outputs_0[11]_i_9_n_0
    SLICE_X9Y95          CARRY4 (Prop_carry4_S[1]_CO[3])
                                                      0.550    24.126 r  Cfu/rsp_payload_outputs_0_reg[11]_i_2/CO[3]
                         net (fo=1, routed)           0.000    24.126    Cfu/rsp_payload_outputs_0_reg[11]_i_2_n_0
    SLICE_X9Y96          CARRY4 (Prop_carry4_CI_CO[3])
                                                      0.114    24.240 r  Cfu/rsp_payload_outputs_0_reg[15]_i_2/CO[3]
                         net (fo=1, routed)           0.000    24.240    Cfu/rsp_payload_outputs_0_reg[15]_i_2_n_0
    SLICE_X9Y97          CARRY4 (Prop_carry4_CI_CO[3])
                                                      0.114    24.354 r  Cfu/rsp_payload_outputs_0_reg[19]_i_2/CO[3]
                         net (fo=1, routed)           0.000    24.354    Cfu/rsp_payload_outputs_0_reg[19]_i_2_n_0
    SLICE_X9Y98          CARRY4 (Prop_carry4_CI_O[1])
                                                      0.334    24.688 r  Cfu/rsp_payload_outputs_0_reg[23]_i_2/O[1]
                         net (fo=1, routed)           0.303    24.991    VexRiscv/p_0_in1_in_0[21]
    SLICE_X11Y98         LUT3 (Prop_lut3_I1_O)        0.303    25.294 r  VexRiscv/rsp_payload_outputs_0[21]_i_1/O
                         net (fo=1, routed)           0.000    25.294    Cfu/D[21]
    SLICE_X11Y98         FDRE                                         r  Cfu/rsp_payload_outputs_0_reg[21]/D
  -------------------------------------------------------------------    -------------------

                         (clock soc_crg_clkout0 rise edge)
                                                     13.333    13.333 r  
    E3                                                0.000    13.333 r  clk100 (IN)
                         net (fo=0)                   0.000    13.333    clk100
    E3                   IBUF (Prop_ibuf_I_O)         1.411    14.745 r  clk100_IBUF_inst/O
                         net (fo=1, routed)           1.920    16.665    clk100_IBUF
    BUFGCTRL_X0Y16       BUFG (Prop_bufg_I_O)         0.091    16.756 r  clk100_IBUF_BUFG_inst/O
                         net (fo=1, routed)           1.809    18.564    clk100_IBUF_BUFG
    SLICE_X38Y39         LUT1 (Prop_lut1_I0_O)        0.100    18.664 r  clk100_inst/O
                         net (fo=9, routed)           1.613    20.277    soc_crg_clkin
    MMCME2_ADV_X0Y0      MMCME2_ADV (Prop_mmcme2_adv_CLKIN1_CLKOUT0)
                                                      0.083    20.360 r  MMCME2_ADV/CLKOUT0
                         net (fo=1, routed)           1.923    22.283    soc_crg_clkout0
    BUFGCTRL_X0Y0        BUFG (Prop_bufg_I_O)         0.091    22.374 r  BUFG/O
                         net (fo=3867, routed)        1.525    23.900    Cfu/out
    SLICE_X11Y98         FDRE                                         r  Cfu/rsp_payload_outputs_0_reg[21]/C
                         clock pessimism              0.827    24.726    
                         clock uncertainty           -0.070    24.656    
    SLICE_X11Y98         FDRE (Setup_fdre_C_D)        0.029    24.685    Cfu/rsp_payload_outputs_0_reg[21]
  -------------------------------------------------------------------
                         required time                         24.685    
                         arrival time                         -25.294    
  -------------------------------------------------------------------
                         slack                                 -0.608    

Slack (VIOLATED) :        -0.600ns  (required time - arrival time)
  Source:                 VexRiscv/decode_to_execute_RS2_reg[24]/C
                            (rising edge-triggered cell FDRE clocked by soc_crg_clkout0  {rise@0.000ns fall@6.667ns period=13.333ns})
  Destination:            Cfu/rsp_payload_outputs_0_reg[24]/D
                            (rising edge-triggered cell FDRE clocked by soc_crg_clkout0  {rise@0.000ns fall@6.667ns period=13.333ns})
  Path Group:             soc_crg_clkout0
  Path Type:              Setup (Max at Slow Process Corner)
  Requirement:            13.333ns  (soc_crg_clkout0 rise@13.333ns - soc_crg_clkout0 rise@0.000ns)
  Data Path Delay:        13.856ns  (logic 8.753ns (63.173%)  route 5.103ns (36.827%))
  Logic Levels:           18  (CARRY4=11 DSP48E1=1 LUT3=4 LUT4=2)
  Clock Path Skew:        -0.039ns (DCD - SCD + CPR)
    Destination Clock Delay (DCD):    10.566ns = ( 23.900 - 13.333 ) 
    Source Clock Delay      (SCD):    11.432ns
    Clock Pessimism Removal (CPR):    0.827ns
  Clock Uncertainty:      0.070ns  ((TSJ^2 + DJ^2)^1/2) / 2 + PE
    Total System Jitter     (TSJ):    0.071ns
    Discrete Jitter          (DJ):    0.121ns
    Phase Error              (PE):    0.000ns

    Location             Delay type                Incr(ns)  Path(ns)    Netlist Resource(s)
  -------------------------------------------------------------------    -------------------
                         (clock soc_crg_clkout0 rise edge)
                                                      0.000     0.000 r  
    E3                                                0.000     0.000 r  clk100 (IN)
                         net (fo=0)                   0.000     0.000    clk100
    E3                   IBUF (Prop_ibuf_I_O)         1.482     1.482 r  clk100_IBUF_inst/O
                         net (fo=1, routed)           2.025     3.506    clk100_IBUF
    BUFGCTRL_X0Y16       BUFG (Prop_bufg_I_O)         0.096     3.602 r  clk100_IBUF_BUFG_inst/O
                         net (fo=1, routed)           1.972     5.574    clk100_IBUF_BUFG
    SLICE_X38Y39         LUT1 (Prop_lut1_I0_O)        0.124     5.698 r  clk100_inst/O
                         net (fo=9, routed)           1.887     7.585    soc_crg_clkin
    MMCME2_ADV_X0Y0      MMCME2_ADV (Prop_mmcme2_adv_CLKIN1_CLKOUT0)
                                                      0.088     7.673 r  MMCME2_ADV/CLKOUT0
                         net (fo=1, routed)           2.018     9.692    soc_crg_clkout0
    BUFGCTRL_X0Y0        BUFG (Prop_bufg_I_O)         0.096     9.788 r  BUFG/O
                         net (fo=3867, routed)        1.644    11.432    VexRiscv/stageB_flusher_counter_reg[0]
    SLICE_X14Y94         FDRE                                         r  VexRiscv/decode_to_execute_RS2_reg[24]/C
  -------------------------------------------------------------------    -------------------
    SLICE_X14Y94         FDRE (Prop_fdre_C_Q)         0.518    11.950 r  VexRiscv/decode_to_execute_RS2_reg[24]/Q
                         net (fo=9, routed)           0.723    12.673    VexRiscv/execute_RS2[24]
    SLICE_X12Y94         CARRY4 (Prop_carry4_DI[0]_CO[3])
                                                      0.550    13.223 r  VexRiscv/p_0_out__0_i_13/CO[3]
                         net (fo=1, routed)           0.000    13.223    VexRiscv/p_0_out__0_i_13_n_0
    SLICE_X12Y95         CARRY4 (Prop_carry4_CI_CO[3])
                                                      0.117    13.340 r  VexRiscv/p_0_out__0_i_12/CO[3]
                         net (fo=1, routed)           0.000    13.340    Cfu/p_0_out__0_1[0]
    SLICE_X12Y96         CARRY4 (Prop_carry4_CI_O[1])
                                                      0.323    13.663 r  Cfu/p_0_out__0_i_11/O[1]
                         net (fo=1, routed)           0.295    13.958    VexRiscv/p_0_out__0[1]
    SLICE_X13Y96         LUT3 (Prop_lut3_I0_O)        0.306    14.264 r  VexRiscv/p_0_out__0_i_1/O
                         net (fo=9, routed)           0.723    14.987    Cfu/p_0_out__0_0[9]
    DSP48_X0Y38          DSP48E1 (Prop_dsp48e1_B[17]_P[2])
                                                      3.656    18.643 r  Cfu/p_0_out__0/P[2]
                         net (fo=2, routed)           1.124    19.767    Cfu/p_0_out__0_n_103
    SLICE_X11Y93         LUT3 (Prop_lut3_I0_O)        0.154    19.921 r  Cfu/rsp_payload_outputs_0[7]_i_12/O
                         net (fo=2, routed)           0.690    20.611    Cfu/rsp_payload_outputs_0[7]_i_12_n_0
    SLICE_X11Y93         LUT4 (Prop_lut4_I3_O)        0.327    20.938 r  Cfu/rsp_payload_outputs_0[7]_i_15/O
                         net (fo=1, routed)           0.000    20.938    Cfu/rsp_payload_outputs_0[7]_i_15_n_0
    SLICE_X11Y93         CARRY4 (Prop_carry4_S[3]_CO[3])
                                                      0.401    21.339 r  Cfu/rsp_payload_outputs_0_reg[7]_i_11/CO[3]
                         net (fo=1, routed)           0.000    21.339    Cfu/rsp_payload_outputs_0_reg[7]_i_11_n_0
    SLICE_X11Y94         CARRY4 (Prop_carry4_CI_CO[3])
                                                      0.114    21.453 r  Cfu/rsp_payload_outputs_0_reg[11]_i_11/CO[3]
                         net (fo=1, routed)           0.000    21.453    Cfu/rsp_payload_outputs_0_reg[11]_i_11_n_0
    SLICE_X11Y95         CARRY4 (Prop_carry4_CI_O[0])
                                                      0.223    21.676 r  Cfu/rsp_payload_outputs_0_reg[15]_i_11/O[0]
                         net (fo=2, routed)           0.583    22.259    Cfu/rsp_payload_outputs_0_reg[15]_i_11_n_7
    SLICE_X9Y95          LUT3 (Prop_lut3_I0_O)        0.325    22.584 r  Cfu/rsp_payload_outputs_0[11]_i_5/O
                         net (fo=2, routed)           0.666    23.250    Cfu/rsp_payload_outputs_0[11]_i_5_n_0
    SLICE_X9Y95          LUT4 (Prop_lut4_I3_O)        0.326    23.576 r  Cfu/rsp_payload_outputs_0[11]_i_9/O
                         net (fo=1, routed)           0.000    23.576    Cfu/rsp_payload_outputs_0[11]_i_9_n_0
    SLICE_X9Y95          CARRY4 (Prop_carry4_S[1]_CO[3])
                                                      0.550    24.126 r  Cfu/rsp_payload_outputs_0_reg[11]_i_2/CO[3]
                         net (fo=1, routed)           0.000    24.126    Cfu/rsp_payload_outputs_0_reg[11]_i_2_n_0
    SLICE_X9Y96          CARRY4 (Prop_carry4_CI_CO[3])
                                                      0.114    24.240 r  Cfu/rsp_payload_outputs_0_reg[15]_i_2/CO[3]
                         net (fo=1, routed)           0.000    24.240    Cfu/rsp_payload_outputs_0_reg[15]_i_2_n_0
    SLICE_X9Y97          CARRY4 (Prop_carry4_CI_CO[3])
                                                      0.114    24.354 r  Cfu/rsp_payload_outputs_0_reg[19]_i_2/CO[3]
                         net (fo=1, routed)           0.000    24.354    Cfu/rsp_payload_outputs_0_reg[19]_i_2_n_0
    SLICE_X9Y98          CARRY4 (Prop_carry4_CI_CO[3])
                                                      0.114    24.468 r  Cfu/rsp_payload_outputs_0_reg[23]_i_2/CO[3]
                         net (fo=1, routed)           0.000    24.468    Cfu/rsp_payload_outputs_0_reg[23]_i_2_n_0
    SLICE_X9Y99          CARRY4 (Prop_carry4_CI_O[0])
                                                      0.222    24.690 r  Cfu/rsp_payload_outputs_0_reg[27]_i_2/O[0]
                         net (fo=1, routed)           0.299    24.989    VexRiscv/p_0_in1_in_0[24]
    SLICE_X11Y99         LUT3 (Prop_lut3_I1_O)        0.299    25.288 r  VexRiscv/rsp_payload_outputs_0[24]_i_1/O
                         net (fo=1, routed)           0.000    25.288    Cfu/D[24]
    SLICE_X11Y99         FDRE                                         r  Cfu/rsp_payload_outputs_0_reg[24]/D
  -------------------------------------------------------------------    -------------------

                         (clock soc_crg_clkout0 rise edge)
                                                     13.333    13.333 r  
    E3                                                0.000    13.333 r  clk100 (IN)
                         net (fo=0)                   0.000    13.333    clk100
    E3                   IBUF (Prop_ibuf_I_O)         1.411    14.745 r  clk100_IBUF_inst/O
                         net (fo=1, routed)           1.920    16.665    clk100_IBUF
    BUFGCTRL_X0Y16       BUFG (Prop_bufg_I_O)         0.091    16.756 r  clk100_IBUF_BUFG_inst/O
                         net (fo=1, routed)           1.809    18.564    clk100_IBUF_BUFG
    SLICE_X38Y39         LUT1 (Prop_lut1_I0_O)        0.100    18.664 r  clk100_inst/O
                         net (fo=9, routed)           1.613    20.277    soc_crg_clkin
    MMCME2_ADV_X0Y0      MMCME2_ADV (Prop_mmcme2_adv_CLKIN1_CLKOUT0)
                                                      0.083    20.360 r  MMCME2_ADV/CLKOUT0
                         net (fo=1, routed)           1.923    22.283    soc_crg_clkout0
    BUFGCTRL_X0Y0        BUFG (Prop_bufg_I_O)         0.091    22.374 r  BUFG/O
                         net (fo=3867, routed)        1.525    23.900    Cfu/out
    SLICE_X11Y99         FDRE                                         r  Cfu/rsp_payload_outputs_0_reg[24]/C
                         clock pessimism              0.827    24.726    
                         clock uncertainty           -0.070    24.656    
    SLICE_X11Y99         FDRE (Setup_fdre_C_D)        0.031    24.687    Cfu/rsp_payload_outputs_0_reg[24]
  -------------------------------------------------------------------
                         required time                         24.687    
                         arrival time                         -25.288    
  -------------------------------------------------------------------
                         slack                                 -0.600    

Slack (VIOLATED) :        -0.587ns  (required time - arrival time)
  Source:                 VexRiscv/decode_to_execute_RS2_reg[24]/C
                            (rising edge-triggered cell FDRE clocked by soc_crg_clkout0  {rise@0.000ns fall@6.667ns period=13.333ns})
  Destination:            Cfu/rsp_payload_outputs_0_reg[23]/D
                            (rising edge-triggered cell FDRE clocked by soc_crg_clkout0  {rise@0.000ns fall@6.667ns period=13.333ns})
  Path Group:             soc_crg_clkout0
  Path Type:              Setup (Max at Slow Process Corner)
  Requirement:            13.333ns  (soc_crg_clkout0 rise@13.333ns - soc_crg_clkout0 rise@0.000ns)
  Data Path Delay:        13.842ns  (logic 8.737ns (63.118%)  route 5.105ns (36.882%))
  Logic Levels:           17  (CARRY4=10 DSP48E1=1 LUT3=4 LUT4=2)
  Clock Path Skew:        -0.039ns (DCD - SCD + CPR)
    Destination Clock Delay (DCD):    10.566ns = ( 23.900 - 13.333 ) 
    Source Clock Delay      (SCD):    11.432ns
    Clock Pessimism Removal (CPR):    0.827ns
  Clock Uncertainty:      0.070ns  ((TSJ^2 + DJ^2)^1/2) / 2 + PE
    Total System Jitter     (TSJ):    0.071ns
    Discrete Jitter          (DJ):    0.121ns
    Phase Error              (PE):    0.000ns

    Location             Delay type                Incr(ns)  Path(ns)    Netlist Resource(s)
  -------------------------------------------------------------------    -------------------
                         (clock soc_crg_clkout0 rise edge)
                                                      0.000     0.000 r  
    E3                                                0.000     0.000 r  clk100 (IN)
                         net (fo=0)                   0.000     0.000    clk100
    E3                   IBUF (Prop_ibuf_I_O)         1.482     1.482 r  clk100_IBUF_inst/O
                         net (fo=1, routed)           2.025     3.506    clk100_IBUF
    BUFGCTRL_X0Y16       BUFG (Prop_bufg_I_O)         0.096     3.602 r  clk100_IBUF_BUFG_inst/O
                         net (fo=1, routed)           1.972     5.574    clk100_IBUF_BUFG
    SLICE_X38Y39         LUT1 (Prop_lut1_I0_O)        0.124     5.698 r  clk100_inst/O
                         net (fo=9, routed)           1.887     7.585    soc_crg_clkin
    MMCME2_ADV_X0Y0      MMCME2_ADV (Prop_mmcme2_adv_CLKIN1_CLKOUT0)
                                                      0.088     7.673 r  MMCME2_ADV/CLKOUT0
                         net (fo=1, routed)           2.018     9.692    soc_crg_clkout0
    BUFGCTRL_X0Y0        BUFG (Prop_bufg_I_O)         0.096     9.788 r  BUFG/O
                         net (fo=3867, routed)        1.644    11.432    VexRiscv/stageB_flusher_counter_reg[0]
    SLICE_X14Y94         FDRE                                         r  VexRiscv/decode_to_execute_RS2_reg[24]/C
  -------------------------------------------------------------------    -------------------
    SLICE_X14Y94         FDRE (Prop_fdre_C_Q)         0.518    11.950 r  VexRiscv/decode_to_execute_RS2_reg[24]/Q
                         net (fo=9, routed)           0.723    12.673    VexRiscv/execute_RS2[24]
    SLICE_X12Y94         CARRY4 (Prop_carry4_DI[0]_CO[3])
                                                      0.550    13.223 r  VexRiscv/p_0_out__0_i_13/CO[3]
                         net (fo=1, routed)           0.000    13.223    VexRiscv/p_0_out__0_i_13_n_0
    SLICE_X12Y95         CARRY4 (Prop_carry4_CI_CO[3])
                                                      0.117    13.340 r  VexRiscv/p_0_out__0_i_12/CO[3]
                         net (fo=1, routed)           0.000    13.340    Cfu/p_0_out__0_1[0]
    SLICE_X12Y96         CARRY4 (Prop_carry4_CI_O[1])
                                                      0.323    13.663 r  Cfu/p_0_out__0_i_11/O[1]
                         net (fo=1, routed)           0.295    13.958    VexRiscv/p_0_out__0[1]
    SLICE_X13Y96         LUT3 (Prop_lut3_I0_O)        0.306    14.264 r  VexRiscv/p_0_out__0_i_1/O
                         net (fo=9, routed)           0.723    14.987    Cfu/p_0_out__0_0[9]
    DSP48_X0Y38          DSP48E1 (Prop_dsp48e1_B[17]_P[2])
                                                      3.656    18.643 r  Cfu/p_0_out__0/P[2]
                         net (fo=2, routed)           1.124    19.767    Cfu/p_0_out__0_n_103
    SLICE_X11Y93         LUT3 (Prop_lut3_I0_O)        0.154    19.921 r  Cfu/rsp_payload_outputs_0[7]_i_12/O
                         net (fo=2, routed)           0.690    20.611    Cfu/rsp_payload_outputs_0[7]_i_12_n_0
    SLICE_X11Y93         LUT4 (Prop_lut4_I3_O)        0.327    20.938 r  Cfu/rsp_payload_outputs_0[7]_i_15/O
                         net (fo=1, routed)           0.000    20.938    Cfu/rsp_payload_outputs_0[7]_i_15_n_0
    SLICE_X11Y93         CARRY4 (Prop_carry4_S[3]_CO[3])
                                                      0.401    21.339 r  Cfu/rsp_payload_outputs_0_reg[7]_i_11/CO[3]
                         net (fo=1, routed)           0.000    21.339    Cfu/rsp_payload_outputs_0_reg[7]_i_11_n_0
    SLICE_X11Y94         CARRY4 (Prop_carry4_CI_CO[3])
                                                      0.114    21.453 r  Cfu/rsp_payload_outputs_0_reg[11]_i_11/CO[3]
                         net (fo=1, routed)           0.000    21.453    Cfu/rsp_payload_outputs_0_reg[11]_i_11_n_0
    SLICE_X11Y95         CARRY4 (Prop_carry4_CI_O[0])
                                                      0.223    21.676 r  Cfu/rsp_payload_outputs_0_reg[15]_i_11/O[0]
                         net (fo=2, routed)           0.583    22.259    Cfu/rsp_payload_outputs_0_reg[15]_i_11_n_7
    SLICE_X9Y95          LUT3 (Prop_lut3_I0_O)        0.325    22.584 r  Cfu/rsp_payload_outputs_0[11]_i_5/O
                         net (fo=2, routed)           0.666    23.250    Cfu/rsp_payload_outputs_0[11]_i_5_n_0
    SLICE_X9Y95          LUT4 (Prop_lut4_I3_O)        0.326    23.576 r  Cfu/rsp_payload_outputs_0[11]_i_9/O
                         net (fo=1, routed)           0.000    23.576    Cfu/rsp_payload_outputs_0[11]_i_9_n_0
    SLICE_X9Y95          CARRY4 (Prop_carry4_S[1]_CO[3])
                                                      0.550    24.126 r  Cfu/rsp_payload_outputs_0_reg[11]_i_2/CO[3]
                         net (fo=1, routed)           0.000    24.126    Cfu/rsp_payload_outputs_0_reg[11]_i_2_n_0
    SLICE_X9Y96          CARRY4 (Prop_carry4_CI_CO[3])
                                                      0.114    24.240 r  Cfu/rsp_payload_outputs_0_reg[15]_i_2/CO[3]
                         net (fo=1, routed)           0.000    24.240    Cfu/rsp_payload_outputs_0_reg[15]_i_2_n_0
    SLICE_X9Y97          CARRY4 (Prop_carry4_CI_CO[3])
                                                      0.114    24.354 r  Cfu/rsp_payload_outputs_0_reg[19]_i_2/CO[3]
                         net (fo=1, routed)           0.000    24.354    Cfu/rsp_payload_outputs_0_reg[19]_i_2_n_0
    SLICE_X9Y98          CARRY4 (Prop_carry4_CI_O[3])
                                                      0.313    24.667 r  Cfu/rsp_payload_outputs_0_reg[23]_i_2/O[3]
                         net (fo=1, routed)           0.301    24.968    VexRiscv/p_0_in1_in_0[23]
    SLICE_X11Y98         LUT3 (Prop_lut3_I1_O)        0.306    25.274 r  VexRiscv/rsp_payload_outputs_0[23]_i_1/O
                         net (fo=1, routed)           0.000    25.274    Cfu/D[23]
    SLICE_X11Y98         FDRE                                         r  Cfu/rsp_payload_outputs_0_reg[23]/D
  -------------------------------------------------------------------    -------------------

                         (clock soc_crg_clkout0 rise edge)
                                                     13.333    13.333 r  
    E3                                                0.000    13.333 r  clk100 (IN)
                         net (fo=0)                   0.000    13.333    clk100
    E3                   IBUF (Prop_ibuf_I_O)         1.411    14.745 r  clk100_IBUF_inst/O
                         net (fo=1, routed)           1.920    16.665    clk100_IBUF
    BUFGCTRL_X0Y16       BUFG (Prop_bufg_I_O)         0.091    16.756 r  clk100_IBUF_BUFG_inst/O
                         net (fo=1, routed)           1.809    18.564    clk100_IBUF_BUFG
    SLICE_X38Y39         LUT1 (Prop_lut1_I0_O)        0.100    18.664 r  clk100_inst/O
                         net (fo=9, routed)           1.613    20.277    soc_crg_clkin
    MMCME2_ADV_X0Y0      MMCME2_ADV (Prop_mmcme2_adv_CLKIN1_CLKOUT0)
                                                      0.083    20.360 r  MMCME2_ADV/CLKOUT0
                         net (fo=1, routed)           1.923    22.283    soc_crg_clkout0
    BUFGCTRL_X0Y0        BUFG (Prop_bufg_I_O)         0.091    22.374 r  BUFG/O
                         net (fo=3867, routed)        1.525    23.900    Cfu/out
    SLICE_X11Y98         FDRE                                         r  Cfu/rsp_payload_outputs_0_reg[23]/C
                         clock pessimism              0.827    24.726    
                         clock uncertainty           -0.070    24.656    
    SLICE_X11Y98         FDRE (Setup_fdre_C_D)        0.031    24.687    Cfu/rsp_payload_outputs_0_reg[23]
  -------------------------------------------------------------------
                         required time                         24.687    
                         arrival time                         -25.274    
  -------------------------------------------------------------------
                         slack                                 -0.587    





Min Delay Paths
--------------------------------------------------------------------------------------
Slack (MET) :             0.027ns  (arrival time - required time)
  Source:                 VexRiscv/execute_to_memory_PC_reg[29]/C
                            (rising edge-triggered cell FDRE clocked by soc_crg_clkout0  {rise@0.000ns fall@6.667ns period=13.333ns})
  Destination:            VexRiscv/memory_to_writeBack_PC_reg[29]/D
                            (rising edge-triggered cell FDRE clocked by soc_crg_clkout0  {rise@0.000ns fall@6.667ns period=13.333ns})
  Path Group:             soc_crg_clkout0
  Path Type:              Hold (Min at Fast Process Corner)
  Requirement:            0.000ns  (soc_crg_clkout0 rise@0.000ns - soc_crg_clkout0 rise@0.000ns)
  Data Path Delay:        0.310ns  (logic 0.148ns (47.778%)  route 0.162ns (52.222%))
  Logic Levels:           0  
  Clock Path Skew:        0.264ns (DCD - SCD - CPR)
    Destination Clock Delay (DCD):    4.756ns
    Source Clock Delay      (SCD):    3.764ns
    Clock Pessimism Removal (CPR):    0.728ns

    Location             Delay type                Incr(ns)  Path(ns)    Netlist Resource(s)
  -------------------------------------------------------------------    -------------------
                         (clock soc_crg_clkout0 rise edge)
                                                      0.000     0.000 r  
    E3                                                0.000     0.000 r  clk100 (IN)
                         net (fo=0)                   0.000     0.000    clk100
    E3                   IBUF (Prop_ibuf_I_O)         0.250     0.250 r  clk100_IBUF_inst/O
                         net (fo=1, routed)           0.644     0.894    clk100_IBUF
    BUFGCTRL_X0Y16       BUFG (Prop_bufg_I_O)         0.026     0.920 r  clk100_IBUF_BUFG_inst/O
                         net (fo=1, routed)           0.691     1.611    clk100_IBUF_BUFG
    SLICE_X38Y39         LUT1 (Prop_lut1_I0_O)        0.045     1.656 r  clk100_inst/O
                         net (fo=9, routed)           0.822     2.477    soc_crg_clkin
    MMCME2_ADV_X0Y0      MMCME2_ADV (Prop_mmcme2_adv_CLKIN1_CLKOUT0)
                                                      0.050     2.527 r  MMCME2_ADV/CLKOUT0
                         net (fo=1, routed)           0.648     3.175    soc_crg_clkout0
    BUFGCTRL_X0Y0        BUFG (Prop_bufg_I_O)         0.026     3.201 r  BUFG/O
                         net (fo=3867, routed)        0.563     3.764    VexRiscv/stageB_flusher_counter_reg[0]
    SLICE_X50Y93         FDRE                                         r  VexRiscv/execute_to_memory_PC_reg[29]/C
  -------------------------------------------------------------------    -------------------
    SLICE_X50Y93         FDRE (Prop_fdre_C_Q)         0.148     3.912 r  VexRiscv/execute_to_memory_PC_reg[29]/Q
                         net (fo=1, routed)           0.162     4.074    VexRiscv/execute_to_memory_PC[29]
    SLICE_X52Y94         FDRE                                         r  VexRiscv/memory_to_writeBack_PC_reg[29]/D
  -------------------------------------------------------------------    -------------------

                         (clock soc_crg_clkout0 rise edge)
                                                      0.000     0.000 r  
    E3                                                0.000     0.000 r  clk100 (IN)
                         net (fo=0)                   0.000     0.000    clk100
    E3                   IBUF (Prop_ibuf_I_O)         0.438     0.438 r  clk100_IBUF_inst/O
                         net (fo=1, routed)           0.699     1.136    clk100_IBUF
    BUFGCTRL_X0Y16       BUFG (Prop_bufg_I_O)         0.029     1.165 r  clk100_IBUF_BUFG_inst/O
                         net (fo=1, routed)           0.976     2.142    clk100_IBUF_BUFG
    SLICE_X38Y39         LUT1 (Prop_lut1_I0_O)        0.056     2.198 r  clk100_inst/O
                         net (fo=9, routed)           0.945     3.142    soc_crg_clkin
    MMCME2_ADV_X0Y0      MMCME2_ADV (Prop_mmcme2_adv_CLKIN1_CLKOUT0)
                                                      0.053     3.195 r  MMCME2_ADV/CLKOUT0
                         net (fo=1, routed)           0.700     3.896    soc_crg_clkout0
    BUFGCTRL_X0Y0        BUFG (Prop_bufg_I_O)         0.029     3.925 r  BUFG/O
                         net (fo=3867, routed)        0.832     4.756    VexRiscv/stageB_flusher_counter_reg[0]
    SLICE_X52Y94         FDRE                                         r  VexRiscv/memory_to_writeBack_PC_reg[29]/C
                         clock pessimism             -0.728     4.028    
    SLICE_X52Y94         FDRE (Hold_fdre_C_D)         0.019     4.047    VexRiscv/memory_to_writeBack_PC_reg[29]
  -------------------------------------------------------------------
                         required time                         -4.047    
                         arrival time                           4.074    
  -------------------------------------------------------------------
                         slack                                  0.027    

Slack (MET) :             0.032ns  (arrival time - required time)
  Source:                 VexRiscv/execute_to_memory_PC_reg[4]/C
                            (rising edge-triggered cell FDRE clocked by soc_crg_clkout0  {rise@0.000ns fall@6.667ns period=13.333ns})
  Destination:            VexRiscv/memory_to_writeBack_PC_reg[4]/D
                            (rising edge-triggered cell FDRE clocked by soc_crg_clkout0  {rise@0.000ns fall@6.667ns period=13.333ns})
  Path Group:             soc_crg_clkout0
  Path Type:              Hold (Min at Fast Process Corner)
  Requirement:            0.000ns  (soc_crg_clkout0 rise@0.000ns - soc_crg_clkout0 rise@0.000ns)
  Data Path Delay:        0.362ns  (logic 0.141ns (38.971%)  route 0.221ns (61.029%))
  Logic Levels:           0  
  Clock Path Skew:        0.260ns (DCD - SCD - CPR)
    Destination Clock Delay (DCD):    4.749ns
    Source Clock Delay      (SCD):    3.761ns
    Clock Pessimism Removal (CPR):    0.728ns

    Location             Delay type                Incr(ns)  Path(ns)    Netlist Resource(s)
  -------------------------------------------------------------------    -------------------
                         (clock soc_crg_clkout0 rise edge)
                                                      0.000     0.000 r  
    E3                                                0.000     0.000 r  clk100 (IN)
                         net (fo=0)                   0.000     0.000    clk100
    E3                   IBUF (Prop_ibuf_I_O)         0.250     0.250 r  clk100_IBUF_inst/O
                         net (fo=1, routed)           0.644     0.894    clk100_IBUF
    BUFGCTRL_X0Y16       BUFG (Prop_bufg_I_O)         0.026     0.920 r  clk100_IBUF_BUFG_inst/O
                         net (fo=1, routed)           0.691     1.611    clk100_IBUF_BUFG
    SLICE_X38Y39         LUT1 (Prop_lut1_I0_O)        0.045     1.656 r  clk100_inst/O
                         net (fo=9, routed)           0.822     2.477    soc_crg_clkin
    MMCME2_ADV_X0Y0      MMCME2_ADV (Prop_mmcme2_adv_CLKIN1_CLKOUT0)
                                                      0.050     2.527 r  MMCME2_ADV/CLKOUT0
                         net (fo=1, routed)           0.648     3.175    soc_crg_clkout0
    BUFGCTRL_X0Y0        BUFG (Prop_bufg_I_O)         0.026     3.201 r  BUFG/O
                         net (fo=3867, routed)        0.560     3.761    VexRiscv/stageB_flusher_counter_reg[0]
    SLICE_X47Y84         FDRE                                         r  VexRiscv/execute_to_memory_PC_reg[4]/C
  -------------------------------------------------------------------    -------------------
    SLICE_X47Y84         FDRE (Prop_fdre_C_Q)         0.141     3.902 r  VexRiscv/execute_to_memory_PC_reg[4]/Q
                         net (fo=1, routed)           0.221     4.123    VexRiscv/execute_to_memory_PC[4]
    SLICE_X52Y83         FDRE                                         r  VexRiscv/memory_to_writeBack_PC_reg[4]/D
  -------------------------------------------------------------------    -------------------

                         (clock soc_crg_clkout0 rise edge)
                                                      0.000     0.000 r  
    E3                                                0.000     0.000 r  clk100 (IN)
                         net (fo=0)                   0.000     0.000    clk100
    E3                   IBUF (Prop_ibuf_I_O)         0.438     0.438 r  clk100_IBUF_inst/O
                         net (fo=1, routed)           0.699     1.136    clk100_IBUF
    BUFGCTRL_X0Y16       BUFG (Prop_bufg_I_O)         0.029     1.165 r  clk100_IBUF_BUFG_inst/O
                         net (fo=1, routed)           0.976     2.142    clk100_IBUF_BUFG
    SLICE_X38Y39         LUT1 (Prop_lut1_I0_O)        0.056     2.198 r  clk100_inst/O
                         net (fo=9, routed)           0.945     3.142    soc_crg_clkin
    MMCME2_ADV_X0Y0      MMCME2_ADV (Prop_mmcme2_adv_CLKIN1_CLKOUT0)
                                                      0.053     3.195 r  MMCME2_ADV/CLKOUT0
                         net (fo=1, routed)           0.700     3.896    soc_crg_clkout0
    BUFGCTRL_X0Y0        BUFG (Prop_bufg_I_O)         0.029     3.925 r  BUFG/O
                         net (fo=3867, routed)        0.825     4.749    VexRiscv/stageB_flusher_counter_reg[0]
    SLICE_X52Y83         FDRE                                         r  VexRiscv/memory_to_writeBack_PC_reg[4]/C
                         clock pessimism             -0.728     4.021    
    SLICE_X52Y83         FDRE (Hold_fdre_C_D)         0.070     4.091    VexRiscv/memory_to_writeBack_PC_reg[4]
  -------------------------------------------------------------------
                         required time                         -4.091    
                         arrival time                           4.123    
  -------------------------------------------------------------------
                         slack                                  0.032    

Slack (MET) :             0.036ns  (arrival time - required time)
  Source:                 VexRiscv/CsrPlugin_exceptionPortCtrl_exceptionContext_badAddr_reg[30]/C
                            (rising edge-triggered cell FDRE clocked by soc_crg_clkout0  {rise@0.000ns fall@6.667ns period=13.333ns})
  Destination:            VexRiscv/CsrPlugin_mtval_reg[30]/D
                            (rising edge-triggered cell FDRE clocked by soc_crg_clkout0  {rise@0.000ns fall@6.667ns period=13.333ns})
  Path Group:             soc_crg_clkout0
  Path Type:              Hold (Min at Fast Process Corner)
  Requirement:            0.000ns  (soc_crg_clkout0 rise@0.000ns - soc_crg_clkout0 rise@0.000ns)
  Data Path Delay:        0.393ns  (logic 0.209ns (53.243%)  route 0.184ns (46.756%))
  Logic Levels:           1  (LUT6=1)
  Clock Path Skew:        0.265ns (DCD - SCD - CPR)
    Destination Clock Delay (DCD):    4.756ns
    Source Clock Delay      (SCD):    3.763ns
    Clock Pessimism Removal (CPR):    0.728ns

    Location             Delay type                Incr(ns)  Path(ns)    Netlist Resource(s)
  -------------------------------------------------------------------    -------------------
                         (clock soc_crg_clkout0 rise edge)
                                                      0.000     0.000 r  
    E3                                                0.000     0.000 r  clk100 (IN)
                         net (fo=0)                   0.000     0.000    clk100
    E3                   IBUF (Prop_ibuf_I_O)         0.250     0.250 r  clk100_IBUF_inst/O
                         net (fo=1, routed)           0.644     0.894    clk100_IBUF
    BUFGCTRL_X0Y16       BUFG (Prop_bufg_I_O)         0.026     0.920 r  clk100_IBUF_BUFG_inst/O
                         net (fo=1, routed)           0.691     1.611    clk100_IBUF_BUFG
    SLICE_X38Y39         LUT1 (Prop_lut1_I0_O)        0.045     1.656 r  clk100_inst/O
                         net (fo=9, routed)           0.822     2.477    soc_crg_clkin
    MMCME2_ADV_X0Y0      MMCME2_ADV (Prop_mmcme2_adv_CLKIN1_CLKOUT0)
                                                      0.050     2.527 r  MMCME2_ADV/CLKOUT0
                         net (fo=1, routed)           0.648     3.175    soc_crg_clkout0
    BUFGCTRL_X0Y0        BUFG (Prop_bufg_I_O)         0.026     3.201 r  BUFG/O
                         net (fo=3867, routed)        0.562     3.763    VexRiscv/stageB_flusher_counter_reg[0]
    SLICE_X50Y92         FDRE                                         r  VexRiscv/CsrPlugin_exceptionPortCtrl_exceptionContext_badAddr_reg[30]/C
  -------------------------------------------------------------------    -------------------
    SLICE_X50Y92         FDRE (Prop_fdre_C_Q)         0.164     3.927 r  VexRiscv/CsrPlugin_exceptionPortCtrl_exceptionContext_badAddr_reg[30]/Q
                         net (fo=1, routed)           0.184     4.110    VexRiscv/dataCache_1/CsrPlugin_mtval_reg[31][30]
    SLICE_X53Y95         LUT6 (Prop_lut6_I5_O)        0.045     4.155 r  VexRiscv/dataCache_1/CsrPlugin_mtval[30]_i_1/O
                         net (fo=1, routed)           0.000     4.155    VexRiscv/dataCache_1_n_109
    SLICE_X53Y95         FDRE                                         r  VexRiscv/CsrPlugin_mtval_reg[30]/D
  -------------------------------------------------------------------    -------------------

                         (clock soc_crg_clkout0 rise edge)
                                                      0.000     0.000 r  
    E3                                                0.000     0.000 r  clk100 (IN)
                         net (fo=0)                   0.000     0.000    clk100
    E3                   IBUF (Prop_ibuf_I_O)         0.438     0.438 r  clk100_IBUF_inst/O
                         net (fo=1, routed)           0.699     1.136    clk100_IBUF
    BUFGCTRL_X0Y16       BUFG (Prop_bufg_I_O)         0.029     1.165 r  clk100_IBUF_BUFG_inst/O
                         net (fo=1, routed)           0.976     2.142    clk100_IBUF_BUFG
    SLICE_X38Y39         LUT1 (Prop_lut1_I0_O)        0.056     2.198 r  clk100_inst/O
                         net (fo=9, routed)           0.945     3.142    soc_crg_clkin
    MMCME2_ADV_X0Y0      MMCME2_ADV (Prop_mmcme2_adv_CLKIN1_CLKOUT0)
                                                      0.053     3.195 r  MMCME2_ADV/CLKOUT0
                         net (fo=1, routed)           0.700     3.896    soc_crg_clkout0
    BUFGCTRL_X0Y0        BUFG (Prop_bufg_I_O)         0.029     3.925 r  BUFG/O
                         net (fo=3867, routed)        0.832     4.756    VexRiscv/stageB_flusher_counter_reg[0]
    SLICE_X53Y95         FDRE                                         r  VexRiscv/CsrPlugin_mtval_reg[30]/C
                         clock pessimism             -0.728     4.028    
    SLICE_X53Y95         FDRE (Hold_fdre_C_D)         0.092     4.120    VexRiscv/CsrPlugin_mtval_reg[30]
  -------------------------------------------------------------------
                         required time                         -4.120    
                         arrival time                           4.155    
  -------------------------------------------------------------------
                         slack                                  0.036    

Slack (MET) :             0.041ns  (arrival time - required time)
  Source:                 VexRiscv/execute_to_memory_PC_reg[19]/C
                            (rising edge-triggered cell FDRE clocked by soc_crg_clkout0  {rise@0.000ns fall@6.667ns period=13.333ns})
  Destination:            VexRiscv/memory_to_writeBack_PC_reg[19]/D
                            (rising edge-triggered cell FDRE clocked by soc_crg_clkout0  {rise@0.000ns fall@6.667ns period=13.333ns})
  Path Group:             soc_crg_clkout0
  Path Type:              Hold (Min at Fast Process Corner)
  Requirement:            0.000ns  (soc_crg_clkout0 rise@0.000ns - soc_crg_clkout0 rise@0.000ns)
  Data Path Delay:        0.376ns  (logic 0.141ns (37.506%)  route 0.235ns (62.494%))
  Logic Levels:           0  
  Clock Path Skew:        0.263ns (DCD - SCD - CPR)
    Destination Clock Delay (DCD):    4.755ns
    Source Clock Delay      (SCD):    3.764ns
    Clock Pessimism Removal (CPR):    0.728ns

    Location             Delay type                Incr(ns)  Path(ns)    Netlist Resource(s)
  -------------------------------------------------------------------    -------------------
                         (clock soc_crg_clkout0 rise edge)
                                                      0.000     0.000 r  
    E3                                                0.000     0.000 r  clk100 (IN)
                         net (fo=0)                   0.000     0.000    clk100
    E3                   IBUF (Prop_ibuf_I_O)         0.250     0.250 r  clk100_IBUF_inst/O
                         net (fo=1, routed)           0.644     0.894    clk100_IBUF
    BUFGCTRL_X0Y16       BUFG (Prop_bufg_I_O)         0.026     0.920 r  clk100_IBUF_BUFG_inst/O
                         net (fo=1, routed)           0.691     1.611    clk100_IBUF_BUFG
    SLICE_X38Y39         LUT1 (Prop_lut1_I0_O)        0.045     1.656 r  clk100_inst/O
                         net (fo=9, routed)           0.822     2.477    soc_crg_clkin
    MMCME2_ADV_X0Y0      MMCME2_ADV (Prop_mmcme2_adv_CLKIN1_CLKOUT0)
                                                      0.050     2.527 r  MMCME2_ADV/CLKOUT0
                         net (fo=1, routed)           0.648     3.175    soc_crg_clkout0
    BUFGCTRL_X0Y0        BUFG (Prop_bufg_I_O)         0.026     3.201 r  BUFG/O
                         net (fo=3867, routed)        0.563     3.764    VexRiscv/stageB_flusher_counter_reg[0]
    SLICE_X49Y91         FDRE                                         r  VexRiscv/execute_to_memory_PC_reg[19]/C
  -------------------------------------------------------------------    -------------------
    SLICE_X49Y91         FDRE (Prop_fdre_C_Q)         0.141     3.905 r  VexRiscv/execute_to_memory_PC_reg[19]/Q
                         net (fo=1, routed)           0.235     4.140    VexRiscv/execute_to_memory_PC[19]
    SLICE_X53Y90         FDRE                                         r  VexRiscv/memory_to_writeBack_PC_reg[19]/D
  -------------------------------------------------------------------    -------------------

                         (clock soc_crg_clkout0 rise edge)
                                                      0.000     0.000 r  
    E3                                                0.000     0.000 r  clk100 (IN)
                         net (fo=0)                   0.000     0.000    clk100
    E3                   IBUF (Prop_ibuf_I_O)         0.438     0.438 r  clk100_IBUF_inst/O
                         net (fo=1, routed)           0.699     1.136    clk100_IBUF
    BUFGCTRL_X0Y16       BUFG (Prop_bufg_I_O)         0.029     1.165 r  clk100_IBUF_BUFG_inst/O
                         net (fo=1, routed)           0.976     2.142    clk100_IBUF_BUFG
    SLICE_X38Y39         LUT1 (Prop_lut1_I0_O)        0.056     2.198 r  clk100_inst/O
                         net (fo=9, routed)           0.945     3.142    soc_crg_clkin
    MMCME2_ADV_X0Y0      MMCME2_ADV (Prop_mmcme2_adv_CLKIN1_CLKOUT0)
                                                      0.053     3.195 r  MMCME2_ADV/CLKOUT0
                         net (fo=1, routed)           0.700     3.896    soc_crg_clkout0
    BUFGCTRL_X0Y0        BUFG (Prop_bufg_I_O)         0.029     3.925 r  BUFG/O
                         net (fo=3867, routed)        0.831     4.755    VexRiscv/stageB_flusher_counter_reg[0]
    SLICE_X53Y90         FDRE                                         r  VexRiscv/memory_to_writeBack_PC_reg[19]/C
                         clock pessimism             -0.728     4.027    
    SLICE_X53Y90         FDRE (Hold_fdre_C_D)         0.072     4.099    VexRiscv/memory_to_writeBack_PC_reg[19]
  -------------------------------------------------------------------
                         required time                         -4.099    
                         arrival time                           4.140    
  -------------------------------------------------------------------
                         slack                                  0.041    

Slack (MET) :             0.042ns  (arrival time - required time)
  Source:                 VexRiscv/execute_to_memory_PC_reg[23]/C
                            (rising edge-triggered cell FDRE clocked by soc_crg_clkout0  {rise@0.000ns fall@6.667ns period=13.333ns})
  Destination:            VexRiscv/memory_to_writeBack_PC_reg[23]/D
                            (rising edge-triggered cell FDRE clocked by soc_crg_clkout0  {rise@0.000ns fall@6.667ns period=13.333ns})
  Path Group:             soc_crg_clkout0
  Path Type:              Hold (Min at Fast Process Corner)
  Requirement:            0.000ns  (soc_crg_clkout0 rise@0.000ns - soc_crg_clkout0 rise@0.000ns)
  Data Path Delay:        0.372ns  (logic 0.164ns (44.059%)  route 0.208ns (55.941%))
  Logic Levels:           0  
  Clock Path Skew:        0.264ns (DCD - SCD - CPR)
    Destination Clock Delay (DCD):    4.756ns
    Source Clock Delay      (SCD):    3.764ns
    Clock Pessimism Removal (CPR):    0.728ns

    Location             Delay type                Incr(ns)  Path(ns)    Netlist Resource(s)
  -------------------------------------------------------------------    -------------------
                         (clock soc_crg_clkout0 rise edge)
                                                      0.000     0.000 r  
    E3                                                0.000     0.000 r  clk100 (IN)
                         net (fo=0)                   0.000     0.000    clk100
    E3                   IBUF (Prop_ibuf_I_O)         0.250     0.250 r  clk100_IBUF_inst/O
                         net (fo=1, routed)           0.644     0.894    clk100_IBUF
    BUFGCTRL_X0Y16       BUFG (Prop_bufg_I_O)         0.026     0.920 r  clk100_IBUF_BUFG_inst/O
                         net (fo=1, routed)           0.691     1.611    clk100_IBUF_BUFG
    SLICE_X38Y39         LUT1 (Prop_lut1_I0_O)        0.045     1.656 r  clk100_inst/O
                         net (fo=9, routed)           0.822     2.477    soc_crg_clkin
    MMCME2_ADV_X0Y0      MMCME2_ADV (Prop_mmcme2_adv_CLKIN1_CLKOUT0)
                                                      0.050     2.527 r  MMCME2_ADV/CLKOUT0
                         net (fo=1, routed)           0.648     3.175    soc_crg_clkout0
    BUFGCTRL_X0Y0        BUFG (Prop_bufg_I_O)         0.026     3.201 r  BUFG/O
                         net (fo=3867, routed)        0.563     3.764    VexRiscv/stageB_flusher_counter_reg[0]
    SLICE_X50Y96         FDRE                                         r  VexRiscv/execute_to_memory_PC_reg[23]/C
  -------------------------------------------------------------------    -------------------
    SLICE_X50Y96         FDRE (Prop_fdre_C_Q)         0.164     3.928 r  VexRiscv/execute_to_memory_PC_reg[23]/Q
                         net (fo=1, routed)           0.208     4.136    VexRiscv/execute_to_memory_PC[23]
    SLICE_X52Y94         FDRE                                         r  VexRiscv/memory_to_writeBack_PC_reg[23]/D
  -------------------------------------------------------------------    -------------------

                         (clock soc_crg_clkout0 rise edge)
                                                      0.000     0.000 r  
    E3                                                0.000     0.000 r  clk100 (IN)
                         net (fo=0)                   0.000     0.000    clk100
    E3                   IBUF (Prop_ibuf_I_O)         0.438     0.438 r  clk100_IBUF_inst/O
                         net (fo=1, routed)           0.699     1.136    clk100_IBUF
    BUFGCTRL_X0Y16       BUFG (Prop_bufg_I_O)         0.029     1.165 r  clk100_IBUF_BUFG_inst/O
                         net (fo=1, routed)           0.976     2.142    clk100_IBUF_BUFG
    SLICE_X38Y39         LUT1 (Prop_lut1_I0_O)        0.056     2.198 r  clk100_inst/O
                         net (fo=9, routed)           0.945     3.142    soc_crg_clkin
    MMCME2_ADV_X0Y0      MMCME2_ADV (Prop_mmcme2_adv_CLKIN1_CLKOUT0)
                                                      0.053     3.195 r  MMCME2_ADV/CLKOUT0
                         net (fo=1, routed)           0.700     3.896    soc_crg_clkout0
    BUFGCTRL_X0Y0        BUFG (Prop_bufg_I_O)         0.029     3.925 r  BUFG/O
                         net (fo=3867, routed)        0.832     4.756    VexRiscv/stageB_flusher_counter_reg[0]
    SLICE_X52Y94         FDRE                                         r  VexRiscv/memory_to_writeBack_PC_reg[23]/C
                         clock pessimism             -0.728     4.028    
    SLICE_X52Y94         FDRE (Hold_fdre_C_D)         0.066     4.094    VexRiscv/memory_to_writeBack_PC_reg[23]
  -------------------------------------------------------------------
                         required time                         -4.094    
                         arrival time                           4.136    
  -------------------------------------------------------------------
                         slack                                  0.042    

Slack (MET) :             0.045ns  (arrival time - required time)
  Source:                 soc_basesoc_wishbone_bridge_rdata_converter_converter_source_payload_data_reg[117]/C
                            (rising edge-triggered cell FDRE clocked by soc_crg_clkout0  {rise@0.000ns fall@6.667ns period=13.333ns})
  Destination:            data_mem_grain14_reg/DIADI[5]
                            (rising edge-triggered cell RAMB18E1 clocked by soc_crg_clkout0  {rise@0.000ns fall@6.667ns period=13.333ns})
  Path Group:             soc_crg_clkout0
  Path Type:              Hold (Min at Fast Process Corner)
  Requirement:            0.000ns  (soc_crg_clkout0 rise@0.000ns - soc_crg_clkout0 rise@0.000ns)
  Data Path Delay:        0.400ns  (logic 0.186ns (46.514%)  route 0.214ns (53.486%))
  Logic Levels:           1  (LUT5=1)
  Clock Path Skew:        0.058ns (DCD - SCD - CPR)
    Destination Clock Delay (DCD):    4.804ns
    Source Clock Delay      (SCD):    3.767ns
    Clock Pessimism Removal (CPR):    0.978ns

    Location             Delay type                Incr(ns)  Path(ns)    Netlist Resource(s)
  -------------------------------------------------------------------    -------------------
                         (clock soc_crg_clkout0 rise edge)
                                                      0.000     0.000 r  
    E3                                                0.000     0.000 r  clk100 (IN)
                         net (fo=0)                   0.000     0.000    clk100
    E3                   IBUF (Prop_ibuf_I_O)         0.250     0.250 r  clk100_IBUF_inst/O
                         net (fo=1, routed)           0.644     0.894    clk100_IBUF
    BUFGCTRL_X0Y16       BUFG (Prop_bufg_I_O)         0.026     0.920 r  clk100_IBUF_BUFG_inst/O
                         net (fo=1, routed)           0.691     1.611    clk100_IBUF_BUFG
    SLICE_X38Y39         LUT1 (Prop_lut1_I0_O)        0.045     1.656 r  clk100_inst/O
                         net (fo=9, routed)           0.822     2.477    soc_crg_clkin
    MMCME2_ADV_X0Y0      MMCME2_ADV (Prop_mmcme2_adv_CLKIN1_CLKOUT0)
                                                      0.050     2.527 r  MMCME2_ADV/CLKOUT0
                         net (fo=1, routed)           0.648     3.175    soc_crg_clkout0
    BUFGCTRL_X0Y0        BUFG (Prop_bufg_I_O)         0.026     3.201 r  BUFG/O
                         net (fo=3867, routed)        0.566     3.767    sys_clk
    SLICE_X63Y53         FDRE                                         r  soc_basesoc_wishbone_bridge_rdata_converter_converter_source_payload_data_reg[117]/C
  -------------------------------------------------------------------    -------------------
    SLICE_X63Y53         FDRE (Prop_fdre_C_Q)         0.141     3.908 r  soc_basesoc_wishbone_bridge_rdata_converter_converter_source_payload_data_reg[117]/Q
                         net (fo=1, routed)           0.054     3.962    VexRiscv/data_mem_grain15_reg[117]
    SLICE_X62Y53         LUT5 (Prop_lut5_I0_O)        0.045     4.007 r  VexRiscv/data_mem_grain14_reg_i_3/O
                         net (fo=1, routed)           0.160     4.167    soc_basesoc_data_port_dat_w[117]
    RAMB18_X1Y20         RAMB18E1                                     r  data_mem_grain14_reg/DIADI[5]
  -------------------------------------------------------------------    -------------------

                         (clock soc_crg_clkout0 rise edge)
                                                      0.000     0.000 r  
    E3                                                0.000     0.000 r  clk100 (IN)
                         net (fo=0)                   0.000     0.000    clk100
    E3                   IBUF (Prop_ibuf_I_O)         0.438     0.438 r  clk100_IBUF_inst/O
                         net (fo=1, routed)           0.699     1.136    clk100_IBUF
    BUFGCTRL_X0Y16       BUFG (Prop_bufg_I_O)         0.029     1.165 r  clk100_IBUF_BUFG_inst/O
                         net (fo=1, routed)           0.976     2.142    clk100_IBUF_BUFG
    SLICE_X38Y39         LUT1 (Prop_lut1_I0_O)        0.056     2.198 r  clk100_inst/O
                         net (fo=9, routed)           0.945     3.142    soc_crg_clkin
    MMCME2_ADV_X0Y0      MMCME2_ADV (Prop_mmcme2_adv_CLKIN1_CLKOUT0)
                                                      0.053     3.195 r  MMCME2_ADV/CLKOUT0
                         net (fo=1, routed)           0.700     3.896    soc_crg_clkout0
    BUFGCTRL_X0Y0        BUFG (Prop_bufg_I_O)         0.029     3.925 r  BUFG/O
                         net (fo=3867, routed)        0.879     4.804    sys_clk
    RAMB18_X1Y20         RAMB18E1                                     r  data_mem_grain14_reg/CLKARDCLK
                         clock pessimism             -0.978     3.825    
    RAMB18_X1Y20         RAMB18E1 (Hold_ramb18e1_CLKARDCLK_DIADI[5])
                                                      0.296     4.121    data_mem_grain14_reg
  -------------------------------------------------------------------
                         required time                         -4.121    
                         arrival time                           4.167    
  -------------------------------------------------------------------
                         slack                                  0.045    

Slack (MET) :             0.053ns  (arrival time - required time)
  Source:                 VexRiscv/dataCache_1/stageB_mmuRsp_physicalAddress_reg[21]/C
                            (rising edge-triggered cell FDRE clocked by soc_crg_clkout0  {rise@0.000ns fall@6.667ns period=13.333ns})
  Destination:            VexRiscv/dataCache_1_io_mem_cmd_rData_address_reg[21]/D
                            (rising edge-triggered cell FDRE clocked by soc_crg_clkout0  {rise@0.000ns fall@6.667ns period=13.333ns})
  Path Group:             soc_crg_clkout0
  Path Type:              Hold (Min at Fast Process Corner)
  Requirement:            0.000ns  (soc_crg_clkout0 rise@0.000ns - soc_crg_clkout0 rise@0.000ns)
  Data Path Delay:        0.385ns  (logic 0.164ns (42.570%)  route 0.221ns (57.430%))
  Logic Levels:           0  
  Clock Path Skew:        0.260ns (DCD - SCD - CPR)
    Destination Clock Delay (DCD):    4.750ns
    Source Clock Delay      (SCD):    3.762ns
    Clock Pessimism Removal (CPR):    0.728ns

    Location             Delay type                Incr(ns)  Path(ns)    Netlist Resource(s)
  -------------------------------------------------------------------    -------------------
                         (clock soc_crg_clkout0 rise edge)
                                                      0.000     0.000 r  
    E3                                                0.000     0.000 r  clk100 (IN)
                         net (fo=0)                   0.000     0.000    clk100
    E3                   IBUF (Prop_ibuf_I_O)         0.250     0.250 r  clk100_IBUF_inst/O
                         net (fo=1, routed)           0.644     0.894    clk100_IBUF
    BUFGCTRL_X0Y16       BUFG (Prop_bufg_I_O)         0.026     0.920 r  clk100_IBUF_BUFG_inst/O
                         net (fo=1, routed)           0.691     1.611    clk100_IBUF_BUFG
    SLICE_X38Y39         LUT1 (Prop_lut1_I0_O)        0.045     1.656 r  clk100_inst/O
                         net (fo=9, routed)           0.822     2.477    soc_crg_clkin
    MMCME2_ADV_X0Y0      MMCME2_ADV (Prop_mmcme2_adv_CLKIN1_CLKOUT0)
                                                      0.050     2.527 r  MMCME2_ADV/CLKOUT0
                         net (fo=1, routed)           0.648     3.175    soc_crg_clkout0
    BUFGCTRL_X0Y0        BUFG (Prop_bufg_I_O)         0.026     3.201 r  BUFG/O
                         net (fo=3867, routed)        0.561     3.762    VexRiscv/dataCache_1/stageB_flusher_counter_reg[0]_0
    SLICE_X50Y88         FDRE                                         r  VexRiscv/dataCache_1/stageB_mmuRsp_physicalAddress_reg[21]/C
  -------------------------------------------------------------------    -------------------
    SLICE_X50Y88         FDRE (Prop_fdre_C_Q)         0.164     3.926 r  VexRiscv/dataCache_1/stageB_mmuRsp_physicalAddress_reg[21]/Q
                         net (fo=3, routed)           0.221     4.147    VexRiscv/dataCache_1_io_mem_cmd_payload_address[21]
    SLICE_X53Y84         FDRE                                         r  VexRiscv/dataCache_1_io_mem_cmd_rData_address_reg[21]/D
  -------------------------------------------------------------------    -------------------

                         (clock soc_crg_clkout0 rise edge)
                                                      0.000     0.000 r  
    E3                                                0.000     0.000 r  clk100 (IN)
                         net (fo=0)                   0.000     0.000    clk100
    E3                   IBUF (Prop_ibuf_I_O)         0.438     0.438 r  clk100_IBUF_inst/O
                         net (fo=1, routed)           0.699     1.136    clk100_IBUF
    BUFGCTRL_X0Y16       BUFG (Prop_bufg_I_O)         0.029     1.165 r  clk100_IBUF_BUFG_inst/O
                         net (fo=1, routed)           0.976     2.142    clk100_IBUF_BUFG
    SLICE_X38Y39         LUT1 (Prop_lut1_I0_O)        0.056     2.198 r  clk100_inst/O
                         net (fo=9, routed)           0.945     3.142    soc_crg_clkin
    MMCME2_ADV_X0Y0      MMCME2_ADV (Prop_mmcme2_adv_CLKIN1_CLKOUT0)
                                                      0.053     3.195 r  MMCME2_ADV/CLKOUT0
                         net (fo=1, routed)           0.700     3.896    soc_crg_clkout0
    BUFGCTRL_X0Y0        BUFG (Prop_bufg_I_O)         0.029     3.925 r  BUFG/O
                         net (fo=3867, routed)        0.826     4.750    VexRiscv/stageB_flusher_counter_reg[0]
    SLICE_X53Y84         FDRE                                         r  VexRiscv/dataCache_1_io_mem_cmd_rData_address_reg[21]/C
                         clock pessimism             -0.728     4.022    
    SLICE_X53Y84         FDRE (Hold_fdre_C_D)         0.072     4.094    VexRiscv/dataCache_1_io_mem_cmd_rData_address_reg[21]
  -------------------------------------------------------------------
                         required time                         -4.094    
                         arrival time                           4.147    
  -------------------------------------------------------------------
                         slack                                  0.053    

Slack (MET) :             0.056ns  (arrival time - required time)
  Source:                 VexRiscv/memory_to_writeBack_PC_reg[25]/C
                            (rising edge-triggered cell FDRE clocked by soc_crg_clkout0  {rise@0.000ns fall@6.667ns period=13.333ns})
  Destination:            VexRiscv/CsrPlugin_mepc_reg[25]/D
                            (rising edge-triggered cell FDRE clocked by soc_crg_clkout0  {rise@0.000ns fall@6.667ns period=13.333ns})
  Path Group:             soc_crg_clkout0
  Path Type:              Hold (Min at Fast Process Corner)
  Requirement:            0.000ns  (soc_crg_clkout0 rise@0.000ns - soc_crg_clkout0 rise@0.000ns)
  Data Path Delay:        0.441ns  (logic 0.186ns (42.139%)  route 0.255ns (57.861%))
  Logic Levels:           1  (LUT6=1)
  Clock Path Skew:        0.264ns (DCD - SCD - CPR)
    Destination Clock Delay (DCD):    4.756ns
    Source Clock Delay      (SCD):    3.764ns
    Clock Pessimism Removal (CPR):    0.728ns

    Location             Delay type                Incr(ns)  Path(ns)    Netlist Resource(s)
  -------------------------------------------------------------------    -------------------
                         (clock soc_crg_clkout0 rise edge)
                                                      0.000     0.000 r  
    E3                                                0.000     0.000 r  clk100 (IN)
                         net (fo=0)                   0.000     0.000    clk100
    E3                   IBUF (Prop_ibuf_I_O)         0.250     0.250 r  clk100_IBUF_inst/O
                         net (fo=1, routed)           0.644     0.894    clk100_IBUF
    BUFGCTRL_X0Y16       BUFG (Prop_bufg_I_O)         0.026     0.920 r  clk100_IBUF_BUFG_inst/O
                         net (fo=1, routed)           0.691     1.611    clk100_IBUF_BUFG
    SLICE_X38Y39         LUT1 (Prop_lut1_I0_O)        0.045     1.656 r  clk100_inst/O
                         net (fo=9, routed)           0.822     2.477    soc_crg_clkin
    MMCME2_ADV_X0Y0      MMCME2_ADV (Prop_mmcme2_adv_CLKIN1_CLKOUT0)
                                                      0.050     2.527 r  MMCME2_ADV/CLKOUT0
                         net (fo=1, routed)           0.648     3.175    soc_crg_clkout0
    BUFGCTRL_X0Y0        BUFG (Prop_bufg_I_O)         0.026     3.201 r  BUFG/O
                         net (fo=3867, routed)        0.563     3.764    VexRiscv/stageB_flusher_counter_reg[0]
    SLICE_X51Y93         FDRE                                         r  VexRiscv/memory_to_writeBack_PC_reg[25]/C
  -------------------------------------------------------------------    -------------------
    SLICE_X51Y93         FDRE (Prop_fdre_C_Q)         0.141     3.905 r  VexRiscv/memory_to_writeBack_PC_reg[25]/Q
                         net (fo=2, routed)           0.255     4.160    VexRiscv/dataCache_1/CsrPlugin_mepc_reg[31]_0[23]
    SLICE_X54Y93         LUT6 (Prop_lut6_I5_O)        0.045     4.205 r  VexRiscv/dataCache_1/CsrPlugin_mepc[25]_i_1/O
                         net (fo=1, routed)           0.000     4.205    VexRiscv/dataCache_1_n_82
    SLICE_X54Y93         FDRE                                         r  VexRiscv/CsrPlugin_mepc_reg[25]/D
  -------------------------------------------------------------------    -------------------

                         (clock soc_crg_clkout0 rise edge)
                                                      0.000     0.000 r  
    E3                                                0.000     0.000 r  clk100 (IN)
                         net (fo=0)                   0.000     0.000    clk100
    E3                   IBUF (Prop_ibuf_I_O)         0.438     0.438 r  clk100_IBUF_inst/O
                         net (fo=1, routed)           0.699     1.136    clk100_IBUF
    BUFGCTRL_X0Y16       BUFG (Prop_bufg_I_O)         0.029     1.165 r  clk100_IBUF_BUFG_inst/O
                         net (fo=1, routed)           0.976     2.142    clk100_IBUF_BUFG
    SLICE_X38Y39         LUT1 (Prop_lut1_I0_O)        0.056     2.198 r  clk100_inst/O
                         net (fo=9, routed)           0.945     3.142    soc_crg_clkin
    MMCME2_ADV_X0Y0      MMCME2_ADV (Prop_mmcme2_adv_CLKIN1_CLKOUT0)
                                                      0.053     3.195 r  MMCME2_ADV/CLKOUT0
                         net (fo=1, routed)           0.700     3.896    soc_crg_clkout0
    BUFGCTRL_X0Y0        BUFG (Prop_bufg_I_O)         0.029     3.925 r  BUFG/O
                         net (fo=3867, routed)        0.832     4.756    VexRiscv/stageB_flusher_counter_reg[0]
    SLICE_X54Y93         FDRE                                         r  VexRiscv/CsrPlugin_mepc_reg[25]/C
                         clock pessimism             -0.728     4.028    
    SLICE_X54Y93         FDRE (Hold_fdre_C_D)         0.121     4.149    VexRiscv/CsrPlugin_mepc_reg[25]
  -------------------------------------------------------------------
                         required time                         -4.149    
                         arrival time                           4.205    
  -------------------------------------------------------------------
                         slack                                  0.056    

Slack (MET) :             0.059ns  (arrival time - required time)
  Source:                 soc_basesoc_sdram_bankmachine4_cmd_buffer_lookahead_produce_reg[0]/C
                            (rising edge-triggered cell FDRE clocked by soc_crg_clkout0  {rise@0.000ns fall@6.667ns period=13.333ns})
  Destination:            storage_6_reg_0_7_6_11/RAMA/WADR0
                            (rising edge-triggered cell RAMD32 clocked by soc_crg_clkout0  {rise@0.000ns fall@6.667ns period=13.333ns})
  Path Group:             soc_crg_clkout0
  Path Type:              Hold (Min at Fast Process Corner)
  Requirement:            0.000ns  (soc_crg_clkout0 rise@0.000ns - soc_crg_clkout0 rise@0.000ns)
  Data Path Delay:        0.382ns  (logic 0.141ns (36.951%)  route 0.241ns (63.048%))
  Logic Levels:           0  
  Clock Path Skew:        0.013ns (DCD - SCD - CPR)
    Destination Clock Delay (DCD):    4.747ns
    Source Clock Delay      (SCD):    3.755ns
    Clock Pessimism Removal (CPR):    0.979ns

    Location             Delay type                Incr(ns)  Path(ns)    Netlist Resource(s)
  -------------------------------------------------------------------    -------------------
                         (clock soc_crg_clkout0 rise edge)
                                                      0.000     0.000 r  
    E3                                                0.000     0.000 r  clk100 (IN)
                         net (fo=0)                   0.000     0.000    clk100
    E3                   IBUF (Prop_ibuf_I_O)         0.250     0.250 r  clk100_IBUF_inst/O
                         net (fo=1, routed)           0.644     0.894    clk100_IBUF
    BUFGCTRL_X0Y16       BUFG (Prop_bufg_I_O)         0.026     0.920 r  clk100_IBUF_BUFG_inst/O
                         net (fo=1, routed)           0.691     1.611    clk100_IBUF_BUFG
    SLICE_X38Y39         LUT1 (Prop_lut1_I0_O)        0.045     1.656 r  clk100_inst/O
                         net (fo=9, routed)           0.822     2.477    soc_crg_clkin
    MMCME2_ADV_X0Y0      MMCME2_ADV (Prop_mmcme2_adv_CLKIN1_CLKOUT0)
                                                      0.050     2.527 r  MMCME2_ADV/CLKOUT0
                         net (fo=1, routed)           0.648     3.175    soc_crg_clkout0
    BUFGCTRL_X0Y0        BUFG (Prop_bufg_I_O)         0.026     3.201 r  BUFG/O
                         net (fo=3867, routed)        0.554     3.755    sys_clk
    SLICE_X71Y76         FDRE                                         r  soc_basesoc_sdram_bankmachine4_cmd_buffer_lookahead_produce_reg[0]/C
  -------------------------------------------------------------------    -------------------
    SLICE_X71Y76         FDRE (Prop_fdre_C_Q)         0.141     3.896 r  soc_basesoc_sdram_bankmachine4_cmd_buffer_lookahead_produce_reg[0]/Q
                         net (fo=35, routed)          0.241     4.136    storage_6_reg_0_7_6_11/ADDRD0
    SLICE_X70Y76         RAMD32                                       r  storage_6_reg_0_7_6_11/RAMA/WADR0
  -------------------------------------------------------------------    -------------------

                         (clock soc_crg_clkout0 rise edge)
                                                      0.000     0.000 r  
    E3                                                0.000     0.000 r  clk100 (IN)
                         net (fo=0)                   0.000     0.000    clk100
    E3                   IBUF (Prop_ibuf_I_O)         0.438     0.438 r  clk100_IBUF_inst/O
                         net (fo=1, routed)           0.699     1.136    clk100_IBUF
    BUFGCTRL_X0Y16       BUFG (Prop_bufg_I_O)         0.029     1.165 r  clk100_IBUF_BUFG_inst/O
                         net (fo=1, routed)           0.976     2.142    clk100_IBUF_BUFG
    SLICE_X38Y39         LUT1 (Prop_lut1_I0_O)        0.056     2.198 r  clk100_inst/O
                         net (fo=9, routed)           0.945     3.142    soc_crg_clkin
    MMCME2_ADV_X0Y0      MMCME2_ADV (Prop_mmcme2_adv_CLKIN1_CLKOUT0)
                                                      0.053     3.195 r  MMCME2_ADV/CLKOUT0
                         net (fo=1, routed)           0.700     3.896    soc_crg_clkout0
    BUFGCTRL_X0Y0        BUFG (Prop_bufg_I_O)         0.029     3.925 r  BUFG/O
                         net (fo=3867, routed)        0.823     4.747    storage_6_reg_0_7_6_11/WCLK
    SLICE_X70Y76         RAMD32                                       r  storage_6_reg_0_7_6_11/RAMA/CLK
                         clock pessimism             -0.979     3.768    
    SLICE_X70Y76         RAMD32 (Hold_ramd32_CLK_WADR0)
                                                      0.310     4.078    storage_6_reg_0_7_6_11/RAMA
  -------------------------------------------------------------------
                         required time                         -4.078    
                         arrival time                           4.136    
  -------------------------------------------------------------------
                         slack                                  0.059    

Slack (MET) :             0.059ns  (arrival time - required time)
  Source:                 soc_basesoc_sdram_bankmachine4_cmd_buffer_lookahead_produce_reg[0]/C
                            (rising edge-triggered cell FDRE clocked by soc_crg_clkout0  {rise@0.000ns fall@6.667ns period=13.333ns})
  Destination:            storage_6_reg_0_7_6_11/RAMA_D1/WADR0
                            (rising edge-triggered cell RAMD32 clocked by soc_crg_clkout0  {rise@0.000ns fall@6.667ns period=13.333ns})
  Path Group:             soc_crg_clkout0
  Path Type:              Hold (Min at Fast Process Corner)
  Requirement:            0.000ns  (soc_crg_clkout0 rise@0.000ns - soc_crg_clkout0 rise@0.000ns)
  Data Path Delay:        0.382ns  (logic 0.141ns (36.951%)  route 0.241ns (63.048%))
  Logic Levels:           0  
  Clock Path Skew:        0.013ns (DCD - SCD - CPR)
    Destination Clock Delay (DCD):    4.747ns
    Source Clock Delay      (SCD):    3.755ns
    Clock Pessimism Removal (CPR):    0.979ns

    Location             Delay type                Incr(ns)  Path(ns)    Netlist Resource(s)
  -------------------------------------------------------------------    -------------------
                         (clock soc_crg_clkout0 rise edge)
                                                      0.000     0.000 r  
    E3                                                0.000     0.000 r  clk100 (IN)
                         net (fo=0)                   0.000     0.000    clk100
    E3                   IBUF (Prop_ibuf_I_O)         0.250     0.250 r  clk100_IBUF_inst/O
                         net (fo=1, routed)           0.644     0.894    clk100_IBUF
    BUFGCTRL_X0Y16       BUFG (Prop_bufg_I_O)         0.026     0.920 r  clk100_IBUF_BUFG_inst/O
                         net (fo=1, routed)           0.691     1.611    clk100_IBUF_BUFG
    SLICE_X38Y39         LUT1 (Prop_lut1_I0_O)        0.045     1.656 r  clk100_inst/O
                         net (fo=9, routed)           0.822     2.477    soc_crg_clkin
    MMCME2_ADV_X0Y0      MMCME2_ADV (Prop_mmcme2_adv_CLKIN1_CLKOUT0)
                                                      0.050     2.527 r  MMCME2_ADV/CLKOUT0
                         net (fo=1, routed)           0.648     3.175    soc_crg_clkout0
    BUFGCTRL_X0Y0        BUFG (Prop_bufg_I_O)         0.026     3.201 r  BUFG/O
                         net (fo=3867, routed)        0.554     3.755    sys_clk
    SLICE_X71Y76         FDRE                                         r  soc_basesoc_sdram_bankmachine4_cmd_buffer_lookahead_produce_reg[0]/C
  -------------------------------------------------------------------    -------------------
    SLICE_X71Y76         FDRE (Prop_fdre_C_Q)         0.141     3.896 r  soc_basesoc_sdram_bankmachine4_cmd_buffer_lookahead_produce_reg[0]/Q
                         net (fo=35, routed)          0.241     4.136    storage_6_reg_0_7_6_11/ADDRD0
    SLICE_X70Y76         RAMD32                                       r  storage_6_reg_0_7_6_11/RAMA_D1/WADR0
  -------------------------------------------------------------------    -------------------

                         (clock soc_crg_clkout0 rise edge)
                                                      0.000     0.000 r  
    E3                                                0.000     0.000 r  clk100 (IN)
                         net (fo=0)                   0.000     0.000    clk100
    E3                   IBUF (Prop_ibuf_I_O)         0.438     0.438 r  clk100_IBUF_inst/O
                         net (fo=1, routed)           0.699     1.136    clk100_IBUF
    BUFGCTRL_X0Y16       BUFG (Prop_bufg_I_O)         0.029     1.165 r  clk100_IBUF_BUFG_inst/O
                         net (fo=1, routed)           0.976     2.142    clk100_IBUF_BUFG
    SLICE_X38Y39         LUT1 (Prop_lut1_I0_O)        0.056     2.198 r  clk100_inst/O
                         net (fo=9, routed)           0.945     3.142    soc_crg_clkin
    MMCME2_ADV_X0Y0      MMCME2_ADV (Prop_mmcme2_adv_CLKIN1_CLKOUT0)
                                                      0.053     3.195 r  MMCME2_ADV/CLKOUT0
                         net (fo=1, routed)           0.700     3.896    soc_crg_clkout0
    BUFGCTRL_X0Y0        BUFG (Prop_bufg_I_O)         0.029     3.925 r  BUFG/O
                         net (fo=3867, routed)        0.823     4.747    storage_6_reg_0_7_6_11/WCLK
    SLICE_X70Y76         RAMD32                                       r  storage_6_reg_0_7_6_11/RAMA_D1/CLK
                         clock pessimism             -0.979     3.768    
    SLICE_X70Y76         RAMD32 (Hold_ramd32_CLK_WADR0)
                                                      0.310     4.078    storage_6_reg_0_7_6_11/RAMA_D1
  -------------------------------------------------------------------
                         required time                         -4.078    
                         arrival time                           4.136    
  -------------------------------------------------------------------
                         slack                                  0.059    





Pulse Width Checks
--------------------------------------------------------------------------------------
Clock Name:         soc_crg_clkout0
Waveform(ns):       { 0.000 6.667 }
Period(ns):         13.333
Sources:            { MMCME2_ADV/CLKOUT0 }

Check Type        Corner  Lib Pin             Reference Pin  Required(ns)  Actual(ns)  Slack(ns)  Location         Pin
Min Period        n/a     RAMB18E1/CLKARDCLK  n/a            2.944         13.333      10.389     RAMB18_X1Y36     VexRiscv/RegFilePlugin_regFile_reg_1/CLKARDCLK
Min Period        n/a     RAMB18E1/CLKBWRCLK  n/a            2.944         13.333      10.389     RAMB18_X1Y36     VexRiscv/RegFilePlugin_regFile_reg_1/CLKBWRCLK
Min Period        n/a     RAMB18E1/CLKARDCLK  n/a            2.944         13.333      10.389     RAMB18_X1Y37     VexRiscv/RegFilePlugin_regFile_reg_2/CLKARDCLK
Min Period        n/a     RAMB18E1/CLKBWRCLK  n/a            2.944         13.333      10.389     RAMB18_X1Y37     VexRiscv/RegFilePlugin_regFile_reg_2/CLKBWRCLK
Min Period        n/a     RAMB36E1/CLKARDCLK  n/a            2.944         13.333      10.389     RAMB36_X1Y15     VexRiscv/IBusCachedPlugin_cache/banks_0_reg/CLKARDCLK
Min Period        n/a     RAMB18E1/CLKARDCLK  n/a            2.944         13.333      10.389     RAMB18_X1Y34     VexRiscv/IBusCachedPlugin_cache/ways_0_tags_reg/CLKARDCLK
Min Period        n/a     RAMB18E1/CLKBWRCLK  n/a            2.944         13.333      10.389     RAMB18_X1Y34     VexRiscv/IBusCachedPlugin_cache/ways_0_tags_reg/CLKBWRCLK
Min Period        n/a     RAMB18E1/CLKARDCLK  n/a            2.944         13.333      10.389     RAMB18_X0Y30     VexRiscv/dataCache_1/ways_0_data_symbol0_reg/CLKARDCLK
Min Period        n/a     RAMB18E1/CLKARDCLK  n/a            2.944         13.333      10.389     RAMB18_X0Y31     VexRiscv/dataCache_1/ways_0_data_symbol1_reg/CLKARDCLK
Min Period        n/a     RAMB18E1/CLKARDCLK  n/a            2.944         13.333      10.389     RAMB18_X0Y28     VexRiscv/dataCache_1/ways_0_data_symbol2_reg/CLKARDCLK
Max Period        n/a     MMCME2_ADV/CLKOUT0  n/a            213.360       13.333      200.027    MMCME2_ADV_X0Y0  MMCME2_ADV/CLKOUT0
Low Pulse Width   Slow    RAMD32/CLK          n/a            1.250         6.667       5.417      SLICE_X70Y56     storage_1_reg_0_15_0_5/RAMA/CLK
Low Pulse Width   Fast    RAMD32/CLK          n/a            1.250         6.667       5.417      SLICE_X70Y56     storage_1_reg_0_15_0_5/RAMA/CLK
Low Pulse Width   Slow    RAMD32/CLK          n/a            1.250         6.667       5.417      SLICE_X70Y56     storage_1_reg_0_15_0_5/RAMA_D1/CLK
Low Pulse Width   Fast    RAMD32/CLK          n/a            1.250         6.667       5.417      SLICE_X70Y56     storage_1_reg_0_15_0_5/RAMA_D1/CLK
Low Pulse Width   Slow    RAMD32/CLK          n/a            1.250         6.667       5.417      SLICE_X70Y56     storage_1_reg_0_15_0_5/RAMB/CLK
Low Pulse Width   Fast    RAMD32/CLK          n/a            1.250         6.667       5.417      SLICE_X70Y56     storage_1_reg_0_15_0_5/RAMB/CLK
Low Pulse Width   Slow    RAMD32/CLK          n/a            1.250         6.667       5.417      SLICE_X70Y56     storage_1_reg_0_15_0_5/RAMB_D1/CLK
Low Pulse Width   Fast    RAMD32/CLK          n/a            1.250         6.667       5.417      SLICE_X70Y56     storage_1_reg_0_15_0_5/RAMB_D1/CLK
Low Pulse Width   Slow    RAMD32/CLK          n/a            1.250         6.667       5.417      SLICE_X70Y56     storage_1_reg_0_15_0_5/RAMC/CLK
Low Pulse Width   Fast    RAMD32/CLK          n/a            1.250         6.667       5.417      SLICE_X70Y56     storage_1_reg_0_15_0_5/RAMC/CLK
High Pulse Width  Slow    RAMD32/CLK          n/a            1.250         6.667       5.417      SLICE_X70Y56     storage_1_reg_0_15_0_5/RAMA/CLK
High Pulse Width  Fast    RAMD32/CLK          n/a            1.250         6.667       5.417      SLICE_X70Y56     storage_1_reg_0_15_0_5/RAMA/CLK
High Pulse Width  Slow    RAMD32/CLK          n/a            1.250         6.667       5.417      SLICE_X70Y56     storage_1_reg_0_15_0_5/RAMA_D1/CLK
High Pulse Width  Fast    RAMD32/CLK          n/a            1.250         6.667       5.417      SLICE_X70Y56     storage_1_reg_0_15_0_5/RAMA_D1/CLK
High Pulse Width  Slow    RAMD32/CLK          n/a            1.250         6.667       5.417      SLICE_X70Y56     storage_1_reg_0_15_0_5/RAMB/CLK
High Pulse Width  Fast    RAMD32/CLK          n/a            1.250         6.667       5.417      SLICE_X70Y56     storage_1_reg_0_15_0_5/RAMB/CLK
High Pulse Width  Slow    RAMD32/CLK          n/a            1.250         6.667       5.417      SLICE_X70Y56     storage_1_reg_0_15_0_5/RAMB_D1/CLK
High Pulse Width  Fast    RAMD32/CLK          n/a            1.250         6.667       5.417      SLICE_X70Y56     storage_1_reg_0_15_0_5/RAMB_D1/CLK
High Pulse Width  Slow    RAMD32/CLK          n/a            1.250         6.667       5.417      SLICE_X70Y56     storage_1_reg_0_15_0_5/RAMC/CLK
High Pulse Width  Fast    RAMD32/CLK          n/a            1.250         6.667       5.417      SLICE_X70Y56     storage_1_reg_0_15_0_5/RAMC/CLK



---------------------------------------------------------------------------------------------------
From Clock:  soc_crg_clkout1
  To Clock:  soc_crg_clkout1

Setup :           NA  Failing Endpoints,  Worst Slack           NA  ,  Total Violation           NA
Hold  :           NA  Failing Endpoints,  Worst Slack           NA  ,  Total Violation           NA
PW    :            0  Failing Endpoints,  Worst Slack        4.511ns,  Total Violation        0.000ns
---------------------------------------------------------------------------------------------------


Pulse Width Checks
--------------------------------------------------------------------------------------
Clock Name:         soc_crg_clkout1
Waveform(ns):       { 0.000 3.333 }
Period(ns):         6.667
Sources:            { MMCME2_ADV/CLKOUT1 }

Check Type  Corner  Lib Pin             Reference Pin  Required(ns)  Actual(ns)  Slack(ns)  Location         Pin
Min Period  n/a     BUFG/I              n/a            2.155         6.667       4.511      BUFGCTRL_X0Y1    BUFG_1/I
Min Period  n/a     ISERDESE2/CLK       n/a            1.667         6.667       5.000      ILOGIC_X1Y54     ISERDESE2/CLK
Min Period  n/a     ISERDESE2/CLKB      n/a            1.667         6.667       5.000      ILOGIC_X1Y54     ISERDESE2/CLKB
Min Period  n/a     ISERDESE2/CLK       n/a            1.667         6.667       5.000      ILOGIC_X1Y59     ISERDESE2_1/CLK
Min Period  n/a     ISERDESE2/CLKB      n/a            1.667         6.667       5.000      ILOGIC_X1Y59     ISERDESE2_1/CLKB
Min Period  n/a     ISERDESE2/CLK       n/a            1.667         6.667       5.000      ILOGIC_X1Y80     ISERDESE2_10/CLK
Min Period  n/a     ISERDESE2/CLKB      n/a            1.667         6.667       5.000      ILOGIC_X1Y80     ISERDESE2_10/CLKB
Min Period  n/a     ISERDESE2/CLK       n/a            1.667         6.667       5.000      ILOGIC_X1Y84     ISERDESE2_11/CLK
Min Period  n/a     ISERDESE2/CLKB      n/a            1.667         6.667       5.000      ILOGIC_X1Y84     ISERDESE2_11/CLKB
Min Period  n/a     ISERDESE2/CLK       n/a            1.667         6.667       5.000      ILOGIC_X1Y79     ISERDESE2_12/CLK
Max Period  n/a     MMCME2_ADV/CLKOUT1  n/a            213.360       6.667       206.693    MMCME2_ADV_X0Y0  MMCME2_ADV/CLKOUT1



---------------------------------------------------------------------------------------------------
From Clock:  soc_crg_clkout2
  To Clock:  soc_crg_clkout2

Setup :           NA  Failing Endpoints,  Worst Slack           NA  ,  Total Violation           NA
Hold  :           NA  Failing Endpoints,  Worst Slack           NA  ,  Total Violation           NA
PW    :            0  Failing Endpoints,  Worst Slack        4.511ns,  Total Violation        0.000ns
---------------------------------------------------------------------------------------------------


Pulse Width Checks
--------------------------------------------------------------------------------------
Clock Name:         soc_crg_clkout2
Waveform(ns):       { 1.667 5.000 }
Period(ns):         6.667
Sources:            { MMCME2_ADV/CLKOUT2 }

Check Type  Corner  Lib Pin             Reference Pin  Required(ns)  Actual(ns)  Slack(ns)  Location         Pin
Min Period  n/a     BUFG/I              n/a            2.155         6.667       4.511      BUFGCTRL_X0Y3    BUFG_2/I
Min Period  n/a     OSERDESE2/CLK       n/a            1.667         6.667       5.000      OLOGIC_X1Y58     OSERDESE2_23/CLK
Min Period  n/a     OSERDESE2/CLK       n/a            1.667         6.667       5.000      OLOGIC_X1Y82     OSERDESE2_24/CLK
Min Period  n/a     MMCME2_ADV/CLKOUT2  n/a            1.249         6.667       5.418      MMCME2_ADV_X0Y0  MMCME2_ADV/CLKOUT2
Max Period  n/a     MMCME2_ADV/CLKOUT2  n/a            213.360       6.667       206.693    MMCME2_ADV_X0Y0  MMCME2_ADV/CLKOUT2



---------------------------------------------------------------------------------------------------
From Clock:  soc_crg_clkout3
  To Clock:  soc_crg_clkout3

Setup :            0  Failing Endpoints,  Worst Slack        1.246ns,  Total Violation        0.000ns
Hold  :            0  Failing Endpoints,  Worst Slack        0.122ns,  Total Violation        0.000ns
PW    :            0  Failing Endpoints,  Worst Slack        0.264ns,  Total Violation        0.000ns
---------------------------------------------------------------------------------------------------


Max Delay Paths
--------------------------------------------------------------------------------------
Slack (MET) :             1.246ns  (required time - arrival time)
  Source:                 FDPE_6/C
                            (rising edge-triggered cell FDPE clocked by soc_crg_clkout3  {rise@0.000ns fall@2.500ns period=5.000ns})
  Destination:            FDPE_7/D
                            (rising edge-triggered cell FDPE clocked by soc_crg_clkout3  {rise@0.000ns fall@2.500ns period=5.000ns})
  Path Group:             soc_crg_clkout3
  Path Type:              Setup (Max at Slow Process Corner)
  Requirement:            2.000ns  (MaxDelay Path 2.000ns)
  Data Path Delay:        0.646ns  (logic 0.456ns (70.599%)  route 0.190ns (29.401%))
  Logic Levels:           0  
  Clock Path Skew:        0.000ns (DCD - SCD + CPR)
    Destination Clock Delay (DCD):    10.621ns
    Source Clock Delay      (SCD):    11.486ns
    Clock Pessimism Removal (CPR):    0.865ns
  Clock Uncertainty:      0.061ns  ((TSJ^2 + DJ^2)^1/2) / 2 + PE
    Total System Jitter     (TSJ):    0.071ns
    Discrete Jitter          (DJ):    0.100ns
    Phase Error              (PE):    0.000ns
  Timing Exception:       MaxDelay Path 2.000ns

    Location             Delay type                Incr(ns)  Path(ns)    Netlist Resource(s)
  -------------------------------------------------------------------    -------------------
                         (clock soc_crg_clkout3 rise edge)
                                                      0.000     0.000 r  
    E3                                                0.000     0.000 r  clk100 (IN)
                         net (fo=0)                   0.000     0.000    clk100
    E3                   IBUF (Prop_ibuf_I_O)         1.482     1.482 r  clk100_IBUF_inst/O
                         net (fo=1, routed)           2.025     3.506    clk100_IBUF
    BUFGCTRL_X0Y16       BUFG (Prop_bufg_I_O)         0.096     3.602 r  clk100_IBUF_BUFG_inst/O
                         net (fo=1, routed)           1.972     5.574    clk100_IBUF_BUFG
    SLICE_X38Y39         LUT1 (Prop_lut1_I0_O)        0.124     5.698 r  clk100_inst/O
                         net (fo=9, routed)           1.887     7.585    soc_crg_clkin
    MMCME2_ADV_X0Y0      MMCME2_ADV (Prop_mmcme2_adv_CLKIN1_CLKOUT3)
                                                      0.088     7.673 r  MMCME2_ADV/CLKOUT3
                         net (fo=1, routed)           2.018     9.692    soc_crg_clkout3
    BUFGCTRL_X0Y2        BUFG (Prop_bufg_I_O)         0.096     9.788 r  BUFG_3/O
                         net (fo=8, routed)           1.698    11.486    idelay_clk
    SLICE_X75Y77         FDPE                                         r  FDPE_6/C
  -------------------------------------------------------------------    -------------------
    SLICE_X75Y77         FDPE (Prop_fdpe_C_Q)         0.456    11.942 r  FDPE_6/Q
                         net (fo=1, routed)           0.190    12.132    soc_builder_xilinxasyncresetsynchronizerimpl3_rst_meta
    SLICE_X75Y77         FDPE                                         r  FDPE_7/D
  -------------------------------------------------------------------    -------------------

                         max delay                    2.000     2.000    
    E3                                                0.000     2.000 r  clk100 (IN)
                         net (fo=0)                   0.000     2.000    clk100
    E3                   IBUF (Prop_ibuf_I_O)         1.411     3.411 r  clk100_IBUF_inst/O
                         net (fo=1, routed)           1.920     5.331    clk100_IBUF
    BUFGCTRL_X0Y16       BUFG (Prop_bufg_I_O)         0.091     5.422 r  clk100_IBUF_BUFG_inst/O
                         net (fo=1, routed)           1.809     7.231    clk100_IBUF_BUFG
    SLICE_X38Y39         LUT1 (Prop_lut1_I0_O)        0.100     7.331 r  clk100_inst/O
                         net (fo=9, routed)           1.613     8.944    soc_crg_clkin
    MMCME2_ADV_X0Y0      MMCME2_ADV (Prop_mmcme2_adv_CLKIN1_CLKOUT3)
                                                      0.083     9.027 r  MMCME2_ADV/CLKOUT3
                         net (fo=1, routed)           1.923    10.950    soc_crg_clkout3
    BUFGCTRL_X0Y2        BUFG (Prop_bufg_I_O)         0.091    11.041 r  BUFG_3/O
                         net (fo=8, routed)           1.580    12.621    idelay_clk
    SLICE_X75Y77         FDPE                                         r  FDPE_7/C
                         clock pessimism              0.865    13.486    
                         clock uncertainty           -0.061    13.425    
    SLICE_X75Y77         FDPE (Setup_fdpe_C_D)       -0.047    13.378    FDPE_7
  -------------------------------------------------------------------
                         required time                         13.378    
                         arrival time                         -12.132    
  -------------------------------------------------------------------
                         slack                                  1.246    

Slack (MET) :             2.897ns  (required time - arrival time)
  Source:                 soc_crg_reset_counter_reg[2]/C
                            (rising edge-triggered cell FDSE clocked by soc_crg_clkout3  {rise@0.000ns fall@2.500ns period=5.000ns})
  Destination:            soc_crg_ic_reset_reg/D
                            (rising edge-triggered cell FDRE clocked by soc_crg_clkout3  {rise@0.000ns fall@2.500ns period=5.000ns})
  Path Group:             soc_crg_clkout3
  Path Type:              Setup (Max at Slow Process Corner)
  Requirement:            5.000ns  (soc_crg_clkout3 rise@5.000ns - soc_crg_clkout3 rise@0.000ns)
  Data Path Delay:        2.094ns  (logic 0.766ns (36.581%)  route 1.328ns (63.419%))
  Logic Levels:           2  (LUT3=1 LUT4=1)
  Clock Path Skew:        -0.025ns (DCD - SCD + CPR)
    Destination Clock Delay (DCD):    10.627ns = ( 15.627 - 5.000 ) 
    Source Clock Delay      (SCD):    11.496ns
    Clock Pessimism Removal (CPR):    0.844ns
  Clock Uncertainty:      0.061ns  ((TSJ^2 + DJ^2)^1/2) / 2 + PE
    Total System Jitter     (TSJ):    0.071ns
    Discrete Jitter          (DJ):    0.100ns
    Phase Error              (PE):    0.000ns

    Location             Delay type                Incr(ns)  Path(ns)    Netlist Resource(s)
  -------------------------------------------------------------------    -------------------
                         (clock soc_crg_clkout3 rise edge)
                                                      0.000     0.000 r  
    E3                                                0.000     0.000 r  clk100 (IN)
                         net (fo=0)                   0.000     0.000    clk100
    E3                   IBUF (Prop_ibuf_I_O)         1.482     1.482 r  clk100_IBUF_inst/O
                         net (fo=1, routed)           2.025     3.506    clk100_IBUF
    BUFGCTRL_X0Y16       BUFG (Prop_bufg_I_O)         0.096     3.602 r  clk100_IBUF_BUFG_inst/O
                         net (fo=1, routed)           1.972     5.574    clk100_IBUF_BUFG
    SLICE_X38Y39         LUT1 (Prop_lut1_I0_O)        0.124     5.698 r  clk100_inst/O
                         net (fo=9, routed)           1.887     7.585    soc_crg_clkin
    MMCME2_ADV_X0Y0      MMCME2_ADV (Prop_mmcme2_adv_CLKIN1_CLKOUT3)
                                                      0.088     7.673 r  MMCME2_ADV/CLKOUT3
                         net (fo=1, routed)           2.018     9.692    soc_crg_clkout3
    BUFGCTRL_X0Y2        BUFG (Prop_bufg_I_O)         0.096     9.788 r  BUFG_3/O
                         net (fo=8, routed)           1.708    11.496    idelay_clk
    SLICE_X78Y81         FDSE                                         r  soc_crg_reset_counter_reg[2]/C
  -------------------------------------------------------------------    -------------------
    SLICE_X78Y81         FDSE (Prop_fdse_C_Q)         0.518    12.014 r  soc_crg_reset_counter_reg[2]/Q
                         net (fo=3, routed)           0.870    12.884    soc_crg_reset_counter[2]
    SLICE_X78Y81         LUT4 (Prop_lut4_I2_O)        0.124    13.008 r  soc_crg_reset_counter[3]_i_1/O
                         net (fo=5, routed)           0.458    13.466    soc_crg_reset_counter[3]_i_1_n_0
    SLICE_X78Y79         LUT3 (Prop_lut3_I0_O)        0.124    13.590 r  soc_crg_ic_reset_i_1/O
                         net (fo=1, routed)           0.000    13.590    soc_crg_ic_reset_i_1_n_0
    SLICE_X78Y79         FDRE                                         r  soc_crg_ic_reset_reg/D
  -------------------------------------------------------------------    -------------------

                         (clock soc_crg_clkout3 rise edge)
                                                      5.000     5.000 r  
    E3                                                0.000     5.000 r  clk100 (IN)
                         net (fo=0)                   0.000     5.000    clk100
    E3                   IBUF (Prop_ibuf_I_O)         1.411     6.411 r  clk100_IBUF_inst/O
                         net (fo=1, routed)           1.920     8.331    clk100_IBUF
    BUFGCTRL_X0Y16       BUFG (Prop_bufg_I_O)         0.091     8.422 r  clk100_IBUF_BUFG_inst/O
                         net (fo=1, routed)           1.809    10.231    clk100_IBUF_BUFG
    SLICE_X38Y39         LUT1 (Prop_lut1_I0_O)        0.100    10.331 r  clk100_inst/O
                         net (fo=9, routed)           1.613    11.944    soc_crg_clkin
    MMCME2_ADV_X0Y0      MMCME2_ADV (Prop_mmcme2_adv_CLKIN1_CLKOUT3)
                                                      0.083    12.027 r  MMCME2_ADV/CLKOUT3
                         net (fo=1, routed)           1.923    13.950    soc_crg_clkout3
    BUFGCTRL_X0Y2        BUFG (Prop_bufg_I_O)         0.091    14.041 r  BUFG_3/O
                         net (fo=8, routed)           1.586    15.627    idelay_clk
    SLICE_X78Y79         FDRE                                         r  soc_crg_ic_reset_reg/C
                         clock pessimism              0.844    16.471    
                         clock uncertainty           -0.061    16.410    
    SLICE_X78Y79         FDRE (Setup_fdre_C_D)        0.077    16.487    soc_crg_ic_reset_reg
  -------------------------------------------------------------------
                         required time                         16.487    
                         arrival time                         -13.590    
  -------------------------------------------------------------------
                         slack                                  2.897    

Slack (MET) :             2.984ns  (required time - arrival time)
  Source:                 FDPE_7/C
                            (rising edge-triggered cell FDPE clocked by soc_crg_clkout3  {rise@0.000ns fall@2.500ns period=5.000ns})
  Destination:            soc_crg_reset_counter_reg[0]/S
                            (rising edge-triggered cell FDSE clocked by soc_crg_clkout3  {rise@0.000ns fall@2.500ns period=5.000ns})
  Path Group:             soc_crg_clkout3
  Path Type:              Setup (Max at Slow Process Corner)
  Requirement:            5.000ns  (soc_crg_clkout3 rise@5.000ns - soc_crg_clkout3 rise@0.000ns)
  Data Path Delay:        1.225ns  (logic 0.419ns (34.210%)  route 0.806ns (65.790%))
  Logic Levels:           0  
  Clock Path Skew:        -0.031ns (DCD - SCD + CPR)
    Destination Clock Delay (DCD):    10.628ns = ( 15.628 - 5.000 ) 
    Source Clock Delay      (SCD):    11.486ns
    Clock Pessimism Removal (CPR):    0.827ns
  Clock Uncertainty:      0.061ns  ((TSJ^2 + DJ^2)^1/2) / 2 + PE
    Total System Jitter     (TSJ):    0.071ns
    Discrete Jitter          (DJ):    0.100ns
    Phase Error              (PE):    0.000ns

    Location             Delay type                Incr(ns)  Path(ns)    Netlist Resource(s)
  -------------------------------------------------------------------    -------------------
                         (clock soc_crg_clkout3 rise edge)
                                                      0.000     0.000 r  
    E3                                                0.000     0.000 r  clk100 (IN)
                         net (fo=0)                   0.000     0.000    clk100
    E3                   IBUF (Prop_ibuf_I_O)         1.482     1.482 r  clk100_IBUF_inst/O
                         net (fo=1, routed)           2.025     3.506    clk100_IBUF
    BUFGCTRL_X0Y16       BUFG (Prop_bufg_I_O)         0.096     3.602 r  clk100_IBUF_BUFG_inst/O
                         net (fo=1, routed)           1.972     5.574    clk100_IBUF_BUFG
    SLICE_X38Y39         LUT1 (Prop_lut1_I0_O)        0.124     5.698 r  clk100_inst/O
                         net (fo=9, routed)           1.887     7.585    soc_crg_clkin
    MMCME2_ADV_X0Y0      MMCME2_ADV (Prop_mmcme2_adv_CLKIN1_CLKOUT3)
                                                      0.088     7.673 r  MMCME2_ADV/CLKOUT3
                         net (fo=1, routed)           2.018     9.692    soc_crg_clkout3
    BUFGCTRL_X0Y2        BUFG (Prop_bufg_I_O)         0.096     9.788 r  BUFG_3/O
                         net (fo=8, routed)           1.698    11.486    idelay_clk
    SLICE_X75Y77         FDPE                                         r  FDPE_7/C
  -------------------------------------------------------------------    -------------------
    SLICE_X75Y77         FDPE (Prop_fdpe_C_Q)         0.419    11.905 r  FDPE_7/Q
                         net (fo=5, routed)           0.806    12.711    idelay_rst
    SLICE_X78Y81         FDSE                                         r  soc_crg_reset_counter_reg[0]/S
  -------------------------------------------------------------------    -------------------

                         (clock soc_crg_clkout3 rise edge)
                                                      5.000     5.000 r  
    E3                                                0.000     5.000 r  clk100 (IN)
                         net (fo=0)                   0.000     5.000    clk100
    E3                   IBUF (Prop_ibuf_I_O)         1.411     6.411 r  clk100_IBUF_inst/O
                         net (fo=1, routed)           1.920     8.331    clk100_IBUF
    BUFGCTRL_X0Y16       BUFG (Prop_bufg_I_O)         0.091     8.422 r  clk100_IBUF_BUFG_inst/O
                         net (fo=1, routed)           1.809    10.231    clk100_IBUF_BUFG
    SLICE_X38Y39         LUT1 (Prop_lut1_I0_O)        0.100    10.331 r  clk100_inst/O
                         net (fo=9, routed)           1.613    11.944    soc_crg_clkin
    MMCME2_ADV_X0Y0      MMCME2_ADV (Prop_mmcme2_adv_CLKIN1_CLKOUT3)
                                                      0.083    12.027 r  MMCME2_ADV/CLKOUT3
                         net (fo=1, routed)           1.923    13.950    soc_crg_clkout3
    BUFGCTRL_X0Y2        BUFG (Prop_bufg_I_O)         0.091    14.041 r  BUFG_3/O
                         net (fo=8, routed)           1.587    15.628    idelay_clk
    SLICE_X78Y81         FDSE                                         r  soc_crg_reset_counter_reg[0]/C
                         clock pessimism              0.827    16.455    
                         clock uncertainty           -0.061    16.394    
    SLICE_X78Y81         FDSE (Setup_fdse_C_S)       -0.699    15.695    soc_crg_reset_counter_reg[0]
  -------------------------------------------------------------------
                         required time                         15.695    
                         arrival time                         -12.711    
  -------------------------------------------------------------------
                         slack                                  2.984    

Slack (MET) :             2.984ns  (required time - arrival time)
  Source:                 FDPE_7/C
                            (rising edge-triggered cell FDPE clocked by soc_crg_clkout3  {rise@0.000ns fall@2.500ns period=5.000ns})
  Destination:            soc_crg_reset_counter_reg[1]/S
                            (rising edge-triggered cell FDSE clocked by soc_crg_clkout3  {rise@0.000ns fall@2.500ns period=5.000ns})
  Path Group:             soc_crg_clkout3
  Path Type:              Setup (Max at Slow Process Corner)
  Requirement:            5.000ns  (soc_crg_clkout3 rise@5.000ns - soc_crg_clkout3 rise@0.000ns)
  Data Path Delay:        1.225ns  (logic 0.419ns (34.210%)  route 0.806ns (65.790%))
  Logic Levels:           0  
  Clock Path Skew:        -0.031ns (DCD - SCD + CPR)
    Destination Clock Delay (DCD):    10.628ns = ( 15.628 - 5.000 ) 
    Source Clock Delay      (SCD):    11.486ns
    Clock Pessimism Removal (CPR):    0.827ns
  Clock Uncertainty:      0.061ns  ((TSJ^2 + DJ^2)^1/2) / 2 + PE
    Total System Jitter     (TSJ):    0.071ns
    Discrete Jitter          (DJ):    0.100ns
    Phase Error              (PE):    0.000ns

    Location             Delay type                Incr(ns)  Path(ns)    Netlist Resource(s)
  -------------------------------------------------------------------    -------------------
                         (clock soc_crg_clkout3 rise edge)
                                                      0.000     0.000 r  
    E3                                                0.000     0.000 r  clk100 (IN)
                         net (fo=0)                   0.000     0.000    clk100
    E3                   IBUF (Prop_ibuf_I_O)         1.482     1.482 r  clk100_IBUF_inst/O
                         net (fo=1, routed)           2.025     3.506    clk100_IBUF
    BUFGCTRL_X0Y16       BUFG (Prop_bufg_I_O)         0.096     3.602 r  clk100_IBUF_BUFG_inst/O
                         net (fo=1, routed)           1.972     5.574    clk100_IBUF_BUFG
    SLICE_X38Y39         LUT1 (Prop_lut1_I0_O)        0.124     5.698 r  clk100_inst/O
                         net (fo=9, routed)           1.887     7.585    soc_crg_clkin
    MMCME2_ADV_X0Y0      MMCME2_ADV (Prop_mmcme2_adv_CLKIN1_CLKOUT3)
                                                      0.088     7.673 r  MMCME2_ADV/CLKOUT3
                         net (fo=1, routed)           2.018     9.692    soc_crg_clkout3
    BUFGCTRL_X0Y2        BUFG (Prop_bufg_I_O)         0.096     9.788 r  BUFG_3/O
                         net (fo=8, routed)           1.698    11.486    idelay_clk
    SLICE_X75Y77         FDPE                                         r  FDPE_7/C
  -------------------------------------------------------------------    -------------------
    SLICE_X75Y77         FDPE (Prop_fdpe_C_Q)         0.419    11.905 r  FDPE_7/Q
                         net (fo=5, routed)           0.806    12.711    idelay_rst
    SLICE_X78Y81         FDSE                                         r  soc_crg_reset_counter_reg[1]/S
  -------------------------------------------------------------------    -------------------

                         (clock soc_crg_clkout3 rise edge)
                                                      5.000     5.000 r  
    E3                                                0.000     5.000 r  clk100 (IN)
                         net (fo=0)                   0.000     5.000    clk100
    E3                   IBUF (Prop_ibuf_I_O)         1.411     6.411 r  clk100_IBUF_inst/O
                         net (fo=1, routed)           1.920     8.331    clk100_IBUF
    BUFGCTRL_X0Y16       BUFG (Prop_bufg_I_O)         0.091     8.422 r  clk100_IBUF_BUFG_inst/O
                         net (fo=1, routed)           1.809    10.231    clk100_IBUF_BUFG
    SLICE_X38Y39         LUT1 (Prop_lut1_I0_O)        0.100    10.331 r  clk100_inst/O
                         net (fo=9, routed)           1.613    11.944    soc_crg_clkin
    MMCME2_ADV_X0Y0      MMCME2_ADV (Prop_mmcme2_adv_CLKIN1_CLKOUT3)
                                                      0.083    12.027 r  MMCME2_ADV/CLKOUT3
                         net (fo=1, routed)           1.923    13.950    soc_crg_clkout3
    BUFGCTRL_X0Y2        BUFG (Prop_bufg_I_O)         0.091    14.041 r  BUFG_3/O
                         net (fo=8, routed)           1.587    15.628    idelay_clk
    SLICE_X78Y81         FDSE                                         r  soc_crg_reset_counter_reg[1]/C
                         clock pessimism              0.827    16.455    
                         clock uncertainty           -0.061    16.394    
    SLICE_X78Y81         FDSE (Setup_fdse_C_S)       -0.699    15.695    soc_crg_reset_counter_reg[1]
  -------------------------------------------------------------------
                         required time                         15.695    
                         arrival time                         -12.711    
  -------------------------------------------------------------------
                         slack                                  2.984    

Slack (MET) :             2.984ns  (required time - arrival time)
  Source:                 FDPE_7/C
                            (rising edge-triggered cell FDPE clocked by soc_crg_clkout3  {rise@0.000ns fall@2.500ns period=5.000ns})
  Destination:            soc_crg_reset_counter_reg[2]/S
                            (rising edge-triggered cell FDSE clocked by soc_crg_clkout3  {rise@0.000ns fall@2.500ns period=5.000ns})
  Path Group:             soc_crg_clkout3
  Path Type:              Setup (Max at Slow Process Corner)
  Requirement:            5.000ns  (soc_crg_clkout3 rise@5.000ns - soc_crg_clkout3 rise@0.000ns)
  Data Path Delay:        1.225ns  (logic 0.419ns (34.210%)  route 0.806ns (65.790%))
  Logic Levels:           0  
  Clock Path Skew:        -0.031ns (DCD - SCD + CPR)
    Destination Clock Delay (DCD):    10.628ns = ( 15.628 - 5.000 ) 
    Source Clock Delay      (SCD):    11.486ns
    Clock Pessimism Removal (CPR):    0.827ns
  Clock Uncertainty:      0.061ns  ((TSJ^2 + DJ^2)^1/2) / 2 + PE
    Total System Jitter     (TSJ):    0.071ns
    Discrete Jitter          (DJ):    0.100ns
    Phase Error              (PE):    0.000ns

    Location             Delay type                Incr(ns)  Path(ns)    Netlist Resource(s)
  -------------------------------------------------------------------    -------------------
                         (clock soc_crg_clkout3 rise edge)
                                                      0.000     0.000 r  
    E3                                                0.000     0.000 r  clk100 (IN)
                         net (fo=0)                   0.000     0.000    clk100
    E3                   IBUF (Prop_ibuf_I_O)         1.482     1.482 r  clk100_IBUF_inst/O
                         net (fo=1, routed)           2.025     3.506    clk100_IBUF
    BUFGCTRL_X0Y16       BUFG (Prop_bufg_I_O)         0.096     3.602 r  clk100_IBUF_BUFG_inst/O
                         net (fo=1, routed)           1.972     5.574    clk100_IBUF_BUFG
    SLICE_X38Y39         LUT1 (Prop_lut1_I0_O)        0.124     5.698 r  clk100_inst/O
                         net (fo=9, routed)           1.887     7.585    soc_crg_clkin
    MMCME2_ADV_X0Y0      MMCME2_ADV (Prop_mmcme2_adv_CLKIN1_CLKOUT3)
                                                      0.088     7.673 r  MMCME2_ADV/CLKOUT3
                         net (fo=1, routed)           2.018     9.692    soc_crg_clkout3
    BUFGCTRL_X0Y2        BUFG (Prop_bufg_I_O)         0.096     9.788 r  BUFG_3/O
                         net (fo=8, routed)           1.698    11.486    idelay_clk
    SLICE_X75Y77         FDPE                                         r  FDPE_7/C
  -------------------------------------------------------------------    -------------------
    SLICE_X75Y77         FDPE (Prop_fdpe_C_Q)         0.419    11.905 r  FDPE_7/Q
                         net (fo=5, routed)           0.806    12.711    idelay_rst
    SLICE_X78Y81         FDSE                                         r  soc_crg_reset_counter_reg[2]/S
  -------------------------------------------------------------------    -------------------

                         (clock soc_crg_clkout3 rise edge)
                                                      5.000     5.000 r  
    E3                                                0.000     5.000 r  clk100 (IN)
                         net (fo=0)                   0.000     5.000    clk100
    E3                   IBUF (Prop_ibuf_I_O)         1.411     6.411 r  clk100_IBUF_inst/O
                         net (fo=1, routed)           1.920     8.331    clk100_IBUF
    BUFGCTRL_X0Y16       BUFG (Prop_bufg_I_O)         0.091     8.422 r  clk100_IBUF_BUFG_inst/O
                         net (fo=1, routed)           1.809    10.231    clk100_IBUF_BUFG
    SLICE_X38Y39         LUT1 (Prop_lut1_I0_O)        0.100    10.331 r  clk100_inst/O
                         net (fo=9, routed)           1.613    11.944    soc_crg_clkin
    MMCME2_ADV_X0Y0      MMCME2_ADV (Prop_mmcme2_adv_CLKIN1_CLKOUT3)
                                                      0.083    12.027 r  MMCME2_ADV/CLKOUT3
                         net (fo=1, routed)           1.923    13.950    soc_crg_clkout3
    BUFGCTRL_X0Y2        BUFG (Prop_bufg_I_O)         0.091    14.041 r  BUFG_3/O
                         net (fo=8, routed)           1.587    15.628    idelay_clk
    SLICE_X78Y81         FDSE                                         r  soc_crg_reset_counter_reg[2]/C
                         clock pessimism              0.827    16.455    
                         clock uncertainty           -0.061    16.394    
    SLICE_X78Y81         FDSE (Setup_fdse_C_S)       -0.699    15.695    soc_crg_reset_counter_reg[2]
  -------------------------------------------------------------------
                         required time                         15.695    
                         arrival time                         -12.711    
  -------------------------------------------------------------------
                         slack                                  2.984    

Slack (MET) :             2.984ns  (required time - arrival time)
  Source:                 FDPE_7/C
                            (rising edge-triggered cell FDPE clocked by soc_crg_clkout3  {rise@0.000ns fall@2.500ns period=5.000ns})
  Destination:            soc_crg_reset_counter_reg[3]/S
                            (rising edge-triggered cell FDSE clocked by soc_crg_clkout3  {rise@0.000ns fall@2.500ns period=5.000ns})
  Path Group:             soc_crg_clkout3
  Path Type:              Setup (Max at Slow Process Corner)
  Requirement:            5.000ns  (soc_crg_clkout3 rise@5.000ns - soc_crg_clkout3 rise@0.000ns)
  Data Path Delay:        1.225ns  (logic 0.419ns (34.210%)  route 0.806ns (65.790%))
  Logic Levels:           0  
  Clock Path Skew:        -0.031ns (DCD - SCD + CPR)
    Destination Clock Delay (DCD):    10.628ns = ( 15.628 - 5.000 ) 
    Source Clock Delay      (SCD):    11.486ns
    Clock Pessimism Removal (CPR):    0.827ns
  Clock Uncertainty:      0.061ns  ((TSJ^2 + DJ^2)^1/2) / 2 + PE
    Total System Jitter     (TSJ):    0.071ns
    Discrete Jitter          (DJ):    0.100ns
    Phase Error              (PE):    0.000ns

    Location             Delay type                Incr(ns)  Path(ns)    Netlist Resource(s)
  -------------------------------------------------------------------    -------------------
                         (clock soc_crg_clkout3 rise edge)
                                                      0.000     0.000 r  
    E3                                                0.000     0.000 r  clk100 (IN)
                         net (fo=0)                   0.000     0.000    clk100
    E3                   IBUF (Prop_ibuf_I_O)         1.482     1.482 r  clk100_IBUF_inst/O
                         net (fo=1, routed)           2.025     3.506    clk100_IBUF
    BUFGCTRL_X0Y16       BUFG (Prop_bufg_I_O)         0.096     3.602 r  clk100_IBUF_BUFG_inst/O
                         net (fo=1, routed)           1.972     5.574    clk100_IBUF_BUFG
    SLICE_X38Y39         LUT1 (Prop_lut1_I0_O)        0.124     5.698 r  clk100_inst/O
                         net (fo=9, routed)           1.887     7.585    soc_crg_clkin
    MMCME2_ADV_X0Y0      MMCME2_ADV (Prop_mmcme2_adv_CLKIN1_CLKOUT3)
                                                      0.088     7.673 r  MMCME2_ADV/CLKOUT3
                         net (fo=1, routed)           2.018     9.692    soc_crg_clkout3
    BUFGCTRL_X0Y2        BUFG (Prop_bufg_I_O)         0.096     9.788 r  BUFG_3/O
                         net (fo=8, routed)           1.698    11.486    idelay_clk
    SLICE_X75Y77         FDPE                                         r  FDPE_7/C
  -------------------------------------------------------------------    -------------------
    SLICE_X75Y77         FDPE (Prop_fdpe_C_Q)         0.419    11.905 r  FDPE_7/Q
                         net (fo=5, routed)           0.806    12.711    idelay_rst
    SLICE_X78Y81         FDSE                                         r  soc_crg_reset_counter_reg[3]/S
  -------------------------------------------------------------------    -------------------

                         (clock soc_crg_clkout3 rise edge)
                                                      5.000     5.000 r  
    E3                                                0.000     5.000 r  clk100 (IN)
                         net (fo=0)                   0.000     5.000    clk100
    E3                   IBUF (Prop_ibuf_I_O)         1.411     6.411 r  clk100_IBUF_inst/O
                         net (fo=1, routed)           1.920     8.331    clk100_IBUF
    BUFGCTRL_X0Y16       BUFG (Prop_bufg_I_O)         0.091     8.422 r  clk100_IBUF_BUFG_inst/O
                         net (fo=1, routed)           1.809    10.231    clk100_IBUF_BUFG
    SLICE_X38Y39         LUT1 (Prop_lut1_I0_O)        0.100    10.331 r  clk100_inst/O
                         net (fo=9, routed)           1.613    11.944    soc_crg_clkin
    MMCME2_ADV_X0Y0      MMCME2_ADV (Prop_mmcme2_adv_CLKIN1_CLKOUT3)
                                                      0.083    12.027 r  MMCME2_ADV/CLKOUT3
                         net (fo=1, routed)           1.923    13.950    soc_crg_clkout3
    BUFGCTRL_X0Y2        BUFG (Prop_bufg_I_O)         0.091    14.041 r  BUFG_3/O
                         net (fo=8, routed)           1.587    15.628    idelay_clk
    SLICE_X78Y81         FDSE                                         r  soc_crg_reset_counter_reg[3]/C
                         clock pessimism              0.827    16.455    
                         clock uncertainty           -0.061    16.394    
    SLICE_X78Y81         FDSE (Setup_fdse_C_S)       -0.699    15.695    soc_crg_reset_counter_reg[3]
  -------------------------------------------------------------------
                         required time                         15.695    
                         arrival time                         -12.711    
  -------------------------------------------------------------------
                         slack                                  2.984    

Slack (MET) :             3.056ns  (required time - arrival time)
  Source:                 soc_crg_reset_counter_reg[2]/C
                            (rising edge-triggered cell FDSE clocked by soc_crg_clkout3  {rise@0.000ns fall@2.500ns period=5.000ns})
  Destination:            soc_crg_reset_counter_reg[0]/CE
                            (rising edge-triggered cell FDSE clocked by soc_crg_clkout3  {rise@0.000ns fall@2.500ns period=5.000ns})
  Path Group:             soc_crg_clkout3
  Path Type:              Setup (Max at Slow Process Corner)
  Requirement:            5.000ns  (soc_crg_clkout3 rise@5.000ns - soc_crg_clkout3 rise@0.000ns)
  Data Path Delay:        1.714ns  (logic 0.642ns (37.454%)  route 1.072ns (62.546%))
  Logic Levels:           1  (LUT4=1)
  Clock Path Skew:        0.000ns (DCD - SCD + CPR)
    Destination Clock Delay (DCD):    10.628ns = ( 15.628 - 5.000 ) 
    Source Clock Delay      (SCD):    11.496ns
    Clock Pessimism Removal (CPR):    0.868ns
  Clock Uncertainty:      0.061ns  ((TSJ^2 + DJ^2)^1/2) / 2 + PE
    Total System Jitter     (TSJ):    0.071ns
    Discrete Jitter          (DJ):    0.100ns
    Phase Error              (PE):    0.000ns

    Location             Delay type                Incr(ns)  Path(ns)    Netlist Resource(s)
  -------------------------------------------------------------------    -------------------
                         (clock soc_crg_clkout3 rise edge)
                                                      0.000     0.000 r  
    E3                                                0.000     0.000 r  clk100 (IN)
                         net (fo=0)                   0.000     0.000    clk100
    E3                   IBUF (Prop_ibuf_I_O)         1.482     1.482 r  clk100_IBUF_inst/O
                         net (fo=1, routed)           2.025     3.506    clk100_IBUF
    BUFGCTRL_X0Y16       BUFG (Prop_bufg_I_O)         0.096     3.602 r  clk100_IBUF_BUFG_inst/O
                         net (fo=1, routed)           1.972     5.574    clk100_IBUF_BUFG
    SLICE_X38Y39         LUT1 (Prop_lut1_I0_O)        0.124     5.698 r  clk100_inst/O
                         net (fo=9, routed)           1.887     7.585    soc_crg_clkin
    MMCME2_ADV_X0Y0      MMCME2_ADV (Prop_mmcme2_adv_CLKIN1_CLKOUT3)
                                                      0.088     7.673 r  MMCME2_ADV/CLKOUT3
                         net (fo=1, routed)           2.018     9.692    soc_crg_clkout3
    BUFGCTRL_X0Y2        BUFG (Prop_bufg_I_O)         0.096     9.788 r  BUFG_3/O
                         net (fo=8, routed)           1.708    11.496    idelay_clk
    SLICE_X78Y81         FDSE                                         r  soc_crg_reset_counter_reg[2]/C
  -------------------------------------------------------------------    -------------------
    SLICE_X78Y81         FDSE (Prop_fdse_C_Q)         0.518    12.014 r  soc_crg_reset_counter_reg[2]/Q
                         net (fo=3, routed)           0.870    12.884    soc_crg_reset_counter[2]
    SLICE_X78Y81         LUT4 (Prop_lut4_I2_O)        0.124    13.008 r  soc_crg_reset_counter[3]_i_1/O
                         net (fo=5, routed)           0.202    13.210    soc_crg_reset_counter[3]_i_1_n_0
    SLICE_X78Y81         FDSE                                         r  soc_crg_reset_counter_reg[0]/CE
  -------------------------------------------------------------------    -------------------

                         (clock soc_crg_clkout3 rise edge)
                                                      5.000     5.000 r  
    E3                                                0.000     5.000 r  clk100 (IN)
                         net (fo=0)                   0.000     5.000    clk100
    E3                   IBUF (Prop_ibuf_I_O)         1.411     6.411 r  clk100_IBUF_inst/O
                         net (fo=1, routed)           1.920     8.331    clk100_IBUF
    BUFGCTRL_X0Y16       BUFG (Prop_bufg_I_O)         0.091     8.422 r  clk100_IBUF_BUFG_inst/O
                         net (fo=1, routed)           1.809    10.231    clk100_IBUF_BUFG
    SLICE_X38Y39         LUT1 (Prop_lut1_I0_O)        0.100    10.331 r  clk100_inst/O
                         net (fo=9, routed)           1.613    11.944    soc_crg_clkin
    MMCME2_ADV_X0Y0      MMCME2_ADV (Prop_mmcme2_adv_CLKIN1_CLKOUT3)
                                                      0.083    12.027 r  MMCME2_ADV/CLKOUT3
                         net (fo=1, routed)           1.923    13.950    soc_crg_clkout3
    BUFGCTRL_X0Y2        BUFG (Prop_bufg_I_O)         0.091    14.041 r  BUFG_3/O
                         net (fo=8, routed)           1.587    15.628    idelay_clk
    SLICE_X78Y81         FDSE                                         r  soc_crg_reset_counter_reg[0]/C
                         clock pessimism              0.868    16.496    
                         clock uncertainty           -0.061    16.435    
    SLICE_X78Y81         FDSE (Setup_fdse_C_CE)      -0.169    16.266    soc_crg_reset_counter_reg[0]
  -------------------------------------------------------------------
                         required time                         16.266    
                         arrival time                         -13.210    
  -------------------------------------------------------------------
                         slack                                  3.056    

Slack (MET) :             3.056ns  (required time - arrival time)
  Source:                 soc_crg_reset_counter_reg[2]/C
                            (rising edge-triggered cell FDSE clocked by soc_crg_clkout3  {rise@0.000ns fall@2.500ns period=5.000ns})
  Destination:            soc_crg_reset_counter_reg[1]/CE
                            (rising edge-triggered cell FDSE clocked by soc_crg_clkout3  {rise@0.000ns fall@2.500ns period=5.000ns})
  Path Group:             soc_crg_clkout3
  Path Type:              Setup (Max at Slow Process Corner)
  Requirement:            5.000ns  (soc_crg_clkout3 rise@5.000ns - soc_crg_clkout3 rise@0.000ns)
  Data Path Delay:        1.714ns  (logic 0.642ns (37.454%)  route 1.072ns (62.546%))
  Logic Levels:           1  (LUT4=1)
  Clock Path Skew:        0.000ns (DCD - SCD + CPR)
    Destination Clock Delay (DCD):    10.628ns = ( 15.628 - 5.000 ) 
    Source Clock Delay      (SCD):    11.496ns
    Clock Pessimism Removal (CPR):    0.868ns
  Clock Uncertainty:      0.061ns  ((TSJ^2 + DJ^2)^1/2) / 2 + PE
    Total System Jitter     (TSJ):    0.071ns
    Discrete Jitter          (DJ):    0.100ns
    Phase Error              (PE):    0.000ns

    Location             Delay type                Incr(ns)  Path(ns)    Netlist Resource(s)
  -------------------------------------------------------------------    -------------------
                         (clock soc_crg_clkout3 rise edge)
                                                      0.000     0.000 r  
    E3                                                0.000     0.000 r  clk100 (IN)
                         net (fo=0)                   0.000     0.000    clk100
    E3                   IBUF (Prop_ibuf_I_O)         1.482     1.482 r  clk100_IBUF_inst/O
                         net (fo=1, routed)           2.025     3.506    clk100_IBUF
    BUFGCTRL_X0Y16       BUFG (Prop_bufg_I_O)         0.096     3.602 r  clk100_IBUF_BUFG_inst/O
                         net (fo=1, routed)           1.972     5.574    clk100_IBUF_BUFG
    SLICE_X38Y39         LUT1 (Prop_lut1_I0_O)        0.124     5.698 r  clk100_inst/O
                         net (fo=9, routed)           1.887     7.585    soc_crg_clkin
    MMCME2_ADV_X0Y0      MMCME2_ADV (Prop_mmcme2_adv_CLKIN1_CLKOUT3)
                                                      0.088     7.673 r  MMCME2_ADV/CLKOUT3
                         net (fo=1, routed)           2.018     9.692    soc_crg_clkout3
    BUFGCTRL_X0Y2        BUFG (Prop_bufg_I_O)         0.096     9.788 r  BUFG_3/O
                         net (fo=8, routed)           1.708    11.496    idelay_clk
    SLICE_X78Y81         FDSE                                         r  soc_crg_reset_counter_reg[2]/C
  -------------------------------------------------------------------    -------------------
    SLICE_X78Y81         FDSE (Prop_fdse_C_Q)         0.518    12.014 r  soc_crg_reset_counter_reg[2]/Q
                         net (fo=3, routed)           0.870    12.884    soc_crg_reset_counter[2]
    SLICE_X78Y81         LUT4 (Prop_lut4_I2_O)        0.124    13.008 r  soc_crg_reset_counter[3]_i_1/O
                         net (fo=5, routed)           0.202    13.210    soc_crg_reset_counter[3]_i_1_n_0
    SLICE_X78Y81         FDSE                                         r  soc_crg_reset_counter_reg[1]/CE
  -------------------------------------------------------------------    -------------------

                         (clock soc_crg_clkout3 rise edge)
                                                      5.000     5.000 r  
    E3                                                0.000     5.000 r  clk100 (IN)
                         net (fo=0)                   0.000     5.000    clk100
    E3                   IBUF (Prop_ibuf_I_O)         1.411     6.411 r  clk100_IBUF_inst/O
                         net (fo=1, routed)           1.920     8.331    clk100_IBUF
    BUFGCTRL_X0Y16       BUFG (Prop_bufg_I_O)         0.091     8.422 r  clk100_IBUF_BUFG_inst/O
                         net (fo=1, routed)           1.809    10.231    clk100_IBUF_BUFG
    SLICE_X38Y39         LUT1 (Prop_lut1_I0_O)        0.100    10.331 r  clk100_inst/O
                         net (fo=9, routed)           1.613    11.944    soc_crg_clkin
    MMCME2_ADV_X0Y0      MMCME2_ADV (Prop_mmcme2_adv_CLKIN1_CLKOUT3)
                                                      0.083    12.027 r  MMCME2_ADV/CLKOUT3
                         net (fo=1, routed)           1.923    13.950    soc_crg_clkout3
    BUFGCTRL_X0Y2        BUFG (Prop_bufg_I_O)         0.091    14.041 r  BUFG_3/O
                         net (fo=8, routed)           1.587    15.628    idelay_clk
    SLICE_X78Y81         FDSE                                         r  soc_crg_reset_counter_reg[1]/C
                         clock pessimism              0.868    16.496    
                         clock uncertainty           -0.061    16.435    
    SLICE_X78Y81         FDSE (Setup_fdse_C_CE)      -0.169    16.266    soc_crg_reset_counter_reg[1]
  -------------------------------------------------------------------
                         required time                         16.266    
                         arrival time                         -13.210    
  -------------------------------------------------------------------
                         slack                                  3.056    

Slack (MET) :             3.056ns  (required time - arrival time)
  Source:                 soc_crg_reset_counter_reg[2]/C
                            (rising edge-triggered cell FDSE clocked by soc_crg_clkout3  {rise@0.000ns fall@2.500ns period=5.000ns})
  Destination:            soc_crg_reset_counter_reg[2]/CE
                            (rising edge-triggered cell FDSE clocked by soc_crg_clkout3  {rise@0.000ns fall@2.500ns period=5.000ns})
  Path Group:             soc_crg_clkout3
  Path Type:              Setup (Max at Slow Process Corner)
  Requirement:            5.000ns  (soc_crg_clkout3 rise@5.000ns - soc_crg_clkout3 rise@0.000ns)
  Data Path Delay:        1.714ns  (logic 0.642ns (37.454%)  route 1.072ns (62.546%))
  Logic Levels:           1  (LUT4=1)
  Clock Path Skew:        0.000ns (DCD - SCD + CPR)
    Destination Clock Delay (DCD):    10.628ns = ( 15.628 - 5.000 ) 
    Source Clock Delay      (SCD):    11.496ns
    Clock Pessimism Removal (CPR):    0.868ns
  Clock Uncertainty:      0.061ns  ((TSJ^2 + DJ^2)^1/2) / 2 + PE
    Total System Jitter     (TSJ):    0.071ns
    Discrete Jitter          (DJ):    0.100ns
    Phase Error              (PE):    0.000ns

    Location             Delay type                Incr(ns)  Path(ns)    Netlist Resource(s)
  -------------------------------------------------------------------    -------------------
                         (clock soc_crg_clkout3 rise edge)
                                                      0.000     0.000 r  
    E3                                                0.000     0.000 r  clk100 (IN)
                         net (fo=0)                   0.000     0.000    clk100
    E3                   IBUF (Prop_ibuf_I_O)         1.482     1.482 r  clk100_IBUF_inst/O
                         net (fo=1, routed)           2.025     3.506    clk100_IBUF
    BUFGCTRL_X0Y16       BUFG (Prop_bufg_I_O)         0.096     3.602 r  clk100_IBUF_BUFG_inst/O
                         net (fo=1, routed)           1.972     5.574    clk100_IBUF_BUFG
    SLICE_X38Y39         LUT1 (Prop_lut1_I0_O)        0.124     5.698 r  clk100_inst/O
                         net (fo=9, routed)           1.887     7.585    soc_crg_clkin
    MMCME2_ADV_X0Y0      MMCME2_ADV (Prop_mmcme2_adv_CLKIN1_CLKOUT3)
                                                      0.088     7.673 r  MMCME2_ADV/CLKOUT3
                         net (fo=1, routed)           2.018     9.692    soc_crg_clkout3
    BUFGCTRL_X0Y2        BUFG (Prop_bufg_I_O)         0.096     9.788 r  BUFG_3/O
                         net (fo=8, routed)           1.708    11.496    idelay_clk
    SLICE_X78Y81         FDSE                                         r  soc_crg_reset_counter_reg[2]/C
  -------------------------------------------------------------------    -------------------
    SLICE_X78Y81         FDSE (Prop_fdse_C_Q)         0.518    12.014 r  soc_crg_reset_counter_reg[2]/Q
                         net (fo=3, routed)           0.870    12.884    soc_crg_reset_counter[2]
    SLICE_X78Y81         LUT4 (Prop_lut4_I2_O)        0.124    13.008 r  soc_crg_reset_counter[3]_i_1/O
                         net (fo=5, routed)           0.202    13.210    soc_crg_reset_counter[3]_i_1_n_0
    SLICE_X78Y81         FDSE                                         r  soc_crg_reset_counter_reg[2]/CE
  -------------------------------------------------------------------    -------------------

                         (clock soc_crg_clkout3 rise edge)
                                                      5.000     5.000 r  
    E3                                                0.000     5.000 r  clk100 (IN)
                         net (fo=0)                   0.000     5.000    clk100
    E3                   IBUF (Prop_ibuf_I_O)         1.411     6.411 r  clk100_IBUF_inst/O
                         net (fo=1, routed)           1.920     8.331    clk100_IBUF
    BUFGCTRL_X0Y16       BUFG (Prop_bufg_I_O)         0.091     8.422 r  clk100_IBUF_BUFG_inst/O
                         net (fo=1, routed)           1.809    10.231    clk100_IBUF_BUFG
    SLICE_X38Y39         LUT1 (Prop_lut1_I0_O)        0.100    10.331 r  clk100_inst/O
                         net (fo=9, routed)           1.613    11.944    soc_crg_clkin
    MMCME2_ADV_X0Y0      MMCME2_ADV (Prop_mmcme2_adv_CLKIN1_CLKOUT3)
                                                      0.083    12.027 r  MMCME2_ADV/CLKOUT3
                         net (fo=1, routed)           1.923    13.950    soc_crg_clkout3
    BUFGCTRL_X0Y2        BUFG (Prop_bufg_I_O)         0.091    14.041 r  BUFG_3/O
                         net (fo=8, routed)           1.587    15.628    idelay_clk
    SLICE_X78Y81         FDSE                                         r  soc_crg_reset_counter_reg[2]/C
                         clock pessimism              0.868    16.496    
                         clock uncertainty           -0.061    16.435    
    SLICE_X78Y81         FDSE (Setup_fdse_C_CE)      -0.169    16.266    soc_crg_reset_counter_reg[2]
  -------------------------------------------------------------------
                         required time                         16.266    
                         arrival time                         -13.210    
  -------------------------------------------------------------------
                         slack                                  3.056    

Slack (MET) :             3.056ns  (required time - arrival time)
  Source:                 soc_crg_reset_counter_reg[2]/C
                            (rising edge-triggered cell FDSE clocked by soc_crg_clkout3  {rise@0.000ns fall@2.500ns period=5.000ns})
  Destination:            soc_crg_reset_counter_reg[3]/CE
                            (rising edge-triggered cell FDSE clocked by soc_crg_clkout3  {rise@0.000ns fall@2.500ns period=5.000ns})
  Path Group:             soc_crg_clkout3
  Path Type:              Setup (Max at Slow Process Corner)
  Requirement:            5.000ns  (soc_crg_clkout3 rise@5.000ns - soc_crg_clkout3 rise@0.000ns)
  Data Path Delay:        1.714ns  (logic 0.642ns (37.454%)  route 1.072ns (62.546%))
  Logic Levels:           1  (LUT4=1)
  Clock Path Skew:        0.000ns (DCD - SCD + CPR)
    Destination Clock Delay (DCD):    10.628ns = ( 15.628 - 5.000 ) 
    Source Clock Delay      (SCD):    11.496ns
    Clock Pessimism Removal (CPR):    0.868ns
  Clock Uncertainty:      0.061ns  ((TSJ^2 + DJ^2)^1/2) / 2 + PE
    Total System Jitter     (TSJ):    0.071ns
    Discrete Jitter          (DJ):    0.100ns
    Phase Error              (PE):    0.000ns

    Location             Delay type                Incr(ns)  Path(ns)    Netlist Resource(s)
  -------------------------------------------------------------------    -------------------
                         (clock soc_crg_clkout3 rise edge)
                                                      0.000     0.000 r  
    E3                                                0.000     0.000 r  clk100 (IN)
                         net (fo=0)                   0.000     0.000    clk100
    E3                   IBUF (Prop_ibuf_I_O)         1.482     1.482 r  clk100_IBUF_inst/O
                         net (fo=1, routed)           2.025     3.506    clk100_IBUF
    BUFGCTRL_X0Y16       BUFG (Prop_bufg_I_O)         0.096     3.602 r  clk100_IBUF_BUFG_inst/O
                         net (fo=1, routed)           1.972     5.574    clk100_IBUF_BUFG
    SLICE_X38Y39         LUT1 (Prop_lut1_I0_O)        0.124     5.698 r  clk100_inst/O
                         net (fo=9, routed)           1.887     7.585    soc_crg_clkin
    MMCME2_ADV_X0Y0      MMCME2_ADV (Prop_mmcme2_adv_CLKIN1_CLKOUT3)
                                                      0.088     7.673 r  MMCME2_ADV/CLKOUT3
                         net (fo=1, routed)           2.018     9.692    soc_crg_clkout3
    BUFGCTRL_X0Y2        BUFG (Prop_bufg_I_O)         0.096     9.788 r  BUFG_3/O
                         net (fo=8, routed)           1.708    11.496    idelay_clk
    SLICE_X78Y81         FDSE                                         r  soc_crg_reset_counter_reg[2]/C
  -------------------------------------------------------------------    -------------------
    SLICE_X78Y81         FDSE (Prop_fdse_C_Q)         0.518    12.014 r  soc_crg_reset_counter_reg[2]/Q
                         net (fo=3, routed)           0.870    12.884    soc_crg_reset_counter[2]
    SLICE_X78Y81         LUT4 (Prop_lut4_I2_O)        0.124    13.008 r  soc_crg_reset_counter[3]_i_1/O
                         net (fo=5, routed)           0.202    13.210    soc_crg_reset_counter[3]_i_1_n_0
    SLICE_X78Y81         FDSE                                         r  soc_crg_reset_counter_reg[3]/CE
  -------------------------------------------------------------------    -------------------

                         (clock soc_crg_clkout3 rise edge)
                                                      5.000     5.000 r  
    E3                                                0.000     5.000 r  clk100 (IN)
                         net (fo=0)                   0.000     5.000    clk100
    E3                   IBUF (Prop_ibuf_I_O)         1.411     6.411 r  clk100_IBUF_inst/O
                         net (fo=1, routed)           1.920     8.331    clk100_IBUF
    BUFGCTRL_X0Y16       BUFG (Prop_bufg_I_O)         0.091     8.422 r  clk100_IBUF_BUFG_inst/O
                         net (fo=1, routed)           1.809    10.231    clk100_IBUF_BUFG
    SLICE_X38Y39         LUT1 (Prop_lut1_I0_O)        0.100    10.331 r  clk100_inst/O
                         net (fo=9, routed)           1.613    11.944    soc_crg_clkin
    MMCME2_ADV_X0Y0      MMCME2_ADV (Prop_mmcme2_adv_CLKIN1_CLKOUT3)
                                                      0.083    12.027 r  MMCME2_ADV/CLKOUT3
                         net (fo=1, routed)           1.923    13.950    soc_crg_clkout3
    BUFGCTRL_X0Y2        BUFG (Prop_bufg_I_O)         0.091    14.041 r  BUFG_3/O
                         net (fo=8, routed)           1.587    15.628    idelay_clk
    SLICE_X78Y81         FDSE                                         r  soc_crg_reset_counter_reg[3]/C
                         clock pessimism              0.868    16.496    
                         clock uncertainty           -0.061    16.435    
    SLICE_X78Y81         FDSE (Setup_fdse_C_CE)      -0.169    16.266    soc_crg_reset_counter_reg[3]
  -------------------------------------------------------------------
                         required time                         16.266    
                         arrival time                         -13.210    
  -------------------------------------------------------------------
                         slack                                  3.056    





Min Delay Paths
--------------------------------------------------------------------------------------
Slack (MET) :             0.122ns  (arrival time - required time)
  Source:                 FDPE_6/C
                            (rising edge-triggered cell FDPE clocked by soc_crg_clkout3  {rise@0.000ns fall@2.500ns period=5.000ns})
  Destination:            FDPE_7/D
                            (rising edge-triggered cell FDPE clocked by soc_crg_clkout3  {rise@0.000ns fall@2.500ns period=5.000ns})
  Path Group:             soc_crg_clkout3
  Path Type:              Hold (Min at Fast Process Corner)
  Requirement:            0.000ns  (soc_crg_clkout3 rise@0.000ns - soc_crg_clkout3 rise@0.000ns)
  Data Path Delay:        0.197ns  (logic 0.141ns (71.611%)  route 0.056ns (28.389%))
  Logic Levels:           0  
  Clock Path Skew:        0.000ns (DCD - SCD - CPR)
    Destination Clock Delay (DCD):    4.779ns
    Source Clock Delay      (SCD):    3.786ns
    Clock Pessimism Removal (CPR):    0.993ns

    Location             Delay type                Incr(ns)  Path(ns)    Netlist Resource(s)
  -------------------------------------------------------------------    -------------------
                         (clock soc_crg_clkout3 rise edge)
                                                      0.000     0.000 r  
    E3                                                0.000     0.000 r  clk100 (IN)
                         net (fo=0)                   0.000     0.000    clk100
    E3                   IBUF (Prop_ibuf_I_O)         0.250     0.250 r  clk100_IBUF_inst/O
                         net (fo=1, routed)           0.644     0.894    clk100_IBUF
    BUFGCTRL_X0Y16       BUFG (Prop_bufg_I_O)         0.026     0.920 r  clk100_IBUF_BUFG_inst/O
                         net (fo=1, routed)           0.691     1.611    clk100_IBUF_BUFG
    SLICE_X38Y39         LUT1 (Prop_lut1_I0_O)        0.045     1.656 r  clk100_inst/O
                         net (fo=9, routed)           0.822     2.477    soc_crg_clkin
    MMCME2_ADV_X0Y0      MMCME2_ADV (Prop_mmcme2_adv_CLKIN1_CLKOUT3)
                                                      0.050     2.527 r  MMCME2_ADV/CLKOUT3
                         net (fo=1, routed)           0.648     3.175    soc_crg_clkout3
    BUFGCTRL_X0Y2        BUFG (Prop_bufg_I_O)         0.026     3.201 r  BUFG_3/O
                         net (fo=8, routed)           0.585     3.786    idelay_clk
    SLICE_X75Y77         FDPE                                         r  FDPE_6/C
  -------------------------------------------------------------------    -------------------
    SLICE_X75Y77         FDPE (Prop_fdpe_C_Q)         0.141     3.927 r  FDPE_6/Q
                         net (fo=1, routed)           0.056     3.983    soc_builder_xilinxasyncresetsynchronizerimpl3_rst_meta
    SLICE_X75Y77         FDPE                                         r  FDPE_7/D
  -------------------------------------------------------------------    -------------------

                         (clock soc_crg_clkout3 rise edge)
                                                      0.000     0.000 r  
    E3                                                0.000     0.000 r  clk100 (IN)
                         net (fo=0)                   0.000     0.000    clk100
    E3                   IBUF (Prop_ibuf_I_O)         0.438     0.438 r  clk100_IBUF_inst/O
                         net (fo=1, routed)           0.699     1.136    clk100_IBUF
    BUFGCTRL_X0Y16       BUFG (Prop_bufg_I_O)         0.029     1.165 r  clk100_IBUF_BUFG_inst/O
                         net (fo=1, routed)           0.976     2.142    clk100_IBUF_BUFG
    SLICE_X38Y39         LUT1 (Prop_lut1_I0_O)        0.056     2.198 r  clk100_inst/O
                         net (fo=9, routed)           0.945     3.142    soc_crg_clkin
    MMCME2_ADV_X0Y0      MMCME2_ADV (Prop_mmcme2_adv_CLKIN1_CLKOUT3)
                                                      0.053     3.195 r  MMCME2_ADV/CLKOUT3
                         net (fo=1, routed)           0.700     3.896    soc_crg_clkout3
    BUFGCTRL_X0Y2        BUFG (Prop_bufg_I_O)         0.029     3.925 r  BUFG_3/O
                         net (fo=8, routed)           0.855     4.779    idelay_clk
    SLICE_X75Y77         FDPE                                         r  FDPE_7/C
                         clock pessimism             -0.993     3.786    
    SLICE_X75Y77         FDPE (Hold_fdpe_C_D)         0.075     3.861    FDPE_7
  -------------------------------------------------------------------
                         required time                         -3.861    
                         arrival time                           3.983    
  -------------------------------------------------------------------
                         slack                                  0.122    

Slack (MET) :             0.262ns  (arrival time - required time)
  Source:                 soc_crg_reset_counter_reg[0]/C
                            (rising edge-triggered cell FDSE clocked by soc_crg_clkout3  {rise@0.000ns fall@2.500ns period=5.000ns})
  Destination:            soc_crg_reset_counter_reg[1]/D
                            (rising edge-triggered cell FDSE clocked by soc_crg_clkout3  {rise@0.000ns fall@2.500ns period=5.000ns})
  Path Group:             soc_crg_clkout3
  Path Type:              Hold (Min at Fast Process Corner)
  Requirement:            0.000ns  (soc_crg_clkout3 rise@0.000ns - soc_crg_clkout3 rise@0.000ns)
  Data Path Delay:        0.393ns  (logic 0.207ns (52.626%)  route 0.186ns (47.374%))
  Logic Levels:           1  (LUT2=1)
  Clock Path Skew:        0.000ns (DCD - SCD - CPR)
    Destination Clock Delay (DCD):    4.785ns
    Source Clock Delay      (SCD):    3.792ns
    Clock Pessimism Removal (CPR):    0.993ns

    Location             Delay type                Incr(ns)  Path(ns)    Netlist Resource(s)
  -------------------------------------------------------------------    -------------------
                         (clock soc_crg_clkout3 rise edge)
                                                      0.000     0.000 r  
    E3                                                0.000     0.000 r  clk100 (IN)
                         net (fo=0)                   0.000     0.000    clk100
    E3                   IBUF (Prop_ibuf_I_O)         0.250     0.250 r  clk100_IBUF_inst/O
                         net (fo=1, routed)           0.644     0.894    clk100_IBUF
    BUFGCTRL_X0Y16       BUFG (Prop_bufg_I_O)         0.026     0.920 r  clk100_IBUF_BUFG_inst/O
                         net (fo=1, routed)           0.691     1.611    clk100_IBUF_BUFG
    SLICE_X38Y39         LUT1 (Prop_lut1_I0_O)        0.045     1.656 r  clk100_inst/O
                         net (fo=9, routed)           0.822     2.477    soc_crg_clkin
    MMCME2_ADV_X0Y0      MMCME2_ADV (Prop_mmcme2_adv_CLKIN1_CLKOUT3)
                                                      0.050     2.527 r  MMCME2_ADV/CLKOUT3
                         net (fo=1, routed)           0.648     3.175    soc_crg_clkout3
    BUFGCTRL_X0Y2        BUFG (Prop_bufg_I_O)         0.026     3.201 r  BUFG_3/O
                         net (fo=8, routed)           0.591     3.792    idelay_clk
    SLICE_X78Y81         FDSE                                         r  soc_crg_reset_counter_reg[0]/C
  -------------------------------------------------------------------    -------------------
    SLICE_X78Y81         FDSE (Prop_fdse_C_Q)         0.164     3.956 r  soc_crg_reset_counter_reg[0]/Q
                         net (fo=5, routed)           0.186     4.142    soc_crg_reset_counter[0]
    SLICE_X78Y81         LUT2 (Prop_lut2_I0_O)        0.043     4.185 r  soc_crg_reset_counter[1]_i_1/O
                         net (fo=1, routed)           0.000     4.185    soc_crg_reset_counter[1]_i_1_n_0
    SLICE_X78Y81         FDSE                                         r  soc_crg_reset_counter_reg[1]/D
  -------------------------------------------------------------------    -------------------

                         (clock soc_crg_clkout3 rise edge)
                                                      0.000     0.000 r  
    E3                                                0.000     0.000 r  clk100 (IN)
                         net (fo=0)                   0.000     0.000    clk100
    E3                   IBUF (Prop_ibuf_I_O)         0.438     0.438 r  clk100_IBUF_inst/O
                         net (fo=1, routed)           0.699     1.136    clk100_IBUF
    BUFGCTRL_X0Y16       BUFG (Prop_bufg_I_O)         0.029     1.165 r  clk100_IBUF_BUFG_inst/O
                         net (fo=1, routed)           0.976     2.142    clk100_IBUF_BUFG
    SLICE_X38Y39         LUT1 (Prop_lut1_I0_O)        0.056     2.198 r  clk100_inst/O
                         net (fo=9, routed)           0.945     3.142    soc_crg_clkin
    MMCME2_ADV_X0Y0      MMCME2_ADV (Prop_mmcme2_adv_CLKIN1_CLKOUT3)
                                                      0.053     3.195 r  MMCME2_ADV/CLKOUT3
                         net (fo=1, routed)           0.700     3.896    soc_crg_clkout3
    BUFGCTRL_X0Y2        BUFG (Prop_bufg_I_O)         0.029     3.925 r  BUFG_3/O
                         net (fo=8, routed)           0.861     4.785    idelay_clk
    SLICE_X78Y81         FDSE                                         r  soc_crg_reset_counter_reg[1]/C
                         clock pessimism             -0.993     3.792    
    SLICE_X78Y81         FDSE (Hold_fdse_C_D)         0.131     3.923    soc_crg_reset_counter_reg[1]
  -------------------------------------------------------------------
                         required time                         -3.923    
                         arrival time                           4.185    
  -------------------------------------------------------------------
                         slack                                  0.262    

Slack (MET) :             0.262ns  (arrival time - required time)
  Source:                 soc_crg_reset_counter_reg[0]/C
                            (rising edge-triggered cell FDSE clocked by soc_crg_clkout3  {rise@0.000ns fall@2.500ns period=5.000ns})
  Destination:            soc_crg_reset_counter_reg[3]/D
                            (rising edge-triggered cell FDSE clocked by soc_crg_clkout3  {rise@0.000ns fall@2.500ns period=5.000ns})
  Path Group:             soc_crg_clkout3
  Path Type:              Hold (Min at Fast Process Corner)
  Requirement:            0.000ns  (soc_crg_clkout3 rise@0.000ns - soc_crg_clkout3 rise@0.000ns)
  Data Path Delay:        0.393ns  (logic 0.207ns (52.626%)  route 0.186ns (47.374%))
  Logic Levels:           1  (LUT4=1)
  Clock Path Skew:        0.000ns (DCD - SCD - CPR)
    Destination Clock Delay (DCD):    4.785ns
    Source Clock Delay      (SCD):    3.792ns
    Clock Pessimism Removal (CPR):    0.993ns

    Location             Delay type                Incr(ns)  Path(ns)    Netlist Resource(s)
  -------------------------------------------------------------------    -------------------
                         (clock soc_crg_clkout3 rise edge)
                                                      0.000     0.000 r  
    E3                                                0.000     0.000 r  clk100 (IN)
                         net (fo=0)                   0.000     0.000    clk100
    E3                   IBUF (Prop_ibuf_I_O)         0.250     0.250 r  clk100_IBUF_inst/O
                         net (fo=1, routed)           0.644     0.894    clk100_IBUF
    BUFGCTRL_X0Y16       BUFG (Prop_bufg_I_O)         0.026     0.920 r  clk100_IBUF_BUFG_inst/O
                         net (fo=1, routed)           0.691     1.611    clk100_IBUF_BUFG
    SLICE_X38Y39         LUT1 (Prop_lut1_I0_O)        0.045     1.656 r  clk100_inst/O
                         net (fo=9, routed)           0.822     2.477    soc_crg_clkin
    MMCME2_ADV_X0Y0      MMCME2_ADV (Prop_mmcme2_adv_CLKIN1_CLKOUT3)
                                                      0.050     2.527 r  MMCME2_ADV/CLKOUT3
                         net (fo=1, routed)           0.648     3.175    soc_crg_clkout3
    BUFGCTRL_X0Y2        BUFG (Prop_bufg_I_O)         0.026     3.201 r  BUFG_3/O
                         net (fo=8, routed)           0.591     3.792    idelay_clk
    SLICE_X78Y81         FDSE                                         r  soc_crg_reset_counter_reg[0]/C
  -------------------------------------------------------------------    -------------------
    SLICE_X78Y81         FDSE (Prop_fdse_C_Q)         0.164     3.956 r  soc_crg_reset_counter_reg[0]/Q
                         net (fo=5, routed)           0.186     4.142    soc_crg_reset_counter[0]
    SLICE_X78Y81         LUT4 (Prop_lut4_I1_O)        0.043     4.185 r  soc_crg_reset_counter[3]_i_2/O
                         net (fo=1, routed)           0.000     4.185    soc_crg_reset_counter[3]_i_2_n_0
    SLICE_X78Y81         FDSE                                         r  soc_crg_reset_counter_reg[3]/D
  -------------------------------------------------------------------    -------------------

                         (clock soc_crg_clkout3 rise edge)
                                                      0.000     0.000 r  
    E3                                                0.000     0.000 r  clk100 (IN)
                         net (fo=0)                   0.000     0.000    clk100
    E3                   IBUF (Prop_ibuf_I_O)         0.438     0.438 r  clk100_IBUF_inst/O
                         net (fo=1, routed)           0.699     1.136    clk100_IBUF
    BUFGCTRL_X0Y16       BUFG (Prop_bufg_I_O)         0.029     1.165 r  clk100_IBUF_BUFG_inst/O
                         net (fo=1, routed)           0.976     2.142    clk100_IBUF_BUFG
    SLICE_X38Y39         LUT1 (Prop_lut1_I0_O)        0.056     2.198 r  clk100_inst/O
                         net (fo=9, routed)           0.945     3.142    soc_crg_clkin
    MMCME2_ADV_X0Y0      MMCME2_ADV (Prop_mmcme2_adv_CLKIN1_CLKOUT3)
                                                      0.053     3.195 r  MMCME2_ADV/CLKOUT3
                         net (fo=1, routed)           0.700     3.896    soc_crg_clkout3
    BUFGCTRL_X0Y2        BUFG (Prop_bufg_I_O)         0.029     3.925 r  BUFG_3/O
                         net (fo=8, routed)           0.861     4.785    idelay_clk
    SLICE_X78Y81         FDSE                                         r  soc_crg_reset_counter_reg[3]/C
                         clock pessimism             -0.993     3.792    
    SLICE_X78Y81         FDSE (Hold_fdse_C_D)         0.131     3.923    soc_crg_reset_counter_reg[3]
  -------------------------------------------------------------------
                         required time                         -3.923    
                         arrival time                           4.185    
  -------------------------------------------------------------------
                         slack                                  0.262    

Slack (MET) :             0.266ns  (arrival time - required time)
  Source:                 soc_crg_ic_reset_reg/C
                            (rising edge-triggered cell FDRE clocked by soc_crg_clkout3  {rise@0.000ns fall@2.500ns period=5.000ns})
  Destination:            soc_crg_ic_reset_reg/D
                            (rising edge-triggered cell FDRE clocked by soc_crg_clkout3  {rise@0.000ns fall@2.500ns period=5.000ns})
  Path Group:             soc_crg_clkout3
  Path Type:              Hold (Min at Fast Process Corner)
  Requirement:            0.000ns  (soc_crg_clkout3 rise@0.000ns - soc_crg_clkout3 rise@0.000ns)
  Data Path Delay:        0.386ns  (logic 0.209ns (54.079%)  route 0.177ns (45.921%))
  Logic Levels:           1  (LUT3=1)
  Clock Path Skew:        0.000ns (DCD - SCD - CPR)
    Destination Clock Delay (DCD):    4.783ns
    Source Clock Delay      (SCD):    3.790ns
    Clock Pessimism Removal (CPR):    0.993ns

    Location             Delay type                Incr(ns)  Path(ns)    Netlist Resource(s)
  -------------------------------------------------------------------    -------------------
                         (clock soc_crg_clkout3 rise edge)
                                                      0.000     0.000 r  
    E3                                                0.000     0.000 r  clk100 (IN)
                         net (fo=0)                   0.000     0.000    clk100
    E3                   IBUF (Prop_ibuf_I_O)         0.250     0.250 r  clk100_IBUF_inst/O
                         net (fo=1, routed)           0.644     0.894    clk100_IBUF
    BUFGCTRL_X0Y16       BUFG (Prop_bufg_I_O)         0.026     0.920 r  clk100_IBUF_BUFG_inst/O
                         net (fo=1, routed)           0.691     1.611    clk100_IBUF_BUFG
    SLICE_X38Y39         LUT1 (Prop_lut1_I0_O)        0.045     1.656 r  clk100_inst/O
                         net (fo=9, routed)           0.822     2.477    soc_crg_clkin
    MMCME2_ADV_X0Y0      MMCME2_ADV (Prop_mmcme2_adv_CLKIN1_CLKOUT3)
                                                      0.050     2.527 r  MMCME2_ADV/CLKOUT3
                         net (fo=1, routed)           0.648     3.175    soc_crg_clkout3
    BUFGCTRL_X0Y2        BUFG (Prop_bufg_I_O)         0.026     3.201 r  BUFG_3/O
                         net (fo=8, routed)           0.589     3.790    idelay_clk
    SLICE_X78Y79         FDRE                                         r  soc_crg_ic_reset_reg/C
  -------------------------------------------------------------------    -------------------
    SLICE_X78Y79         FDRE (Prop_fdre_C_Q)         0.164     3.954 r  soc_crg_ic_reset_reg/Q
                         net (fo=2, routed)           0.177     4.131    soc_crg_ic_reset
    SLICE_X78Y79         LUT3 (Prop_lut3_I1_O)        0.045     4.176 r  soc_crg_ic_reset_i_1/O
                         net (fo=1, routed)           0.000     4.176    soc_crg_ic_reset_i_1_n_0
    SLICE_X78Y79         FDRE                                         r  soc_crg_ic_reset_reg/D
  -------------------------------------------------------------------    -------------------

                         (clock soc_crg_clkout3 rise edge)
                                                      0.000     0.000 r  
    E3                                                0.000     0.000 r  clk100 (IN)
                         net (fo=0)                   0.000     0.000    clk100
    E3                   IBUF (Prop_ibuf_I_O)         0.438     0.438 r  clk100_IBUF_inst/O
                         net (fo=1, routed)           0.699     1.136    clk100_IBUF
    BUFGCTRL_X0Y16       BUFG (Prop_bufg_I_O)         0.029     1.165 r  clk100_IBUF_BUFG_inst/O
                         net (fo=1, routed)           0.976     2.142    clk100_IBUF_BUFG
    SLICE_X38Y39         LUT1 (Prop_lut1_I0_O)        0.056     2.198 r  clk100_inst/O
                         net (fo=9, routed)           0.945     3.142    soc_crg_clkin
    MMCME2_ADV_X0Y0      MMCME2_ADV (Prop_mmcme2_adv_CLKIN1_CLKOUT3)
                                                      0.053     3.195 r  MMCME2_ADV/CLKOUT3
                         net (fo=1, routed)           0.700     3.896    soc_crg_clkout3
    BUFGCTRL_X0Y2        BUFG (Prop_bufg_I_O)         0.029     3.925 r  BUFG_3/O
                         net (fo=8, routed)           0.859     4.783    idelay_clk
    SLICE_X78Y79         FDRE                                         r  soc_crg_ic_reset_reg/C
                         clock pessimism             -0.993     3.790    
    SLICE_X78Y79         FDRE (Hold_fdre_C_D)         0.120     3.910    soc_crg_ic_reset_reg
  -------------------------------------------------------------------
                         required time                         -3.910    
                         arrival time                           4.176    
  -------------------------------------------------------------------
                         slack                                  0.266    

Slack (MET) :             0.274ns  (arrival time - required time)
  Source:                 soc_crg_reset_counter_reg[0]/C
                            (rising edge-triggered cell FDSE clocked by soc_crg_clkout3  {rise@0.000ns fall@2.500ns period=5.000ns})
  Destination:            soc_crg_reset_counter_reg[2]/D
                            (rising edge-triggered cell FDSE clocked by soc_crg_clkout3  {rise@0.000ns fall@2.500ns period=5.000ns})
  Path Group:             soc_crg_clkout3
  Path Type:              Hold (Min at Fast Process Corner)
  Requirement:            0.000ns  (soc_crg_clkout3 rise@0.000ns - soc_crg_clkout3 rise@0.000ns)
  Data Path Delay:        0.395ns  (logic 0.209ns (52.866%)  route 0.186ns (47.134%))
  Logic Levels:           1  (LUT3=1)
  Clock Path Skew:        0.000ns (DCD - SCD - CPR)
    Destination Clock Delay (DCD):    4.785ns
    Source Clock Delay      (SCD):    3.792ns
    Clock Pessimism Removal (CPR):    0.993ns

    Location             Delay type                Incr(ns)  Path(ns)    Netlist Resource(s)
  -------------------------------------------------------------------    -------------------
                         (clock soc_crg_clkout3 rise edge)
                                                      0.000     0.000 r  
    E3                                                0.000     0.000 r  clk100 (IN)
                         net (fo=0)                   0.000     0.000    clk100
    E3                   IBUF (Prop_ibuf_I_O)         0.250     0.250 r  clk100_IBUF_inst/O
                         net (fo=1, routed)           0.644     0.894    clk100_IBUF
    BUFGCTRL_X0Y16       BUFG (Prop_bufg_I_O)         0.026     0.920 r  clk100_IBUF_BUFG_inst/O
                         net (fo=1, routed)           0.691     1.611    clk100_IBUF_BUFG
    SLICE_X38Y39         LUT1 (Prop_lut1_I0_O)        0.045     1.656 r  clk100_inst/O
                         net (fo=9, routed)           0.822     2.477    soc_crg_clkin
    MMCME2_ADV_X0Y0      MMCME2_ADV (Prop_mmcme2_adv_CLKIN1_CLKOUT3)
                                                      0.050     2.527 r  MMCME2_ADV/CLKOUT3
                         net (fo=1, routed)           0.648     3.175    soc_crg_clkout3
    BUFGCTRL_X0Y2        BUFG (Prop_bufg_I_O)         0.026     3.201 r  BUFG_3/O
                         net (fo=8, routed)           0.591     3.792    idelay_clk
    SLICE_X78Y81         FDSE                                         r  soc_crg_reset_counter_reg[0]/C
  -------------------------------------------------------------------    -------------------
    SLICE_X78Y81         FDSE (Prop_fdse_C_Q)         0.164     3.956 r  soc_crg_reset_counter_reg[0]/Q
                         net (fo=5, routed)           0.186     4.142    soc_crg_reset_counter[0]
    SLICE_X78Y81         LUT3 (Prop_lut3_I1_O)        0.045     4.187 r  soc_crg_reset_counter[2]_i_1/O
                         net (fo=1, routed)           0.000     4.187    soc_crg_reset_counter[2]_i_1_n_0
    SLICE_X78Y81         FDSE                                         r  soc_crg_reset_counter_reg[2]/D
  -------------------------------------------------------------------    -------------------

                         (clock soc_crg_clkout3 rise edge)
                                                      0.000     0.000 r  
    E3                                                0.000     0.000 r  clk100 (IN)
                         net (fo=0)                   0.000     0.000    clk100
    E3                   IBUF (Prop_ibuf_I_O)         0.438     0.438 r  clk100_IBUF_inst/O
                         net (fo=1, routed)           0.699     1.136    clk100_IBUF
    BUFGCTRL_X0Y16       BUFG (Prop_bufg_I_O)         0.029     1.165 r  clk100_IBUF_BUFG_inst/O
                         net (fo=1, routed)           0.976     2.142    clk100_IBUF_BUFG
    SLICE_X38Y39         LUT1 (Prop_lut1_I0_O)        0.056     2.198 r  clk100_inst/O
                         net (fo=9, routed)           0.945     3.142    soc_crg_clkin
    MMCME2_ADV_X0Y0      MMCME2_ADV (Prop_mmcme2_adv_CLKIN1_CLKOUT3)
                                                      0.053     3.195 r  MMCME2_ADV/CLKOUT3
                         net (fo=1, routed)           0.700     3.896    soc_crg_clkout3
    BUFGCTRL_X0Y2        BUFG (Prop_bufg_I_O)         0.029     3.925 r  BUFG_3/O
                         net (fo=8, routed)           0.861     4.785    idelay_clk
    SLICE_X78Y81         FDSE                                         r  soc_crg_reset_counter_reg[2]/C
                         clock pessimism             -0.993     3.792    
    SLICE_X78Y81         FDSE (Hold_fdse_C_D)         0.121     3.913    soc_crg_reset_counter_reg[2]
  -------------------------------------------------------------------
                         required time                         -3.913    
                         arrival time                           4.187    
  -------------------------------------------------------------------
                         slack                                  0.274    

Slack (MET) :             0.275ns  (arrival time - required time)
  Source:                 soc_crg_reset_counter_reg[0]/C
                            (rising edge-triggered cell FDSE clocked by soc_crg_clkout3  {rise@0.000ns fall@2.500ns period=5.000ns})
  Destination:            soc_crg_reset_counter_reg[0]/D
                            (rising edge-triggered cell FDSE clocked by soc_crg_clkout3  {rise@0.000ns fall@2.500ns period=5.000ns})
  Path Group:             soc_crg_clkout3
  Path Type:              Hold (Min at Fast Process Corner)
  Requirement:            0.000ns  (soc_crg_clkout3 rise@0.000ns - soc_crg_clkout3 rise@0.000ns)
  Data Path Delay:        0.395ns  (logic 0.209ns (52.866%)  route 0.186ns (47.134%))
  Logic Levels:           1  (LUT1=1)
  Clock Path Skew:        0.000ns (DCD - SCD - CPR)
    Destination Clock Delay (DCD):    4.785ns
    Source Clock Delay      (SCD):    3.792ns
    Clock Pessimism Removal (CPR):    0.993ns

    Location             Delay type                Incr(ns)  Path(ns)    Netlist Resource(s)
  -------------------------------------------------------------------    -------------------
                         (clock soc_crg_clkout3 rise edge)
                                                      0.000     0.000 r  
    E3                                                0.000     0.000 r  clk100 (IN)
                         net (fo=0)                   0.000     0.000    clk100
    E3                   IBUF (Prop_ibuf_I_O)         0.250     0.250 r  clk100_IBUF_inst/O
                         net (fo=1, routed)           0.644     0.894    clk100_IBUF
    BUFGCTRL_X0Y16       BUFG (Prop_bufg_I_O)         0.026     0.920 r  clk100_IBUF_BUFG_inst/O
                         net (fo=1, routed)           0.691     1.611    clk100_IBUF_BUFG
    SLICE_X38Y39         LUT1 (Prop_lut1_I0_O)        0.045     1.656 r  clk100_inst/O
                         net (fo=9, routed)           0.822     2.477    soc_crg_clkin
    MMCME2_ADV_X0Y0      MMCME2_ADV (Prop_mmcme2_adv_CLKIN1_CLKOUT3)
                                                      0.050     2.527 r  MMCME2_ADV/CLKOUT3
                         net (fo=1, routed)           0.648     3.175    soc_crg_clkout3
    BUFGCTRL_X0Y2        BUFG (Prop_bufg_I_O)         0.026     3.201 r  BUFG_3/O
                         net (fo=8, routed)           0.591     3.792    idelay_clk
    SLICE_X78Y81         FDSE                                         r  soc_crg_reset_counter_reg[0]/C
  -------------------------------------------------------------------    -------------------
    SLICE_X78Y81         FDSE (Prop_fdse_C_Q)         0.164     3.956 f  soc_crg_reset_counter_reg[0]/Q
                         net (fo=5, routed)           0.186     4.142    soc_crg_reset_counter[0]
    SLICE_X78Y81         LUT1 (Prop_lut1_I0_O)        0.045     4.187 r  soc_crg_reset_counter[0]_i_1/O
                         net (fo=1, routed)           0.000     4.187    soc_crg_reset_counter0[0]
    SLICE_X78Y81         FDSE                                         r  soc_crg_reset_counter_reg[0]/D
  -------------------------------------------------------------------    -------------------

                         (clock soc_crg_clkout3 rise edge)
                                                      0.000     0.000 r  
    E3                                                0.000     0.000 r  clk100 (IN)
                         net (fo=0)                   0.000     0.000    clk100
    E3                   IBUF (Prop_ibuf_I_O)         0.438     0.438 r  clk100_IBUF_inst/O
                         net (fo=1, routed)           0.699     1.136    clk100_IBUF
    BUFGCTRL_X0Y16       BUFG (Prop_bufg_I_O)         0.029     1.165 r  clk100_IBUF_BUFG_inst/O
                         net (fo=1, routed)           0.976     2.142    clk100_IBUF_BUFG
    SLICE_X38Y39         LUT1 (Prop_lut1_I0_O)        0.056     2.198 r  clk100_inst/O
                         net (fo=9, routed)           0.945     3.142    soc_crg_clkin
    MMCME2_ADV_X0Y0      MMCME2_ADV (Prop_mmcme2_adv_CLKIN1_CLKOUT3)
                                                      0.053     3.195 r  MMCME2_ADV/CLKOUT3
                         net (fo=1, routed)           0.700     3.896    soc_crg_clkout3
    BUFGCTRL_X0Y2        BUFG (Prop_bufg_I_O)         0.029     3.925 r  BUFG_3/O
                         net (fo=8, routed)           0.861     4.785    idelay_clk
    SLICE_X78Y81         FDSE                                         r  soc_crg_reset_counter_reg[0]/C
                         clock pessimism             -0.993     3.792    
    SLICE_X78Y81         FDSE (Hold_fdse_C_D)         0.120     3.912    soc_crg_reset_counter_reg[0]
  -------------------------------------------------------------------
                         required time                         -3.912    
                         arrival time                           4.187    
  -------------------------------------------------------------------
                         slack                                  0.275    

Slack (MET) :             0.438ns  (arrival time - required time)
  Source:                 soc_crg_reset_counter_reg[3]/C
                            (rising edge-triggered cell FDSE clocked by soc_crg_clkout3  {rise@0.000ns fall@2.500ns period=5.000ns})
  Destination:            soc_crg_reset_counter_reg[0]/CE
                            (rising edge-triggered cell FDSE clocked by soc_crg_clkout3  {rise@0.000ns fall@2.500ns period=5.000ns})
  Path Group:             soc_crg_clkout3
  Path Type:              Hold (Min at Fast Process Corner)
  Requirement:            0.000ns  (soc_crg_clkout3 rise@0.000ns - soc_crg_clkout3 rise@0.000ns)
  Data Path Delay:        0.422ns  (logic 0.247ns (58.513%)  route 0.175ns (41.487%))
  Logic Levels:           1  (LUT4=1)
  Clock Path Skew:        0.000ns (DCD - SCD - CPR)
    Destination Clock Delay (DCD):    4.785ns
    Source Clock Delay      (SCD):    3.792ns
    Clock Pessimism Removal (CPR):    0.993ns

    Location             Delay type                Incr(ns)  Path(ns)    Netlist Resource(s)
  -------------------------------------------------------------------    -------------------
                         (clock soc_crg_clkout3 rise edge)
                                                      0.000     0.000 r  
    E3                                                0.000     0.000 r  clk100 (IN)
                         net (fo=0)                   0.000     0.000    clk100
    E3                   IBUF (Prop_ibuf_I_O)         0.250     0.250 r  clk100_IBUF_inst/O
                         net (fo=1, routed)           0.644     0.894    clk100_IBUF
    BUFGCTRL_X0Y16       BUFG (Prop_bufg_I_O)         0.026     0.920 r  clk100_IBUF_BUFG_inst/O
                         net (fo=1, routed)           0.691     1.611    clk100_IBUF_BUFG
    SLICE_X38Y39         LUT1 (Prop_lut1_I0_O)        0.045     1.656 r  clk100_inst/O
                         net (fo=9, routed)           0.822     2.477    soc_crg_clkin
    MMCME2_ADV_X0Y0      MMCME2_ADV (Prop_mmcme2_adv_CLKIN1_CLKOUT3)
                                                      0.050     2.527 r  MMCME2_ADV/CLKOUT3
                         net (fo=1, routed)           0.648     3.175    soc_crg_clkout3
    BUFGCTRL_X0Y2        BUFG (Prop_bufg_I_O)         0.026     3.201 r  BUFG_3/O
                         net (fo=8, routed)           0.591     3.792    idelay_clk
    SLICE_X78Y81         FDSE                                         r  soc_crg_reset_counter_reg[3]/C
  -------------------------------------------------------------------    -------------------
    SLICE_X78Y81         FDSE (Prop_fdse_C_Q)         0.148     3.940 r  soc_crg_reset_counter_reg[3]/Q
                         net (fo=2, routed)           0.108     4.047    soc_crg_reset_counter[3]
    SLICE_X78Y81         LUT4 (Prop_lut4_I3_O)        0.099     4.146 r  soc_crg_reset_counter[3]_i_1/O
                         net (fo=5, routed)           0.068     4.214    soc_crg_reset_counter[3]_i_1_n_0
    SLICE_X78Y81         FDSE                                         r  soc_crg_reset_counter_reg[0]/CE
  -------------------------------------------------------------------    -------------------

                         (clock soc_crg_clkout3 rise edge)
                                                      0.000     0.000 r  
    E3                                                0.000     0.000 r  clk100 (IN)
                         net (fo=0)                   0.000     0.000    clk100
    E3                   IBUF (Prop_ibuf_I_O)         0.438     0.438 r  clk100_IBUF_inst/O
                         net (fo=1, routed)           0.699     1.136    clk100_IBUF
    BUFGCTRL_X0Y16       BUFG (Prop_bufg_I_O)         0.029     1.165 r  clk100_IBUF_BUFG_inst/O
                         net (fo=1, routed)           0.976     2.142    clk100_IBUF_BUFG
    SLICE_X38Y39         LUT1 (Prop_lut1_I0_O)        0.056     2.198 r  clk100_inst/O
                         net (fo=9, routed)           0.945     3.142    soc_crg_clkin
    MMCME2_ADV_X0Y0      MMCME2_ADV (Prop_mmcme2_adv_CLKIN1_CLKOUT3)
                                                      0.053     3.195 r  MMCME2_ADV/CLKOUT3
                         net (fo=1, routed)           0.700     3.896    soc_crg_clkout3
    BUFGCTRL_X0Y2        BUFG (Prop_bufg_I_O)         0.029     3.925 r  BUFG_3/O
                         net (fo=8, routed)           0.861     4.785    idelay_clk
    SLICE_X78Y81         FDSE                                         r  soc_crg_reset_counter_reg[0]/C
                         clock pessimism             -0.993     3.792    
    SLICE_X78Y81         FDSE (Hold_fdse_C_CE)       -0.016     3.776    soc_crg_reset_counter_reg[0]
  -------------------------------------------------------------------
                         required time                         -3.776    
                         arrival time                           4.214    
  -------------------------------------------------------------------
                         slack                                  0.438    

Slack (MET) :             0.438ns  (arrival time - required time)
  Source:                 soc_crg_reset_counter_reg[3]/C
                            (rising edge-triggered cell FDSE clocked by soc_crg_clkout3  {rise@0.000ns fall@2.500ns period=5.000ns})
  Destination:            soc_crg_reset_counter_reg[1]/CE
                            (rising edge-triggered cell FDSE clocked by soc_crg_clkout3  {rise@0.000ns fall@2.500ns period=5.000ns})
  Path Group:             soc_crg_clkout3
  Path Type:              Hold (Min at Fast Process Corner)
  Requirement:            0.000ns  (soc_crg_clkout3 rise@0.000ns - soc_crg_clkout3 rise@0.000ns)
  Data Path Delay:        0.422ns  (logic 0.247ns (58.513%)  route 0.175ns (41.487%))
  Logic Levels:           1  (LUT4=1)
  Clock Path Skew:        0.000ns (DCD - SCD - CPR)
    Destination Clock Delay (DCD):    4.785ns
    Source Clock Delay      (SCD):    3.792ns
    Clock Pessimism Removal (CPR):    0.993ns

    Location             Delay type                Incr(ns)  Path(ns)    Netlist Resource(s)
  -------------------------------------------------------------------    -------------------
                         (clock soc_crg_clkout3 rise edge)
                                                      0.000     0.000 r  
    E3                                                0.000     0.000 r  clk100 (IN)
                         net (fo=0)                   0.000     0.000    clk100
    E3                   IBUF (Prop_ibuf_I_O)         0.250     0.250 r  clk100_IBUF_inst/O
                         net (fo=1, routed)           0.644     0.894    clk100_IBUF
    BUFGCTRL_X0Y16       BUFG (Prop_bufg_I_O)         0.026     0.920 r  clk100_IBUF_BUFG_inst/O
                         net (fo=1, routed)           0.691     1.611    clk100_IBUF_BUFG
    SLICE_X38Y39         LUT1 (Prop_lut1_I0_O)        0.045     1.656 r  clk100_inst/O
                         net (fo=9, routed)           0.822     2.477    soc_crg_clkin
    MMCME2_ADV_X0Y0      MMCME2_ADV (Prop_mmcme2_adv_CLKIN1_CLKOUT3)
                                                      0.050     2.527 r  MMCME2_ADV/CLKOUT3
                         net (fo=1, routed)           0.648     3.175    soc_crg_clkout3
    BUFGCTRL_X0Y2        BUFG (Prop_bufg_I_O)         0.026     3.201 r  BUFG_3/O
                         net (fo=8, routed)           0.591     3.792    idelay_clk
    SLICE_X78Y81         FDSE                                         r  soc_crg_reset_counter_reg[3]/C
  -------------------------------------------------------------------    -------------------
    SLICE_X78Y81         FDSE (Prop_fdse_C_Q)         0.148     3.940 r  soc_crg_reset_counter_reg[3]/Q
                         net (fo=2, routed)           0.108     4.047    soc_crg_reset_counter[3]
    SLICE_X78Y81         LUT4 (Prop_lut4_I3_O)        0.099     4.146 r  soc_crg_reset_counter[3]_i_1/O
                         net (fo=5, routed)           0.068     4.214    soc_crg_reset_counter[3]_i_1_n_0
    SLICE_X78Y81         FDSE                                         r  soc_crg_reset_counter_reg[1]/CE
  -------------------------------------------------------------------    -------------------

                         (clock soc_crg_clkout3 rise edge)
                                                      0.000     0.000 r  
    E3                                                0.000     0.000 r  clk100 (IN)
                         net (fo=0)                   0.000     0.000    clk100
    E3                   IBUF (Prop_ibuf_I_O)         0.438     0.438 r  clk100_IBUF_inst/O
                         net (fo=1, routed)           0.699     1.136    clk100_IBUF
    BUFGCTRL_X0Y16       BUFG (Prop_bufg_I_O)         0.029     1.165 r  clk100_IBUF_BUFG_inst/O
                         net (fo=1, routed)           0.976     2.142    clk100_IBUF_BUFG
    SLICE_X38Y39         LUT1 (Prop_lut1_I0_O)        0.056     2.198 r  clk100_inst/O
                         net (fo=9, routed)           0.945     3.142    soc_crg_clkin
    MMCME2_ADV_X0Y0      MMCME2_ADV (Prop_mmcme2_adv_CLKIN1_CLKOUT3)
                                                      0.053     3.195 r  MMCME2_ADV/CLKOUT3
                         net (fo=1, routed)           0.700     3.896    soc_crg_clkout3
    BUFGCTRL_X0Y2        BUFG (Prop_bufg_I_O)         0.029     3.925 r  BUFG_3/O
                         net (fo=8, routed)           0.861     4.785    idelay_clk
    SLICE_X78Y81         FDSE                                         r  soc_crg_reset_counter_reg[1]/C
                         clock pessimism             -0.993     3.792    
    SLICE_X78Y81         FDSE (Hold_fdse_C_CE)       -0.016     3.776    soc_crg_reset_counter_reg[1]
  -------------------------------------------------------------------
                         required time                         -3.776    
                         arrival time                           4.214    
  -------------------------------------------------------------------
                         slack                                  0.438    

Slack (MET) :             0.438ns  (arrival time - required time)
  Source:                 soc_crg_reset_counter_reg[3]/C
                            (rising edge-triggered cell FDSE clocked by soc_crg_clkout3  {rise@0.000ns fall@2.500ns period=5.000ns})
  Destination:            soc_crg_reset_counter_reg[2]/CE
                            (rising edge-triggered cell FDSE clocked by soc_crg_clkout3  {rise@0.000ns fall@2.500ns period=5.000ns})
  Path Group:             soc_crg_clkout3
  Path Type:              Hold (Min at Fast Process Corner)
  Requirement:            0.000ns  (soc_crg_clkout3 rise@0.000ns - soc_crg_clkout3 rise@0.000ns)
  Data Path Delay:        0.422ns  (logic 0.247ns (58.513%)  route 0.175ns (41.487%))
  Logic Levels:           1  (LUT4=1)
  Clock Path Skew:        0.000ns (DCD - SCD - CPR)
    Destination Clock Delay (DCD):    4.785ns
    Source Clock Delay      (SCD):    3.792ns
    Clock Pessimism Removal (CPR):    0.993ns

    Location             Delay type                Incr(ns)  Path(ns)    Netlist Resource(s)
  -------------------------------------------------------------------    -------------------
                         (clock soc_crg_clkout3 rise edge)
                                                      0.000     0.000 r  
    E3                                                0.000     0.000 r  clk100 (IN)
                         net (fo=0)                   0.000     0.000    clk100
    E3                   IBUF (Prop_ibuf_I_O)         0.250     0.250 r  clk100_IBUF_inst/O
                         net (fo=1, routed)           0.644     0.894    clk100_IBUF
    BUFGCTRL_X0Y16       BUFG (Prop_bufg_I_O)         0.026     0.920 r  clk100_IBUF_BUFG_inst/O
                         net (fo=1, routed)           0.691     1.611    clk100_IBUF_BUFG
    SLICE_X38Y39         LUT1 (Prop_lut1_I0_O)        0.045     1.656 r  clk100_inst/O
                         net (fo=9, routed)           0.822     2.477    soc_crg_clkin
    MMCME2_ADV_X0Y0      MMCME2_ADV (Prop_mmcme2_adv_CLKIN1_CLKOUT3)
                                                      0.050     2.527 r  MMCME2_ADV/CLKOUT3
                         net (fo=1, routed)           0.648     3.175    soc_crg_clkout3
    BUFGCTRL_X0Y2        BUFG (Prop_bufg_I_O)         0.026     3.201 r  BUFG_3/O
                         net (fo=8, routed)           0.591     3.792    idelay_clk
    SLICE_X78Y81         FDSE                                         r  soc_crg_reset_counter_reg[3]/C
  -------------------------------------------------------------------    -------------------
    SLICE_X78Y81         FDSE (Prop_fdse_C_Q)         0.148     3.940 r  soc_crg_reset_counter_reg[3]/Q
                         net (fo=2, routed)           0.108     4.047    soc_crg_reset_counter[3]
    SLICE_X78Y81         LUT4 (Prop_lut4_I3_O)        0.099     4.146 r  soc_crg_reset_counter[3]_i_1/O
                         net (fo=5, routed)           0.068     4.214    soc_crg_reset_counter[3]_i_1_n_0
    SLICE_X78Y81         FDSE                                         r  soc_crg_reset_counter_reg[2]/CE
  -------------------------------------------------------------------    -------------------

                         (clock soc_crg_clkout3 rise edge)
                                                      0.000     0.000 r  
    E3                                                0.000     0.000 r  clk100 (IN)
                         net (fo=0)                   0.000     0.000    clk100
    E3                   IBUF (Prop_ibuf_I_O)         0.438     0.438 r  clk100_IBUF_inst/O
                         net (fo=1, routed)           0.699     1.136    clk100_IBUF
    BUFGCTRL_X0Y16       BUFG (Prop_bufg_I_O)         0.029     1.165 r  clk100_IBUF_BUFG_inst/O
                         net (fo=1, routed)           0.976     2.142    clk100_IBUF_BUFG
    SLICE_X38Y39         LUT1 (Prop_lut1_I0_O)        0.056     2.198 r  clk100_inst/O
                         net (fo=9, routed)           0.945     3.142    soc_crg_clkin
    MMCME2_ADV_X0Y0      MMCME2_ADV (Prop_mmcme2_adv_CLKIN1_CLKOUT3)
                                                      0.053     3.195 r  MMCME2_ADV/CLKOUT3
                         net (fo=1, routed)           0.700     3.896    soc_crg_clkout3
    BUFGCTRL_X0Y2        BUFG (Prop_bufg_I_O)         0.029     3.925 r  BUFG_3/O
                         net (fo=8, routed)           0.861     4.785    idelay_clk
    SLICE_X78Y81         FDSE                                         r  soc_crg_reset_counter_reg[2]/C
                         clock pessimism             -0.993     3.792    
    SLICE_X78Y81         FDSE (Hold_fdse_C_CE)       -0.016     3.776    soc_crg_reset_counter_reg[2]
  -------------------------------------------------------------------
                         required time                         -3.776    
                         arrival time                           4.214    
  -------------------------------------------------------------------
                         slack                                  0.438    

Slack (MET) :             0.438ns  (arrival time - required time)
  Source:                 soc_crg_reset_counter_reg[3]/C
                            (rising edge-triggered cell FDSE clocked by soc_crg_clkout3  {rise@0.000ns fall@2.500ns period=5.000ns})
  Destination:            soc_crg_reset_counter_reg[3]/CE
                            (rising edge-triggered cell FDSE clocked by soc_crg_clkout3  {rise@0.000ns fall@2.500ns period=5.000ns})
  Path Group:             soc_crg_clkout3
  Path Type:              Hold (Min at Fast Process Corner)
  Requirement:            0.000ns  (soc_crg_clkout3 rise@0.000ns - soc_crg_clkout3 rise@0.000ns)
  Data Path Delay:        0.422ns  (logic 0.247ns (58.513%)  route 0.175ns (41.487%))
  Logic Levels:           1  (LUT4=1)
  Clock Path Skew:        0.000ns (DCD - SCD - CPR)
    Destination Clock Delay (DCD):    4.785ns
    Source Clock Delay      (SCD):    3.792ns
    Clock Pessimism Removal (CPR):    0.993ns

    Location             Delay type                Incr(ns)  Path(ns)    Netlist Resource(s)
  -------------------------------------------------------------------    -------------------
                         (clock soc_crg_clkout3 rise edge)
                                                      0.000     0.000 r  
    E3                                                0.000     0.000 r  clk100 (IN)
                         net (fo=0)                   0.000     0.000    clk100
    E3                   IBUF (Prop_ibuf_I_O)         0.250     0.250 r  clk100_IBUF_inst/O
                         net (fo=1, routed)           0.644     0.894    clk100_IBUF
    BUFGCTRL_X0Y16       BUFG (Prop_bufg_I_O)         0.026     0.920 r  clk100_IBUF_BUFG_inst/O
                         net (fo=1, routed)           0.691     1.611    clk100_IBUF_BUFG
    SLICE_X38Y39         LUT1 (Prop_lut1_I0_O)        0.045     1.656 r  clk100_inst/O
                         net (fo=9, routed)           0.822     2.477    soc_crg_clkin
    MMCME2_ADV_X0Y0      MMCME2_ADV (Prop_mmcme2_adv_CLKIN1_CLKOUT3)
                                                      0.050     2.527 r  MMCME2_ADV/CLKOUT3
                         net (fo=1, routed)           0.648     3.175    soc_crg_clkout3
    BUFGCTRL_X0Y2        BUFG (Prop_bufg_I_O)         0.026     3.201 r  BUFG_3/O
                         net (fo=8, routed)           0.591     3.792    idelay_clk
    SLICE_X78Y81         FDSE                                         r  soc_crg_reset_counter_reg[3]/C
  -------------------------------------------------------------------    -------------------
    SLICE_X78Y81         FDSE (Prop_fdse_C_Q)         0.148     3.940 r  soc_crg_reset_counter_reg[3]/Q
                         net (fo=2, routed)           0.108     4.047    soc_crg_reset_counter[3]
    SLICE_X78Y81         LUT4 (Prop_lut4_I3_O)        0.099     4.146 r  soc_crg_reset_counter[3]_i_1/O
                         net (fo=5, routed)           0.068     4.214    soc_crg_reset_counter[3]_i_1_n_0
    SLICE_X78Y81         FDSE                                         r  soc_crg_reset_counter_reg[3]/CE
  -------------------------------------------------------------------    -------------------

                         (clock soc_crg_clkout3 rise edge)
                                                      0.000     0.000 r  
    E3                                                0.000     0.000 r  clk100 (IN)
                         net (fo=0)                   0.000     0.000    clk100
    E3                   IBUF (Prop_ibuf_I_O)         0.438     0.438 r  clk100_IBUF_inst/O
                         net (fo=1, routed)           0.699     1.136    clk100_IBUF
    BUFGCTRL_X0Y16       BUFG (Prop_bufg_I_O)         0.029     1.165 r  clk100_IBUF_BUFG_inst/O
                         net (fo=1, routed)           0.976     2.142    clk100_IBUF_BUFG
    SLICE_X38Y39         LUT1 (Prop_lut1_I0_O)        0.056     2.198 r  clk100_inst/O
                         net (fo=9, routed)           0.945     3.142    soc_crg_clkin
    MMCME2_ADV_X0Y0      MMCME2_ADV (Prop_mmcme2_adv_CLKIN1_CLKOUT3)
                                                      0.053     3.195 r  MMCME2_ADV/CLKOUT3
                         net (fo=1, routed)           0.700     3.896    soc_crg_clkout3
    BUFGCTRL_X0Y2        BUFG (Prop_bufg_I_O)         0.029     3.925 r  BUFG_3/O
                         net (fo=8, routed)           0.861     4.785    idelay_clk
    SLICE_X78Y81         FDSE                                         r  soc_crg_reset_counter_reg[3]/C
                         clock pessimism             -0.993     3.792    
    SLICE_X78Y81         FDSE (Hold_fdse_C_CE)       -0.016     3.776    soc_crg_reset_counter_reg[3]
  -------------------------------------------------------------------
                         required time                         -3.776    
                         arrival time                           4.214    
  -------------------------------------------------------------------
                         slack                                  0.438    





Pulse Width Checks
--------------------------------------------------------------------------------------
Clock Name:         soc_crg_clkout3
Waveform(ns):       { 0.000 2.500 }
Period(ns):         5.000
Sources:            { MMCME2_ADV/CLKOUT3 }

Check Type        Corner  Lib Pin             Reference Pin  Required(ns)  Actual(ns)  Slack(ns)  Location         Pin
Min Period        n/a     IDELAYCTRL/REFCLK   n/a            3.225         5.000       1.775      IDELAYCTRL_X1Y1  IDELAYCTRL/REFCLK
Min Period        n/a     BUFG/I              n/a            2.155         5.000       2.845      BUFGCTRL_X0Y2    BUFG_3/I
Min Period        n/a     MMCME2_ADV/CLKOUT3  n/a            1.249         5.000       3.751      MMCME2_ADV_X0Y0  MMCME2_ADV/CLKOUT3
Min Period        n/a     FDPE/C              n/a            1.000         5.000       4.000      SLICE_X75Y77     FDPE_6/C
Min Period        n/a     FDPE/C              n/a            1.000         5.000       4.000      SLICE_X75Y77     FDPE_7/C
Min Period        n/a     FDRE/C              n/a            1.000         5.000       4.000      SLICE_X78Y79     soc_crg_ic_reset_reg/C
Min Period        n/a     FDSE/C              n/a            1.000         5.000       4.000      SLICE_X78Y81     soc_crg_reset_counter_reg[0]/C
Min Period        n/a     FDSE/C              n/a            1.000         5.000       4.000      SLICE_X78Y81     soc_crg_reset_counter_reg[1]/C
Min Period        n/a     FDSE/C              n/a            1.000         5.000       4.000      SLICE_X78Y81     soc_crg_reset_counter_reg[2]/C
Min Period        n/a     FDSE/C              n/a            1.000         5.000       4.000      SLICE_X78Y81     soc_crg_reset_counter_reg[3]/C
Max Period        n/a     IDELAYCTRL/REFCLK   n/a            5.264         5.000       0.264      IDELAYCTRL_X1Y1  IDELAYCTRL/REFCLK
Max Period        n/a     MMCME2_ADV/CLKOUT3  n/a            213.360       5.000       208.360    MMCME2_ADV_X0Y0  MMCME2_ADV/CLKOUT3
Low Pulse Width   Slow    FDPE/C              n/a            0.500         2.500       2.000      SLICE_X75Y77     FDPE_6/C
Low Pulse Width   Fast    FDPE/C              n/a            0.500         2.500       2.000      SLICE_X75Y77     FDPE_6/C
Low Pulse Width   Slow    FDPE/C              n/a            0.500         2.500       2.000      SLICE_X75Y77     FDPE_7/C
Low Pulse Width   Fast    FDPE/C              n/a            0.500         2.500       2.000      SLICE_X75Y77     FDPE_7/C
Low Pulse Width   Slow    FDRE/C              n/a            0.500         2.500       2.000      SLICE_X78Y79     soc_crg_ic_reset_reg/C
Low Pulse Width   Fast    FDRE/C              n/a            0.500         2.500       2.000      SLICE_X78Y79     soc_crg_ic_reset_reg/C
Low Pulse Width   Slow    FDSE/C              n/a            0.500         2.500       2.000      SLICE_X78Y81     soc_crg_reset_counter_reg[0]/C
Low Pulse Width   Fast    FDSE/C              n/a            0.500         2.500       2.000      SLICE_X78Y81     soc_crg_reset_counter_reg[0]/C
Low Pulse Width   Slow    FDSE/C              n/a            0.500         2.500       2.000      SLICE_X78Y81     soc_crg_reset_counter_reg[1]/C
Low Pulse Width   Fast    FDSE/C              n/a            0.500         2.500       2.000      SLICE_X78Y81     soc_crg_reset_counter_reg[1]/C
High Pulse Width  Slow    FDPE/C              n/a            0.500         2.500       2.000      SLICE_X75Y77     FDPE_6/C
High Pulse Width  Fast    FDPE/C              n/a            0.500         2.500       2.000      SLICE_X75Y77     FDPE_6/C
High Pulse Width  Slow    FDPE/C              n/a            0.500         2.500       2.000      SLICE_X75Y77     FDPE_7/C
High Pulse Width  Fast    FDPE/C              n/a            0.500         2.500       2.000      SLICE_X75Y77     FDPE_7/C
High Pulse Width  Slow    FDRE/C              n/a            0.500         2.500       2.000      SLICE_X78Y79     soc_crg_ic_reset_reg/C
High Pulse Width  Fast    FDRE/C              n/a            0.500         2.500       2.000      SLICE_X78Y79     soc_crg_ic_reset_reg/C
High Pulse Width  Slow    FDSE/C              n/a            0.500         2.500       2.000      SLICE_X78Y81     soc_crg_reset_counter_reg[0]/C
High Pulse Width  Fast    FDSE/C              n/a            0.500         2.500       2.000      SLICE_X78Y81     soc_crg_reset_counter_reg[0]/C
High Pulse Width  Slow    FDSE/C              n/a            0.500         2.500       2.000      SLICE_X78Y81     soc_crg_reset_counter_reg[1]/C
High Pulse Width  Fast    FDSE/C              n/a            0.500         2.500       2.000      SLICE_X78Y81     soc_crg_reset_counter_reg[1]/C



------------------------------------------------------------------------------------------------
| Data sheet
| ----------
------------------------------------------------------------------------------------------------

Input Ports Setup/Hold

----------+--------------+----------------+----------+---------------+---------+---------------+---------+-----------------+
Reference | Input        | IO Reg         | Delay    |     Setup(ns) | Process |      Hold(ns) | Process | Internal        |
Clock     | Port         | Type           | Type     | to Clk (Edge) | Corner  | to Clk (Edge) | Corner  | Clock           |
----------+--------------+----------------+----------+---------------+---------+---------------+---------+-----------------+
clk100    | cpu_reset    | FDCE           | -        |     0.715 (r) | FAST    |     1.719 (r) | SLOW    |                 |
clk100    | serial_rx    | FDRE           | -        |    -1.689 (r) | FAST    |     7.671 (r) | SLOW    | soc_crg_clkout0 |
clk100    | ddram_dq[0]  | ISERDESE2 (IO) | VARIABLE |    -2.956 (r) | FAST    |    10.062 (r) | SLOW    | soc_crg_clkout1 |
clk100    | ddram_dq[0]  | ISERDESE2 (IO) | VARIABLE |    -2.884 (f) | FAST    |    10.062 (f) | SLOW    | soc_crg_clkout1 |
clk100    | ddram_dq[1]  | ISERDESE2 (IO) | VARIABLE |    -2.955 (r) | FAST    |    10.060 (r) | SLOW    | soc_crg_clkout1 |
clk100    | ddram_dq[1]  | ISERDESE2 (IO) | VARIABLE |    -2.883 (f) | FAST    |    10.060 (f) | SLOW    | soc_crg_clkout1 |
clk100    | ddram_dq[2]  | ISERDESE2 (IO) | VARIABLE |    -2.973 (r) | FAST    |    10.078 (r) | SLOW    | soc_crg_clkout1 |
clk100    | ddram_dq[2]  | ISERDESE2 (IO) | VARIABLE |    -2.901 (f) | FAST    |    10.078 (f) | SLOW    | soc_crg_clkout1 |
clk100    | ddram_dq[3]  | ISERDESE2 (IO) | VARIABLE |    -2.956 (r) | FAST    |    10.061 (r) | SLOW    | soc_crg_clkout1 |
clk100    | ddram_dq[3]  | ISERDESE2 (IO) | VARIABLE |    -2.884 (f) | FAST    |    10.061 (f) | SLOW    | soc_crg_clkout1 |
clk100    | ddram_dq[4]  | ISERDESE2 (IO) | VARIABLE |    -2.949 (r) | FAST    |    10.054 (r) | SLOW    | soc_crg_clkout1 |
clk100    | ddram_dq[4]  | ISERDESE2 (IO) | VARIABLE |    -2.877 (f) | FAST    |    10.054 (f) | SLOW    | soc_crg_clkout1 |
clk100    | ddram_dq[5]  | ISERDESE2 (IO) | VARIABLE |    -2.964 (r) | FAST    |    10.069 (r) | SLOW    | soc_crg_clkout1 |
clk100    | ddram_dq[5]  | ISERDESE2 (IO) | VARIABLE |    -2.892 (f) | FAST    |    10.069 (f) | SLOW    | soc_crg_clkout1 |
clk100    | ddram_dq[6]  | ISERDESE2 (IO) | VARIABLE |    -2.952 (r) | FAST    |    10.058 (r) | SLOW    | soc_crg_clkout1 |
clk100    | ddram_dq[6]  | ISERDESE2 (IO) | VARIABLE |    -2.880 (f) | FAST    |    10.058 (f) | SLOW    | soc_crg_clkout1 |
clk100    | ddram_dq[7]  | ISERDESE2 (IO) | VARIABLE |    -2.974 (r) | FAST    |    10.078 (r) | SLOW    | soc_crg_clkout1 |
clk100    | ddram_dq[7]  | ISERDESE2 (IO) | VARIABLE |    -2.902 (f) | FAST    |    10.078 (f) | SLOW    | soc_crg_clkout1 |
clk100    | ddram_dq[8]  | ISERDESE2 (IO) | VARIABLE |    -2.951 (r) | FAST    |    10.048 (r) | SLOW    | soc_crg_clkout1 |
clk100    | ddram_dq[8]  | ISERDESE2 (IO) | VARIABLE |    -2.879 (f) | FAST    |    10.048 (f) | SLOW    | soc_crg_clkout1 |
clk100    | ddram_dq[9]  | ISERDESE2 (IO) | VARIABLE |    -2.941 (r) | FAST    |    10.044 (r) | SLOW    | soc_crg_clkout1 |
clk100    | ddram_dq[9]  | ISERDESE2 (IO) | VARIABLE |    -2.869 (f) | FAST    |    10.044 (f) | SLOW    | soc_crg_clkout1 |
clk100    | ddram_dq[10] | ISERDESE2 (IO) | VARIABLE |    -2.944 (r) | FAST    |    10.043 (r) | SLOW    | soc_crg_clkout1 |
clk100    | ddram_dq[10] | ISERDESE2 (IO) | VARIABLE |    -2.872 (f) | FAST    |    10.043 (f) | SLOW    | soc_crg_clkout1 |
clk100    | ddram_dq[11] | ISERDESE2 (IO) | VARIABLE |    -2.937 (r) | FAST    |    10.040 (r) | SLOW    | soc_crg_clkout1 |
clk100    | ddram_dq[11] | ISERDESE2 (IO) | VARIABLE |    -2.865 (f) | FAST    |    10.040 (f) | SLOW    | soc_crg_clkout1 |
clk100    | ddram_dq[12] | ISERDESE2 (IO) | VARIABLE |    -2.932 (r) | FAST    |    10.031 (r) | SLOW    | soc_crg_clkout1 |
clk100    | ddram_dq[12] | ISERDESE2 (IO) | VARIABLE |    -2.860 (f) | FAST    |    10.031 (f) | SLOW    | soc_crg_clkout1 |
clk100    | ddram_dq[13] | ISERDESE2 (IO) | VARIABLE |    -2.956 (r) | FAST    |    10.053 (r) | SLOW    | soc_crg_clkout1 |
clk100    | ddram_dq[13] | ISERDESE2 (IO) | VARIABLE |    -2.884 (f) | FAST    |    10.053 (f) | SLOW    | soc_crg_clkout1 |
clk100    | ddram_dq[14] | ISERDESE2 (IO) | VARIABLE |    -2.944 (r) | FAST    |    10.048 (r) | SLOW    | soc_crg_clkout1 |
clk100    | ddram_dq[14] | ISERDESE2 (IO) | VARIABLE |    -2.872 (f) | FAST    |    10.048 (f) | SLOW    | soc_crg_clkout1 |
clk100    | ddram_dq[15] | ISERDESE2 (IO) | VARIABLE |    -2.956 (r) | FAST    |    10.055 (r) | SLOW    | soc_crg_clkout1 |
clk100    | ddram_dq[15] | ISERDESE2 (IO) | VARIABLE |    -2.884 (f) | FAST    |    10.055 (f) | SLOW    | soc_crg_clkout1 |
----------+--------------+----------------+----------+---------------+---------+---------------+---------+-----------------+


Output Ports Clock-to-out

----------+----------------+----------------+-------+----------------+---------+----------------+---------+-----------------+
Reference | Output         | IO Reg         | Delay | Max Clk (Edge) | Process | Min Clk (Edge) | Process | Internal        |
Clock     | Port           | Type           | Type  |    to port(ns) | Corner  |    to port(ns) | Corner  | Clock           |
----------+----------------+----------------+-------+----------------+---------+----------------+---------+-----------------+
clk100    | ddram_dq[0]    | FDRE           | -     |     17.082 (r) | SLOW    |      5.088 (r) | FAST    | soc_crg_clkout0 |
clk100    | ddram_dq[1]    | FDRE           | -     |     16.630 (r) | SLOW    |      4.888 (r) | FAST    | soc_crg_clkout0 |
clk100    | ddram_dq[2]    | FDRE           | -     |     17.363 (r) | SLOW    |      5.180 (r) | FAST    | soc_crg_clkout0 |
clk100    | ddram_dq[3]    | FDRE           | -     |     17.072 (r) | SLOW    |      5.080 (r) | FAST    | soc_crg_clkout0 |
clk100    | ddram_dq[4]    | FDRE           | -     |     16.629 (r) | SLOW    |      4.871 (r) | FAST    | soc_crg_clkout0 |
clk100    | ddram_dq[5]    | FDRE           | -     |     16.929 (r) | SLOW    |      4.986 (r) | FAST    | soc_crg_clkout0 |
clk100    | ddram_dq[6]    | FDRE           | -     |     16.932 (r) | SLOW    |      5.028 (r) | FAST    | soc_crg_clkout0 |
clk100    | ddram_dq[7]    | FDRE           | -     |     16.779 (r) | SLOW    |      4.912 (r) | FAST    | soc_crg_clkout0 |
clk100    | ddram_dq[8]    | FDRE           | -     |     17.964 (r) | SLOW    |      5.446 (r) | FAST    | soc_crg_clkout0 |
clk100    | ddram_dq[9]    | FDRE           | -     |     18.271 (r) | SLOW    |      5.613 (r) | FAST    | soc_crg_clkout0 |
clk100    | ddram_dq[10]   | FDRE           | -     |     17.978 (r) | SLOW    |      5.483 (r) | FAST    | soc_crg_clkout0 |
clk100    | ddram_dq[11]   | FDRE           | -     |     18.421 (r) | SLOW    |      5.683 (r) | FAST    | soc_crg_clkout0 |
clk100    | ddram_dq[12]   | FDRE           | -     |     17.828 (r) | SLOW    |      5.430 (r) | FAST    | soc_crg_clkout0 |
clk100    | ddram_dq[13]   | FDRE           | -     |     17.665 (r) | SLOW    |      5.316 (r) | FAST    | soc_crg_clkout0 |
clk100    | ddram_dq[14]   | FDRE           | -     |     18.561 (r) | SLOW    |      5.731 (r) | FAST    | soc_crg_clkout0 |
clk100    | ddram_dq[15]   | FDRE           | -     |     17.676 (r) | SLOW    |      5.335 (r) | FAST    | soc_crg_clkout0 |
clk100    | ddram_dqs_n[0] | FDRE           | -     |     16.779 (r) | SLOW    |      4.918 (r) | FAST    | soc_crg_clkout0 |
clk100    | ddram_dqs_n[1] | FDRE           | -     |     17.350 (r) | SLOW    |      5.175 (r) | FAST    | soc_crg_clkout0 |
clk100    | ddram_dqs_p[0] | FDRE           | -     |     16.780 (r) | SLOW    |      4.919 (r) | FAST    | soc_crg_clkout0 |
clk100    | ddram_dqs_p[1] | FDRE           | -     |     17.351 (r) | SLOW    |      5.176 (r) | FAST    | soc_crg_clkout0 |
clk100    | serial_tx      | FDSE           | -     |     19.770 (r) | SLOW    |      6.444 (r) | FAST    | soc_crg_clkout0 |
clk100    | user_led0      | FDRE           | -     |     21.468 (r) | SLOW    |      7.105 (r) | FAST    | soc_crg_clkout0 |
clk100    | user_led1      | FDRE           | -     |     21.032 (r) | SLOW    |      6.772 (r) | FAST    | soc_crg_clkout0 |
clk100    | user_led10     | FDRE           | -     |     20.189 (r) | SLOW    |      6.288 (r) | FAST    | soc_crg_clkout0 |
clk100    | user_led11     | FDRE           | -     |     20.109 (r) | SLOW    |      6.285 (r) | FAST    | soc_crg_clkout0 |
clk100    | user_led12     | FDRE           | -     |     20.324 (r) | SLOW    |      6.420 (r) | FAST    | soc_crg_clkout0 |
clk100    | user_led13     | FDRE           | -     |     19.917 (r) | SLOW    |      6.363 (r) | FAST    | soc_crg_clkout0 |
clk100    | user_led14     | FDRE           | -     |     20.034 (r) | SLOW    |      6.372 (r) | FAST    | soc_crg_clkout0 |
clk100    | user_led15     | FDRE           | -     |     20.158 (r) | SLOW    |      6.257 (r) | FAST    | soc_crg_clkout0 |
clk100    | user_led2      | FDRE           | -     |     21.882 (r) | SLOW    |      7.115 (r) | FAST    | soc_crg_clkout0 |
clk100    | user_led3      | FDRE           | -     |     20.703 (r) | SLOW    |      6.522 (r) | FAST    | soc_crg_clkout0 |
clk100    | user_led4      | FDRE           | -     |     21.257 (r) | SLOW    |      6.887 (r) | FAST    | soc_crg_clkout0 |
clk100    | user_led5      | FDRE           | -     |     20.365 (r) | SLOW    |      6.417 (r) | FAST    | soc_crg_clkout0 |
clk100    | user_led6      | FDRE           | -     |     20.779 (r) | SLOW    |      6.569 (r) | FAST    | soc_crg_clkout0 |
clk100    | user_led7      | FDRE           | -     |     20.202 (r) | SLOW    |      6.334 (r) | FAST    | soc_crg_clkout0 |
clk100    | user_led8      | FDRE           | -     |     20.466 (r) | SLOW    |      6.331 (r) | FAST    | soc_crg_clkout0 |
clk100    | user_led9      | FDRE           | -     |     20.744 (r) | SLOW    |      6.544 (r) | FAST    | soc_crg_clkout0 |
clk100    | ddram_a[0]     | OSERDESE2 (IO) | -     |     13.672 (r) | SLOW    |      4.337 (r) | FAST    | soc_crg_clkout1 |
clk100    | ddram_a[1]     | OSERDESE2 (IO) | -     |     13.687 (r) | SLOW    |      4.354 (r) | FAST    | soc_crg_clkout1 |
clk100    | ddram_a[2]     | OSERDESE2 (IO) | -     |     13.698 (r) | SLOW    |      4.361 (r) | FAST    | soc_crg_clkout1 |
clk100    | ddram_a[3]     | OSERDESE2 (IO) | -     |     13.698 (r) | SLOW    |      4.362 (r) | FAST    | soc_crg_clkout1 |
clk100    | ddram_a[4]     | OSERDESE2 (IO) | -     |     13.694 (r) | SLOW    |      4.355 (r) | FAST    | soc_crg_clkout1 |
clk100    | ddram_a[5]     | OSERDESE2 (IO) | -     |     13.689 (r) | SLOW    |      4.357 (r) | FAST    | soc_crg_clkout1 |
clk100    | ddram_a[6]     | OSERDESE2 (IO) | -     |     13.703 (r) | SLOW    |      4.364 (r) | FAST    | soc_crg_clkout1 |
clk100    | ddram_a[7]     | OSERDESE2 (IO) | -     |     13.704 (r) | SLOW    |      4.365 (r) | FAST    | soc_crg_clkout1 |
clk100    | ddram_a[8]     | OSERDESE2 (IO) | -     |     13.694 (r) | SLOW    |      4.356 (r) | FAST    | soc_crg_clkout1 |
clk100    | ddram_a[9]     | OSERDESE2 (IO) | -     |     13.688 (r) | SLOW    |      4.356 (r) | FAST    | soc_crg_clkout1 |
clk100    | ddram_a[10]    | OSERDESE2 (IO) | -     |     13.689 (r) | SLOW    |      4.357 (r) | FAST    | soc_crg_clkout1 |
clk100    | ddram_a[11]    | OSERDESE2 (IO) | -     |     13.682 (r) | SLOW    |      4.344 (r) | FAST    | soc_crg_clkout1 |
clk100    | ddram_a[12]    | OSERDESE2 (IO) | -     |     13.694 (r) | SLOW    |      4.356 (r) | FAST    | soc_crg_clkout1 |
clk100    | ddram_ba[0]    | OSERDESE2 (IO) | -     |     13.692 (r) | SLOW    |      4.360 (r) | FAST    | soc_crg_clkout1 |
clk100    | ddram_ba[1]    | OSERDESE2 (IO) | -     |     13.685 (r) | SLOW    |      4.353 (r) | FAST    | soc_crg_clkout1 |
clk100    | ddram_ba[2]    | OSERDESE2 (IO) | -     |     13.697 (r) | SLOW    |      4.361 (r) | FAST    | soc_crg_clkout1 |
clk100    | ddram_cas_n    | OSERDESE2 (IO) | -     |     13.713 (r) | SLOW    |      4.374 (r) | FAST    | soc_crg_clkout1 |
clk100    | ddram_cke      | OSERDESE2 (IO) | -     |     13.705 (r) | SLOW    |      4.366 (r) | FAST    | soc_crg_clkout1 |
clk100    | ddram_clk_n    | OSERDESE2 (IO) | -     |     13.775 (r) | SLOW    |      4.336 (r) | FAST    | soc_crg_clkout1 |
clk100    | ddram_clk_p    | OSERDESE2 (IO) | -     |     13.788 (r) | SLOW    |      4.349 (r) | FAST    | soc_crg_clkout1 |
clk100    | ddram_cs_n     | OSERDESE2 (IO) | -     |     13.663 (r) | SLOW    |      4.324 (r) | FAST    | soc_crg_clkout1 |
clk100    | ddram_dm[0]    | OSERDESE2 (IO) | -     |     13.727 (r) | SLOW    |      4.388 (r) | FAST    | soc_crg_clkout1 |
clk100    | ddram_dm[1]    | OSERDESE2 (IO) | -     |     13.729 (r) | SLOW    |      4.392 (r) | FAST    | soc_crg_clkout1 |
clk100    | ddram_dq[0]    | OSERDESE2 (IO) | -     |     14.584 (r) | SLOW    |      4.077 (r) | FAST    | soc_crg_clkout1 |
clk100    | ddram_dq[1]    | OSERDESE2 (IO) | -     |     14.582 (r) | SLOW    |      4.076 (r) | FAST    | soc_crg_clkout1 |
clk100    | ddram_dq[2]    | OSERDESE2 (IO) | -     |     14.585 (r) | SLOW    |      4.063 (r) | FAST    | soc_crg_clkout1 |
clk100    | ddram_dq[3]    | OSERDESE2 (IO) | -     |     14.583 (r) | SLOW    |      4.076 (r) | FAST    | soc_crg_clkout1 |
clk100    | ddram_dq[4]    | OSERDESE2 (IO) | -     |     14.582 (r) | SLOW    |      4.082 (r) | FAST    | soc_crg_clkout1 |
clk100    | ddram_dq[5]    | OSERDESE2 (IO) | -     |     14.582 (r) | SLOW    |      4.067 (r) | FAST    | soc_crg_clkout1 |
clk100    | ddram_dq[6]    | OSERDESE2 (IO) | -     |     14.583 (r) | SLOW    |      4.079 (r) | FAST    | soc_crg_clkout1 |
clk100    | ddram_dq[7]    | OSERDESE2 (IO) | -     |     14.582 (r) | SLOW    |      4.058 (r) | FAST    | soc_crg_clkout1 |
clk100    | ddram_dq[8]    | OSERDESE2 (IO) | -     |     14.568 (r) | SLOW    |      4.067 (r) | FAST    | soc_crg_clkout1 |
clk100    | ddram_dq[9]    | OSERDESE2 (IO) | -     |     14.578 (r) | SLOW    |      4.086 (r) | FAST    | soc_crg_clkout1 |
clk100    | ddram_dq[10]   | OSERDESE2 (IO) | -     |     14.571 (r) | SLOW    |      4.078 (r) | FAST    | soc_crg_clkout1 |
clk100    | ddram_dq[11]   | OSERDESE2 (IO) | -     |     14.578 (r) | SLOW    |      4.091 (r) | FAST    | soc_crg_clkout1 |
clk100    | ddram_dq[12]   | OSERDESE2 (IO) | -     |     14.571 (r) | SLOW    |      4.089 (r) | FAST    | soc_crg_clkout1 |
clk100    | ddram_dq[13]   | OSERDESE2 (IO) | -     |     14.568 (r) | SLOW    |      4.062 (r) | FAST    | soc_crg_clkout1 |
clk100    | ddram_dq[14]   | OSERDESE2 (IO) | -     |     14.579 (r) | SLOW    |      4.084 (r) | FAST    | soc_crg_clkout1 |
clk100    | ddram_dq[15]   | OSERDESE2 (IO) | -     |     14.570 (r) | SLOW    |      4.063 (r) | FAST    | soc_crg_clkout1 |
clk100    | ddram_odt      | OSERDESE2 (IO) | -     |     13.698 (r) | SLOW    |      4.359 (r) | FAST    | soc_crg_clkout1 |
clk100    | ddram_ras_n    | OSERDESE2 (IO) | -     |     13.683 (r) | SLOW    |      4.348 (r) | FAST    | soc_crg_clkout1 |
clk100    | ddram_we_n     | OSERDESE2 (IO) | -     |     13.715 (r) | SLOW    |      4.376 (r) | FAST    | soc_crg_clkout1 |
clk100    | ddram_dqs_n[0] | OSERDESE2 (IO) | -     |     16.249 (r) | SLOW    |      5.743 (r) | FAST    | soc_crg_clkout2 |
clk100    | ddram_dqs_n[1] | OSERDESE2 (IO) | -     |     16.242 (r) | SLOW    |      5.741 (r) | FAST    | soc_crg_clkout2 |
clk100    | ddram_dqs_p[0] | OSERDESE2 (IO) | -     |     16.250 (r) | SLOW    |      5.745 (r) | FAST    | soc_crg_clkout2 |
clk100    | ddram_dqs_p[1] | OSERDESE2 (IO) | -     |     16.243 (r) | SLOW    |      5.742 (r) | FAST    | soc_crg_clkout2 |
----------+----------------+----------------+-------+----------------+---------+----------------+---------+-----------------+


Setup between Clocks

-------+-------------+---------------+---------+---------------+---------+---------------+---------+---------------+---------+
Source | Destination |  Src:Rise     | Process |  Src:Rise     | Process |  Src:Fall     | Process |  Src:Fall     | Process |
Clock  | Clock       | Dest:Rise(ns) | Corner  | Dest:Fall(ns) | Corner  | Dest:Rise(ns) | Corner  | Dest:Fall(ns) | Corner  |
-------+-------------+---------------+---------+---------------+---------+---------------+---------+---------------+---------+
clk100 | clk100      |        14.261 | SLOW    |               |         |               |         |               |         |
-------+-------------+---------------+---------+---------------+---------+---------------+---------+---------------+---------+


Setup / Hold times for input bus
Clocked by: clk100
Worst Case Data Window: 7.218 ns
Ideal Clock Offset to Actual Clock: 6.469 ns
-------------------+-------------+---------+--------------+---------+-----------+-----------+---------------+
                   |             | Process |              | Process | Setup     |  Hold     | Source Offset |
Source             |   Setup(ns) | Corner  |     Hold(ns) | Corner  | Slack(ns) | Slack(ns) | to Center(ns) |
-------------------+-------------+---------+--------------+---------+-----------+-----------+---------------+
ddram_dq[0]        |  -2.956 (r) | FAST    |   10.062 (r) | SLOW    |       inf |       inf |             - |
ddram_dq[0]        |  -2.884 (f) | FAST    |   10.062 (f) | SLOW    |       inf |       inf |             - |
ddram_dq[1]        |  -2.955 (r) | FAST    |   10.060 (r) | SLOW    |       inf |       inf |             - |
ddram_dq[1]        |  -2.883 (f) | FAST    |   10.060 (f) | SLOW    |       inf |       inf |             - |
ddram_dq[2]        |  -2.973 (r) | FAST    |   10.078 (r) | SLOW    |       inf |       inf |             - |
ddram_dq[2]        |  -2.901 (f) | FAST    |   10.078 (f) | SLOW    |       inf |       inf |             - |
ddram_dq[3]        |  -2.956 (r) | FAST    |   10.061 (r) | SLOW    |       inf |       inf |             - |
ddram_dq[3]        |  -2.884 (f) | FAST    |   10.061 (f) | SLOW    |       inf |       inf |             - |
ddram_dq[4]        |  -2.949 (r) | FAST    |   10.054 (r) | SLOW    |       inf |       inf |             - |
ddram_dq[4]        |  -2.877 (f) | FAST    |   10.054 (f) | SLOW    |       inf |       inf |             - |
ddram_dq[5]        |  -2.964 (r) | FAST    |   10.069 (r) | SLOW    |       inf |       inf |             - |
ddram_dq[5]        |  -2.892 (f) | FAST    |   10.069 (f) | SLOW    |       inf |       inf |             - |
ddram_dq[6]        |  -2.952 (r) | FAST    |   10.058 (r) | SLOW    |       inf |       inf |             - |
ddram_dq[6]        |  -2.880 (f) | FAST    |   10.058 (f) | SLOW    |       inf |       inf |             - |
ddram_dq[7]        |  -2.974 (r) | FAST    |   10.078 (r) | SLOW    |       inf |       inf |             - |
ddram_dq[7]        |  -2.902 (f) | FAST    |   10.078 (f) | SLOW    |       inf |       inf |             - |
ddram_dq[8]        |  -2.951 (r) | FAST    |   10.048 (r) | SLOW    |       inf |       inf |             - |
ddram_dq[8]        |  -2.879 (f) | FAST    |   10.048 (f) | SLOW    |       inf |       inf |             - |
ddram_dq[9]        |  -2.941 (r) | FAST    |   10.044 (r) | SLOW    |       inf |       inf |             - |
ddram_dq[9]        |  -2.869 (f) | FAST    |   10.044 (f) | SLOW    |       inf |       inf |             - |
ddram_dq[10]       |  -2.944 (r) | FAST    |   10.043 (r) | SLOW    |       inf |       inf |             - |
ddram_dq[10]       |  -2.872 (f) | FAST    |   10.043 (f) | SLOW    |       inf |       inf |             - |
ddram_dq[11]       |  -2.937 (r) | FAST    |   10.040 (r) | SLOW    |       inf |       inf |             - |
ddram_dq[11]       |  -2.865 (f) | FAST    |   10.040 (f) | SLOW    |       inf |       inf |             - |
ddram_dq[12]       |  -2.932 (r) | FAST    |   10.031 (r) | SLOW    |       inf |       inf |             - |
ddram_dq[12]       |  -2.860 (f) | FAST    |   10.031 (f) | SLOW    |       inf |       inf |             - |
ddram_dq[13]       |  -2.956 (r) | FAST    |   10.053 (r) | SLOW    |       inf |       inf |             - |
ddram_dq[13]       |  -2.884 (f) | FAST    |   10.053 (f) | SLOW    |       inf |       inf |             - |
ddram_dq[14]       |  -2.944 (r) | FAST    |   10.048 (r) | SLOW    |       inf |       inf |             - |
ddram_dq[14]       |  -2.872 (f) | FAST    |   10.048 (f) | SLOW    |       inf |       inf |             - |
ddram_dq[15]       |  -2.956 (r) | FAST    |   10.055 (r) | SLOW    |       inf |       inf |             - |
ddram_dq[15]       |  -2.884 (f) | FAST    |   10.055 (f) | SLOW    |       inf |       inf |             - |
-------------------+-------------+---------+--------------+---------+-----------+-----------+---------------+
Worst Case Summary |  -2.860 (f) | FAST    |   10.078 (r) | SLOW    |       inf |       inf |             - |
-------------------+-------------+---------+--------------+---------+-----------+-----------+---------------+



Max / Min delays for output bus
Clocked by: clk100
Bus Skew: 0.032 ns
-------------------+--------------+---------+-------------+---------+----------+
                   |      Max     | Process |     Min     | Process | Edge     |
Pad                |    Delay(ns) | Corner  |   Delay(ns) | Corner  | Skew(ns) |
-------------------+--------------+---------+-------------+---------+----------+
ddram_a[0]         |   13.672 (r) | SLOW    |   4.337 (r) | FAST    |    0.000 |
ddram_a[1]         |   13.687 (r) | SLOW    |   4.354 (r) | FAST    |    0.017 |
ddram_a[2]         |   13.698 (r) | SLOW    |   4.361 (r) | FAST    |    0.026 |
ddram_a[3]         |   13.698 (r) | SLOW    |   4.362 (r) | FAST    |    0.026 |
ddram_a[4]         |   13.694 (r) | SLOW    |   4.355 (r) | FAST    |    0.022 |
ddram_a[5]         |   13.689 (r) | SLOW    |   4.357 (r) | FAST    |    0.020 |
ddram_a[6]         |   13.703 (r) | SLOW    |   4.364 (r) | FAST    |    0.031 |
ddram_a[7]         |   13.704 (r) | SLOW    |   4.365 (r) | FAST    |    0.032 |
ddram_a[8]         |   13.694 (r) | SLOW    |   4.356 (r) | FAST    |    0.022 |
ddram_a[9]         |   13.688 (r) | SLOW    |   4.356 (r) | FAST    |    0.019 |
ddram_a[10]        |   13.689 (r) | SLOW    |   4.357 (r) | FAST    |    0.020 |
ddram_a[11]        |   13.682 (r) | SLOW    |   4.344 (r) | FAST    |    0.010 |
ddram_a[12]        |   13.694 (r) | SLOW    |   4.356 (r) | FAST    |    0.022 |
-------------------+--------------+---------+-------------+---------+----------+
Worst Case Summary |   13.704 (r) | SLOW    |   4.337 (r) | FAST    |    0.032 |
-------------------+--------------+---------+-------------+---------+----------+



Max / Min delays for output bus
Clocked by: clk100
Bus Skew: 0.012 ns
-------------------+--------------+---------+-------------+---------+----------+
                   |      Max     | Process |     Min     | Process | Edge     |
Pad                |    Delay(ns) | Corner  |   Delay(ns) | Corner  | Skew(ns) |
-------------------+--------------+---------+-------------+---------+----------+
ddram_ba[0]        |   13.692 (r) | SLOW    |   4.360 (r) | FAST    |    0.008 |
ddram_ba[1]        |   13.685 (r) | SLOW    |   4.353 (r) | FAST    |    0.000 |
ddram_ba[2]        |   13.697 (r) | SLOW    |   4.361 (r) | FAST    |    0.012 |
-------------------+--------------+---------+-------------+---------+----------+
Worst Case Summary |   13.697 (r) | SLOW    |   4.353 (r) | FAST    |    0.012 |
-------------------+--------------+---------+-------------+---------+----------+



Max / Min delays for output bus
Clocked by: clk100
Bus Skew: 0.004 ns
-------------------+--------------+---------+-------------+---------+----------+
                   |      Max     | Process |     Min     | Process | Edge     |
Pad                |    Delay(ns) | Corner  |   Delay(ns) | Corner  | Skew(ns) |
-------------------+--------------+---------+-------------+---------+----------+
ddram_dm[0]        |   13.727 (r) | SLOW    |   4.388 (r) | FAST    |    0.000 |
ddram_dm[1]        |   13.729 (r) | SLOW    |   4.392 (r) | FAST    |    0.004 |
-------------------+--------------+---------+-------------+---------+----------+
Worst Case Summary |   13.729 (r) | SLOW    |   4.388 (r) | FAST    |    0.004 |
-------------------+--------------+---------+-------------+---------+----------+



Max / Min delays for output bus
Clocked by: clk100
Bus Skew: 1.932 ns
-------------------+--------------+---------+-------------+---------+----------+
                   |      Max     | Process |     Min     | Process | Edge     |
Pad                |    Delay(ns) | Corner  |   Delay(ns) | Corner  | Skew(ns) |
-------------------+--------------+---------+-------------+---------+----------+
ddram_dq[0]        |   17.082 (r) | SLOW    |   4.077 (r) | FAST    |    0.453 |
ddram_dq[1]        |   16.630 (r) | SLOW    |   4.076 (r) | FAST    |    0.018 |
ddram_dq[2]        |   17.363 (r) | SLOW    |   4.063 (r) | FAST    |    0.734 |
ddram_dq[3]        |   17.072 (r) | SLOW    |   4.076 (r) | FAST    |    0.443 |
ddram_dq[4]        |   16.629 (r) | SLOW    |   4.082 (r) | FAST    |    0.024 |
ddram_dq[5]        |   16.929 (r) | SLOW    |   4.067 (r) | FAST    |    0.300 |
ddram_dq[6]        |   16.932 (r) | SLOW    |   4.079 (r) | FAST    |    0.303 |
ddram_dq[7]        |   16.779 (r) | SLOW    |   4.058 (r) | FAST    |    0.150 |
ddram_dq[8]        |   17.964 (r) | SLOW    |   4.067 (r) | FAST    |    1.335 |
ddram_dq[9]        |   18.271 (r) | SLOW    |   4.086 (r) | FAST    |    1.642 |
ddram_dq[10]       |   17.978 (r) | SLOW    |   4.078 (r) | FAST    |    1.349 |
ddram_dq[11]       |   18.421 (r) | SLOW    |   4.091 (r) | FAST    |    1.792 |
ddram_dq[12]       |   17.828 (r) | SLOW    |   4.089 (r) | FAST    |    1.199 |
ddram_dq[13]       |   17.665 (r) | SLOW    |   4.062 (r) | FAST    |    1.036 |
ddram_dq[14]       |   18.561 (r) | SLOW    |   4.084 (r) | FAST    |    1.932 |
ddram_dq[15]       |   17.676 (r) | SLOW    |   4.063 (r) | FAST    |    1.047 |
-------------------+--------------+---------+-------------+---------+----------+
Worst Case Summary |   18.561 (r) | SLOW    |   4.058 (r) | FAST    |    1.932 |
-------------------+--------------+---------+-------------+---------+----------+



Max / Min delays for output bus
Clocked by: clk100
Bus Skew: 0.572 ns
-------------------+--------------+---------+-------------+---------+----------+
                   |      Max     | Process |     Min     | Process | Edge     |
Pad                |    Delay(ns) | Corner  |   Delay(ns) | Corner  | Skew(ns) |
-------------------+--------------+---------+-------------+---------+----------+
ddram_dqs_n[0]     |   16.779 (r) | SLOW    |   4.918 (r) | FAST    |    0.000 |
ddram_dqs_n[1]     |   17.350 (r) | SLOW    |   5.175 (r) | FAST    |    0.571 |
ddram_dqs_p[0]     |   16.780 (r) | SLOW    |   4.919 (r) | FAST    |    0.002 |
ddram_dqs_p[1]     |   17.351 (r) | SLOW    |   5.176 (r) | FAST    |    0.572 |
-------------------+--------------+---------+-------------+---------+----------+
Worst Case Summary |   17.351 (r) | SLOW    |   4.918 (r) | FAST    |    0.572 |
-------------------+--------------+---------+-------------+---------+----------+




