Copyright 1986-2022 Xilinx, Inc. All Rights Reserved. Copyright 2022-2023 Advanced Micro Devices, Inc. All Rights Reserved.
---------------------------------------------------------------------------------------------------------------------------------------------
| Tool Version : Vivado v.2023.2 (lin64) Build 4029153 Fri Oct 13 20:13:54 MDT 2023
| Date         : Mon Dec 22 23:26:31 2025
| Host         : DESKTOP-8IM51LT running 64-bit Ubuntu 24.04.3 LTS
| Command      : report_timing_summary -datasheet -max_paths 10 -file digilent_nexys4ddr_timing.rpt
| Design       : digilent_nexys4ddr
| Device       : 7a100t-csg324
| Speed File   : -1  PRODUCTION 1.23 2018-06-13
| Design State : Physopt postRoute
---------------------------------------------------------------------------------------------------------------------------------------------

Timing Summary Report

------------------------------------------------------------------------------------------------
| Timer Settings
| --------------
------------------------------------------------------------------------------------------------

  Enable Multi Corner Analysis               :  Yes
  Enable Pessimism Removal                   :  Yes
  Pessimism Removal Resolution               :  Nearest Common Node
  Enable Input Delay Default Clock           :  No
  Enable Preset / Clear Arcs                 :  No
  Disable Flight Delays                      :  No
  Ignore I/O Paths                           :  No
  Timing Early Launch at Borrowing Latches   :  No
  Borrow Time for Max Delay Exceptions       :  Yes
  Merge Timing Exceptions                    :  Yes
  Inter-SLR Compensation                     :  Conservative

  Corner  Analyze    Analyze    
  Name    Max Paths  Min Paths  
  ------  ---------  ---------  
  Slow    Yes        Yes        
  Fast    Yes        Yes        


------------------------------------------------------------------------------------------------
| Report Methodology
| ------------------
------------------------------------------------------------------------------------------------

No report available as report_methodology has not been run prior. Run report_methodology on the current design for the summary of methodology violations.



check_timing report

Table of Contents
-----------------
1. checking no_clock (0)
2. checking constant_clock (0)
3. checking pulse_width_clock (0)
4. checking unconstrained_internal_endpoints (0)
5. checking no_input_delay (18)
6. checking no_output_delay (60)
7. checking multiple_clock (0)
8. checking generated_clocks (0)
9. checking loops (0)
10. checking partial_input_delay (0)
11. checking partial_output_delay (0)
12. checking latch_loops (0)

1. checking no_clock (0)
------------------------
 There are 0 register/latch pins with no clock.


2. checking constant_clock (0)
------------------------------
 There are 0 register/latch pins with constant_clock.


3. checking pulse_width_clock (0)
---------------------------------
 There are 0 register/latch pins which need pulse_width check


4. checking unconstrained_internal_endpoints (0)
------------------------------------------------
 There are 0 pins that are not constrained for maximum delay.

 There are 0 pins that are not constrained for maximum delay due to constant clock.


5. checking no_input_delay (18)
-------------------------------
 There are 18 input ports with no input delay specified. (HIGH)

 There are 0 input ports with no input delay but user has a false path constraint.


6. checking no_output_delay (60)
--------------------------------
 There are 60 ports with no output delay specified. (HIGH)

 There are 0 ports with no output delay but user has a false path constraint

 There are 0 ports with no output delay but with a timing clock defined on it or propagating through it


7. checking multiple_clock (0)
------------------------------
 There are 0 register/latch pins with multiple clocks.


8. checking generated_clocks (0)
--------------------------------
 There are 0 generated clocks that are not connected to a clock source.


9. checking loops (0)
---------------------
 There are 0 combinational loops in the design.


10. checking partial_input_delay (0)
------------------------------------
 There are 0 input ports with partial input delay specified.


11. checking partial_output_delay (0)
-------------------------------------
 There are 0 ports with partial output delay specified.


12. checking latch_loops (0)
----------------------------
 There are 0 combinational latch loops in the design through latch input



------------------------------------------------------------------------------------------------
| Design Timing Summary
| ---------------------
------------------------------------------------------------------------------------------------

    WNS(ns)      TNS(ns)  TNS Failing Endpoints  TNS Total Endpoints      WHS(ns)      THS(ns)  THS Failing Endpoints  THS Total Endpoints     WPWS(ns)     TPWS(ns)  TPWS Failing Endpoints  TPWS Total Endpoints  
    -------      -------  ---------------------  -------------------      -------      -------  ---------------------  -------------------     --------     --------  ----------------------  --------------------  
    -16.933   -21152.088                  10078                60031        0.059        0.000                      0                60031        0.264        0.000                       0                 11667  


Timing constraints are not met.


------------------------------------------------------------------------------------------------
| Clock Summary
| -------------
------------------------------------------------------------------------------------------------

Clock                          Waveform(ns)         Period(ns)      Frequency(MHz)
-----                          ------------         ----------      --------------
clk100                         {0.000 5.000}        10.000          100.000         
  soc_builder_basesoc_mmcm_fb  {0.000 5.000}        10.000          100.000         
  soc_crg_clkout0              {0.000 6.667}        13.333          75.000          
  soc_crg_clkout1              {0.000 3.333}        6.667           150.000         
  soc_crg_clkout2              {1.667 5.000}        6.667           150.000         
  soc_crg_clkout3              {0.000 2.500}        5.000           200.000         


------------------------------------------------------------------------------------------------
| Intra Clock Table
| -----------------
------------------------------------------------------------------------------------------------

Clock                              WNS(ns)      TNS(ns)  TNS Failing Endpoints  TNS Total Endpoints      WHS(ns)      THS(ns)  THS Failing Endpoints  THS Total Endpoints     WPWS(ns)     TPWS(ns)  TPWS Failing Endpoints  TPWS Total Endpoints  
-----                              -------      -------  ---------------------  -------------------      -------      -------  ---------------------  -------------------     --------     --------  ----------------------  --------------------  
clk100                               8.522        0.000                      0                    7        0.219        0.000                      0                    7        3.000        0.000                       0                    10  
  soc_builder_basesoc_mmcm_fb                                                                                                                                                    8.751        0.000                       0                     2  
  soc_crg_clkout0                  -16.933   -21152.088                  10078                60010        0.059        0.000                      0                60010        5.417        0.000                       0                 11566  
  soc_crg_clkout1                                                                                                                                                                4.511        0.000                       0                    75  
  soc_crg_clkout2                                                                                                                                                                4.511        0.000                       0                     4  
  soc_crg_clkout3                    1.236        0.000                      0                   14        0.131        0.000                      0                   14        0.264        0.000                       0                    10  


------------------------------------------------------------------------------------------------
| Inter Clock Table
| -----------------
------------------------------------------------------------------------------------------------

From Clock    To Clock          WNS(ns)      TNS(ns)  TNS Failing Endpoints  TNS Total Endpoints      WHS(ns)      THS(ns)  THS Failing Endpoints  THS Total Endpoints  
----------    --------          -------      -------  ---------------------  -------------------      -------      -------  ---------------------  -------------------  


------------------------------------------------------------------------------------------------
| Other Path Groups Table
| -----------------------
------------------------------------------------------------------------------------------------

Path Group    From Clock    To Clock          WNS(ns)      TNS(ns)  TNS Failing Endpoints  TNS Total Endpoints      WHS(ns)      THS(ns)  THS Failing Endpoints  THS Total Endpoints  
----------    ----------    --------          -------      -------  ---------------------  -------------------      -------      -------  ---------------------  -------------------  


------------------------------------------------------------------------------------------------
| Timing Details
| --------------
------------------------------------------------------------------------------------------------


---------------------------------------------------------------------------------------------------
From Clock:  clk100
  To Clock:  clk100

Setup :            0  Failing Endpoints,  Worst Slack        8.522ns,  Total Violation        0.000ns
Hold  :            0  Failing Endpoints,  Worst Slack        0.219ns,  Total Violation        0.000ns
PW    :            0  Failing Endpoints,  Worst Slack        3.000ns,  Total Violation        0.000ns
---------------------------------------------------------------------------------------------------


Max Delay Paths
--------------------------------------------------------------------------------------
Slack (MET) :             8.522ns  (required time - arrival time)
  Source:                 FDCE_1/C
                            (rising edge-triggered cell FDCE clocked by clk100  {rise@0.000ns fall@5.000ns period=10.000ns})
  Destination:            FDCE_2/D
                            (rising edge-triggered cell FDCE clocked by clk100  {rise@0.000ns fall@5.000ns period=10.000ns})
  Path Group:             clk100
  Path Type:              Setup (Max at Slow Process Corner)
  Requirement:            10.000ns  (clk100 rise@10.000ns - clk100 rise@0.000ns)
  Data Path Delay:        1.174ns  (logic 0.419ns (35.678%)  route 0.755ns (64.322%))
  Logic Levels:           0  
  Clock Path Skew:        0.000ns (DCD - SCD + CPR)
    Destination Clock Delay (DCD):    7.518ns = ( 17.518 - 10.000 ) 
    Source Clock Delay      (SCD):    8.272ns
    Clock Pessimism Removal (CPR):    0.754ns
  Clock Uncertainty:      0.035ns  ((TSJ^2 + TIJ^2)^1/2 + DJ) / 2 + PE
    Total System Jitter     (TSJ):    0.071ns
    Total Input Jitter      (TIJ):    0.000ns
    Discrete Jitter          (DJ):    0.000ns
    Phase Error              (PE):    0.000ns

    Location             Delay type                Incr(ns)  Path(ns)    Netlist Resource(s)
  -------------------------------------------------------------------    -------------------
                         (clock clk100 rise edge)     0.000     0.000 r  
    E3                                                0.000     0.000 r  clk100 (IN)
                         net (fo=0)                   0.000     0.000    clk100
    E3                   IBUF (Prop_ibuf_I_O)         1.482     1.482 r  clk100_IBUF_inst/O
                         net (fo=1, routed)           2.025     3.506    clk100_IBUF
    BUFGCTRL_X0Y16       BUFG (Prop_bufg_I_O)         0.096     3.602 r  clk100_IBUF_BUFG_inst/O
                         net (fo=1, routed)           2.245     5.847    clk100_IBUF_BUFG
    SLICE_X60Y15         LUT1 (Prop_lut1_I0_O)        0.124     5.971 r  clk100_inst/O
                         net (fo=9, routed)           2.301     8.272    soc_crg_clkin
    SLICE_X72Y69         FDCE                                         r  FDCE_1/C
  -------------------------------------------------------------------    -------------------
    SLICE_X72Y69         FDCE (Prop_fdce_C_Q)         0.419     8.691 r  FDCE_1/Q
                         net (fo=1, routed)           0.755     9.446    soc_builder_basesoc_reset1
    SLICE_X72Y69         FDCE                                         r  FDCE_2/D
  -------------------------------------------------------------------    -------------------

                         (clock clk100 rise edge)    10.000    10.000 r  
    E3                                                0.000    10.000 r  clk100 (IN)
                         net (fo=0)                   0.000    10.000    clk100
    E3                   IBUF (Prop_ibuf_I_O)         1.411    11.411 r  clk100_IBUF_inst/O
                         net (fo=1, routed)           1.920    13.331    clk100_IBUF
    BUFGCTRL_X0Y16       BUFG (Prop_bufg_I_O)         0.091    13.422 r  clk100_IBUF_BUFG_inst/O
                         net (fo=1, routed)           2.027    15.449    clk100_IBUF_BUFG
    SLICE_X60Y15         LUT1 (Prop_lut1_I0_O)        0.100    15.549 r  clk100_inst/O
                         net (fo=9, routed)           1.969    17.518    soc_crg_clkin
    SLICE_X72Y69         FDCE                                         r  FDCE_2/C
                         clock pessimism              0.754    18.272    
                         clock uncertainty           -0.035    18.237    
    SLICE_X72Y69         FDCE (Setup_fdce_C_D)       -0.268    17.969    FDCE_2
  -------------------------------------------------------------------
                         required time                         17.969    
                         arrival time                          -9.446    
  -------------------------------------------------------------------
                         slack                                  8.522    

Slack (MET) :             8.572ns  (required time - arrival time)
  Source:                 FDCE/C
                            (rising edge-triggered cell FDCE clocked by clk100  {rise@0.000ns fall@5.000ns period=10.000ns})
  Destination:            FDCE_1/D
                            (rising edge-triggered cell FDCE clocked by clk100  {rise@0.000ns fall@5.000ns period=10.000ns})
  Path Group:             clk100
  Path Type:              Setup (Max at Slow Process Corner)
  Requirement:            10.000ns  (clk100 rise@10.000ns - clk100 rise@0.000ns)
  Data Path Delay:        1.346ns  (logic 0.456ns (33.880%)  route 0.890ns (66.120%))
  Logic Levels:           0  
  Clock Path Skew:        0.000ns (DCD - SCD + CPR)
    Destination Clock Delay (DCD):    7.518ns = ( 17.518 - 10.000 ) 
    Source Clock Delay      (SCD):    8.272ns
    Clock Pessimism Removal (CPR):    0.754ns
  Clock Uncertainty:      0.035ns  ((TSJ^2 + TIJ^2)^1/2 + DJ) / 2 + PE
    Total System Jitter     (TSJ):    0.071ns
    Total Input Jitter      (TIJ):    0.000ns
    Discrete Jitter          (DJ):    0.000ns
    Phase Error              (PE):    0.000ns

    Location             Delay type                Incr(ns)  Path(ns)    Netlist Resource(s)
  -------------------------------------------------------------------    -------------------
                         (clock clk100 rise edge)     0.000     0.000 r  
    E3                                                0.000     0.000 r  clk100 (IN)
                         net (fo=0)                   0.000     0.000    clk100
    E3                   IBUF (Prop_ibuf_I_O)         1.482     1.482 r  clk100_IBUF_inst/O
                         net (fo=1, routed)           2.025     3.506    clk100_IBUF
    BUFGCTRL_X0Y16       BUFG (Prop_bufg_I_O)         0.096     3.602 r  clk100_IBUF_BUFG_inst/O
                         net (fo=1, routed)           2.245     5.847    clk100_IBUF_BUFG
    SLICE_X60Y15         LUT1 (Prop_lut1_I0_O)        0.124     5.971 r  clk100_inst/O
                         net (fo=9, routed)           2.301     8.272    soc_crg_clkin
    SLICE_X72Y69         FDCE                                         r  FDCE/C
  -------------------------------------------------------------------    -------------------
    SLICE_X72Y69         FDCE (Prop_fdce_C_Q)         0.456     8.728 r  FDCE/Q
                         net (fo=1, routed)           0.890     9.618    soc_builder_basesoc_reset0
    SLICE_X72Y69         FDCE                                         r  FDCE_1/D
  -------------------------------------------------------------------    -------------------

                         (clock clk100 rise edge)    10.000    10.000 r  
    E3                                                0.000    10.000 r  clk100 (IN)
                         net (fo=0)                   0.000    10.000    clk100
    E3                   IBUF (Prop_ibuf_I_O)         1.411    11.411 r  clk100_IBUF_inst/O
                         net (fo=1, routed)           1.920    13.331    clk100_IBUF
    BUFGCTRL_X0Y16       BUFG (Prop_bufg_I_O)         0.091    13.422 r  clk100_IBUF_BUFG_inst/O
                         net (fo=1, routed)           2.027    15.449    clk100_IBUF_BUFG
    SLICE_X60Y15         LUT1 (Prop_lut1_I0_O)        0.100    15.549 r  clk100_inst/O
                         net (fo=9, routed)           1.969    17.518    soc_crg_clkin
    SLICE_X72Y69         FDCE                                         r  FDCE_1/C
                         clock pessimism              0.754    18.272    
                         clock uncertainty           -0.035    18.237    
    SLICE_X72Y69         FDCE (Setup_fdce_C_D)       -0.047    18.190    FDCE_1
  -------------------------------------------------------------------
                         required time                         18.190    
                         arrival time                          -9.618    
  -------------------------------------------------------------------
                         slack                                  8.572    

Slack (MET) :             8.701ns  (required time - arrival time)
  Source:                 FDCE_5/C
                            (rising edge-triggered cell FDCE clocked by clk100  {rise@0.000ns fall@5.000ns period=10.000ns})
  Destination:            FDCE_6/D
                            (rising edge-triggered cell FDCE clocked by clk100  {rise@0.000ns fall@5.000ns period=10.000ns})
  Path Group:             clk100
  Path Type:              Setup (Max at Slow Process Corner)
  Requirement:            10.000ns  (clk100 rise@10.000ns - clk100 rise@0.000ns)
  Data Path Delay:        1.049ns  (logic 0.419ns (39.946%)  route 0.630ns (60.054%))
  Logic Levels:           0  
  Clock Path Skew:        0.000ns (DCD - SCD + CPR)
    Destination Clock Delay (DCD):    7.518ns = ( 17.518 - 10.000 ) 
    Source Clock Delay      (SCD):    8.272ns
    Clock Pessimism Removal (CPR):    0.754ns
  Clock Uncertainty:      0.035ns  ((TSJ^2 + TIJ^2)^1/2 + DJ) / 2 + PE
    Total System Jitter     (TSJ):    0.071ns
    Total Input Jitter      (TIJ):    0.000ns
    Discrete Jitter          (DJ):    0.000ns
    Phase Error              (PE):    0.000ns

    Location             Delay type                Incr(ns)  Path(ns)    Netlist Resource(s)
  -------------------------------------------------------------------    -------------------
                         (clock clk100 rise edge)     0.000     0.000 r  
    E3                                                0.000     0.000 r  clk100 (IN)
                         net (fo=0)                   0.000     0.000    clk100
    E3                   IBUF (Prop_ibuf_I_O)         1.482     1.482 r  clk100_IBUF_inst/O
                         net (fo=1, routed)           2.025     3.506    clk100_IBUF
    BUFGCTRL_X0Y16       BUFG (Prop_bufg_I_O)         0.096     3.602 r  clk100_IBUF_BUFG_inst/O
                         net (fo=1, routed)           2.245     5.847    clk100_IBUF_BUFG
    SLICE_X60Y15         LUT1 (Prop_lut1_I0_O)        0.124     5.971 r  clk100_inst/O
                         net (fo=9, routed)           2.301     8.272    soc_crg_clkin
    SLICE_X72Y69         FDCE                                         r  FDCE_5/C
  -------------------------------------------------------------------    -------------------
    SLICE_X72Y69         FDCE (Prop_fdce_C_Q)         0.419     8.691 r  FDCE_5/Q
                         net (fo=1, routed)           0.630     9.321    soc_builder_basesoc_reset5
    SLICE_X72Y69         FDCE                                         r  FDCE_6/D
  -------------------------------------------------------------------    -------------------

                         (clock clk100 rise edge)    10.000    10.000 r  
    E3                                                0.000    10.000 r  clk100 (IN)
                         net (fo=0)                   0.000    10.000    clk100
    E3                   IBUF (Prop_ibuf_I_O)         1.411    11.411 r  clk100_IBUF_inst/O
                         net (fo=1, routed)           1.920    13.331    clk100_IBUF
    BUFGCTRL_X0Y16       BUFG (Prop_bufg_I_O)         0.091    13.422 r  clk100_IBUF_BUFG_inst/O
                         net (fo=1, routed)           2.027    15.449    clk100_IBUF_BUFG
    SLICE_X60Y15         LUT1 (Prop_lut1_I0_O)        0.100    15.549 r  clk100_inst/O
                         net (fo=9, routed)           1.969    17.518    soc_crg_clkin
    SLICE_X72Y69         FDCE                                         r  FDCE_6/C
                         clock pessimism              0.754    18.272    
                         clock uncertainty           -0.035    18.237    
    SLICE_X72Y69         FDCE (Setup_fdce_C_D)       -0.215    18.022    FDCE_6
  -------------------------------------------------------------------
                         required time                         18.022    
                         arrival time                          -9.321    
  -------------------------------------------------------------------
                         slack                                  8.701    

Slack (MET) :             8.704ns  (required time - arrival time)
  Source:                 FDCE_4/C
                            (rising edge-triggered cell FDCE clocked by clk100  {rise@0.000ns fall@5.000ns period=10.000ns})
  Destination:            FDCE_5/D
                            (rising edge-triggered cell FDCE clocked by clk100  {rise@0.000ns fall@5.000ns period=10.000ns})
  Path Group:             clk100
  Path Type:              Setup (Max at Slow Process Corner)
  Requirement:            10.000ns  (clk100 rise@10.000ns - clk100 rise@0.000ns)
  Data Path Delay:        1.198ns  (logic 0.456ns (38.049%)  route 0.742ns (61.951%))
  Logic Levels:           0  
  Clock Path Skew:        0.000ns (DCD - SCD + CPR)
    Destination Clock Delay (DCD):    7.518ns = ( 17.518 - 10.000 ) 
    Source Clock Delay      (SCD):    8.272ns
    Clock Pessimism Removal (CPR):    0.754ns
  Clock Uncertainty:      0.035ns  ((TSJ^2 + TIJ^2)^1/2 + DJ) / 2 + PE
    Total System Jitter     (TSJ):    0.071ns
    Total Input Jitter      (TIJ):    0.000ns
    Discrete Jitter          (DJ):    0.000ns
    Phase Error              (PE):    0.000ns

    Location             Delay type                Incr(ns)  Path(ns)    Netlist Resource(s)
  -------------------------------------------------------------------    -------------------
                         (clock clk100 rise edge)     0.000     0.000 r  
    E3                                                0.000     0.000 r  clk100 (IN)
                         net (fo=0)                   0.000     0.000    clk100
    E3                   IBUF (Prop_ibuf_I_O)         1.482     1.482 r  clk100_IBUF_inst/O
                         net (fo=1, routed)           2.025     3.506    clk100_IBUF
    BUFGCTRL_X0Y16       BUFG (Prop_bufg_I_O)         0.096     3.602 r  clk100_IBUF_BUFG_inst/O
                         net (fo=1, routed)           2.245     5.847    clk100_IBUF_BUFG
    SLICE_X60Y15         LUT1 (Prop_lut1_I0_O)        0.124     5.971 r  clk100_inst/O
                         net (fo=9, routed)           2.301     8.272    soc_crg_clkin
    SLICE_X72Y69         FDCE                                         r  FDCE_4/C
  -------------------------------------------------------------------    -------------------
    SLICE_X72Y69         FDCE (Prop_fdce_C_Q)         0.456     8.728 r  FDCE_4/Q
                         net (fo=1, routed)           0.742     9.470    soc_builder_basesoc_reset4
    SLICE_X72Y69         FDCE                                         r  FDCE_5/D
  -------------------------------------------------------------------    -------------------

                         (clock clk100 rise edge)    10.000    10.000 r  
    E3                                                0.000    10.000 r  clk100 (IN)
                         net (fo=0)                   0.000    10.000    clk100
    E3                   IBUF (Prop_ibuf_I_O)         1.411    11.411 r  clk100_IBUF_inst/O
                         net (fo=1, routed)           1.920    13.331    clk100_IBUF
    BUFGCTRL_X0Y16       BUFG (Prop_bufg_I_O)         0.091    13.422 r  clk100_IBUF_BUFG_inst/O
                         net (fo=1, routed)           2.027    15.449    clk100_IBUF_BUFG
    SLICE_X60Y15         LUT1 (Prop_lut1_I0_O)        0.100    15.549 r  clk100_inst/O
                         net (fo=9, routed)           1.969    17.518    soc_crg_clkin
    SLICE_X72Y69         FDCE                                         r  FDCE_5/C
                         clock pessimism              0.754    18.272    
                         clock uncertainty           -0.035    18.237    
    SLICE_X72Y69         FDCE (Setup_fdce_C_D)       -0.062    18.175    FDCE_5
  -------------------------------------------------------------------
                         required time                         18.175    
                         arrival time                          -9.470    
  -------------------------------------------------------------------
                         slack                                  8.704    

Slack (MET) :             8.799ns  (required time - arrival time)
  Source:                 FDCE_2/C
                            (rising edge-triggered cell FDCE clocked by clk100  {rise@0.000ns fall@5.000ns period=10.000ns})
  Destination:            FDCE_3/D
                            (rising edge-triggered cell FDCE clocked by clk100  {rise@0.000ns fall@5.000ns period=10.000ns})
  Path Group:             clk100
  Path Type:              Setup (Max at Slow Process Corner)
  Requirement:            10.000ns  (clk100 rise@10.000ns - clk100 rise@0.000ns)
  Data Path Delay:        1.073ns  (logic 0.456ns (42.506%)  route 0.617ns (57.494%))
  Logic Levels:           0  
  Clock Path Skew:        0.000ns (DCD - SCD + CPR)
    Destination Clock Delay (DCD):    7.518ns = ( 17.518 - 10.000 ) 
    Source Clock Delay      (SCD):    8.272ns
    Clock Pessimism Removal (CPR):    0.754ns
  Clock Uncertainty:      0.035ns  ((TSJ^2 + TIJ^2)^1/2 + DJ) / 2 + PE
    Total System Jitter     (TSJ):    0.071ns
    Total Input Jitter      (TIJ):    0.000ns
    Discrete Jitter          (DJ):    0.000ns
    Phase Error              (PE):    0.000ns

    Location             Delay type                Incr(ns)  Path(ns)    Netlist Resource(s)
  -------------------------------------------------------------------    -------------------
                         (clock clk100 rise edge)     0.000     0.000 r  
    E3                                                0.000     0.000 r  clk100 (IN)
                         net (fo=0)                   0.000     0.000    clk100
    E3                   IBUF (Prop_ibuf_I_O)         1.482     1.482 r  clk100_IBUF_inst/O
                         net (fo=1, routed)           2.025     3.506    clk100_IBUF
    BUFGCTRL_X0Y16       BUFG (Prop_bufg_I_O)         0.096     3.602 r  clk100_IBUF_BUFG_inst/O
                         net (fo=1, routed)           2.245     5.847    clk100_IBUF_BUFG
    SLICE_X60Y15         LUT1 (Prop_lut1_I0_O)        0.124     5.971 r  clk100_inst/O
                         net (fo=9, routed)           2.301     8.272    soc_crg_clkin
    SLICE_X72Y69         FDCE                                         r  FDCE_2/C
  -------------------------------------------------------------------    -------------------
    SLICE_X72Y69         FDCE (Prop_fdce_C_Q)         0.456     8.728 r  FDCE_2/Q
                         net (fo=1, routed)           0.617     9.345    soc_builder_basesoc_reset2
    SLICE_X72Y69         FDCE                                         r  FDCE_3/D
  -------------------------------------------------------------------    -------------------

                         (clock clk100 rise edge)    10.000    10.000 r  
    E3                                                0.000    10.000 r  clk100 (IN)
                         net (fo=0)                   0.000    10.000    clk100
    E3                   IBUF (Prop_ibuf_I_O)         1.411    11.411 r  clk100_IBUF_inst/O
                         net (fo=1, routed)           1.920    13.331    clk100_IBUF
    BUFGCTRL_X0Y16       BUFG (Prop_bufg_I_O)         0.091    13.422 r  clk100_IBUF_BUFG_inst/O
                         net (fo=1, routed)           2.027    15.449    clk100_IBUF_BUFG
    SLICE_X60Y15         LUT1 (Prop_lut1_I0_O)        0.100    15.549 r  clk100_inst/O
                         net (fo=9, routed)           1.969    17.518    soc_crg_clkin
    SLICE_X72Y69         FDCE                                         r  FDCE_3/C
                         clock pessimism              0.754    18.272    
                         clock uncertainty           -0.035    18.237    
    SLICE_X72Y69         FDCE (Setup_fdce_C_D)       -0.093    18.144    FDCE_3
  -------------------------------------------------------------------
                         required time                         18.144    
                         arrival time                          -9.345    
  -------------------------------------------------------------------
                         slack                                  8.799    

Slack (MET) :             8.823ns  (required time - arrival time)
  Source:                 FDCE_3/C
                            (rising edge-triggered cell FDCE clocked by clk100  {rise@0.000ns fall@5.000ns period=10.000ns})
  Destination:            FDCE_4/D
                            (rising edge-triggered cell FDCE clocked by clk100  {rise@0.000ns fall@5.000ns period=10.000ns})
  Path Group:             clk100
  Path Type:              Setup (Max at Slow Process Corner)
  Requirement:            10.000ns  (clk100 rise@10.000ns - clk100 rise@0.000ns)
  Data Path Delay:        1.050ns  (logic 0.456ns (43.428%)  route 0.594ns (56.572%))
  Logic Levels:           0  
  Clock Path Skew:        0.000ns (DCD - SCD + CPR)
    Destination Clock Delay (DCD):    7.518ns = ( 17.518 - 10.000 ) 
    Source Clock Delay      (SCD):    8.272ns
    Clock Pessimism Removal (CPR):    0.754ns
  Clock Uncertainty:      0.035ns  ((TSJ^2 + TIJ^2)^1/2 + DJ) / 2 + PE
    Total System Jitter     (TSJ):    0.071ns
    Total Input Jitter      (TIJ):    0.000ns
    Discrete Jitter          (DJ):    0.000ns
    Phase Error              (PE):    0.000ns

    Location             Delay type                Incr(ns)  Path(ns)    Netlist Resource(s)
  -------------------------------------------------------------------    -------------------
                         (clock clk100 rise edge)     0.000     0.000 r  
    E3                                                0.000     0.000 r  clk100 (IN)
                         net (fo=0)                   0.000     0.000    clk100
    E3                   IBUF (Prop_ibuf_I_O)         1.482     1.482 r  clk100_IBUF_inst/O
                         net (fo=1, routed)           2.025     3.506    clk100_IBUF
    BUFGCTRL_X0Y16       BUFG (Prop_bufg_I_O)         0.096     3.602 r  clk100_IBUF_BUFG_inst/O
                         net (fo=1, routed)           2.245     5.847    clk100_IBUF_BUFG
    SLICE_X60Y15         LUT1 (Prop_lut1_I0_O)        0.124     5.971 r  clk100_inst/O
                         net (fo=9, routed)           2.301     8.272    soc_crg_clkin
    SLICE_X72Y69         FDCE                                         r  FDCE_3/C
  -------------------------------------------------------------------    -------------------
    SLICE_X72Y69         FDCE (Prop_fdce_C_Q)         0.456     8.728 r  FDCE_3/Q
                         net (fo=1, routed)           0.594     9.322    soc_builder_basesoc_reset3
    SLICE_X72Y69         FDCE                                         r  FDCE_4/D
  -------------------------------------------------------------------    -------------------

                         (clock clk100 rise edge)    10.000    10.000 r  
    E3                                                0.000    10.000 r  clk100 (IN)
                         net (fo=0)                   0.000    10.000    clk100
    E3                   IBUF (Prop_ibuf_I_O)         1.411    11.411 r  clk100_IBUF_inst/O
                         net (fo=1, routed)           1.920    13.331    clk100_IBUF
    BUFGCTRL_X0Y16       BUFG (Prop_bufg_I_O)         0.091    13.422 r  clk100_IBUF_BUFG_inst/O
                         net (fo=1, routed)           2.027    15.449    clk100_IBUF_BUFG
    SLICE_X60Y15         LUT1 (Prop_lut1_I0_O)        0.100    15.549 r  clk100_inst/O
                         net (fo=9, routed)           1.969    17.518    soc_crg_clkin
    SLICE_X72Y69         FDCE                                         r  FDCE_4/C
                         clock pessimism              0.754    18.272    
                         clock uncertainty           -0.035    18.237    
    SLICE_X72Y69         FDCE (Setup_fdce_C_D)       -0.092    18.145    FDCE_4
  -------------------------------------------------------------------
                         required time                         18.145    
                         arrival time                          -9.322    
  -------------------------------------------------------------------
                         slack                                  8.823    

Slack (MET) :             8.995ns  (required time - arrival time)
  Source:                 FDCE_6/C
                            (rising edge-triggered cell FDCE clocked by clk100  {rise@0.000ns fall@5.000ns period=10.000ns})
  Destination:            FDCE_7/D
                            (rising edge-triggered cell FDCE clocked by clk100  {rise@0.000ns fall@5.000ns period=10.000ns})
  Path Group:             clk100
  Path Type:              Setup (Max at Slow Process Corner)
  Requirement:            10.000ns  (clk100 rise@10.000ns - clk100 rise@0.000ns)
  Data Path Delay:        0.756ns  (logic 0.419ns (55.399%)  route 0.337ns (44.601%))
  Logic Levels:           0  
  Clock Path Skew:        0.000ns (DCD - SCD + CPR)
    Destination Clock Delay (DCD):    7.518ns = ( 17.518 - 10.000 ) 
    Source Clock Delay      (SCD):    8.272ns
    Clock Pessimism Removal (CPR):    0.754ns
  Clock Uncertainty:      0.035ns  ((TSJ^2 + TIJ^2)^1/2 + DJ) / 2 + PE
    Total System Jitter     (TSJ):    0.071ns
    Total Input Jitter      (TIJ):    0.000ns
    Discrete Jitter          (DJ):    0.000ns
    Phase Error              (PE):    0.000ns

    Location             Delay type                Incr(ns)  Path(ns)    Netlist Resource(s)
  -------------------------------------------------------------------    -------------------
                         (clock clk100 rise edge)     0.000     0.000 r  
    E3                                                0.000     0.000 r  clk100 (IN)
                         net (fo=0)                   0.000     0.000    clk100
    E3                   IBUF (Prop_ibuf_I_O)         1.482     1.482 r  clk100_IBUF_inst/O
                         net (fo=1, routed)           2.025     3.506    clk100_IBUF
    BUFGCTRL_X0Y16       BUFG (Prop_bufg_I_O)         0.096     3.602 r  clk100_IBUF_BUFG_inst/O
                         net (fo=1, routed)           2.245     5.847    clk100_IBUF_BUFG
    SLICE_X60Y15         LUT1 (Prop_lut1_I0_O)        0.124     5.971 r  clk100_inst/O
                         net (fo=9, routed)           2.301     8.272    soc_crg_clkin
    SLICE_X72Y69         FDCE                                         r  FDCE_6/C
  -------------------------------------------------------------------    -------------------
    SLICE_X72Y69         FDCE (Prop_fdce_C_Q)         0.419     8.691 r  FDCE_6/Q
                         net (fo=1, routed)           0.337     9.028    soc_builder_basesoc_reset6
    SLICE_X72Y69         FDCE                                         r  FDCE_7/D
  -------------------------------------------------------------------    -------------------

                         (clock clk100 rise edge)    10.000    10.000 r  
    E3                                                0.000    10.000 r  clk100 (IN)
                         net (fo=0)                   0.000    10.000    clk100
    E3                   IBUF (Prop_ibuf_I_O)         1.411    11.411 r  clk100_IBUF_inst/O
                         net (fo=1, routed)           1.920    13.331    clk100_IBUF
    BUFGCTRL_X0Y16       BUFG (Prop_bufg_I_O)         0.091    13.422 r  clk100_IBUF_BUFG_inst/O
                         net (fo=1, routed)           2.027    15.449    clk100_IBUF_BUFG
    SLICE_X60Y15         LUT1 (Prop_lut1_I0_O)        0.100    15.549 r  clk100_inst/O
                         net (fo=9, routed)           1.969    17.518    soc_crg_clkin
    SLICE_X72Y69         FDCE                                         r  FDCE_7/C
                         clock pessimism              0.754    18.272    
                         clock uncertainty           -0.035    18.237    
    SLICE_X72Y69         FDCE (Setup_fdce_C_D)       -0.213    18.024    FDCE_7
  -------------------------------------------------------------------
                         required time                         18.024    
                         arrival time                          -9.028    
  -------------------------------------------------------------------
                         slack                                  8.995    





Min Delay Paths
--------------------------------------------------------------------------------------
Slack (MET) :             0.219ns  (arrival time - required time)
  Source:                 FDCE_6/C
                            (rising edge-triggered cell FDCE clocked by clk100  {rise@0.000ns fall@5.000ns period=10.000ns})
  Destination:            FDCE_7/D
                            (rising edge-triggered cell FDCE clocked by clk100  {rise@0.000ns fall@5.000ns period=10.000ns})
  Path Group:             clk100
  Path Type:              Hold (Min at Fast Process Corner)
  Requirement:            0.000ns  (clk100 rise@0.000ns - clk100 rise@0.000ns)
  Data Path Delay:        0.244ns  (logic 0.128ns (52.387%)  route 0.116ns (47.613%))
  Logic Levels:           0  
  Clock Path Skew:        0.000ns (DCD - SCD - CPR)
    Destination Clock Delay (DCD):    3.467ns
    Source Clock Delay      (SCD):    2.757ns
    Clock Pessimism Removal (CPR):    0.710ns

    Location             Delay type                Incr(ns)  Path(ns)    Netlist Resource(s)
  -------------------------------------------------------------------    -------------------
                         (clock clk100 rise edge)     0.000     0.000 r  
    E3                                                0.000     0.000 r  clk100 (IN)
                         net (fo=0)                   0.000     0.000    clk100
    E3                   IBUF (Prop_ibuf_I_O)         0.250     0.250 r  clk100_IBUF_inst/O
                         net (fo=1, routed)           0.644     0.894    clk100_IBUF
    BUFGCTRL_X0Y16       BUFG (Prop_bufg_I_O)         0.026     0.920 r  clk100_IBUF_BUFG_inst/O
                         net (fo=1, routed)           0.771     1.691    clk100_IBUF_BUFG
    SLICE_X60Y15         LUT1 (Prop_lut1_I0_O)        0.045     1.736 r  clk100_inst/O
                         net (fo=9, routed)           1.022     2.757    soc_crg_clkin
    SLICE_X72Y69         FDCE                                         r  FDCE_6/C
  -------------------------------------------------------------------    -------------------
    SLICE_X72Y69         FDCE (Prop_fdce_C_Q)         0.128     2.885 r  FDCE_6/Q
                         net (fo=1, routed)           0.116     3.002    soc_builder_basesoc_reset6
    SLICE_X72Y69         FDCE                                         r  FDCE_7/D
  -------------------------------------------------------------------    -------------------

                         (clock clk100 rise edge)     0.000     0.000 r  
    E3                                                0.000     0.000 r  clk100 (IN)
                         net (fo=0)                   0.000     0.000    clk100
    E3                   IBUF (Prop_ibuf_I_O)         0.438     0.438 r  clk100_IBUF_inst/O
                         net (fo=1, routed)           0.699     1.136    clk100_IBUF
    BUFGCTRL_X0Y16       BUFG (Prop_bufg_I_O)         0.029     1.165 r  clk100_IBUF_BUFG_inst/O
                         net (fo=1, routed)           1.074     2.240    clk100_IBUF_BUFG
    SLICE_X60Y15         LUT1 (Prop_lut1_I0_O)        0.056     2.296 r  clk100_inst/O
                         net (fo=9, routed)           1.172     3.467    soc_crg_clkin
    SLICE_X72Y69         FDCE                                         r  FDCE_7/C
                         clock pessimism             -0.710     2.757    
    SLICE_X72Y69         FDCE (Hold_fdce_C_D)         0.025     2.782    FDCE_7
  -------------------------------------------------------------------
                         required time                         -2.782    
                         arrival time                           3.002    
  -------------------------------------------------------------------
                         slack                                  0.219    

Slack (MET) :             0.325ns  (arrival time - required time)
  Source:                 FDCE_3/C
                            (rising edge-triggered cell FDCE clocked by clk100  {rise@0.000ns fall@5.000ns period=10.000ns})
  Destination:            FDCE_4/D
                            (rising edge-triggered cell FDCE clocked by clk100  {rise@0.000ns fall@5.000ns period=10.000ns})
  Path Group:             clk100
  Path Type:              Hold (Min at Fast Process Corner)
  Requirement:            0.000ns  (clk100 rise@0.000ns - clk100 rise@0.000ns)
  Data Path Delay:        0.372ns  (logic 0.141ns (37.902%)  route 0.231ns (62.098%))
  Logic Levels:           0  
  Clock Path Skew:        0.000ns (DCD - SCD - CPR)
    Destination Clock Delay (DCD):    3.467ns
    Source Clock Delay      (SCD):    2.757ns
    Clock Pessimism Removal (CPR):    0.710ns

    Location             Delay type                Incr(ns)  Path(ns)    Netlist Resource(s)
  -------------------------------------------------------------------    -------------------
                         (clock clk100 rise edge)     0.000     0.000 r  
    E3                                                0.000     0.000 r  clk100 (IN)
                         net (fo=0)                   0.000     0.000    clk100
    E3                   IBUF (Prop_ibuf_I_O)         0.250     0.250 r  clk100_IBUF_inst/O
                         net (fo=1, routed)           0.644     0.894    clk100_IBUF
    BUFGCTRL_X0Y16       BUFG (Prop_bufg_I_O)         0.026     0.920 r  clk100_IBUF_BUFG_inst/O
                         net (fo=1, routed)           0.771     1.691    clk100_IBUF_BUFG
    SLICE_X60Y15         LUT1 (Prop_lut1_I0_O)        0.045     1.736 r  clk100_inst/O
                         net (fo=9, routed)           1.022     2.757    soc_crg_clkin
    SLICE_X72Y69         FDCE                                         r  FDCE_3/C
  -------------------------------------------------------------------    -------------------
    SLICE_X72Y69         FDCE (Prop_fdce_C_Q)         0.141     2.898 r  FDCE_3/Q
                         net (fo=1, routed)           0.231     3.129    soc_builder_basesoc_reset3
    SLICE_X72Y69         FDCE                                         r  FDCE_4/D
  -------------------------------------------------------------------    -------------------

                         (clock clk100 rise edge)     0.000     0.000 r  
    E3                                                0.000     0.000 r  clk100 (IN)
                         net (fo=0)                   0.000     0.000    clk100
    E3                   IBUF (Prop_ibuf_I_O)         0.438     0.438 r  clk100_IBUF_inst/O
                         net (fo=1, routed)           0.699     1.136    clk100_IBUF
    BUFGCTRL_X0Y16       BUFG (Prop_bufg_I_O)         0.029     1.165 r  clk100_IBUF_BUFG_inst/O
                         net (fo=1, routed)           1.074     2.240    clk100_IBUF_BUFG
    SLICE_X60Y15         LUT1 (Prop_lut1_I0_O)        0.056     2.296 r  clk100_inst/O
                         net (fo=9, routed)           1.172     3.467    soc_crg_clkin
    SLICE_X72Y69         FDCE                                         r  FDCE_4/C
                         clock pessimism             -0.710     2.757    
    SLICE_X72Y69         FDCE (Hold_fdce_C_D)         0.047     2.804    FDCE_4
  -------------------------------------------------------------------
                         required time                         -2.804    
                         arrival time                           3.129    
  -------------------------------------------------------------------
                         slack                                  0.325    

Slack (MET) :             0.325ns  (arrival time - required time)
  Source:                 FDCE_4/C
                            (rising edge-triggered cell FDCE clocked by clk100  {rise@0.000ns fall@5.000ns period=10.000ns})
  Destination:            FDCE_5/D
                            (rising edge-triggered cell FDCE clocked by clk100  {rise@0.000ns fall@5.000ns period=10.000ns})
  Path Group:             clk100
  Path Type:              Hold (Min at Fast Process Corner)
  Requirement:            0.000ns  (clk100 rise@0.000ns - clk100 rise@0.000ns)
  Data Path Delay:        0.396ns  (logic 0.141ns (35.565%)  route 0.255ns (64.435%))
  Logic Levels:           0  
  Clock Path Skew:        0.000ns (DCD - SCD - CPR)
    Destination Clock Delay (DCD):    3.467ns
    Source Clock Delay      (SCD):    2.757ns
    Clock Pessimism Removal (CPR):    0.710ns

    Location             Delay type                Incr(ns)  Path(ns)    Netlist Resource(s)
  -------------------------------------------------------------------    -------------------
                         (clock clk100 rise edge)     0.000     0.000 r  
    E3                                                0.000     0.000 r  clk100 (IN)
                         net (fo=0)                   0.000     0.000    clk100
    E3                   IBUF (Prop_ibuf_I_O)         0.250     0.250 r  clk100_IBUF_inst/O
                         net (fo=1, routed)           0.644     0.894    clk100_IBUF
    BUFGCTRL_X0Y16       BUFG (Prop_bufg_I_O)         0.026     0.920 r  clk100_IBUF_BUFG_inst/O
                         net (fo=1, routed)           0.771     1.691    clk100_IBUF_BUFG
    SLICE_X60Y15         LUT1 (Prop_lut1_I0_O)        0.045     1.736 r  clk100_inst/O
                         net (fo=9, routed)           1.022     2.757    soc_crg_clkin
    SLICE_X72Y69         FDCE                                         r  FDCE_4/C
  -------------------------------------------------------------------    -------------------
    SLICE_X72Y69         FDCE (Prop_fdce_C_Q)         0.141     2.898 r  FDCE_4/Q
                         net (fo=1, routed)           0.255     3.154    soc_builder_basesoc_reset4
    SLICE_X72Y69         FDCE                                         r  FDCE_5/D
  -------------------------------------------------------------------    -------------------

                         (clock clk100 rise edge)     0.000     0.000 r  
    E3                                                0.000     0.000 r  clk100 (IN)
                         net (fo=0)                   0.000     0.000    clk100
    E3                   IBUF (Prop_ibuf_I_O)         0.438     0.438 r  clk100_IBUF_inst/O
                         net (fo=1, routed)           0.699     1.136    clk100_IBUF
    BUFGCTRL_X0Y16       BUFG (Prop_bufg_I_O)         0.029     1.165 r  clk100_IBUF_BUFG_inst/O
                         net (fo=1, routed)           1.074     2.240    clk100_IBUF_BUFG
    SLICE_X60Y15         LUT1 (Prop_lut1_I0_O)        0.056     2.296 r  clk100_inst/O
                         net (fo=9, routed)           1.172     3.467    soc_crg_clkin
    SLICE_X72Y69         FDCE                                         r  FDCE_5/C
                         clock pessimism             -0.710     2.757    
    SLICE_X72Y69         FDCE (Hold_fdce_C_D)         0.071     2.828    FDCE_5
  -------------------------------------------------------------------
                         required time                         -2.828    
                         arrival time                           3.154    
  -------------------------------------------------------------------
                         slack                                  0.325    

Slack (MET) :             0.332ns  (arrival time - required time)
  Source:                 FDCE_2/C
                            (rising edge-triggered cell FDCE clocked by clk100  {rise@0.000ns fall@5.000ns period=10.000ns})
  Destination:            FDCE_3/D
                            (rising edge-triggered cell FDCE clocked by clk100  {rise@0.000ns fall@5.000ns period=10.000ns})
  Path Group:             clk100
  Path Type:              Hold (Min at Fast Process Corner)
  Requirement:            0.000ns  (clk100 rise@0.000ns - clk100 rise@0.000ns)
  Data Path Delay:        0.379ns  (logic 0.141ns (37.224%)  route 0.238ns (62.776%))
  Logic Levels:           0  
  Clock Path Skew:        0.000ns (DCD - SCD - CPR)
    Destination Clock Delay (DCD):    3.467ns
    Source Clock Delay      (SCD):    2.757ns
    Clock Pessimism Removal (CPR):    0.710ns

    Location             Delay type                Incr(ns)  Path(ns)    Netlist Resource(s)
  -------------------------------------------------------------------    -------------------
                         (clock clk100 rise edge)     0.000     0.000 r  
    E3                                                0.000     0.000 r  clk100 (IN)
                         net (fo=0)                   0.000     0.000    clk100
    E3                   IBUF (Prop_ibuf_I_O)         0.250     0.250 r  clk100_IBUF_inst/O
                         net (fo=1, routed)           0.644     0.894    clk100_IBUF
    BUFGCTRL_X0Y16       BUFG (Prop_bufg_I_O)         0.026     0.920 r  clk100_IBUF_BUFG_inst/O
                         net (fo=1, routed)           0.771     1.691    clk100_IBUF_BUFG
    SLICE_X60Y15         LUT1 (Prop_lut1_I0_O)        0.045     1.736 r  clk100_inst/O
                         net (fo=9, routed)           1.022     2.757    soc_crg_clkin
    SLICE_X72Y69         FDCE                                         r  FDCE_2/C
  -------------------------------------------------------------------    -------------------
    SLICE_X72Y69         FDCE (Prop_fdce_C_Q)         0.141     2.898 r  FDCE_2/Q
                         net (fo=1, routed)           0.238     3.136    soc_builder_basesoc_reset2
    SLICE_X72Y69         FDCE                                         r  FDCE_3/D
  -------------------------------------------------------------------    -------------------

                         (clock clk100 rise edge)     0.000     0.000 r  
    E3                                                0.000     0.000 r  clk100 (IN)
                         net (fo=0)                   0.000     0.000    clk100
    E3                   IBUF (Prop_ibuf_I_O)         0.438     0.438 r  clk100_IBUF_inst/O
                         net (fo=1, routed)           0.699     1.136    clk100_IBUF
    BUFGCTRL_X0Y16       BUFG (Prop_bufg_I_O)         0.029     1.165 r  clk100_IBUF_BUFG_inst/O
                         net (fo=1, routed)           1.074     2.240    clk100_IBUF_BUFG
    SLICE_X60Y15         LUT1 (Prop_lut1_I0_O)        0.056     2.296 r  clk100_inst/O
                         net (fo=9, routed)           1.172     3.467    soc_crg_clkin
    SLICE_X72Y69         FDCE                                         r  FDCE_3/C
                         clock pessimism             -0.710     2.757    
    SLICE_X72Y69         FDCE (Hold_fdce_C_D)         0.047     2.804    FDCE_3
  -------------------------------------------------------------------
                         required time                         -2.804    
                         arrival time                           3.136    
  -------------------------------------------------------------------
                         slack                                  0.332    

Slack (MET) :             0.338ns  (arrival time - required time)
  Source:                 FDCE_5/C
                            (rising edge-triggered cell FDCE clocked by clk100  {rise@0.000ns fall@5.000ns period=10.000ns})
  Destination:            FDCE_6/D
                            (rising edge-triggered cell FDCE clocked by clk100  {rise@0.000ns fall@5.000ns period=10.000ns})
  Path Group:             clk100
  Path Type:              Hold (Min at Fast Process Corner)
  Requirement:            0.000ns  (clk100 rise@0.000ns - clk100 rise@0.000ns)
  Data Path Delay:        0.361ns  (logic 0.128ns (35.464%)  route 0.233ns (64.536%))
  Logic Levels:           0  
  Clock Path Skew:        0.000ns (DCD - SCD - CPR)
    Destination Clock Delay (DCD):    3.467ns
    Source Clock Delay      (SCD):    2.757ns
    Clock Pessimism Removal (CPR):    0.710ns

    Location             Delay type                Incr(ns)  Path(ns)    Netlist Resource(s)
  -------------------------------------------------------------------    -------------------
                         (clock clk100 rise edge)     0.000     0.000 r  
    E3                                                0.000     0.000 r  clk100 (IN)
                         net (fo=0)                   0.000     0.000    clk100
    E3                   IBUF (Prop_ibuf_I_O)         0.250     0.250 r  clk100_IBUF_inst/O
                         net (fo=1, routed)           0.644     0.894    clk100_IBUF
    BUFGCTRL_X0Y16       BUFG (Prop_bufg_I_O)         0.026     0.920 r  clk100_IBUF_BUFG_inst/O
                         net (fo=1, routed)           0.771     1.691    clk100_IBUF_BUFG
    SLICE_X60Y15         LUT1 (Prop_lut1_I0_O)        0.045     1.736 r  clk100_inst/O
                         net (fo=9, routed)           1.022     2.757    soc_crg_clkin
    SLICE_X72Y69         FDCE                                         r  FDCE_5/C
  -------------------------------------------------------------------    -------------------
    SLICE_X72Y69         FDCE (Prop_fdce_C_Q)         0.128     2.885 r  FDCE_5/Q
                         net (fo=1, routed)           0.233     3.118    soc_builder_basesoc_reset5
    SLICE_X72Y69         FDCE                                         r  FDCE_6/D
  -------------------------------------------------------------------    -------------------

                         (clock clk100 rise edge)     0.000     0.000 r  
    E3                                                0.000     0.000 r  clk100 (IN)
                         net (fo=0)                   0.000     0.000    clk100
    E3                   IBUF (Prop_ibuf_I_O)         0.438     0.438 r  clk100_IBUF_inst/O
                         net (fo=1, routed)           0.699     1.136    clk100_IBUF
    BUFGCTRL_X0Y16       BUFG (Prop_bufg_I_O)         0.029     1.165 r  clk100_IBUF_BUFG_inst/O
                         net (fo=1, routed)           1.074     2.240    clk100_IBUF_BUFG
    SLICE_X60Y15         LUT1 (Prop_lut1_I0_O)        0.056     2.296 r  clk100_inst/O
                         net (fo=9, routed)           1.172     3.467    soc_crg_clkin
    SLICE_X72Y69         FDCE                                         r  FDCE_6/C
                         clock pessimism             -0.710     2.757    
    SLICE_X72Y69         FDCE (Hold_fdce_C_D)         0.023     2.780    FDCE_6
  -------------------------------------------------------------------
                         required time                         -2.780    
                         arrival time                           3.118    
  -------------------------------------------------------------------
                         slack                                  0.338    

Slack (MET) :             0.382ns  (arrival time - required time)
  Source:                 FDCE/C
                            (rising edge-triggered cell FDCE clocked by clk100  {rise@0.000ns fall@5.000ns period=10.000ns})
  Destination:            FDCE_1/D
                            (rising edge-triggered cell FDCE clocked by clk100  {rise@0.000ns fall@5.000ns period=10.000ns})
  Path Group:             clk100
  Path Type:              Hold (Min at Fast Process Corner)
  Requirement:            0.000ns  (clk100 rise@0.000ns - clk100 rise@0.000ns)
  Data Path Delay:        0.457ns  (logic 0.141ns (30.857%)  route 0.316ns (69.143%))
  Logic Levels:           0  
  Clock Path Skew:        0.000ns (DCD - SCD - CPR)
    Destination Clock Delay (DCD):    3.467ns
    Source Clock Delay      (SCD):    2.757ns
    Clock Pessimism Removal (CPR):    0.710ns

    Location             Delay type                Incr(ns)  Path(ns)    Netlist Resource(s)
  -------------------------------------------------------------------    -------------------
                         (clock clk100 rise edge)     0.000     0.000 r  
    E3                                                0.000     0.000 r  clk100 (IN)
                         net (fo=0)                   0.000     0.000    clk100
    E3                   IBUF (Prop_ibuf_I_O)         0.250     0.250 r  clk100_IBUF_inst/O
                         net (fo=1, routed)           0.644     0.894    clk100_IBUF
    BUFGCTRL_X0Y16       BUFG (Prop_bufg_I_O)         0.026     0.920 r  clk100_IBUF_BUFG_inst/O
                         net (fo=1, routed)           0.771     1.691    clk100_IBUF_BUFG
    SLICE_X60Y15         LUT1 (Prop_lut1_I0_O)        0.045     1.736 r  clk100_inst/O
                         net (fo=9, routed)           1.022     2.757    soc_crg_clkin
    SLICE_X72Y69         FDCE                                         r  FDCE/C
  -------------------------------------------------------------------    -------------------
    SLICE_X72Y69         FDCE (Prop_fdce_C_Q)         0.141     2.898 r  FDCE/Q
                         net (fo=1, routed)           0.316     3.214    soc_builder_basesoc_reset0
    SLICE_X72Y69         FDCE                                         r  FDCE_1/D
  -------------------------------------------------------------------    -------------------

                         (clock clk100 rise edge)     0.000     0.000 r  
    E3                                                0.000     0.000 r  clk100 (IN)
                         net (fo=0)                   0.000     0.000    clk100
    E3                   IBUF (Prop_ibuf_I_O)         0.438     0.438 r  clk100_IBUF_inst/O
                         net (fo=1, routed)           0.699     1.136    clk100_IBUF
    BUFGCTRL_X0Y16       BUFG (Prop_bufg_I_O)         0.029     1.165 r  clk100_IBUF_BUFG_inst/O
                         net (fo=1, routed)           1.074     2.240    clk100_IBUF_BUFG
    SLICE_X60Y15         LUT1 (Prop_lut1_I0_O)        0.056     2.296 r  clk100_inst/O
                         net (fo=9, routed)           1.172     3.467    soc_crg_clkin
    SLICE_X72Y69         FDCE                                         r  FDCE_1/C
                         clock pessimism             -0.710     2.757    
    SLICE_X72Y69         FDCE (Hold_fdce_C_D)         0.075     2.832    FDCE_1
  -------------------------------------------------------------------
                         required time                         -2.832    
                         arrival time                           3.214    
  -------------------------------------------------------------------
                         slack                                  0.382    

Slack (MET) :             0.525ns  (arrival time - required time)
  Source:                 FDCE_1/C
                            (rising edge-triggered cell FDCE clocked by clk100  {rise@0.000ns fall@5.000ns period=10.000ns})
  Destination:            FDCE_2/D
                            (rising edge-triggered cell FDCE clocked by clk100  {rise@0.000ns fall@5.000ns period=10.000ns})
  Path Group:             clk100
  Path Type:              Hold (Min at Fast Process Corner)
  Requirement:            0.000ns  (clk100 rise@0.000ns - clk100 rise@0.000ns)
  Data Path Delay:        0.518ns  (logic 0.128ns (24.692%)  route 0.390ns (75.308%))
  Logic Levels:           0  
  Clock Path Skew:        0.000ns (DCD - SCD - CPR)
    Destination Clock Delay (DCD):    3.467ns
    Source Clock Delay      (SCD):    2.757ns
    Clock Pessimism Removal (CPR):    0.710ns

    Location             Delay type                Incr(ns)  Path(ns)    Netlist Resource(s)
  -------------------------------------------------------------------    -------------------
                         (clock clk100 rise edge)     0.000     0.000 r  
    E3                                                0.000     0.000 r  clk100 (IN)
                         net (fo=0)                   0.000     0.000    clk100
    E3                   IBUF (Prop_ibuf_I_O)         0.250     0.250 r  clk100_IBUF_inst/O
                         net (fo=1, routed)           0.644     0.894    clk100_IBUF
    BUFGCTRL_X0Y16       BUFG (Prop_bufg_I_O)         0.026     0.920 r  clk100_IBUF_BUFG_inst/O
                         net (fo=1, routed)           0.771     1.691    clk100_IBUF_BUFG
    SLICE_X60Y15         LUT1 (Prop_lut1_I0_O)        0.045     1.736 r  clk100_inst/O
                         net (fo=9, routed)           1.022     2.757    soc_crg_clkin
    SLICE_X72Y69         FDCE                                         r  FDCE_1/C
  -------------------------------------------------------------------    -------------------
    SLICE_X72Y69         FDCE (Prop_fdce_C_Q)         0.128     2.885 r  FDCE_1/Q
                         net (fo=1, routed)           0.390     3.276    soc_builder_basesoc_reset1
    SLICE_X72Y69         FDCE                                         r  FDCE_2/D
  -------------------------------------------------------------------    -------------------

                         (clock clk100 rise edge)     0.000     0.000 r  
    E3                                                0.000     0.000 r  clk100 (IN)
                         net (fo=0)                   0.000     0.000    clk100
    E3                   IBUF (Prop_ibuf_I_O)         0.438     0.438 r  clk100_IBUF_inst/O
                         net (fo=1, routed)           0.699     1.136    clk100_IBUF
    BUFGCTRL_X0Y16       BUFG (Prop_bufg_I_O)         0.029     1.165 r  clk100_IBUF_BUFG_inst/O
                         net (fo=1, routed)           1.074     2.240    clk100_IBUF_BUFG
    SLICE_X60Y15         LUT1 (Prop_lut1_I0_O)        0.056     2.296 r  clk100_inst/O
                         net (fo=9, routed)           1.172     3.467    soc_crg_clkin
    SLICE_X72Y69         FDCE                                         r  FDCE_2/C
                         clock pessimism             -0.710     2.757    
    SLICE_X72Y69         FDCE (Hold_fdce_C_D)        -0.007     2.750    FDCE_2
  -------------------------------------------------------------------
                         required time                         -2.750    
                         arrival time                           3.276    
  -------------------------------------------------------------------
                         slack                                  0.525    





Pulse Width Checks
--------------------------------------------------------------------------------------
Clock Name:         clk100
Waveform(ns):       { 0.000 5.000 }
Period(ns):         10.000
Sources:            { clk100 }

Check Type        Corner  Lib Pin            Reference Pin  Required(ns)  Actual(ns)  Slack(ns)  Location         Pin
Min Period        n/a     BUFG/I             n/a            2.155         10.000      7.845      BUFGCTRL_X0Y16   clk100_IBUF_BUFG_inst/I
Min Period        n/a     MMCME2_ADV/CLKIN1  n/a            1.249         10.000      8.751      MMCME2_ADV_X0Y0  MMCME2_ADV/CLKIN1
Min Period        n/a     FDCE/C             n/a            1.000         10.000      9.000      SLICE_X72Y69     FDCE/C
Min Period        n/a     FDCE/C             n/a            1.000         10.000      9.000      SLICE_X72Y69     FDCE_1/C
Min Period        n/a     FDCE/C             n/a            1.000         10.000      9.000      SLICE_X72Y69     FDCE_2/C
Min Period        n/a     FDCE/C             n/a            1.000         10.000      9.000      SLICE_X72Y69     FDCE_3/C
Min Period        n/a     FDCE/C             n/a            1.000         10.000      9.000      SLICE_X72Y69     FDCE_4/C
Min Period        n/a     FDCE/C             n/a            1.000         10.000      9.000      SLICE_X72Y69     FDCE_5/C
Min Period        n/a     FDCE/C             n/a            1.000         10.000      9.000      SLICE_X72Y69     FDCE_6/C
Min Period        n/a     FDCE/C             n/a            1.000         10.000      9.000      SLICE_X72Y69     FDCE_7/C
Max Period        n/a     MMCME2_ADV/CLKIN1  n/a            100.000       10.000      90.000     MMCME2_ADV_X0Y0  MMCME2_ADV/CLKIN1
Low Pulse Width   Slow    MMCME2_ADV/CLKIN1  n/a            2.000         5.000       3.000      MMCME2_ADV_X0Y0  MMCME2_ADV/CLKIN1
Low Pulse Width   Fast    MMCME2_ADV/CLKIN1  n/a            2.000         5.000       3.000      MMCME2_ADV_X0Y0  MMCME2_ADV/CLKIN1
Low Pulse Width   Slow    FDCE/C             n/a            0.500         5.000       4.500      SLICE_X72Y69     FDCE/C
Low Pulse Width   Fast    FDCE/C             n/a            0.500         5.000       4.500      SLICE_X72Y69     FDCE/C
Low Pulse Width   Slow    FDCE/C             n/a            0.500         5.000       4.500      SLICE_X72Y69     FDCE_1/C
Low Pulse Width   Fast    FDCE/C             n/a            0.500         5.000       4.500      SLICE_X72Y69     FDCE_1/C
Low Pulse Width   Slow    FDCE/C             n/a            0.500         5.000       4.500      SLICE_X72Y69     FDCE_2/C
Low Pulse Width   Fast    FDCE/C             n/a            0.500         5.000       4.500      SLICE_X72Y69     FDCE_2/C
Low Pulse Width   Slow    FDCE/C             n/a            0.500         5.000       4.500      SLICE_X72Y69     FDCE_3/C
Low Pulse Width   Fast    FDCE/C             n/a            0.500         5.000       4.500      SLICE_X72Y69     FDCE_3/C
High Pulse Width  Slow    MMCME2_ADV/CLKIN1  n/a            2.000         5.000       3.000      MMCME2_ADV_X0Y0  MMCME2_ADV/CLKIN1
High Pulse Width  Fast    MMCME2_ADV/CLKIN1  n/a            2.000         5.000       3.000      MMCME2_ADV_X0Y0  MMCME2_ADV/CLKIN1
High Pulse Width  Slow    FDCE/C             n/a            0.500         5.000       4.500      SLICE_X72Y69     FDCE/C
High Pulse Width  Fast    FDCE/C             n/a            0.500         5.000       4.500      SLICE_X72Y69     FDCE/C
High Pulse Width  Slow    FDCE/C             n/a            0.500         5.000       4.500      SLICE_X72Y69     FDCE_1/C
High Pulse Width  Fast    FDCE/C             n/a            0.500         5.000       4.500      SLICE_X72Y69     FDCE_1/C
High Pulse Width  Slow    FDCE/C             n/a            0.500         5.000       4.500      SLICE_X72Y69     FDCE_2/C
High Pulse Width  Fast    FDCE/C             n/a            0.500         5.000       4.500      SLICE_X72Y69     FDCE_2/C
High Pulse Width  Slow    FDCE/C             n/a            0.500         5.000       4.500      SLICE_X72Y69     FDCE_3/C
High Pulse Width  Fast    FDCE/C             n/a            0.500         5.000       4.500      SLICE_X72Y69     FDCE_3/C



---------------------------------------------------------------------------------------------------
From Clock:  soc_builder_basesoc_mmcm_fb
  To Clock:  soc_builder_basesoc_mmcm_fb

Setup :           NA  Failing Endpoints,  Worst Slack           NA  ,  Total Violation           NA
Hold  :           NA  Failing Endpoints,  Worst Slack           NA  ,  Total Violation           NA
PW    :            0  Failing Endpoints,  Worst Slack        8.751ns,  Total Violation        0.000ns
---------------------------------------------------------------------------------------------------


Pulse Width Checks
--------------------------------------------------------------------------------------
Clock Name:         soc_builder_basesoc_mmcm_fb
Waveform(ns):       { 0.000 5.000 }
Period(ns):         10.000
Sources:            { MMCME2_ADV/CLKFBOUT }

Check Type  Corner  Lib Pin              Reference Pin  Required(ns)  Actual(ns)  Slack(ns)  Location         Pin
Min Period  n/a     MMCME2_ADV/CLKFBOUT  n/a            1.249         10.000      8.751      MMCME2_ADV_X0Y0  MMCME2_ADV/CLKFBOUT
Min Period  n/a     MMCME2_ADV/CLKFBIN   n/a            1.249         10.000      8.751      MMCME2_ADV_X0Y0  MMCME2_ADV/CLKFBIN
Max Period  n/a     MMCME2_ADV/CLKFBIN   n/a            100.000       10.000      90.000     MMCME2_ADV_X0Y0  MMCME2_ADV/CLKFBIN
Max Period  n/a     MMCME2_ADV/CLKFBOUT  n/a            213.360       10.000      203.360    MMCME2_ADV_X0Y0  MMCME2_ADV/CLKFBOUT



---------------------------------------------------------------------------------------------------
From Clock:  soc_crg_clkout0
  To Clock:  soc_crg_clkout0

Setup :        10078  Failing Endpoints,  Worst Slack      -16.933ns,  Total Violation   -21152.087ns
Hold  :            0  Failing Endpoints,  Worst Slack        0.059ns,  Total Violation        0.000ns
PW    :            0  Failing Endpoints,  Worst Slack        5.417ns,  Total Violation        0.000ns
---------------------------------------------------------------------------------------------------


Max Delay Paths
--------------------------------------------------------------------------------------
Slack (VIOLATED) :        -16.933ns  (required time - arrival time)
  Source:                 Cfu/relu_input_offset_reg[8]/C
                            (rising edge-triggered cell FDRE clocked by soc_crg_clkout0  {rise@0.000ns fall@6.667ns period=13.333ns})
  Destination:            Cfu/rsp_payload_outputs_0_reg[30]/D
                            (rising edge-triggered cell FDRE clocked by soc_crg_clkout0  {rise@0.000ns fall@6.667ns period=13.333ns})
  Path Group:             soc_crg_clkout0
  Path Type:              Setup (Max at Slow Process Corner)
  Requirement:            13.333ns  (soc_crg_clkout0 rise@13.333ns - soc_crg_clkout0 rise@0.000ns)
  Data Path Delay:        30.172ns  (logic 19.459ns (64.493%)  route 10.713ns (35.507%))
  Logic Levels:           66  (CARRY4=52 DSP48E1=2 LUT2=3 LUT3=2 LUT4=3 LUT5=2 LUT6=2)
  Clock Path Skew:        -0.055ns (DCD - SCD + CPR)
    Destination Clock Delay (DCD):    10.998ns = ( 24.331 - 13.333 ) 
    Source Clock Delay      (SCD):    11.948ns
    Clock Pessimism Removal (CPR):    0.895ns
  Clock Uncertainty:      0.070ns  ((TSJ^2 + DJ^2)^1/2) / 2 + PE
    Total System Jitter     (TSJ):    0.071ns
    Discrete Jitter          (DJ):    0.121ns
    Phase Error              (PE):    0.000ns

    Location             Delay type                Incr(ns)  Path(ns)    Netlist Resource(s)
  -------------------------------------------------------------------    -------------------
                         (clock soc_crg_clkout0 rise edge)
                                                      0.000     0.000 r  
    E3                                                0.000     0.000 r  clk100 (IN)
                         net (fo=0)                   0.000     0.000    clk100
    E3                   IBUF (Prop_ibuf_I_O)         1.482     1.482 r  clk100_IBUF_inst/O
                         net (fo=1, routed)           2.025     3.506    clk100_IBUF
    BUFGCTRL_X0Y16       BUFG (Prop_bufg_I_O)         0.096     3.602 r  clk100_IBUF_BUFG_inst/O
                         net (fo=1, routed)           2.245     5.847    clk100_IBUF_BUFG
    SLICE_X60Y15         LUT1 (Prop_lut1_I0_O)        0.124     5.971 r  clk100_inst/O
                         net (fo=9, routed)           1.955     7.927    soc_crg_clkin
    MMCME2_ADV_X0Y0      MMCME2_ADV (Prop_mmcme2_adv_CLKIN1_CLKOUT0)
                                                      0.088     8.015 r  MMCME2_ADV/CLKOUT0
                         net (fo=1, routed)           2.018    10.033    soc_crg_clkout0
    BUFGCTRL_X0Y0        BUFG (Prop_bufg_I_O)         0.096    10.129 r  BUFG/O
                         net (fo=11569, routed)       1.818    11.948    Cfu/out
    SLICE_X14Y6          FDRE                                         r  Cfu/relu_input_offset_reg[8]/C
  -------------------------------------------------------------------    -------------------
    SLICE_X14Y6          FDRE (Prop_fdre_C_Q)         0.518    12.466 r  Cfu/relu_input_offset_reg[8]/Q
                         net (fo=1, routed)           0.710    13.176    Cfu/My_relu/val_carry__6_0[8]
    SLICE_X14Y6          LUT2 (Prop_lut2_I1_O)        0.124    13.300 r  Cfu/My_relu/val_carry__1_i_4/O
                         net (fo=1, routed)           0.000    13.300    Cfu/My_relu/val_carry__1_i_4_n_0
    SLICE_X14Y6          CARRY4 (Prop_carry4_S[0]_CO[3])
                                                      0.513    13.813 r  Cfu/My_relu/val_carry__1/CO[3]
                         net (fo=1, routed)           0.000    13.813    Cfu/My_relu/val_carry__1_n_0
    SLICE_X14Y7          CARRY4 (Prop_carry4_CI_CO[3])
                                                      0.117    13.930 r  Cfu/My_relu/val_carry__2/CO[3]
                         net (fo=1, routed)           0.000    13.930    Cfu/My_relu/val_carry__2_n_0
    SLICE_X14Y8          CARRY4 (Prop_carry4_CI_CO[3])
                                                      0.117    14.047 r  Cfu/My_relu/val_carry__3/CO[3]
                         net (fo=1, routed)           0.000    14.047    Cfu/My_relu/val_carry__3_n_0
    SLICE_X14Y9          CARRY4 (Prop_carry4_CI_CO[3])
                                                      0.117    14.164 r  Cfu/My_relu/val_carry__4/CO[3]
                         net (fo=1, routed)           0.000    14.164    Cfu/My_relu/val_carry__4_n_0
    SLICE_X14Y10         CARRY4 (Prop_carry4_CI_CO[3])
                                                      0.117    14.281 r  Cfu/My_relu/val_carry__5/CO[3]
                         net (fo=1, routed)           0.000    14.281    Cfu/My_relu/val_carry__5_n_0
    SLICE_X14Y11         CARRY4 (Prop_carry4_CI_O[3])
                                                      0.315    14.596 r  Cfu/My_relu/val_carry__6/O[3]
                         net (fo=112, routed)         0.769    15.365    Cfu/My_relu/p_0_in
    SLICE_X15Y11         LUT3 (Prop_lut3_I1_O)        0.307    15.672 r  Cfu/My_relu/clamped_output8_carry_i_8/O
                         net (fo=73, routed)          0.938    16.610    Cfu/My_relu/clamped_output8_carry_i_8_n_0
    SLICE_X15Y9          LUT6 (Prop_lut6_I1_O)        0.124    16.734 f  Cfu/My_relu/high_mul_result5__1_i_41/O
                         net (fo=4, routed)           0.617    17.351    Cfu/My_relu/high_mul_result5__1_i_41_n_0
    SLICE_X12Y8          LUT5 (Prop_lut5_I0_O)        0.124    17.475 f  Cfu/My_relu/high_mul_result5__1_i_21/O
                         net (fo=2, routed)           0.799    18.274    Cfu/My_relu/high_mul_result5__1_i_21_n_0
    SLICE_X12Y13         LUT5 (Prop_lut5_I2_O)        0.124    18.398 r  Cfu/My_relu/high_mul_result5__1_i_4/O
                         net (fo=3, routed)           0.428    18.826    Cfu/My_relu/val_shift[13]
    DSP48_X0Y4           DSP48E1 (Prop_dsp48e1_A[13]_PCOUT[47])
                                                      4.036    22.862 r  Cfu/My_relu/high_mul_result5__1/PCOUT[47]
                         net (fo=1, routed)           0.002    22.864    Cfu/My_relu/high_mul_result5__1_n_106
    DSP48_X0Y5           DSP48E1 (Prop_dsp48e1_PCIN[47]_P[0])
                                                      1.518    24.382 r  Cfu/My_relu/high_mul_result5__2/P[0]
                         net (fo=2, routed)           0.958    25.340    Cfu/My_relu/p_1_in[17]
    SLICE_X11Y6          LUT2 (Prop_lut2_I0_O)        0.124    25.464 r  Cfu/My_relu/high_mul_result5_carry_i_3/O
                         net (fo=1, routed)           0.000    25.464    Cfu/My_relu/high_mul_result5_carry_i_3_n_0
    SLICE_X11Y6          CARRY4 (Prop_carry4_S[1]_CO[3])
                                                      0.550    26.014 r  Cfu/My_relu/high_mul_result5_carry/CO[3]
                         net (fo=1, routed)           0.000    26.014    Cfu/My_relu/high_mul_result5_carry_n_0
    SLICE_X11Y7          CARRY4 (Prop_carry4_CI_CO[3])
                                                      0.114    26.128 r  Cfu/My_relu/high_mul_result5_carry__0/CO[3]
                         net (fo=1, routed)           0.000    26.128    Cfu/My_relu/high_mul_result5_carry__0_n_0
    SLICE_X11Y8          CARRY4 (Prop_carry4_CI_CO[3])
                                                      0.114    26.242 r  Cfu/My_relu/high_mul_result5_carry__1/CO[3]
                         net (fo=1, routed)           0.000    26.242    Cfu/My_relu/high_mul_result5_carry__1_n_0
    SLICE_X11Y9          CARRY4 (Prop_carry4_CI_CO[3])
                                                      0.114    26.356 r  Cfu/My_relu/high_mul_result5_carry__2/CO[3]
                         net (fo=1, routed)           0.000    26.356    Cfu/My_relu/high_mul_result5_carry__2_n_0
    SLICE_X11Y10         CARRY4 (Prop_carry4_CI_CO[3])
                                                      0.114    26.470 r  Cfu/My_relu/high_mul_result5_carry__3/CO[3]
                         net (fo=1, routed)           0.000    26.470    Cfu/My_relu/high_mul_result5_carry__3_n_0
    SLICE_X11Y11         CARRY4 (Prop_carry4_CI_CO[3])
                                                      0.114    26.584 r  Cfu/My_relu/high_mul_result5_carry__4/CO[3]
                         net (fo=1, routed)           0.000    26.584    Cfu/My_relu/high_mul_result5_carry__4_n_0
    SLICE_X11Y12         CARRY4 (Prop_carry4_CI_CO[3])
                                                      0.114    26.698 r  Cfu/My_relu/high_mul_result5_carry__5/CO[3]
                         net (fo=1, routed)           0.000    26.698    Cfu/My_relu/high_mul_result5_carry__5_n_0
    SLICE_X11Y13         CARRY4 (Prop_carry4_CI_CO[3])
                                                      0.114    26.812 r  Cfu/My_relu/high_mul_result5_carry__6/CO[3]
                         net (fo=1, routed)           0.000    26.812    Cfu/My_relu/high_mul_result5_carry__6_n_0
    SLICE_X11Y14         CARRY4 (Prop_carry4_CI_CO[3])
                                                      0.114    26.926 r  Cfu/My_relu/high_mul_result5_carry__7/CO[3]
                         net (fo=1, routed)           0.000    26.926    Cfu/My_relu/high_mul_result5_carry__7_n_0
    SLICE_X11Y15         CARRY4 (Prop_carry4_CI_CO[3])
                                                      0.114    27.040 r  Cfu/My_relu/high_mul_result5_carry__8/CO[3]
                         net (fo=1, routed)           0.000    27.040    Cfu/My_relu/high_mul_result5_carry__8_n_0
    SLICE_X11Y16         CARRY4 (Prop_carry4_CI_CO[3])
                                                      0.114    27.154 r  Cfu/My_relu/high_mul_result5_carry__9/CO[3]
                         net (fo=1, routed)           0.000    27.154    Cfu/My_relu/high_mul_result5_carry__9_n_0
    SLICE_X11Y17         CARRY4 (Prop_carry4_CI_O[3])
                                                      0.313    27.467 r  Cfu/My_relu/high_mul_result5_carry__10/O[3]
                         net (fo=6, routed)           0.906    28.374    Cfu/My_relu/high_mul_result5__3[63]
    SLICE_X10Y2          LUT2 (Prop_lut2_I1_O)        0.306    28.680 r  Cfu/My_relu/high_mul_result4_carry_i_1/O
                         net (fo=1, routed)           0.000    28.680    Cfu/My_relu/high_mul_result4_carry_i_1_n_0
    SLICE_X10Y2          CARRY4 (Prop_carry4_S[0]_CO[3])
                                                      0.513    29.193 r  Cfu/My_relu/high_mul_result4_carry/CO[3]
                         net (fo=1, routed)           0.000    29.193    Cfu/My_relu/high_mul_result4_carry_n_0
    SLICE_X10Y3          CARRY4 (Prop_carry4_CI_CO[3])
                                                      0.117    29.310 r  Cfu/My_relu/high_mul_result4_carry__0/CO[3]
                         net (fo=1, routed)           0.000    29.310    Cfu/My_relu/high_mul_result4_carry__0_n_0
    SLICE_X10Y4          CARRY4 (Prop_carry4_CI_CO[3])
                                                      0.117    29.427 r  Cfu/My_relu/high_mul_result4_carry__1/CO[3]
                         net (fo=1, routed)           0.000    29.427    Cfu/My_relu/high_mul_result4_carry__1_n_0
    SLICE_X10Y5          CARRY4 (Prop_carry4_CI_CO[3])
                                                      0.117    29.544 r  Cfu/My_relu/high_mul_result4_carry__2/CO[3]
                         net (fo=1, routed)           0.000    29.544    Cfu/My_relu/high_mul_result4_carry__2_n_0
    SLICE_X10Y6          CARRY4 (Prop_carry4_CI_CO[3])
                                                      0.117    29.661 r  Cfu/My_relu/high_mul_result4_carry__3/CO[3]
                         net (fo=1, routed)           0.000    29.661    Cfu/My_relu/high_mul_result4_carry__3_n_0
    SLICE_X10Y7          CARRY4 (Prop_carry4_CI_CO[3])
                                                      0.117    29.778 r  Cfu/My_relu/high_mul_result4_carry__4/CO[3]
                         net (fo=1, routed)           0.000    29.778    Cfu/My_relu/high_mul_result4_carry__4_n_0
    SLICE_X10Y8          CARRY4 (Prop_carry4_CI_CO[3])
                                                      0.117    29.895 r  Cfu/My_relu/high_mul_result4_carry__5/CO[3]
                         net (fo=1, routed)           0.000    29.895    Cfu/My_relu/high_mul_result4_carry__5_n_0
    SLICE_X10Y9          CARRY4 (Prop_carry4_CI_CO[3])
                                                      0.117    30.012 r  Cfu/My_relu/high_mul_result4_carry__6/CO[3]
                         net (fo=1, routed)           0.000    30.012    Cfu/My_relu/high_mul_result4_carry__6_n_0
    SLICE_X10Y10         CARRY4 (Prop_carry4_CI_O[1])
                                                      0.323    30.335 r  Cfu/My_relu/high_mul_result4_carry__7/O[1]
                         net (fo=3, routed)           0.729    31.063    Cfu/My_relu/high_mul_result4_carry__7_n_6
    SLICE_X13Y11         CARRY4 (Prop_carry4_S[1]_CO[3])
                                                      0.856    31.919 r  Cfu/My_relu/p_1_out__62_carry_i_7/CO[3]
                         net (fo=1, routed)           0.000    31.919    Cfu/My_relu/p_1_out__62_carry_i_7_n_0
    SLICE_X13Y12         CARRY4 (Prop_carry4_CI_CO[3])
                                                      0.114    32.033 r  Cfu/My_relu/p_1_out__62_carry__1_i_6/CO[3]
                         net (fo=1, routed)           0.000    32.033    Cfu/My_relu/p_1_out__62_carry__1_i_6_n_0
    SLICE_X13Y13         CARRY4 (Prop_carry4_CI_CO[3])
                                                      0.114    32.147 r  Cfu/My_relu/p_1_out__62_carry__1_i_5/CO[3]
                         net (fo=1, routed)           0.000    32.147    Cfu/My_relu/p_1_out__62_carry__1_i_5_n_0
    SLICE_X13Y14         CARRY4 (Prop_carry4_CI_CO[3])
                                                      0.114    32.261 r  Cfu/My_relu/p_1_out__62_carry__2_i_6/CO[3]
                         net (fo=1, routed)           0.000    32.261    Cfu/My_relu/p_1_out__62_carry__2_i_6_n_0
    SLICE_X13Y15         CARRY4 (Prop_carry4_CI_CO[3])
                                                      0.114    32.375 r  Cfu/My_relu/p_1_out__62_carry__3_i_9/CO[3]
                         net (fo=1, routed)           0.000    32.375    Cfu/My_relu/p_1_out__62_carry__3_i_9_n_0
    SLICE_X13Y16         CARRY4 (Prop_carry4_CI_CO[3])
                                                      0.114    32.489 r  Cfu/My_relu/p_1_out__62_carry__4_i_9/CO[3]
                         net (fo=1, routed)           0.000    32.489    Cfu/My_relu/p_1_out__62_carry__4_i_9_n_0
    SLICE_X13Y17         CARRY4 (Prop_carry4_CI_CO[3])
                                                      0.114    32.603 r  Cfu/My_relu/p_1_out__62_carry__5_i_9/CO[3]
                         net (fo=1, routed)           0.000    32.603    Cfu/My_relu/p_1_out__62_carry__5_i_9_n_0
    SLICE_X13Y18         CARRY4 (Prop_carry4_CI_O[2])
                                                      0.239    32.842 r  Cfu/My_relu/p_1_out__62_carry__6_i_8/O[2]
                         net (fo=3, routed)           0.667    33.509    Cfu/My_relu/p_1_out__62_carry__6_i_8_n_5
    SLICE_X16Y12         LUT4 (Prop_lut4_I1_O)        0.302    33.811 r  Cfu/My_relu/p_1_out_carry_i_1_comp_1/O
                         net (fo=1, routed)           0.000    33.811    Cfu/My_relu/p_1_out_carry_i_1_n_0
    SLICE_X16Y12         CARRY4 (Prop_carry4_S[0]_CO[3])
                                                      0.532    34.343 r  Cfu/My_relu/p_1_out_carry/CO[3]
                         net (fo=1, routed)           0.000    34.343    Cfu/My_relu/p_1_out_carry_n_0
    SLICE_X16Y13         CARRY4 (Prop_carry4_CI_CO[3])
                                                      0.114    34.457 r  Cfu/My_relu/p_1_out_carry__0/CO[3]
                         net (fo=1, routed)           0.000    34.457    Cfu/My_relu/p_1_out_carry__0_n_0
    SLICE_X16Y14         CARRY4 (Prop_carry4_CI_CO[3])
                                                      0.114    34.571 r  Cfu/My_relu/p_1_out_carry__1/CO[3]
                         net (fo=1, routed)           0.000    34.571    Cfu/My_relu/p_1_out_carry__1_n_0
    SLICE_X16Y15         CARRY4 (Prop_carry4_CI_CO[3])
                                                      0.114    34.685 r  Cfu/My_relu/p_1_out_carry__2/CO[3]
                         net (fo=1, routed)           0.000    34.685    Cfu/My_relu/p_1_out_carry__2_n_0
    SLICE_X16Y16         CARRY4 (Prop_carry4_CI_CO[3])
                                                      0.114    34.799 r  Cfu/My_relu/p_1_out_carry__3/CO[3]
                         net (fo=1, routed)           0.000    34.799    Cfu/My_relu/p_1_out_carry__3_n_0
    SLICE_X16Y17         CARRY4 (Prop_carry4_CI_O[0])
                                                      0.222    35.021 r  Cfu/My_relu/p_1_out_carry__4/O[0]
                         net (fo=2, routed)           0.614    35.636    Cfu/My_relu/threshold[20]
    SLICE_X15Y17         LUT3 (Prop_lut3_I0_O)        0.299    35.935 r  Cfu/My_relu/p_1_out__62_carry__4_i_4/O
                         net (fo=1, routed)           0.000    35.935    Cfu/My_relu/p_1_out__62_carry__4_i_4_n_0
    SLICE_X15Y17         CARRY4 (Prop_carry4_S[0]_CO[3])
                                                      0.532    36.467 r  Cfu/My_relu/p_1_out__62_carry__4/CO[3]
                         net (fo=1, routed)           0.000    36.467    Cfu/My_relu/p_1_out__62_carry__4_n_0
    SLICE_X15Y18         CARRY4 (Prop_carry4_CI_CO[3])
                                                      0.114    36.581 r  Cfu/My_relu/p_1_out__62_carry__5/CO[3]
                         net (fo=1, routed)           0.000    36.581    Cfu/My_relu/p_1_out__62_carry__5_n_0
    SLICE_X15Y19         CARRY4 (Prop_carry4_CI_CO[3])
                                                      0.114    36.695 r  Cfu/My_relu/p_1_out__62_carry__6/CO[3]
                         net (fo=1, routed)           0.000    36.695    Cfu/My_relu/p_1_out__62_carry__6_n_0
    SLICE_X15Y20         CARRY4 (Prop_carry4_CI_O[0])
                                                      0.222    36.917 r  Cfu/My_relu/p_1_out__62_carry__7/O[0]
                         net (fo=1, routed)           0.481    37.398    Cfu/My_relu/p_1_out[32]
    SLICE_X17Y21         CARRY4 (Prop_carry4_CYINIT_CO[3])
                                                      0.755    38.153 r  Cfu/My_relu/clamped_output2_carry/CO[3]
                         net (fo=1, routed)           0.000    38.153    Cfu/My_relu/clamped_output2_carry_n_0
    SLICE_X17Y22         CARRY4 (Prop_carry4_CI_CO[3])
                                                      0.114    38.267 r  Cfu/My_relu/clamped_output2_carry__0/CO[3]
                         net (fo=1, routed)           0.000    38.267    Cfu/My_relu/clamped_output2_carry__0_n_0
    SLICE_X17Y23         CARRY4 (Prop_carry4_CI_CO[3])
                                                      0.114    38.381 r  Cfu/My_relu/clamped_output2_carry__1/CO[3]
                         net (fo=1, routed)           0.000    38.381    Cfu/My_relu/clamped_output2_carry__1_n_0
    SLICE_X17Y24         CARRY4 (Prop_carry4_CI_CO[3])
                                                      0.114    38.495 r  Cfu/My_relu/clamped_output2_carry__2/CO[3]
                         net (fo=1, routed)           0.009    38.504    Cfu/My_relu/clamped_output2_carry__2_n_0
    SLICE_X17Y25         CARRY4 (Prop_carry4_CI_O[3])
                                                      0.313    38.817 r  Cfu/My_relu/clamped_output2_carry__3/O[3]
                         net (fo=5, routed)           0.826    39.643    Cfu/My_relu/unclamped[19]
    SLICE_X18Y26         LUT4 (Prop_lut4_I1_O)        0.306    39.949 r  Cfu/My_relu/i__carry__1_i_7/O
                         net (fo=1, routed)           0.000    39.949    Cfu/My_relu/i__carry__1_i_7_n_0
    SLICE_X18Y26         CARRY4 (Prop_carry4_S[1]_CO[3])
                                                      0.550    40.499 r  Cfu/My_relu/clamped_output1_inferred__0/i__carry__1/CO[3]
                         net (fo=1, routed)           0.000    40.499    Cfu/My_relu/clamped_output1_inferred__0/i__carry__1_n_0
    SLICE_X18Y27         CARRY4 (Prop_carry4_CI_CO[3])
                                                      0.114    40.613 r  Cfu/My_relu/clamped_output1_inferred__0/i__carry__2/CO[3]
                         net (fo=32, routed)          0.974    41.587    Cfu/My_relu/clamped_output10_in
    SLICE_X18Y29         LUT6 (Prop_lut6_I3_O)        0.124    41.711 r  Cfu/My_relu/rsp_payload_outputs_0[30]_i_3/O
                         net (fo=1, routed)           0.285    41.996    Cfu/gbuff_C/rsp_payload_outputs_0_reg[30]
    SLICE_X17Y29         LUT4 (Prop_lut4_I3_O)        0.124    42.120 r  Cfu/gbuff_C/rsp_payload_outputs_0[30]_i_1/O
                         net (fo=1, routed)           0.000    42.120    Cfu/gbuff_C_n_257
    SLICE_X17Y29         FDRE                                         r  Cfu/rsp_payload_outputs_0_reg[30]/D
  -------------------------------------------------------------------    -------------------

                         (clock soc_crg_clkout0 rise edge)
                                                     13.333    13.333 r  
    E3                                                0.000    13.333 r  clk100 (IN)
                         net (fo=0)                   0.000    13.333    clk100
    E3                   IBUF (Prop_ibuf_I_O)         1.411    14.745 r  clk100_IBUF_inst/O
                         net (fo=1, routed)           1.920    16.665    clk100_IBUF
    BUFGCTRL_X0Y16       BUFG (Prop_bufg_I_O)         0.091    16.756 r  clk100_IBUF_BUFG_inst/O
                         net (fo=1, routed)           2.027    18.782    clk100_IBUF_BUFG
    SLICE_X60Y15         LUT1 (Prop_lut1_I0_O)        0.100    18.882 r  clk100_inst/O
                         net (fo=9, routed)           1.676    20.559    soc_crg_clkin
    MMCME2_ADV_X0Y0      MMCME2_ADV (Prop_mmcme2_adv_CLKIN1_CLKOUT0)
                                                      0.083    20.642 r  MMCME2_ADV/CLKOUT0
                         net (fo=1, routed)           1.923    22.565    soc_crg_clkout0
    BUFGCTRL_X0Y0        BUFG (Prop_bufg_I_O)         0.091    22.656 r  BUFG/O
                         net (fo=11569, routed)       1.675    24.331    Cfu/out
    SLICE_X17Y29         FDRE                                         r  Cfu/rsp_payload_outputs_0_reg[30]/C
                         clock pessimism              0.895    25.226    
                         clock uncertainty           -0.070    25.156    
    SLICE_X17Y29         FDRE (Setup_fdre_C_D)        0.031    25.187    Cfu/rsp_payload_outputs_0_reg[30]
  -------------------------------------------------------------------
                         required time                         25.187    
                         arrival time                         -42.120    
  -------------------------------------------------------------------
                         slack                                -16.933    

Slack (VIOLATED) :        -16.931ns  (required time - arrival time)
  Source:                 Cfu/relu_input_offset_reg[8]/C
                            (rising edge-triggered cell FDRE clocked by soc_crg_clkout0  {rise@0.000ns fall@6.667ns period=13.333ns})
  Destination:            Cfu/rsp_payload_outputs_0_reg[28]/D
                            (rising edge-triggered cell FDRE clocked by soc_crg_clkout0  {rise@0.000ns fall@6.667ns period=13.333ns})
  Path Group:             soc_crg_clkout0
  Path Type:              Setup (Max at Slow Process Corner)
  Requirement:            13.333ns  (soc_crg_clkout0 rise@13.333ns - soc_crg_clkout0 rise@0.000ns)
  Data Path Delay:        30.167ns  (logic 19.573ns (64.883%)  route 10.594ns (35.117%))
  Logic Levels:           67  (CARRY4=53 DSP48E1=2 LUT2=3 LUT3=2 LUT4=3 LUT5=2 LUT6=2)
  Clock Path Skew:        -0.059ns (DCD - SCD + CPR)
    Destination Clock Delay (DCD):    10.994ns = ( 24.327 - 13.333 ) 
    Source Clock Delay      (SCD):    11.948ns
    Clock Pessimism Removal (CPR):    0.895ns
  Clock Uncertainty:      0.070ns  ((TSJ^2 + DJ^2)^1/2) / 2 + PE
    Total System Jitter     (TSJ):    0.071ns
    Discrete Jitter          (DJ):    0.121ns
    Phase Error              (PE):    0.000ns

    Location             Delay type                Incr(ns)  Path(ns)    Netlist Resource(s)
  -------------------------------------------------------------------    -------------------
                         (clock soc_crg_clkout0 rise edge)
                                                      0.000     0.000 r  
    E3                                                0.000     0.000 r  clk100 (IN)
                         net (fo=0)                   0.000     0.000    clk100
    E3                   IBUF (Prop_ibuf_I_O)         1.482     1.482 r  clk100_IBUF_inst/O
                         net (fo=1, routed)           2.025     3.506    clk100_IBUF
    BUFGCTRL_X0Y16       BUFG (Prop_bufg_I_O)         0.096     3.602 r  clk100_IBUF_BUFG_inst/O
                         net (fo=1, routed)           2.245     5.847    clk100_IBUF_BUFG
    SLICE_X60Y15         LUT1 (Prop_lut1_I0_O)        0.124     5.971 r  clk100_inst/O
                         net (fo=9, routed)           1.955     7.927    soc_crg_clkin
    MMCME2_ADV_X0Y0      MMCME2_ADV (Prop_mmcme2_adv_CLKIN1_CLKOUT0)
                                                      0.088     8.015 r  MMCME2_ADV/CLKOUT0
                         net (fo=1, routed)           2.018    10.033    soc_crg_clkout0
    BUFGCTRL_X0Y0        BUFG (Prop_bufg_I_O)         0.096    10.129 r  BUFG/O
                         net (fo=11569, routed)       1.818    11.948    Cfu/out
    SLICE_X14Y6          FDRE                                         r  Cfu/relu_input_offset_reg[8]/C
  -------------------------------------------------------------------    -------------------
    SLICE_X14Y6          FDRE (Prop_fdre_C_Q)         0.518    12.466 r  Cfu/relu_input_offset_reg[8]/Q
                         net (fo=1, routed)           0.710    13.176    Cfu/My_relu/val_carry__6_0[8]
    SLICE_X14Y6          LUT2 (Prop_lut2_I1_O)        0.124    13.300 r  Cfu/My_relu/val_carry__1_i_4/O
                         net (fo=1, routed)           0.000    13.300    Cfu/My_relu/val_carry__1_i_4_n_0
    SLICE_X14Y6          CARRY4 (Prop_carry4_S[0]_CO[3])
                                                      0.513    13.813 r  Cfu/My_relu/val_carry__1/CO[3]
                         net (fo=1, routed)           0.000    13.813    Cfu/My_relu/val_carry__1_n_0
    SLICE_X14Y7          CARRY4 (Prop_carry4_CI_CO[3])
                                                      0.117    13.930 r  Cfu/My_relu/val_carry__2/CO[3]
                         net (fo=1, routed)           0.000    13.930    Cfu/My_relu/val_carry__2_n_0
    SLICE_X14Y8          CARRY4 (Prop_carry4_CI_CO[3])
                                                      0.117    14.047 r  Cfu/My_relu/val_carry__3/CO[3]
                         net (fo=1, routed)           0.000    14.047    Cfu/My_relu/val_carry__3_n_0
    SLICE_X14Y9          CARRY4 (Prop_carry4_CI_CO[3])
                                                      0.117    14.164 r  Cfu/My_relu/val_carry__4/CO[3]
                         net (fo=1, routed)           0.000    14.164    Cfu/My_relu/val_carry__4_n_0
    SLICE_X14Y10         CARRY4 (Prop_carry4_CI_CO[3])
                                                      0.117    14.281 r  Cfu/My_relu/val_carry__5/CO[3]
                         net (fo=1, routed)           0.000    14.281    Cfu/My_relu/val_carry__5_n_0
    SLICE_X14Y11         CARRY4 (Prop_carry4_CI_O[3])
                                                      0.315    14.596 r  Cfu/My_relu/val_carry__6/O[3]
                         net (fo=112, routed)         0.769    15.365    Cfu/My_relu/p_0_in
    SLICE_X15Y11         LUT3 (Prop_lut3_I1_O)        0.307    15.672 r  Cfu/My_relu/clamped_output8_carry_i_8/O
                         net (fo=73, routed)          0.938    16.610    Cfu/My_relu/clamped_output8_carry_i_8_n_0
    SLICE_X15Y9          LUT6 (Prop_lut6_I1_O)        0.124    16.734 f  Cfu/My_relu/high_mul_result5__1_i_41/O
                         net (fo=4, routed)           0.617    17.351    Cfu/My_relu/high_mul_result5__1_i_41_n_0
    SLICE_X12Y8          LUT5 (Prop_lut5_I0_O)        0.124    17.475 f  Cfu/My_relu/high_mul_result5__1_i_21/O
                         net (fo=2, routed)           0.799    18.274    Cfu/My_relu/high_mul_result5__1_i_21_n_0
    SLICE_X12Y13         LUT5 (Prop_lut5_I2_O)        0.124    18.398 r  Cfu/My_relu/high_mul_result5__1_i_4/O
                         net (fo=3, routed)           0.428    18.826    Cfu/My_relu/val_shift[13]
    DSP48_X0Y4           DSP48E1 (Prop_dsp48e1_A[13]_PCOUT[47])
                                                      4.036    22.862 r  Cfu/My_relu/high_mul_result5__1/PCOUT[47]
                         net (fo=1, routed)           0.002    22.864    Cfu/My_relu/high_mul_result5__1_n_106
    DSP48_X0Y5           DSP48E1 (Prop_dsp48e1_PCIN[47]_P[0])
                                                      1.518    24.382 r  Cfu/My_relu/high_mul_result5__2/P[0]
                         net (fo=2, routed)           0.958    25.340    Cfu/My_relu/p_1_in[17]
    SLICE_X11Y6          LUT2 (Prop_lut2_I0_O)        0.124    25.464 r  Cfu/My_relu/high_mul_result5_carry_i_3/O
                         net (fo=1, routed)           0.000    25.464    Cfu/My_relu/high_mul_result5_carry_i_3_n_0
    SLICE_X11Y6          CARRY4 (Prop_carry4_S[1]_CO[3])
                                                      0.550    26.014 r  Cfu/My_relu/high_mul_result5_carry/CO[3]
                         net (fo=1, routed)           0.000    26.014    Cfu/My_relu/high_mul_result5_carry_n_0
    SLICE_X11Y7          CARRY4 (Prop_carry4_CI_CO[3])
                                                      0.114    26.128 r  Cfu/My_relu/high_mul_result5_carry__0/CO[3]
                         net (fo=1, routed)           0.000    26.128    Cfu/My_relu/high_mul_result5_carry__0_n_0
    SLICE_X11Y8          CARRY4 (Prop_carry4_CI_CO[3])
                                                      0.114    26.242 r  Cfu/My_relu/high_mul_result5_carry__1/CO[3]
                         net (fo=1, routed)           0.000    26.242    Cfu/My_relu/high_mul_result5_carry__1_n_0
    SLICE_X11Y9          CARRY4 (Prop_carry4_CI_CO[3])
                                                      0.114    26.356 r  Cfu/My_relu/high_mul_result5_carry__2/CO[3]
                         net (fo=1, routed)           0.000    26.356    Cfu/My_relu/high_mul_result5_carry__2_n_0
    SLICE_X11Y10         CARRY4 (Prop_carry4_CI_CO[3])
                                                      0.114    26.470 r  Cfu/My_relu/high_mul_result5_carry__3/CO[3]
                         net (fo=1, routed)           0.000    26.470    Cfu/My_relu/high_mul_result5_carry__3_n_0
    SLICE_X11Y11         CARRY4 (Prop_carry4_CI_CO[3])
                                                      0.114    26.584 r  Cfu/My_relu/high_mul_result5_carry__4/CO[3]
                         net (fo=1, routed)           0.000    26.584    Cfu/My_relu/high_mul_result5_carry__4_n_0
    SLICE_X11Y12         CARRY4 (Prop_carry4_CI_CO[3])
                                                      0.114    26.698 r  Cfu/My_relu/high_mul_result5_carry__5/CO[3]
                         net (fo=1, routed)           0.000    26.698    Cfu/My_relu/high_mul_result5_carry__5_n_0
    SLICE_X11Y13         CARRY4 (Prop_carry4_CI_CO[3])
                                                      0.114    26.812 r  Cfu/My_relu/high_mul_result5_carry__6/CO[3]
                         net (fo=1, routed)           0.000    26.812    Cfu/My_relu/high_mul_result5_carry__6_n_0
    SLICE_X11Y14         CARRY4 (Prop_carry4_CI_CO[3])
                                                      0.114    26.926 r  Cfu/My_relu/high_mul_result5_carry__7/CO[3]
                         net (fo=1, routed)           0.000    26.926    Cfu/My_relu/high_mul_result5_carry__7_n_0
    SLICE_X11Y15         CARRY4 (Prop_carry4_CI_CO[3])
                                                      0.114    27.040 r  Cfu/My_relu/high_mul_result5_carry__8/CO[3]
                         net (fo=1, routed)           0.000    27.040    Cfu/My_relu/high_mul_result5_carry__8_n_0
    SLICE_X11Y16         CARRY4 (Prop_carry4_CI_CO[3])
                                                      0.114    27.154 r  Cfu/My_relu/high_mul_result5_carry__9/CO[3]
                         net (fo=1, routed)           0.000    27.154    Cfu/My_relu/high_mul_result5_carry__9_n_0
    SLICE_X11Y17         CARRY4 (Prop_carry4_CI_O[3])
                                                      0.313    27.467 r  Cfu/My_relu/high_mul_result5_carry__10/O[3]
                         net (fo=6, routed)           0.906    28.374    Cfu/My_relu/high_mul_result5__3[63]
    SLICE_X10Y2          LUT2 (Prop_lut2_I1_O)        0.306    28.680 r  Cfu/My_relu/high_mul_result4_carry_i_1/O
                         net (fo=1, routed)           0.000    28.680    Cfu/My_relu/high_mul_result4_carry_i_1_n_0
    SLICE_X10Y2          CARRY4 (Prop_carry4_S[0]_CO[3])
                                                      0.513    29.193 r  Cfu/My_relu/high_mul_result4_carry/CO[3]
                         net (fo=1, routed)           0.000    29.193    Cfu/My_relu/high_mul_result4_carry_n_0
    SLICE_X10Y3          CARRY4 (Prop_carry4_CI_CO[3])
                                                      0.117    29.310 r  Cfu/My_relu/high_mul_result4_carry__0/CO[3]
                         net (fo=1, routed)           0.000    29.310    Cfu/My_relu/high_mul_result4_carry__0_n_0
    SLICE_X10Y4          CARRY4 (Prop_carry4_CI_CO[3])
                                                      0.117    29.427 r  Cfu/My_relu/high_mul_result4_carry__1/CO[3]
                         net (fo=1, routed)           0.000    29.427    Cfu/My_relu/high_mul_result4_carry__1_n_0
    SLICE_X10Y5          CARRY4 (Prop_carry4_CI_CO[3])
                                                      0.117    29.544 r  Cfu/My_relu/high_mul_result4_carry__2/CO[3]
                         net (fo=1, routed)           0.000    29.544    Cfu/My_relu/high_mul_result4_carry__2_n_0
    SLICE_X10Y6          CARRY4 (Prop_carry4_CI_CO[3])
                                                      0.117    29.661 r  Cfu/My_relu/high_mul_result4_carry__3/CO[3]
                         net (fo=1, routed)           0.000    29.661    Cfu/My_relu/high_mul_result4_carry__3_n_0
    SLICE_X10Y7          CARRY4 (Prop_carry4_CI_CO[3])
                                                      0.117    29.778 r  Cfu/My_relu/high_mul_result4_carry__4/CO[3]
                         net (fo=1, routed)           0.000    29.778    Cfu/My_relu/high_mul_result4_carry__4_n_0
    SLICE_X10Y8          CARRY4 (Prop_carry4_CI_CO[3])
                                                      0.117    29.895 r  Cfu/My_relu/high_mul_result4_carry__5/CO[3]
                         net (fo=1, routed)           0.000    29.895    Cfu/My_relu/high_mul_result4_carry__5_n_0
    SLICE_X10Y9          CARRY4 (Prop_carry4_CI_CO[3])
                                                      0.117    30.012 r  Cfu/My_relu/high_mul_result4_carry__6/CO[3]
                         net (fo=1, routed)           0.000    30.012    Cfu/My_relu/high_mul_result4_carry__6_n_0
    SLICE_X10Y10         CARRY4 (Prop_carry4_CI_O[1])
                                                      0.323    30.335 r  Cfu/My_relu/high_mul_result4_carry__7/O[1]
                         net (fo=3, routed)           0.729    31.063    Cfu/My_relu/high_mul_result4_carry__7_n_6
    SLICE_X13Y11         CARRY4 (Prop_carry4_S[1]_CO[3])
                                                      0.856    31.919 r  Cfu/My_relu/p_1_out__62_carry_i_7/CO[3]
                         net (fo=1, routed)           0.000    31.919    Cfu/My_relu/p_1_out__62_carry_i_7_n_0
    SLICE_X13Y12         CARRY4 (Prop_carry4_CI_CO[3])
                                                      0.114    32.033 r  Cfu/My_relu/p_1_out__62_carry__1_i_6/CO[3]
                         net (fo=1, routed)           0.000    32.033    Cfu/My_relu/p_1_out__62_carry__1_i_6_n_0
    SLICE_X13Y13         CARRY4 (Prop_carry4_CI_CO[3])
                                                      0.114    32.147 r  Cfu/My_relu/p_1_out__62_carry__1_i_5/CO[3]
                         net (fo=1, routed)           0.000    32.147    Cfu/My_relu/p_1_out__62_carry__1_i_5_n_0
    SLICE_X13Y14         CARRY4 (Prop_carry4_CI_CO[3])
                                                      0.114    32.261 r  Cfu/My_relu/p_1_out__62_carry__2_i_6/CO[3]
                         net (fo=1, routed)           0.000    32.261    Cfu/My_relu/p_1_out__62_carry__2_i_6_n_0
    SLICE_X13Y15         CARRY4 (Prop_carry4_CI_CO[3])
                                                      0.114    32.375 r  Cfu/My_relu/p_1_out__62_carry__3_i_9/CO[3]
                         net (fo=1, routed)           0.000    32.375    Cfu/My_relu/p_1_out__62_carry__3_i_9_n_0
    SLICE_X13Y16         CARRY4 (Prop_carry4_CI_CO[3])
                                                      0.114    32.489 r  Cfu/My_relu/p_1_out__62_carry__4_i_9/CO[3]
                         net (fo=1, routed)           0.000    32.489    Cfu/My_relu/p_1_out__62_carry__4_i_9_n_0
    SLICE_X13Y17         CARRY4 (Prop_carry4_CI_CO[3])
                                                      0.114    32.603 r  Cfu/My_relu/p_1_out__62_carry__5_i_9/CO[3]
                         net (fo=1, routed)           0.000    32.603    Cfu/My_relu/p_1_out__62_carry__5_i_9_n_0
    SLICE_X13Y18         CARRY4 (Prop_carry4_CI_O[2])
                                                      0.239    32.842 r  Cfu/My_relu/p_1_out__62_carry__6_i_8/O[2]
                         net (fo=3, routed)           0.667    33.509    Cfu/My_relu/p_1_out__62_carry__6_i_8_n_5
    SLICE_X16Y12         LUT4 (Prop_lut4_I1_O)        0.302    33.811 r  Cfu/My_relu/p_1_out_carry_i_1_comp_1/O
                         net (fo=1, routed)           0.000    33.811    Cfu/My_relu/p_1_out_carry_i_1_n_0
    SLICE_X16Y12         CARRY4 (Prop_carry4_S[0]_CO[3])
                                                      0.532    34.343 r  Cfu/My_relu/p_1_out_carry/CO[3]
                         net (fo=1, routed)           0.000    34.343    Cfu/My_relu/p_1_out_carry_n_0
    SLICE_X16Y13         CARRY4 (Prop_carry4_CI_CO[3])
                                                      0.114    34.457 r  Cfu/My_relu/p_1_out_carry__0/CO[3]
                         net (fo=1, routed)           0.000    34.457    Cfu/My_relu/p_1_out_carry__0_n_0
    SLICE_X16Y14         CARRY4 (Prop_carry4_CI_CO[3])
                                                      0.114    34.571 r  Cfu/My_relu/p_1_out_carry__1/CO[3]
                         net (fo=1, routed)           0.000    34.571    Cfu/My_relu/p_1_out_carry__1_n_0
    SLICE_X16Y15         CARRY4 (Prop_carry4_CI_CO[3])
                                                      0.114    34.685 r  Cfu/My_relu/p_1_out_carry__2/CO[3]
                         net (fo=1, routed)           0.000    34.685    Cfu/My_relu/p_1_out_carry__2_n_0
    SLICE_X16Y16         CARRY4 (Prop_carry4_CI_CO[3])
                                                      0.114    34.799 r  Cfu/My_relu/p_1_out_carry__3/CO[3]
                         net (fo=1, routed)           0.000    34.799    Cfu/My_relu/p_1_out_carry__3_n_0
    SLICE_X16Y17         CARRY4 (Prop_carry4_CI_O[0])
                                                      0.222    35.021 r  Cfu/My_relu/p_1_out_carry__4/O[0]
                         net (fo=2, routed)           0.614    35.636    Cfu/My_relu/threshold[20]
    SLICE_X15Y17         LUT3 (Prop_lut3_I0_O)        0.299    35.935 r  Cfu/My_relu/p_1_out__62_carry__4_i_4/O
                         net (fo=1, routed)           0.000    35.935    Cfu/My_relu/p_1_out__62_carry__4_i_4_n_0
    SLICE_X15Y17         CARRY4 (Prop_carry4_S[0]_CO[3])
                                                      0.532    36.467 r  Cfu/My_relu/p_1_out__62_carry__4/CO[3]
                         net (fo=1, routed)           0.000    36.467    Cfu/My_relu/p_1_out__62_carry__4_n_0
    SLICE_X15Y18         CARRY4 (Prop_carry4_CI_CO[3])
                                                      0.114    36.581 r  Cfu/My_relu/p_1_out__62_carry__5/CO[3]
                         net (fo=1, routed)           0.000    36.581    Cfu/My_relu/p_1_out__62_carry__5_n_0
    SLICE_X15Y19         CARRY4 (Prop_carry4_CI_CO[3])
                                                      0.114    36.695 r  Cfu/My_relu/p_1_out__62_carry__6/CO[3]
                         net (fo=1, routed)           0.000    36.695    Cfu/My_relu/p_1_out__62_carry__6_n_0
    SLICE_X15Y20         CARRY4 (Prop_carry4_CI_O[0])
                                                      0.222    36.917 r  Cfu/My_relu/p_1_out__62_carry__7/O[0]
                         net (fo=1, routed)           0.481    37.398    Cfu/My_relu/p_1_out[32]
    SLICE_X17Y21         CARRY4 (Prop_carry4_CYINIT_CO[3])
                                                      0.755    38.153 r  Cfu/My_relu/clamped_output2_carry/CO[3]
                         net (fo=1, routed)           0.000    38.153    Cfu/My_relu/clamped_output2_carry_n_0
    SLICE_X17Y22         CARRY4 (Prop_carry4_CI_CO[3])
                                                      0.114    38.267 r  Cfu/My_relu/clamped_output2_carry__0/CO[3]
                         net (fo=1, routed)           0.000    38.267    Cfu/My_relu/clamped_output2_carry__0_n_0
    SLICE_X17Y23         CARRY4 (Prop_carry4_CI_CO[3])
                                                      0.114    38.381 r  Cfu/My_relu/clamped_output2_carry__1/CO[3]
                         net (fo=1, routed)           0.000    38.381    Cfu/My_relu/clamped_output2_carry__1_n_0
    SLICE_X17Y24         CARRY4 (Prop_carry4_CI_CO[3])
                                                      0.114    38.495 r  Cfu/My_relu/clamped_output2_carry__2/CO[3]
                         net (fo=1, routed)           0.009    38.504    Cfu/My_relu/clamped_output2_carry__2_n_0
    SLICE_X17Y25         CARRY4 (Prop_carry4_CI_CO[3])
                                                      0.114    38.618 r  Cfu/My_relu/clamped_output2_carry__3/CO[3]
                         net (fo=1, routed)           0.000    38.618    Cfu/My_relu/clamped_output2_carry__3_n_0
    SLICE_X17Y26         CARRY4 (Prop_carry4_CI_CO[3])
                                                      0.114    38.732 r  Cfu/My_relu/clamped_output2_carry__4/CO[3]
                         net (fo=1, routed)           0.000    38.732    Cfu/My_relu/clamped_output2_carry__4_n_0
    SLICE_X17Y27         CARRY4 (Prop_carry4_CI_O[3])
                                                      0.313    39.045 r  Cfu/My_relu/clamped_output2_carry__5/O[3]
                         net (fo=5, routed)           0.659    39.704    Cfu/My_relu/unclamped[27]
    SLICE_X19Y27         LUT4 (Prop_lut4_I0_O)        0.306    40.010 r  Cfu/My_relu/clamped_output1_carry__2_i_7/O
                         net (fo=1, routed)           0.000    40.010    Cfu/My_relu/clamped_output1_carry__2_i_7_n_0
    SLICE_X19Y27         CARRY4 (Prop_carry4_S[1]_CO[3])
                                                      0.550    40.560 r  Cfu/My_relu/clamped_output1_carry__2/CO[3]
                         net (fo=32, routed)          0.984    41.544    Cfu/My_relu/clamped_output1
    SLICE_X14Y27         LUT6 (Prop_lut6_I1_O)        0.124    41.668 r  Cfu/My_relu/rsp_payload_outputs_0[28]_i_2/O
                         net (fo=1, routed)           0.322    41.990    Cfu/My_relu/rsp_payload_outputs_0[28]_i_2_n_0
    SLICE_X16Y26         LUT4 (Prop_lut4_I0_O)        0.124    42.114 r  Cfu/My_relu/rsp_payload_outputs_0[28]_i_1/O
                         net (fo=1, routed)           0.000    42.114    Cfu/My_relu_n_0
    SLICE_X16Y26         FDRE                                         r  Cfu/rsp_payload_outputs_0_reg[28]/D
  -------------------------------------------------------------------    -------------------

                         (clock soc_crg_clkout0 rise edge)
                                                     13.333    13.333 r  
    E3                                                0.000    13.333 r  clk100 (IN)
                         net (fo=0)                   0.000    13.333    clk100
    E3                   IBUF (Prop_ibuf_I_O)         1.411    14.745 r  clk100_IBUF_inst/O
                         net (fo=1, routed)           1.920    16.665    clk100_IBUF
    BUFGCTRL_X0Y16       BUFG (Prop_bufg_I_O)         0.091    16.756 r  clk100_IBUF_BUFG_inst/O
                         net (fo=1, routed)           2.027    18.782    clk100_IBUF_BUFG
    SLICE_X60Y15         LUT1 (Prop_lut1_I0_O)        0.100    18.882 r  clk100_inst/O
                         net (fo=9, routed)           1.676    20.559    soc_crg_clkin
    MMCME2_ADV_X0Y0      MMCME2_ADV (Prop_mmcme2_adv_CLKIN1_CLKOUT0)
                                                      0.083    20.642 r  MMCME2_ADV/CLKOUT0
                         net (fo=1, routed)           1.923    22.565    soc_crg_clkout0
    BUFGCTRL_X0Y0        BUFG (Prop_bufg_I_O)         0.091    22.656 r  BUFG/O
                         net (fo=11569, routed)       1.671    24.327    Cfu/out
    SLICE_X16Y26         FDRE                                         r  Cfu/rsp_payload_outputs_0_reg[28]/C
                         clock pessimism              0.895    25.222    
                         clock uncertainty           -0.070    25.152    
    SLICE_X16Y26         FDRE (Setup_fdre_C_D)        0.031    25.183    Cfu/rsp_payload_outputs_0_reg[28]
  -------------------------------------------------------------------
                         required time                         25.183    
                         arrival time                         -42.114    
  -------------------------------------------------------------------
                         slack                                -16.931    

Slack (VIOLATED) :        -16.930ns  (required time - arrival time)
  Source:                 Cfu/relu_input_offset_reg[8]/C
                            (rising edge-triggered cell FDRE clocked by soc_crg_clkout0  {rise@0.000ns fall@6.667ns period=13.333ns})
  Destination:            Cfu/rsp_payload_outputs_0_reg[1]/D
                            (rising edge-triggered cell FDRE clocked by soc_crg_clkout0  {rise@0.000ns fall@6.667ns period=13.333ns})
  Path Group:             soc_crg_clkout0
  Path Type:              Setup (Max at Slow Process Corner)
  Requirement:            13.333ns  (soc_crg_clkout0 rise@13.333ns - soc_crg_clkout0 rise@0.000ns)
  Data Path Delay:        30.166ns  (logic 19.573ns (64.885%)  route 10.593ns (35.115%))
  Logic Levels:           67  (CARRY4=53 DSP48E1=2 LUT2=3 LUT3=2 LUT4=3 LUT5=2 LUT6=2)
  Clock Path Skew:        -0.059ns (DCD - SCD + CPR)
    Destination Clock Delay (DCD):    10.994ns = ( 24.327 - 13.333 ) 
    Source Clock Delay      (SCD):    11.948ns
    Clock Pessimism Removal (CPR):    0.895ns
  Clock Uncertainty:      0.070ns  ((TSJ^2 + DJ^2)^1/2) / 2 + PE
    Total System Jitter     (TSJ):    0.071ns
    Discrete Jitter          (DJ):    0.121ns
    Phase Error              (PE):    0.000ns

    Location             Delay type                Incr(ns)  Path(ns)    Netlist Resource(s)
  -------------------------------------------------------------------    -------------------
                         (clock soc_crg_clkout0 rise edge)
                                                      0.000     0.000 r  
    E3                                                0.000     0.000 r  clk100 (IN)
                         net (fo=0)                   0.000     0.000    clk100
    E3                   IBUF (Prop_ibuf_I_O)         1.482     1.482 r  clk100_IBUF_inst/O
                         net (fo=1, routed)           2.025     3.506    clk100_IBUF
    BUFGCTRL_X0Y16       BUFG (Prop_bufg_I_O)         0.096     3.602 r  clk100_IBUF_BUFG_inst/O
                         net (fo=1, routed)           2.245     5.847    clk100_IBUF_BUFG
    SLICE_X60Y15         LUT1 (Prop_lut1_I0_O)        0.124     5.971 r  clk100_inst/O
                         net (fo=9, routed)           1.955     7.927    soc_crg_clkin
    MMCME2_ADV_X0Y0      MMCME2_ADV (Prop_mmcme2_adv_CLKIN1_CLKOUT0)
                                                      0.088     8.015 r  MMCME2_ADV/CLKOUT0
                         net (fo=1, routed)           2.018    10.033    soc_crg_clkout0
    BUFGCTRL_X0Y0        BUFG (Prop_bufg_I_O)         0.096    10.129 r  BUFG/O
                         net (fo=11569, routed)       1.818    11.948    Cfu/out
    SLICE_X14Y6          FDRE                                         r  Cfu/relu_input_offset_reg[8]/C
  -------------------------------------------------------------------    -------------------
    SLICE_X14Y6          FDRE (Prop_fdre_C_Q)         0.518    12.466 r  Cfu/relu_input_offset_reg[8]/Q
                         net (fo=1, routed)           0.710    13.176    Cfu/My_relu/val_carry__6_0[8]
    SLICE_X14Y6          LUT2 (Prop_lut2_I1_O)        0.124    13.300 r  Cfu/My_relu/val_carry__1_i_4/O
                         net (fo=1, routed)           0.000    13.300    Cfu/My_relu/val_carry__1_i_4_n_0
    SLICE_X14Y6          CARRY4 (Prop_carry4_S[0]_CO[3])
                                                      0.513    13.813 r  Cfu/My_relu/val_carry__1/CO[3]
                         net (fo=1, routed)           0.000    13.813    Cfu/My_relu/val_carry__1_n_0
    SLICE_X14Y7          CARRY4 (Prop_carry4_CI_CO[3])
                                                      0.117    13.930 r  Cfu/My_relu/val_carry__2/CO[3]
                         net (fo=1, routed)           0.000    13.930    Cfu/My_relu/val_carry__2_n_0
    SLICE_X14Y8          CARRY4 (Prop_carry4_CI_CO[3])
                                                      0.117    14.047 r  Cfu/My_relu/val_carry__3/CO[3]
                         net (fo=1, routed)           0.000    14.047    Cfu/My_relu/val_carry__3_n_0
    SLICE_X14Y9          CARRY4 (Prop_carry4_CI_CO[3])
                                                      0.117    14.164 r  Cfu/My_relu/val_carry__4/CO[3]
                         net (fo=1, routed)           0.000    14.164    Cfu/My_relu/val_carry__4_n_0
    SLICE_X14Y10         CARRY4 (Prop_carry4_CI_CO[3])
                                                      0.117    14.281 r  Cfu/My_relu/val_carry__5/CO[3]
                         net (fo=1, routed)           0.000    14.281    Cfu/My_relu/val_carry__5_n_0
    SLICE_X14Y11         CARRY4 (Prop_carry4_CI_O[3])
                                                      0.315    14.596 r  Cfu/My_relu/val_carry__6/O[3]
                         net (fo=112, routed)         0.769    15.365    Cfu/My_relu/p_0_in
    SLICE_X15Y11         LUT3 (Prop_lut3_I1_O)        0.307    15.672 r  Cfu/My_relu/clamped_output8_carry_i_8/O
                         net (fo=73, routed)          0.938    16.610    Cfu/My_relu/clamped_output8_carry_i_8_n_0
    SLICE_X15Y9          LUT6 (Prop_lut6_I1_O)        0.124    16.734 f  Cfu/My_relu/high_mul_result5__1_i_41/O
                         net (fo=4, routed)           0.617    17.351    Cfu/My_relu/high_mul_result5__1_i_41_n_0
    SLICE_X12Y8          LUT5 (Prop_lut5_I0_O)        0.124    17.475 f  Cfu/My_relu/high_mul_result5__1_i_21/O
                         net (fo=2, routed)           0.799    18.274    Cfu/My_relu/high_mul_result5__1_i_21_n_0
    SLICE_X12Y13         LUT5 (Prop_lut5_I2_O)        0.124    18.398 r  Cfu/My_relu/high_mul_result5__1_i_4/O
                         net (fo=3, routed)           0.428    18.826    Cfu/My_relu/val_shift[13]
    DSP48_X0Y4           DSP48E1 (Prop_dsp48e1_A[13]_PCOUT[47])
                                                      4.036    22.862 r  Cfu/My_relu/high_mul_result5__1/PCOUT[47]
                         net (fo=1, routed)           0.002    22.864    Cfu/My_relu/high_mul_result5__1_n_106
    DSP48_X0Y5           DSP48E1 (Prop_dsp48e1_PCIN[47]_P[0])
                                                      1.518    24.382 r  Cfu/My_relu/high_mul_result5__2/P[0]
                         net (fo=2, routed)           0.958    25.340    Cfu/My_relu/p_1_in[17]
    SLICE_X11Y6          LUT2 (Prop_lut2_I0_O)        0.124    25.464 r  Cfu/My_relu/high_mul_result5_carry_i_3/O
                         net (fo=1, routed)           0.000    25.464    Cfu/My_relu/high_mul_result5_carry_i_3_n_0
    SLICE_X11Y6          CARRY4 (Prop_carry4_S[1]_CO[3])
                                                      0.550    26.014 r  Cfu/My_relu/high_mul_result5_carry/CO[3]
                         net (fo=1, routed)           0.000    26.014    Cfu/My_relu/high_mul_result5_carry_n_0
    SLICE_X11Y7          CARRY4 (Prop_carry4_CI_CO[3])
                                                      0.114    26.128 r  Cfu/My_relu/high_mul_result5_carry__0/CO[3]
                         net (fo=1, routed)           0.000    26.128    Cfu/My_relu/high_mul_result5_carry__0_n_0
    SLICE_X11Y8          CARRY4 (Prop_carry4_CI_CO[3])
                                                      0.114    26.242 r  Cfu/My_relu/high_mul_result5_carry__1/CO[3]
                         net (fo=1, routed)           0.000    26.242    Cfu/My_relu/high_mul_result5_carry__1_n_0
    SLICE_X11Y9          CARRY4 (Prop_carry4_CI_CO[3])
                                                      0.114    26.356 r  Cfu/My_relu/high_mul_result5_carry__2/CO[3]
                         net (fo=1, routed)           0.000    26.356    Cfu/My_relu/high_mul_result5_carry__2_n_0
    SLICE_X11Y10         CARRY4 (Prop_carry4_CI_CO[3])
                                                      0.114    26.470 r  Cfu/My_relu/high_mul_result5_carry__3/CO[3]
                         net (fo=1, routed)           0.000    26.470    Cfu/My_relu/high_mul_result5_carry__3_n_0
    SLICE_X11Y11         CARRY4 (Prop_carry4_CI_CO[3])
                                                      0.114    26.584 r  Cfu/My_relu/high_mul_result5_carry__4/CO[3]
                         net (fo=1, routed)           0.000    26.584    Cfu/My_relu/high_mul_result5_carry__4_n_0
    SLICE_X11Y12         CARRY4 (Prop_carry4_CI_CO[3])
                                                      0.114    26.698 r  Cfu/My_relu/high_mul_result5_carry__5/CO[3]
                         net (fo=1, routed)           0.000    26.698    Cfu/My_relu/high_mul_result5_carry__5_n_0
    SLICE_X11Y13         CARRY4 (Prop_carry4_CI_CO[3])
                                                      0.114    26.812 r  Cfu/My_relu/high_mul_result5_carry__6/CO[3]
                         net (fo=1, routed)           0.000    26.812    Cfu/My_relu/high_mul_result5_carry__6_n_0
    SLICE_X11Y14         CARRY4 (Prop_carry4_CI_CO[3])
                                                      0.114    26.926 r  Cfu/My_relu/high_mul_result5_carry__7/CO[3]
                         net (fo=1, routed)           0.000    26.926    Cfu/My_relu/high_mul_result5_carry__7_n_0
    SLICE_X11Y15         CARRY4 (Prop_carry4_CI_CO[3])
                                                      0.114    27.040 r  Cfu/My_relu/high_mul_result5_carry__8/CO[3]
                         net (fo=1, routed)           0.000    27.040    Cfu/My_relu/high_mul_result5_carry__8_n_0
    SLICE_X11Y16         CARRY4 (Prop_carry4_CI_CO[3])
                                                      0.114    27.154 r  Cfu/My_relu/high_mul_result5_carry__9/CO[3]
                         net (fo=1, routed)           0.000    27.154    Cfu/My_relu/high_mul_result5_carry__9_n_0
    SLICE_X11Y17         CARRY4 (Prop_carry4_CI_O[3])
                                                      0.313    27.467 r  Cfu/My_relu/high_mul_result5_carry__10/O[3]
                         net (fo=6, routed)           0.906    28.374    Cfu/My_relu/high_mul_result5__3[63]
    SLICE_X10Y2          LUT2 (Prop_lut2_I1_O)        0.306    28.680 r  Cfu/My_relu/high_mul_result4_carry_i_1/O
                         net (fo=1, routed)           0.000    28.680    Cfu/My_relu/high_mul_result4_carry_i_1_n_0
    SLICE_X10Y2          CARRY4 (Prop_carry4_S[0]_CO[3])
                                                      0.513    29.193 r  Cfu/My_relu/high_mul_result4_carry/CO[3]
                         net (fo=1, routed)           0.000    29.193    Cfu/My_relu/high_mul_result4_carry_n_0
    SLICE_X10Y3          CARRY4 (Prop_carry4_CI_CO[3])
                                                      0.117    29.310 r  Cfu/My_relu/high_mul_result4_carry__0/CO[3]
                         net (fo=1, routed)           0.000    29.310    Cfu/My_relu/high_mul_result4_carry__0_n_0
    SLICE_X10Y4          CARRY4 (Prop_carry4_CI_CO[3])
                                                      0.117    29.427 r  Cfu/My_relu/high_mul_result4_carry__1/CO[3]
                         net (fo=1, routed)           0.000    29.427    Cfu/My_relu/high_mul_result4_carry__1_n_0
    SLICE_X10Y5          CARRY4 (Prop_carry4_CI_CO[3])
                                                      0.117    29.544 r  Cfu/My_relu/high_mul_result4_carry__2/CO[3]
                         net (fo=1, routed)           0.000    29.544    Cfu/My_relu/high_mul_result4_carry__2_n_0
    SLICE_X10Y6          CARRY4 (Prop_carry4_CI_CO[3])
                                                      0.117    29.661 r  Cfu/My_relu/high_mul_result4_carry__3/CO[3]
                         net (fo=1, routed)           0.000    29.661    Cfu/My_relu/high_mul_result4_carry__3_n_0
    SLICE_X10Y7          CARRY4 (Prop_carry4_CI_CO[3])
                                                      0.117    29.778 r  Cfu/My_relu/high_mul_result4_carry__4/CO[3]
                         net (fo=1, routed)           0.000    29.778    Cfu/My_relu/high_mul_result4_carry__4_n_0
    SLICE_X10Y8          CARRY4 (Prop_carry4_CI_CO[3])
                                                      0.117    29.895 r  Cfu/My_relu/high_mul_result4_carry__5/CO[3]
                         net (fo=1, routed)           0.000    29.895    Cfu/My_relu/high_mul_result4_carry__5_n_0
    SLICE_X10Y9          CARRY4 (Prop_carry4_CI_CO[3])
                                                      0.117    30.012 r  Cfu/My_relu/high_mul_result4_carry__6/CO[3]
                         net (fo=1, routed)           0.000    30.012    Cfu/My_relu/high_mul_result4_carry__6_n_0
    SLICE_X10Y10         CARRY4 (Prop_carry4_CI_O[1])
                                                      0.323    30.335 r  Cfu/My_relu/high_mul_result4_carry__7/O[1]
                         net (fo=3, routed)           0.729    31.063    Cfu/My_relu/high_mul_result4_carry__7_n_6
    SLICE_X13Y11         CARRY4 (Prop_carry4_S[1]_CO[3])
                                                      0.856    31.919 r  Cfu/My_relu/p_1_out__62_carry_i_7/CO[3]
                         net (fo=1, routed)           0.000    31.919    Cfu/My_relu/p_1_out__62_carry_i_7_n_0
    SLICE_X13Y12         CARRY4 (Prop_carry4_CI_CO[3])
                                                      0.114    32.033 r  Cfu/My_relu/p_1_out__62_carry__1_i_6/CO[3]
                         net (fo=1, routed)           0.000    32.033    Cfu/My_relu/p_1_out__62_carry__1_i_6_n_0
    SLICE_X13Y13         CARRY4 (Prop_carry4_CI_CO[3])
                                                      0.114    32.147 r  Cfu/My_relu/p_1_out__62_carry__1_i_5/CO[3]
                         net (fo=1, routed)           0.000    32.147    Cfu/My_relu/p_1_out__62_carry__1_i_5_n_0
    SLICE_X13Y14         CARRY4 (Prop_carry4_CI_CO[3])
                                                      0.114    32.261 r  Cfu/My_relu/p_1_out__62_carry__2_i_6/CO[3]
                         net (fo=1, routed)           0.000    32.261    Cfu/My_relu/p_1_out__62_carry__2_i_6_n_0
    SLICE_X13Y15         CARRY4 (Prop_carry4_CI_CO[3])
                                                      0.114    32.375 r  Cfu/My_relu/p_1_out__62_carry__3_i_9/CO[3]
                         net (fo=1, routed)           0.000    32.375    Cfu/My_relu/p_1_out__62_carry__3_i_9_n_0
    SLICE_X13Y16         CARRY4 (Prop_carry4_CI_CO[3])
                                                      0.114    32.489 r  Cfu/My_relu/p_1_out__62_carry__4_i_9/CO[3]
                         net (fo=1, routed)           0.000    32.489    Cfu/My_relu/p_1_out__62_carry__4_i_9_n_0
    SLICE_X13Y17         CARRY4 (Prop_carry4_CI_CO[3])
                                                      0.114    32.603 r  Cfu/My_relu/p_1_out__62_carry__5_i_9/CO[3]
                         net (fo=1, routed)           0.000    32.603    Cfu/My_relu/p_1_out__62_carry__5_i_9_n_0
    SLICE_X13Y18         CARRY4 (Prop_carry4_CI_O[2])
                                                      0.239    32.842 r  Cfu/My_relu/p_1_out__62_carry__6_i_8/O[2]
                         net (fo=3, routed)           0.667    33.509    Cfu/My_relu/p_1_out__62_carry__6_i_8_n_5
    SLICE_X16Y12         LUT4 (Prop_lut4_I1_O)        0.302    33.811 r  Cfu/My_relu/p_1_out_carry_i_1_comp_1/O
                         net (fo=1, routed)           0.000    33.811    Cfu/My_relu/p_1_out_carry_i_1_n_0
    SLICE_X16Y12         CARRY4 (Prop_carry4_S[0]_CO[3])
                                                      0.532    34.343 r  Cfu/My_relu/p_1_out_carry/CO[3]
                         net (fo=1, routed)           0.000    34.343    Cfu/My_relu/p_1_out_carry_n_0
    SLICE_X16Y13         CARRY4 (Prop_carry4_CI_CO[3])
                                                      0.114    34.457 r  Cfu/My_relu/p_1_out_carry__0/CO[3]
                         net (fo=1, routed)           0.000    34.457    Cfu/My_relu/p_1_out_carry__0_n_0
    SLICE_X16Y14         CARRY4 (Prop_carry4_CI_CO[3])
                                                      0.114    34.571 r  Cfu/My_relu/p_1_out_carry__1/CO[3]
                         net (fo=1, routed)           0.000    34.571    Cfu/My_relu/p_1_out_carry__1_n_0
    SLICE_X16Y15         CARRY4 (Prop_carry4_CI_CO[3])
                                                      0.114    34.685 r  Cfu/My_relu/p_1_out_carry__2/CO[3]
                         net (fo=1, routed)           0.000    34.685    Cfu/My_relu/p_1_out_carry__2_n_0
    SLICE_X16Y16         CARRY4 (Prop_carry4_CI_CO[3])
                                                      0.114    34.799 r  Cfu/My_relu/p_1_out_carry__3/CO[3]
                         net (fo=1, routed)           0.000    34.799    Cfu/My_relu/p_1_out_carry__3_n_0
    SLICE_X16Y17         CARRY4 (Prop_carry4_CI_O[0])
                                                      0.222    35.021 r  Cfu/My_relu/p_1_out_carry__4/O[0]
                         net (fo=2, routed)           0.614    35.636    Cfu/My_relu/threshold[20]
    SLICE_X15Y17         LUT3 (Prop_lut3_I0_O)        0.299    35.935 r  Cfu/My_relu/p_1_out__62_carry__4_i_4/O
                         net (fo=1, routed)           0.000    35.935    Cfu/My_relu/p_1_out__62_carry__4_i_4_n_0
    SLICE_X15Y17         CARRY4 (Prop_carry4_S[0]_CO[3])
                                                      0.532    36.467 r  Cfu/My_relu/p_1_out__62_carry__4/CO[3]
                         net (fo=1, routed)           0.000    36.467    Cfu/My_relu/p_1_out__62_carry__4_n_0
    SLICE_X15Y18         CARRY4 (Prop_carry4_CI_CO[3])
                                                      0.114    36.581 r  Cfu/My_relu/p_1_out__62_carry__5/CO[3]
                         net (fo=1, routed)           0.000    36.581    Cfu/My_relu/p_1_out__62_carry__5_n_0
    SLICE_X15Y19         CARRY4 (Prop_carry4_CI_CO[3])
                                                      0.114    36.695 r  Cfu/My_relu/p_1_out__62_carry__6/CO[3]
                         net (fo=1, routed)           0.000    36.695    Cfu/My_relu/p_1_out__62_carry__6_n_0
    SLICE_X15Y20         CARRY4 (Prop_carry4_CI_O[0])
                                                      0.222    36.917 r  Cfu/My_relu/p_1_out__62_carry__7/O[0]
                         net (fo=1, routed)           0.481    37.398    Cfu/My_relu/p_1_out[32]
    SLICE_X17Y21         CARRY4 (Prop_carry4_CYINIT_CO[3])
                                                      0.755    38.153 r  Cfu/My_relu/clamped_output2_carry/CO[3]
                         net (fo=1, routed)           0.000    38.153    Cfu/My_relu/clamped_output2_carry_n_0
    SLICE_X17Y22         CARRY4 (Prop_carry4_CI_CO[3])
                                                      0.114    38.267 r  Cfu/My_relu/clamped_output2_carry__0/CO[3]
                         net (fo=1, routed)           0.000    38.267    Cfu/My_relu/clamped_output2_carry__0_n_0
    SLICE_X17Y23         CARRY4 (Prop_carry4_CI_CO[3])
                                                      0.114    38.381 r  Cfu/My_relu/clamped_output2_carry__1/CO[3]
                         net (fo=1, routed)           0.000    38.381    Cfu/My_relu/clamped_output2_carry__1_n_0
    SLICE_X17Y24         CARRY4 (Prop_carry4_CI_CO[3])
                                                      0.114    38.495 r  Cfu/My_relu/clamped_output2_carry__2/CO[3]
                         net (fo=1, routed)           0.009    38.504    Cfu/My_relu/clamped_output2_carry__2_n_0
    SLICE_X17Y25         CARRY4 (Prop_carry4_CI_CO[3])
                                                      0.114    38.618 r  Cfu/My_relu/clamped_output2_carry__3/CO[3]
                         net (fo=1, routed)           0.000    38.618    Cfu/My_relu/clamped_output2_carry__3_n_0
    SLICE_X17Y26         CARRY4 (Prop_carry4_CI_CO[3])
                                                      0.114    38.732 r  Cfu/My_relu/clamped_output2_carry__4/CO[3]
                         net (fo=1, routed)           0.000    38.732    Cfu/My_relu/clamped_output2_carry__4_n_0
    SLICE_X17Y27         CARRY4 (Prop_carry4_CI_O[3])
                                                      0.313    39.045 r  Cfu/My_relu/clamped_output2_carry__5/O[3]
                         net (fo=5, routed)           0.659    39.704    Cfu/My_relu/unclamped[27]
    SLICE_X19Y27         LUT4 (Prop_lut4_I0_O)        0.306    40.010 r  Cfu/My_relu/clamped_output1_carry__2_i_7/O
                         net (fo=1, routed)           0.000    40.010    Cfu/My_relu/clamped_output1_carry__2_i_7_n_0
    SLICE_X19Y27         CARRY4 (Prop_carry4_S[1]_CO[3])
                                                      0.550    40.560 r  Cfu/My_relu/clamped_output1_carry__2/CO[3]
                         net (fo=32, routed)          1.147    41.707    Cfu/My_relu/clamped_output1
    SLICE_X24Y27         LUT6 (Prop_lut6_I1_O)        0.124    41.831 r  Cfu/My_relu/rsp_payload_outputs_0[1]_i_3/O
                         net (fo=1, routed)           0.159    41.990    Cfu/gbuff_C/rsp_payload_outputs_0_reg[1]
    SLICE_X24Y27         LUT4 (Prop_lut4_I3_O)        0.124    42.114 r  Cfu/gbuff_C/rsp_payload_outputs_0[1]_i_1/O
                         net (fo=1, routed)           0.000    42.114    Cfu/gbuff_C_n_284
    SLICE_X24Y27         FDRE                                         r  Cfu/rsp_payload_outputs_0_reg[1]/D
  -------------------------------------------------------------------    -------------------

                         (clock soc_crg_clkout0 rise edge)
                                                     13.333    13.333 r  
    E3                                                0.000    13.333 r  clk100 (IN)
                         net (fo=0)                   0.000    13.333    clk100
    E3                   IBUF (Prop_ibuf_I_O)         1.411    14.745 r  clk100_IBUF_inst/O
                         net (fo=1, routed)           1.920    16.665    clk100_IBUF
    BUFGCTRL_X0Y16       BUFG (Prop_bufg_I_O)         0.091    16.756 r  clk100_IBUF_BUFG_inst/O
                         net (fo=1, routed)           2.027    18.782    clk100_IBUF_BUFG
    SLICE_X60Y15         LUT1 (Prop_lut1_I0_O)        0.100    18.882 r  clk100_inst/O
                         net (fo=9, routed)           1.676    20.559    soc_crg_clkin
    MMCME2_ADV_X0Y0      MMCME2_ADV (Prop_mmcme2_adv_CLKIN1_CLKOUT0)
                                                      0.083    20.642 r  MMCME2_ADV/CLKOUT0
                         net (fo=1, routed)           1.923    22.565    soc_crg_clkout0
    BUFGCTRL_X0Y0        BUFG (Prop_bufg_I_O)         0.091    22.656 r  BUFG/O
                         net (fo=11569, routed)       1.671    24.327    Cfu/out
    SLICE_X24Y27         FDRE                                         r  Cfu/rsp_payload_outputs_0_reg[1]/C
                         clock pessimism              0.895    25.222    
                         clock uncertainty           -0.070    25.152    
    SLICE_X24Y27         FDRE (Setup_fdre_C_D)        0.031    25.183    Cfu/rsp_payload_outputs_0_reg[1]
  -------------------------------------------------------------------
                         required time                         25.183    
                         arrival time                         -42.114    
  -------------------------------------------------------------------
                         slack                                -16.930    

Slack (VIOLATED) :        -16.927ns  (required time - arrival time)
  Source:                 Cfu/relu_input_offset_reg[8]/C
                            (rising edge-triggered cell FDRE clocked by soc_crg_clkout0  {rise@0.000ns fall@6.667ns period=13.333ns})
  Destination:            Cfu/rsp_payload_outputs_0_reg[14]/D
                            (rising edge-triggered cell FDRE clocked by soc_crg_clkout0  {rise@0.000ns fall@6.667ns period=13.333ns})
  Path Group:             soc_crg_clkout0
  Path Type:              Setup (Max at Slow Process Corner)
  Requirement:            13.333ns  (soc_crg_clkout0 rise@13.333ns - soc_crg_clkout0 rise@0.000ns)
  Data Path Delay:        30.166ns  (logic 19.573ns (64.885%)  route 10.593ns (35.115%))
  Logic Levels:           67  (CARRY4=53 DSP48E1=2 LUT2=3 LUT3=2 LUT4=3 LUT5=2 LUT6=2)
  Clock Path Skew:        -0.056ns (DCD - SCD + CPR)
    Destination Clock Delay (DCD):    10.997ns = ( 24.330 - 13.333 ) 
    Source Clock Delay      (SCD):    11.948ns
    Clock Pessimism Removal (CPR):    0.895ns
  Clock Uncertainty:      0.070ns  ((TSJ^2 + DJ^2)^1/2) / 2 + PE
    Total System Jitter     (TSJ):    0.071ns
    Discrete Jitter          (DJ):    0.121ns
    Phase Error              (PE):    0.000ns

    Location             Delay type                Incr(ns)  Path(ns)    Netlist Resource(s)
  -------------------------------------------------------------------    -------------------
                         (clock soc_crg_clkout0 rise edge)
                                                      0.000     0.000 r  
    E3                                                0.000     0.000 r  clk100 (IN)
                         net (fo=0)                   0.000     0.000    clk100
    E3                   IBUF (Prop_ibuf_I_O)         1.482     1.482 r  clk100_IBUF_inst/O
                         net (fo=1, routed)           2.025     3.506    clk100_IBUF
    BUFGCTRL_X0Y16       BUFG (Prop_bufg_I_O)         0.096     3.602 r  clk100_IBUF_BUFG_inst/O
                         net (fo=1, routed)           2.245     5.847    clk100_IBUF_BUFG
    SLICE_X60Y15         LUT1 (Prop_lut1_I0_O)        0.124     5.971 r  clk100_inst/O
                         net (fo=9, routed)           1.955     7.927    soc_crg_clkin
    MMCME2_ADV_X0Y0      MMCME2_ADV (Prop_mmcme2_adv_CLKIN1_CLKOUT0)
                                                      0.088     8.015 r  MMCME2_ADV/CLKOUT0
                         net (fo=1, routed)           2.018    10.033    soc_crg_clkout0
    BUFGCTRL_X0Y0        BUFG (Prop_bufg_I_O)         0.096    10.129 r  BUFG/O
                         net (fo=11569, routed)       1.818    11.948    Cfu/out
    SLICE_X14Y6          FDRE                                         r  Cfu/relu_input_offset_reg[8]/C
  -------------------------------------------------------------------    -------------------
    SLICE_X14Y6          FDRE (Prop_fdre_C_Q)         0.518    12.466 r  Cfu/relu_input_offset_reg[8]/Q
                         net (fo=1, routed)           0.710    13.176    Cfu/My_relu/val_carry__6_0[8]
    SLICE_X14Y6          LUT2 (Prop_lut2_I1_O)        0.124    13.300 r  Cfu/My_relu/val_carry__1_i_4/O
                         net (fo=1, routed)           0.000    13.300    Cfu/My_relu/val_carry__1_i_4_n_0
    SLICE_X14Y6          CARRY4 (Prop_carry4_S[0]_CO[3])
                                                      0.513    13.813 r  Cfu/My_relu/val_carry__1/CO[3]
                         net (fo=1, routed)           0.000    13.813    Cfu/My_relu/val_carry__1_n_0
    SLICE_X14Y7          CARRY4 (Prop_carry4_CI_CO[3])
                                                      0.117    13.930 r  Cfu/My_relu/val_carry__2/CO[3]
                         net (fo=1, routed)           0.000    13.930    Cfu/My_relu/val_carry__2_n_0
    SLICE_X14Y8          CARRY4 (Prop_carry4_CI_CO[3])
                                                      0.117    14.047 r  Cfu/My_relu/val_carry__3/CO[3]
                         net (fo=1, routed)           0.000    14.047    Cfu/My_relu/val_carry__3_n_0
    SLICE_X14Y9          CARRY4 (Prop_carry4_CI_CO[3])
                                                      0.117    14.164 r  Cfu/My_relu/val_carry__4/CO[3]
                         net (fo=1, routed)           0.000    14.164    Cfu/My_relu/val_carry__4_n_0
    SLICE_X14Y10         CARRY4 (Prop_carry4_CI_CO[3])
                                                      0.117    14.281 r  Cfu/My_relu/val_carry__5/CO[3]
                         net (fo=1, routed)           0.000    14.281    Cfu/My_relu/val_carry__5_n_0
    SLICE_X14Y11         CARRY4 (Prop_carry4_CI_O[3])
                                                      0.315    14.596 r  Cfu/My_relu/val_carry__6/O[3]
                         net (fo=112, routed)         0.769    15.365    Cfu/My_relu/p_0_in
    SLICE_X15Y11         LUT3 (Prop_lut3_I1_O)        0.307    15.672 r  Cfu/My_relu/clamped_output8_carry_i_8/O
                         net (fo=73, routed)          0.938    16.610    Cfu/My_relu/clamped_output8_carry_i_8_n_0
    SLICE_X15Y9          LUT6 (Prop_lut6_I1_O)        0.124    16.734 f  Cfu/My_relu/high_mul_result5__1_i_41/O
                         net (fo=4, routed)           0.617    17.351    Cfu/My_relu/high_mul_result5__1_i_41_n_0
    SLICE_X12Y8          LUT5 (Prop_lut5_I0_O)        0.124    17.475 f  Cfu/My_relu/high_mul_result5__1_i_21/O
                         net (fo=2, routed)           0.799    18.274    Cfu/My_relu/high_mul_result5__1_i_21_n_0
    SLICE_X12Y13         LUT5 (Prop_lut5_I2_O)        0.124    18.398 r  Cfu/My_relu/high_mul_result5__1_i_4/O
                         net (fo=3, routed)           0.428    18.826    Cfu/My_relu/val_shift[13]
    DSP48_X0Y4           DSP48E1 (Prop_dsp48e1_A[13]_PCOUT[47])
                                                      4.036    22.862 r  Cfu/My_relu/high_mul_result5__1/PCOUT[47]
                         net (fo=1, routed)           0.002    22.864    Cfu/My_relu/high_mul_result5__1_n_106
    DSP48_X0Y5           DSP48E1 (Prop_dsp48e1_PCIN[47]_P[0])
                                                      1.518    24.382 r  Cfu/My_relu/high_mul_result5__2/P[0]
                         net (fo=2, routed)           0.958    25.340    Cfu/My_relu/p_1_in[17]
    SLICE_X11Y6          LUT2 (Prop_lut2_I0_O)        0.124    25.464 r  Cfu/My_relu/high_mul_result5_carry_i_3/O
                         net (fo=1, routed)           0.000    25.464    Cfu/My_relu/high_mul_result5_carry_i_3_n_0
    SLICE_X11Y6          CARRY4 (Prop_carry4_S[1]_CO[3])
                                                      0.550    26.014 r  Cfu/My_relu/high_mul_result5_carry/CO[3]
                         net (fo=1, routed)           0.000    26.014    Cfu/My_relu/high_mul_result5_carry_n_0
    SLICE_X11Y7          CARRY4 (Prop_carry4_CI_CO[3])
                                                      0.114    26.128 r  Cfu/My_relu/high_mul_result5_carry__0/CO[3]
                         net (fo=1, routed)           0.000    26.128    Cfu/My_relu/high_mul_result5_carry__0_n_0
    SLICE_X11Y8          CARRY4 (Prop_carry4_CI_CO[3])
                                                      0.114    26.242 r  Cfu/My_relu/high_mul_result5_carry__1/CO[3]
                         net (fo=1, routed)           0.000    26.242    Cfu/My_relu/high_mul_result5_carry__1_n_0
    SLICE_X11Y9          CARRY4 (Prop_carry4_CI_CO[3])
                                                      0.114    26.356 r  Cfu/My_relu/high_mul_result5_carry__2/CO[3]
                         net (fo=1, routed)           0.000    26.356    Cfu/My_relu/high_mul_result5_carry__2_n_0
    SLICE_X11Y10         CARRY4 (Prop_carry4_CI_CO[3])
                                                      0.114    26.470 r  Cfu/My_relu/high_mul_result5_carry__3/CO[3]
                         net (fo=1, routed)           0.000    26.470    Cfu/My_relu/high_mul_result5_carry__3_n_0
    SLICE_X11Y11         CARRY4 (Prop_carry4_CI_CO[3])
                                                      0.114    26.584 r  Cfu/My_relu/high_mul_result5_carry__4/CO[3]
                         net (fo=1, routed)           0.000    26.584    Cfu/My_relu/high_mul_result5_carry__4_n_0
    SLICE_X11Y12         CARRY4 (Prop_carry4_CI_CO[3])
                                                      0.114    26.698 r  Cfu/My_relu/high_mul_result5_carry__5/CO[3]
                         net (fo=1, routed)           0.000    26.698    Cfu/My_relu/high_mul_result5_carry__5_n_0
    SLICE_X11Y13         CARRY4 (Prop_carry4_CI_CO[3])
                                                      0.114    26.812 r  Cfu/My_relu/high_mul_result5_carry__6/CO[3]
                         net (fo=1, routed)           0.000    26.812    Cfu/My_relu/high_mul_result5_carry__6_n_0
    SLICE_X11Y14         CARRY4 (Prop_carry4_CI_CO[3])
                                                      0.114    26.926 r  Cfu/My_relu/high_mul_result5_carry__7/CO[3]
                         net (fo=1, routed)           0.000    26.926    Cfu/My_relu/high_mul_result5_carry__7_n_0
    SLICE_X11Y15         CARRY4 (Prop_carry4_CI_CO[3])
                                                      0.114    27.040 r  Cfu/My_relu/high_mul_result5_carry__8/CO[3]
                         net (fo=1, routed)           0.000    27.040    Cfu/My_relu/high_mul_result5_carry__8_n_0
    SLICE_X11Y16         CARRY4 (Prop_carry4_CI_CO[3])
                                                      0.114    27.154 r  Cfu/My_relu/high_mul_result5_carry__9/CO[3]
                         net (fo=1, routed)           0.000    27.154    Cfu/My_relu/high_mul_result5_carry__9_n_0
    SLICE_X11Y17         CARRY4 (Prop_carry4_CI_O[3])
                                                      0.313    27.467 r  Cfu/My_relu/high_mul_result5_carry__10/O[3]
                         net (fo=6, routed)           0.906    28.374    Cfu/My_relu/high_mul_result5__3[63]
    SLICE_X10Y2          LUT2 (Prop_lut2_I1_O)        0.306    28.680 r  Cfu/My_relu/high_mul_result4_carry_i_1/O
                         net (fo=1, routed)           0.000    28.680    Cfu/My_relu/high_mul_result4_carry_i_1_n_0
    SLICE_X10Y2          CARRY4 (Prop_carry4_S[0]_CO[3])
                                                      0.513    29.193 r  Cfu/My_relu/high_mul_result4_carry/CO[3]
                         net (fo=1, routed)           0.000    29.193    Cfu/My_relu/high_mul_result4_carry_n_0
    SLICE_X10Y3          CARRY4 (Prop_carry4_CI_CO[3])
                                                      0.117    29.310 r  Cfu/My_relu/high_mul_result4_carry__0/CO[3]
                         net (fo=1, routed)           0.000    29.310    Cfu/My_relu/high_mul_result4_carry__0_n_0
    SLICE_X10Y4          CARRY4 (Prop_carry4_CI_CO[3])
                                                      0.117    29.427 r  Cfu/My_relu/high_mul_result4_carry__1/CO[3]
                         net (fo=1, routed)           0.000    29.427    Cfu/My_relu/high_mul_result4_carry__1_n_0
    SLICE_X10Y5          CARRY4 (Prop_carry4_CI_CO[3])
                                                      0.117    29.544 r  Cfu/My_relu/high_mul_result4_carry__2/CO[3]
                         net (fo=1, routed)           0.000    29.544    Cfu/My_relu/high_mul_result4_carry__2_n_0
    SLICE_X10Y6          CARRY4 (Prop_carry4_CI_CO[3])
                                                      0.117    29.661 r  Cfu/My_relu/high_mul_result4_carry__3/CO[3]
                         net (fo=1, routed)           0.000    29.661    Cfu/My_relu/high_mul_result4_carry__3_n_0
    SLICE_X10Y7          CARRY4 (Prop_carry4_CI_CO[3])
                                                      0.117    29.778 r  Cfu/My_relu/high_mul_result4_carry__4/CO[3]
                         net (fo=1, routed)           0.000    29.778    Cfu/My_relu/high_mul_result4_carry__4_n_0
    SLICE_X10Y8          CARRY4 (Prop_carry4_CI_CO[3])
                                                      0.117    29.895 r  Cfu/My_relu/high_mul_result4_carry__5/CO[3]
                         net (fo=1, routed)           0.000    29.895    Cfu/My_relu/high_mul_result4_carry__5_n_0
    SLICE_X10Y9          CARRY4 (Prop_carry4_CI_CO[3])
                                                      0.117    30.012 r  Cfu/My_relu/high_mul_result4_carry__6/CO[3]
                         net (fo=1, routed)           0.000    30.012    Cfu/My_relu/high_mul_result4_carry__6_n_0
    SLICE_X10Y10         CARRY4 (Prop_carry4_CI_O[1])
                                                      0.323    30.335 r  Cfu/My_relu/high_mul_result4_carry__7/O[1]
                         net (fo=3, routed)           0.729    31.063    Cfu/My_relu/high_mul_result4_carry__7_n_6
    SLICE_X13Y11         CARRY4 (Prop_carry4_S[1]_CO[3])
                                                      0.856    31.919 r  Cfu/My_relu/p_1_out__62_carry_i_7/CO[3]
                         net (fo=1, routed)           0.000    31.919    Cfu/My_relu/p_1_out__62_carry_i_7_n_0
    SLICE_X13Y12         CARRY4 (Prop_carry4_CI_CO[3])
                                                      0.114    32.033 r  Cfu/My_relu/p_1_out__62_carry__1_i_6/CO[3]
                         net (fo=1, routed)           0.000    32.033    Cfu/My_relu/p_1_out__62_carry__1_i_6_n_0
    SLICE_X13Y13         CARRY4 (Prop_carry4_CI_CO[3])
                                                      0.114    32.147 r  Cfu/My_relu/p_1_out__62_carry__1_i_5/CO[3]
                         net (fo=1, routed)           0.000    32.147    Cfu/My_relu/p_1_out__62_carry__1_i_5_n_0
    SLICE_X13Y14         CARRY4 (Prop_carry4_CI_CO[3])
                                                      0.114    32.261 r  Cfu/My_relu/p_1_out__62_carry__2_i_6/CO[3]
                         net (fo=1, routed)           0.000    32.261    Cfu/My_relu/p_1_out__62_carry__2_i_6_n_0
    SLICE_X13Y15         CARRY4 (Prop_carry4_CI_CO[3])
                                                      0.114    32.375 r  Cfu/My_relu/p_1_out__62_carry__3_i_9/CO[3]
                         net (fo=1, routed)           0.000    32.375    Cfu/My_relu/p_1_out__62_carry__3_i_9_n_0
    SLICE_X13Y16         CARRY4 (Prop_carry4_CI_CO[3])
                                                      0.114    32.489 r  Cfu/My_relu/p_1_out__62_carry__4_i_9/CO[3]
                         net (fo=1, routed)           0.000    32.489    Cfu/My_relu/p_1_out__62_carry__4_i_9_n_0
    SLICE_X13Y17         CARRY4 (Prop_carry4_CI_CO[3])
                                                      0.114    32.603 r  Cfu/My_relu/p_1_out__62_carry__5_i_9/CO[3]
                         net (fo=1, routed)           0.000    32.603    Cfu/My_relu/p_1_out__62_carry__5_i_9_n_0
    SLICE_X13Y18         CARRY4 (Prop_carry4_CI_O[2])
                                                      0.239    32.842 r  Cfu/My_relu/p_1_out__62_carry__6_i_8/O[2]
                         net (fo=3, routed)           0.667    33.509    Cfu/My_relu/p_1_out__62_carry__6_i_8_n_5
    SLICE_X16Y12         LUT4 (Prop_lut4_I1_O)        0.302    33.811 r  Cfu/My_relu/p_1_out_carry_i_1_comp_1/O
                         net (fo=1, routed)           0.000    33.811    Cfu/My_relu/p_1_out_carry_i_1_n_0
    SLICE_X16Y12         CARRY4 (Prop_carry4_S[0]_CO[3])
                                                      0.532    34.343 r  Cfu/My_relu/p_1_out_carry/CO[3]
                         net (fo=1, routed)           0.000    34.343    Cfu/My_relu/p_1_out_carry_n_0
    SLICE_X16Y13         CARRY4 (Prop_carry4_CI_CO[3])
                                                      0.114    34.457 r  Cfu/My_relu/p_1_out_carry__0/CO[3]
                         net (fo=1, routed)           0.000    34.457    Cfu/My_relu/p_1_out_carry__0_n_0
    SLICE_X16Y14         CARRY4 (Prop_carry4_CI_CO[3])
                                                      0.114    34.571 r  Cfu/My_relu/p_1_out_carry__1/CO[3]
                         net (fo=1, routed)           0.000    34.571    Cfu/My_relu/p_1_out_carry__1_n_0
    SLICE_X16Y15         CARRY4 (Prop_carry4_CI_CO[3])
                                                      0.114    34.685 r  Cfu/My_relu/p_1_out_carry__2/CO[3]
                         net (fo=1, routed)           0.000    34.685    Cfu/My_relu/p_1_out_carry__2_n_0
    SLICE_X16Y16         CARRY4 (Prop_carry4_CI_CO[3])
                                                      0.114    34.799 r  Cfu/My_relu/p_1_out_carry__3/CO[3]
                         net (fo=1, routed)           0.000    34.799    Cfu/My_relu/p_1_out_carry__3_n_0
    SLICE_X16Y17         CARRY4 (Prop_carry4_CI_O[0])
                                                      0.222    35.021 r  Cfu/My_relu/p_1_out_carry__4/O[0]
                         net (fo=2, routed)           0.614    35.636    Cfu/My_relu/threshold[20]
    SLICE_X15Y17         LUT3 (Prop_lut3_I0_O)        0.299    35.935 r  Cfu/My_relu/p_1_out__62_carry__4_i_4/O
                         net (fo=1, routed)           0.000    35.935    Cfu/My_relu/p_1_out__62_carry__4_i_4_n_0
    SLICE_X15Y17         CARRY4 (Prop_carry4_S[0]_CO[3])
                                                      0.532    36.467 r  Cfu/My_relu/p_1_out__62_carry__4/CO[3]
                         net (fo=1, routed)           0.000    36.467    Cfu/My_relu/p_1_out__62_carry__4_n_0
    SLICE_X15Y18         CARRY4 (Prop_carry4_CI_CO[3])
                                                      0.114    36.581 r  Cfu/My_relu/p_1_out__62_carry__5/CO[3]
                         net (fo=1, routed)           0.000    36.581    Cfu/My_relu/p_1_out__62_carry__5_n_0
    SLICE_X15Y19         CARRY4 (Prop_carry4_CI_CO[3])
                                                      0.114    36.695 r  Cfu/My_relu/p_1_out__62_carry__6/CO[3]
                         net (fo=1, routed)           0.000    36.695    Cfu/My_relu/p_1_out__62_carry__6_n_0
    SLICE_X15Y20         CARRY4 (Prop_carry4_CI_O[0])
                                                      0.222    36.917 r  Cfu/My_relu/p_1_out__62_carry__7/O[0]
                         net (fo=1, routed)           0.481    37.398    Cfu/My_relu/p_1_out[32]
    SLICE_X17Y21         CARRY4 (Prop_carry4_CYINIT_CO[3])
                                                      0.755    38.153 r  Cfu/My_relu/clamped_output2_carry/CO[3]
                         net (fo=1, routed)           0.000    38.153    Cfu/My_relu/clamped_output2_carry_n_0
    SLICE_X17Y22         CARRY4 (Prop_carry4_CI_CO[3])
                                                      0.114    38.267 r  Cfu/My_relu/clamped_output2_carry__0/CO[3]
                         net (fo=1, routed)           0.000    38.267    Cfu/My_relu/clamped_output2_carry__0_n_0
    SLICE_X17Y23         CARRY4 (Prop_carry4_CI_CO[3])
                                                      0.114    38.381 r  Cfu/My_relu/clamped_output2_carry__1/CO[3]
                         net (fo=1, routed)           0.000    38.381    Cfu/My_relu/clamped_output2_carry__1_n_0
    SLICE_X17Y24         CARRY4 (Prop_carry4_CI_CO[3])
                                                      0.114    38.495 r  Cfu/My_relu/clamped_output2_carry__2/CO[3]
                         net (fo=1, routed)           0.009    38.504    Cfu/My_relu/clamped_output2_carry__2_n_0
    SLICE_X17Y25         CARRY4 (Prop_carry4_CI_CO[3])
                                                      0.114    38.618 r  Cfu/My_relu/clamped_output2_carry__3/CO[3]
                         net (fo=1, routed)           0.000    38.618    Cfu/My_relu/clamped_output2_carry__3_n_0
    SLICE_X17Y26         CARRY4 (Prop_carry4_CI_CO[3])
                                                      0.114    38.732 r  Cfu/My_relu/clamped_output2_carry__4/CO[3]
                         net (fo=1, routed)           0.000    38.732    Cfu/My_relu/clamped_output2_carry__4_n_0
    SLICE_X17Y27         CARRY4 (Prop_carry4_CI_O[3])
                                                      0.313    39.045 r  Cfu/My_relu/clamped_output2_carry__5/O[3]
                         net (fo=5, routed)           0.659    39.704    Cfu/My_relu/unclamped[27]
    SLICE_X19Y27         LUT4 (Prop_lut4_I0_O)        0.306    40.010 r  Cfu/My_relu/clamped_output1_carry__2_i_7/O
                         net (fo=1, routed)           0.000    40.010    Cfu/My_relu/clamped_output1_carry__2_i_7_n_0
    SLICE_X19Y27         CARRY4 (Prop_carry4_S[1]_CO[3])
                                                      0.550    40.560 r  Cfu/My_relu/clamped_output1_carry__2/CO[3]
                         net (fo=32, routed)          1.006    41.565    Cfu/My_relu/clamped_output1
    SLICE_X20Y27         LUT6 (Prop_lut6_I1_O)        0.124    41.689 r  Cfu/My_relu/rsp_payload_outputs_0[14]_i_3/O
                         net (fo=1, routed)           0.300    41.989    Cfu/gbuff_C/rsp_payload_outputs_0_reg[14]
    SLICE_X20Y28         LUT4 (Prop_lut4_I3_O)        0.124    42.113 r  Cfu/gbuff_C/rsp_payload_outputs_0[14]_i_1/O
                         net (fo=1, routed)           0.000    42.113    Cfu/gbuff_C_n_271
    SLICE_X20Y28         FDRE                                         r  Cfu/rsp_payload_outputs_0_reg[14]/D
  -------------------------------------------------------------------    -------------------

                         (clock soc_crg_clkout0 rise edge)
                                                     13.333    13.333 r  
    E3                                                0.000    13.333 r  clk100 (IN)
                         net (fo=0)                   0.000    13.333    clk100
    E3                   IBUF (Prop_ibuf_I_O)         1.411    14.745 r  clk100_IBUF_inst/O
                         net (fo=1, routed)           1.920    16.665    clk100_IBUF
    BUFGCTRL_X0Y16       BUFG (Prop_bufg_I_O)         0.091    16.756 r  clk100_IBUF_BUFG_inst/O
                         net (fo=1, routed)           2.027    18.782    clk100_IBUF_BUFG
    SLICE_X60Y15         LUT1 (Prop_lut1_I0_O)        0.100    18.882 r  clk100_inst/O
                         net (fo=9, routed)           1.676    20.559    soc_crg_clkin
    MMCME2_ADV_X0Y0      MMCME2_ADV (Prop_mmcme2_adv_CLKIN1_CLKOUT0)
                                                      0.083    20.642 r  MMCME2_ADV/CLKOUT0
                         net (fo=1, routed)           1.923    22.565    soc_crg_clkout0
    BUFGCTRL_X0Y0        BUFG (Prop_bufg_I_O)         0.091    22.656 r  BUFG/O
                         net (fo=11569, routed)       1.674    24.330    Cfu/out
    SLICE_X20Y28         FDRE                                         r  Cfu/rsp_payload_outputs_0_reg[14]/C
                         clock pessimism              0.895    25.225    
                         clock uncertainty           -0.070    25.155    
    SLICE_X20Y28         FDRE (Setup_fdre_C_D)        0.031    25.186    Cfu/rsp_payload_outputs_0_reg[14]
  -------------------------------------------------------------------
                         required time                         25.186    
                         arrival time                         -42.113    
  -------------------------------------------------------------------
                         slack                                -16.927    

Slack (VIOLATED) :        -16.923ns  (required time - arrival time)
  Source:                 Cfu/relu_input_offset_reg[8]/C
                            (rising edge-triggered cell FDRE clocked by soc_crg_clkout0  {rise@0.000ns fall@6.667ns period=13.333ns})
  Destination:            Cfu/rsp_payload_outputs_0_reg[3]/D
                            (rising edge-triggered cell FDRE clocked by soc_crg_clkout0  {rise@0.000ns fall@6.667ns period=13.333ns})
  Path Group:             soc_crg_clkout0
  Path Type:              Setup (Max at Slow Process Corner)
  Requirement:            13.333ns  (soc_crg_clkout0 rise@13.333ns - soc_crg_clkout0 rise@0.000ns)
  Data Path Delay:        30.158ns  (logic 19.573ns (64.901%)  route 10.585ns (35.099%))
  Logic Levels:           67  (CARRY4=53 DSP48E1=2 LUT2=3 LUT3=2 LUT4=3 LUT5=2 LUT6=2)
  Clock Path Skew:        -0.059ns (DCD - SCD + CPR)
    Destination Clock Delay (DCD):    10.994ns = ( 24.327 - 13.333 ) 
    Source Clock Delay      (SCD):    11.948ns
    Clock Pessimism Removal (CPR):    0.895ns
  Clock Uncertainty:      0.070ns  ((TSJ^2 + DJ^2)^1/2) / 2 + PE
    Total System Jitter     (TSJ):    0.071ns
    Discrete Jitter          (DJ):    0.121ns
    Phase Error              (PE):    0.000ns

    Location             Delay type                Incr(ns)  Path(ns)    Netlist Resource(s)
  -------------------------------------------------------------------    -------------------
                         (clock soc_crg_clkout0 rise edge)
                                                      0.000     0.000 r  
    E3                                                0.000     0.000 r  clk100 (IN)
                         net (fo=0)                   0.000     0.000    clk100
    E3                   IBUF (Prop_ibuf_I_O)         1.482     1.482 r  clk100_IBUF_inst/O
                         net (fo=1, routed)           2.025     3.506    clk100_IBUF
    BUFGCTRL_X0Y16       BUFG (Prop_bufg_I_O)         0.096     3.602 r  clk100_IBUF_BUFG_inst/O
                         net (fo=1, routed)           2.245     5.847    clk100_IBUF_BUFG
    SLICE_X60Y15         LUT1 (Prop_lut1_I0_O)        0.124     5.971 r  clk100_inst/O
                         net (fo=9, routed)           1.955     7.927    soc_crg_clkin
    MMCME2_ADV_X0Y0      MMCME2_ADV (Prop_mmcme2_adv_CLKIN1_CLKOUT0)
                                                      0.088     8.015 r  MMCME2_ADV/CLKOUT0
                         net (fo=1, routed)           2.018    10.033    soc_crg_clkout0
    BUFGCTRL_X0Y0        BUFG (Prop_bufg_I_O)         0.096    10.129 r  BUFG/O
                         net (fo=11569, routed)       1.818    11.948    Cfu/out
    SLICE_X14Y6          FDRE                                         r  Cfu/relu_input_offset_reg[8]/C
  -------------------------------------------------------------------    -------------------
    SLICE_X14Y6          FDRE (Prop_fdre_C_Q)         0.518    12.466 r  Cfu/relu_input_offset_reg[8]/Q
                         net (fo=1, routed)           0.710    13.176    Cfu/My_relu/val_carry__6_0[8]
    SLICE_X14Y6          LUT2 (Prop_lut2_I1_O)        0.124    13.300 r  Cfu/My_relu/val_carry__1_i_4/O
                         net (fo=1, routed)           0.000    13.300    Cfu/My_relu/val_carry__1_i_4_n_0
    SLICE_X14Y6          CARRY4 (Prop_carry4_S[0]_CO[3])
                                                      0.513    13.813 r  Cfu/My_relu/val_carry__1/CO[3]
                         net (fo=1, routed)           0.000    13.813    Cfu/My_relu/val_carry__1_n_0
    SLICE_X14Y7          CARRY4 (Prop_carry4_CI_CO[3])
                                                      0.117    13.930 r  Cfu/My_relu/val_carry__2/CO[3]
                         net (fo=1, routed)           0.000    13.930    Cfu/My_relu/val_carry__2_n_0
    SLICE_X14Y8          CARRY4 (Prop_carry4_CI_CO[3])
                                                      0.117    14.047 r  Cfu/My_relu/val_carry__3/CO[3]
                         net (fo=1, routed)           0.000    14.047    Cfu/My_relu/val_carry__3_n_0
    SLICE_X14Y9          CARRY4 (Prop_carry4_CI_CO[3])
                                                      0.117    14.164 r  Cfu/My_relu/val_carry__4/CO[3]
                         net (fo=1, routed)           0.000    14.164    Cfu/My_relu/val_carry__4_n_0
    SLICE_X14Y10         CARRY4 (Prop_carry4_CI_CO[3])
                                                      0.117    14.281 r  Cfu/My_relu/val_carry__5/CO[3]
                         net (fo=1, routed)           0.000    14.281    Cfu/My_relu/val_carry__5_n_0
    SLICE_X14Y11         CARRY4 (Prop_carry4_CI_O[3])
                                                      0.315    14.596 r  Cfu/My_relu/val_carry__6/O[3]
                         net (fo=112, routed)         0.769    15.365    Cfu/My_relu/p_0_in
    SLICE_X15Y11         LUT3 (Prop_lut3_I1_O)        0.307    15.672 r  Cfu/My_relu/clamped_output8_carry_i_8/O
                         net (fo=73, routed)          0.938    16.610    Cfu/My_relu/clamped_output8_carry_i_8_n_0
    SLICE_X15Y9          LUT6 (Prop_lut6_I1_O)        0.124    16.734 f  Cfu/My_relu/high_mul_result5__1_i_41/O
                         net (fo=4, routed)           0.617    17.351    Cfu/My_relu/high_mul_result5__1_i_41_n_0
    SLICE_X12Y8          LUT5 (Prop_lut5_I0_O)        0.124    17.475 f  Cfu/My_relu/high_mul_result5__1_i_21/O
                         net (fo=2, routed)           0.799    18.274    Cfu/My_relu/high_mul_result5__1_i_21_n_0
    SLICE_X12Y13         LUT5 (Prop_lut5_I2_O)        0.124    18.398 r  Cfu/My_relu/high_mul_result5__1_i_4/O
                         net (fo=3, routed)           0.428    18.826    Cfu/My_relu/val_shift[13]
    DSP48_X0Y4           DSP48E1 (Prop_dsp48e1_A[13]_PCOUT[47])
                                                      4.036    22.862 r  Cfu/My_relu/high_mul_result5__1/PCOUT[47]
                         net (fo=1, routed)           0.002    22.864    Cfu/My_relu/high_mul_result5__1_n_106
    DSP48_X0Y5           DSP48E1 (Prop_dsp48e1_PCIN[47]_P[0])
                                                      1.518    24.382 r  Cfu/My_relu/high_mul_result5__2/P[0]
                         net (fo=2, routed)           0.958    25.340    Cfu/My_relu/p_1_in[17]
    SLICE_X11Y6          LUT2 (Prop_lut2_I0_O)        0.124    25.464 r  Cfu/My_relu/high_mul_result5_carry_i_3/O
                         net (fo=1, routed)           0.000    25.464    Cfu/My_relu/high_mul_result5_carry_i_3_n_0
    SLICE_X11Y6          CARRY4 (Prop_carry4_S[1]_CO[3])
                                                      0.550    26.014 r  Cfu/My_relu/high_mul_result5_carry/CO[3]
                         net (fo=1, routed)           0.000    26.014    Cfu/My_relu/high_mul_result5_carry_n_0
    SLICE_X11Y7          CARRY4 (Prop_carry4_CI_CO[3])
                                                      0.114    26.128 r  Cfu/My_relu/high_mul_result5_carry__0/CO[3]
                         net (fo=1, routed)           0.000    26.128    Cfu/My_relu/high_mul_result5_carry__0_n_0
    SLICE_X11Y8          CARRY4 (Prop_carry4_CI_CO[3])
                                                      0.114    26.242 r  Cfu/My_relu/high_mul_result5_carry__1/CO[3]
                         net (fo=1, routed)           0.000    26.242    Cfu/My_relu/high_mul_result5_carry__1_n_0
    SLICE_X11Y9          CARRY4 (Prop_carry4_CI_CO[3])
                                                      0.114    26.356 r  Cfu/My_relu/high_mul_result5_carry__2/CO[3]
                         net (fo=1, routed)           0.000    26.356    Cfu/My_relu/high_mul_result5_carry__2_n_0
    SLICE_X11Y10         CARRY4 (Prop_carry4_CI_CO[3])
                                                      0.114    26.470 r  Cfu/My_relu/high_mul_result5_carry__3/CO[3]
                         net (fo=1, routed)           0.000    26.470    Cfu/My_relu/high_mul_result5_carry__3_n_0
    SLICE_X11Y11         CARRY4 (Prop_carry4_CI_CO[3])
                                                      0.114    26.584 r  Cfu/My_relu/high_mul_result5_carry__4/CO[3]
                         net (fo=1, routed)           0.000    26.584    Cfu/My_relu/high_mul_result5_carry__4_n_0
    SLICE_X11Y12         CARRY4 (Prop_carry4_CI_CO[3])
                                                      0.114    26.698 r  Cfu/My_relu/high_mul_result5_carry__5/CO[3]
                         net (fo=1, routed)           0.000    26.698    Cfu/My_relu/high_mul_result5_carry__5_n_0
    SLICE_X11Y13         CARRY4 (Prop_carry4_CI_CO[3])
                                                      0.114    26.812 r  Cfu/My_relu/high_mul_result5_carry__6/CO[3]
                         net (fo=1, routed)           0.000    26.812    Cfu/My_relu/high_mul_result5_carry__6_n_0
    SLICE_X11Y14         CARRY4 (Prop_carry4_CI_CO[3])
                                                      0.114    26.926 r  Cfu/My_relu/high_mul_result5_carry__7/CO[3]
                         net (fo=1, routed)           0.000    26.926    Cfu/My_relu/high_mul_result5_carry__7_n_0
    SLICE_X11Y15         CARRY4 (Prop_carry4_CI_CO[3])
                                                      0.114    27.040 r  Cfu/My_relu/high_mul_result5_carry__8/CO[3]
                         net (fo=1, routed)           0.000    27.040    Cfu/My_relu/high_mul_result5_carry__8_n_0
    SLICE_X11Y16         CARRY4 (Prop_carry4_CI_CO[3])
                                                      0.114    27.154 r  Cfu/My_relu/high_mul_result5_carry__9/CO[3]
                         net (fo=1, routed)           0.000    27.154    Cfu/My_relu/high_mul_result5_carry__9_n_0
    SLICE_X11Y17         CARRY4 (Prop_carry4_CI_O[3])
                                                      0.313    27.467 r  Cfu/My_relu/high_mul_result5_carry__10/O[3]
                         net (fo=6, routed)           0.906    28.374    Cfu/My_relu/high_mul_result5__3[63]
    SLICE_X10Y2          LUT2 (Prop_lut2_I1_O)        0.306    28.680 r  Cfu/My_relu/high_mul_result4_carry_i_1/O
                         net (fo=1, routed)           0.000    28.680    Cfu/My_relu/high_mul_result4_carry_i_1_n_0
    SLICE_X10Y2          CARRY4 (Prop_carry4_S[0]_CO[3])
                                                      0.513    29.193 r  Cfu/My_relu/high_mul_result4_carry/CO[3]
                         net (fo=1, routed)           0.000    29.193    Cfu/My_relu/high_mul_result4_carry_n_0
    SLICE_X10Y3          CARRY4 (Prop_carry4_CI_CO[3])
                                                      0.117    29.310 r  Cfu/My_relu/high_mul_result4_carry__0/CO[3]
                         net (fo=1, routed)           0.000    29.310    Cfu/My_relu/high_mul_result4_carry__0_n_0
    SLICE_X10Y4          CARRY4 (Prop_carry4_CI_CO[3])
                                                      0.117    29.427 r  Cfu/My_relu/high_mul_result4_carry__1/CO[3]
                         net (fo=1, routed)           0.000    29.427    Cfu/My_relu/high_mul_result4_carry__1_n_0
    SLICE_X10Y5          CARRY4 (Prop_carry4_CI_CO[3])
                                                      0.117    29.544 r  Cfu/My_relu/high_mul_result4_carry__2/CO[3]
                         net (fo=1, routed)           0.000    29.544    Cfu/My_relu/high_mul_result4_carry__2_n_0
    SLICE_X10Y6          CARRY4 (Prop_carry4_CI_CO[3])
                                                      0.117    29.661 r  Cfu/My_relu/high_mul_result4_carry__3/CO[3]
                         net (fo=1, routed)           0.000    29.661    Cfu/My_relu/high_mul_result4_carry__3_n_0
    SLICE_X10Y7          CARRY4 (Prop_carry4_CI_CO[3])
                                                      0.117    29.778 r  Cfu/My_relu/high_mul_result4_carry__4/CO[3]
                         net (fo=1, routed)           0.000    29.778    Cfu/My_relu/high_mul_result4_carry__4_n_0
    SLICE_X10Y8          CARRY4 (Prop_carry4_CI_CO[3])
                                                      0.117    29.895 r  Cfu/My_relu/high_mul_result4_carry__5/CO[3]
                         net (fo=1, routed)           0.000    29.895    Cfu/My_relu/high_mul_result4_carry__5_n_0
    SLICE_X10Y9          CARRY4 (Prop_carry4_CI_CO[3])
                                                      0.117    30.012 r  Cfu/My_relu/high_mul_result4_carry__6/CO[3]
                         net (fo=1, routed)           0.000    30.012    Cfu/My_relu/high_mul_result4_carry__6_n_0
    SLICE_X10Y10         CARRY4 (Prop_carry4_CI_O[1])
                                                      0.323    30.335 r  Cfu/My_relu/high_mul_result4_carry__7/O[1]
                         net (fo=3, routed)           0.729    31.063    Cfu/My_relu/high_mul_result4_carry__7_n_6
    SLICE_X13Y11         CARRY4 (Prop_carry4_S[1]_CO[3])
                                                      0.856    31.919 r  Cfu/My_relu/p_1_out__62_carry_i_7/CO[3]
                         net (fo=1, routed)           0.000    31.919    Cfu/My_relu/p_1_out__62_carry_i_7_n_0
    SLICE_X13Y12         CARRY4 (Prop_carry4_CI_CO[3])
                                                      0.114    32.033 r  Cfu/My_relu/p_1_out__62_carry__1_i_6/CO[3]
                         net (fo=1, routed)           0.000    32.033    Cfu/My_relu/p_1_out__62_carry__1_i_6_n_0
    SLICE_X13Y13         CARRY4 (Prop_carry4_CI_CO[3])
                                                      0.114    32.147 r  Cfu/My_relu/p_1_out__62_carry__1_i_5/CO[3]
                         net (fo=1, routed)           0.000    32.147    Cfu/My_relu/p_1_out__62_carry__1_i_5_n_0
    SLICE_X13Y14         CARRY4 (Prop_carry4_CI_CO[3])
                                                      0.114    32.261 r  Cfu/My_relu/p_1_out__62_carry__2_i_6/CO[3]
                         net (fo=1, routed)           0.000    32.261    Cfu/My_relu/p_1_out__62_carry__2_i_6_n_0
    SLICE_X13Y15         CARRY4 (Prop_carry4_CI_CO[3])
                                                      0.114    32.375 r  Cfu/My_relu/p_1_out__62_carry__3_i_9/CO[3]
                         net (fo=1, routed)           0.000    32.375    Cfu/My_relu/p_1_out__62_carry__3_i_9_n_0
    SLICE_X13Y16         CARRY4 (Prop_carry4_CI_CO[3])
                                                      0.114    32.489 r  Cfu/My_relu/p_1_out__62_carry__4_i_9/CO[3]
                         net (fo=1, routed)           0.000    32.489    Cfu/My_relu/p_1_out__62_carry__4_i_9_n_0
    SLICE_X13Y17         CARRY4 (Prop_carry4_CI_CO[3])
                                                      0.114    32.603 r  Cfu/My_relu/p_1_out__62_carry__5_i_9/CO[3]
                         net (fo=1, routed)           0.000    32.603    Cfu/My_relu/p_1_out__62_carry__5_i_9_n_0
    SLICE_X13Y18         CARRY4 (Prop_carry4_CI_O[2])
                                                      0.239    32.842 r  Cfu/My_relu/p_1_out__62_carry__6_i_8/O[2]
                         net (fo=3, routed)           0.667    33.509    Cfu/My_relu/p_1_out__62_carry__6_i_8_n_5
    SLICE_X16Y12         LUT4 (Prop_lut4_I1_O)        0.302    33.811 r  Cfu/My_relu/p_1_out_carry_i_1_comp_1/O
                         net (fo=1, routed)           0.000    33.811    Cfu/My_relu/p_1_out_carry_i_1_n_0
    SLICE_X16Y12         CARRY4 (Prop_carry4_S[0]_CO[3])
                                                      0.532    34.343 r  Cfu/My_relu/p_1_out_carry/CO[3]
                         net (fo=1, routed)           0.000    34.343    Cfu/My_relu/p_1_out_carry_n_0
    SLICE_X16Y13         CARRY4 (Prop_carry4_CI_CO[3])
                                                      0.114    34.457 r  Cfu/My_relu/p_1_out_carry__0/CO[3]
                         net (fo=1, routed)           0.000    34.457    Cfu/My_relu/p_1_out_carry__0_n_0
    SLICE_X16Y14         CARRY4 (Prop_carry4_CI_CO[3])
                                                      0.114    34.571 r  Cfu/My_relu/p_1_out_carry__1/CO[3]
                         net (fo=1, routed)           0.000    34.571    Cfu/My_relu/p_1_out_carry__1_n_0
    SLICE_X16Y15         CARRY4 (Prop_carry4_CI_CO[3])
                                                      0.114    34.685 r  Cfu/My_relu/p_1_out_carry__2/CO[3]
                         net (fo=1, routed)           0.000    34.685    Cfu/My_relu/p_1_out_carry__2_n_0
    SLICE_X16Y16         CARRY4 (Prop_carry4_CI_CO[3])
                                                      0.114    34.799 r  Cfu/My_relu/p_1_out_carry__3/CO[3]
                         net (fo=1, routed)           0.000    34.799    Cfu/My_relu/p_1_out_carry__3_n_0
    SLICE_X16Y17         CARRY4 (Prop_carry4_CI_O[0])
                                                      0.222    35.021 r  Cfu/My_relu/p_1_out_carry__4/O[0]
                         net (fo=2, routed)           0.614    35.636    Cfu/My_relu/threshold[20]
    SLICE_X15Y17         LUT3 (Prop_lut3_I0_O)        0.299    35.935 r  Cfu/My_relu/p_1_out__62_carry__4_i_4/O
                         net (fo=1, routed)           0.000    35.935    Cfu/My_relu/p_1_out__62_carry__4_i_4_n_0
    SLICE_X15Y17         CARRY4 (Prop_carry4_S[0]_CO[3])
                                                      0.532    36.467 r  Cfu/My_relu/p_1_out__62_carry__4/CO[3]
                         net (fo=1, routed)           0.000    36.467    Cfu/My_relu/p_1_out__62_carry__4_n_0
    SLICE_X15Y18         CARRY4 (Prop_carry4_CI_CO[3])
                                                      0.114    36.581 r  Cfu/My_relu/p_1_out__62_carry__5/CO[3]
                         net (fo=1, routed)           0.000    36.581    Cfu/My_relu/p_1_out__62_carry__5_n_0
    SLICE_X15Y19         CARRY4 (Prop_carry4_CI_CO[3])
                                                      0.114    36.695 r  Cfu/My_relu/p_1_out__62_carry__6/CO[3]
                         net (fo=1, routed)           0.000    36.695    Cfu/My_relu/p_1_out__62_carry__6_n_0
    SLICE_X15Y20         CARRY4 (Prop_carry4_CI_O[0])
                                                      0.222    36.917 r  Cfu/My_relu/p_1_out__62_carry__7/O[0]
                         net (fo=1, routed)           0.481    37.398    Cfu/My_relu/p_1_out[32]
    SLICE_X17Y21         CARRY4 (Prop_carry4_CYINIT_CO[3])
                                                      0.755    38.153 r  Cfu/My_relu/clamped_output2_carry/CO[3]
                         net (fo=1, routed)           0.000    38.153    Cfu/My_relu/clamped_output2_carry_n_0
    SLICE_X17Y22         CARRY4 (Prop_carry4_CI_CO[3])
                                                      0.114    38.267 r  Cfu/My_relu/clamped_output2_carry__0/CO[3]
                         net (fo=1, routed)           0.000    38.267    Cfu/My_relu/clamped_output2_carry__0_n_0
    SLICE_X17Y23         CARRY4 (Prop_carry4_CI_CO[3])
                                                      0.114    38.381 r  Cfu/My_relu/clamped_output2_carry__1/CO[3]
                         net (fo=1, routed)           0.000    38.381    Cfu/My_relu/clamped_output2_carry__1_n_0
    SLICE_X17Y24         CARRY4 (Prop_carry4_CI_CO[3])
                                                      0.114    38.495 r  Cfu/My_relu/clamped_output2_carry__2/CO[3]
                         net (fo=1, routed)           0.009    38.504    Cfu/My_relu/clamped_output2_carry__2_n_0
    SLICE_X17Y25         CARRY4 (Prop_carry4_CI_CO[3])
                                                      0.114    38.618 r  Cfu/My_relu/clamped_output2_carry__3/CO[3]
                         net (fo=1, routed)           0.000    38.618    Cfu/My_relu/clamped_output2_carry__3_n_0
    SLICE_X17Y26         CARRY4 (Prop_carry4_CI_CO[3])
                                                      0.114    38.732 r  Cfu/My_relu/clamped_output2_carry__4/CO[3]
                         net (fo=1, routed)           0.000    38.732    Cfu/My_relu/clamped_output2_carry__4_n_0
    SLICE_X17Y27         CARRY4 (Prop_carry4_CI_O[3])
                                                      0.313    39.045 r  Cfu/My_relu/clamped_output2_carry__5/O[3]
                         net (fo=5, routed)           0.659    39.704    Cfu/My_relu/unclamped[27]
    SLICE_X19Y27         LUT4 (Prop_lut4_I0_O)        0.306    40.010 r  Cfu/My_relu/clamped_output1_carry__2_i_7/O
                         net (fo=1, routed)           0.000    40.010    Cfu/My_relu/clamped_output1_carry__2_i_7_n_0
    SLICE_X19Y27         CARRY4 (Prop_carry4_S[1]_CO[3])
                                                      0.550    40.560 r  Cfu/My_relu/clamped_output1_carry__2/CO[3]
                         net (fo=32, routed)          0.999    41.558    Cfu/My_relu/clamped_output1
    SLICE_X21Y27         LUT6 (Prop_lut6_I1_O)        0.124    41.682 r  Cfu/My_relu/rsp_payload_outputs_0[3]_i_3/O
                         net (fo=1, routed)           0.300    41.982    Cfu/gbuff_C/rsp_payload_outputs_0_reg[3]
    SLICE_X20Y26         LUT4 (Prop_lut4_I3_O)        0.124    42.106 r  Cfu/gbuff_C/rsp_payload_outputs_0[3]_i_1/O
                         net (fo=1, routed)           0.000    42.106    Cfu/gbuff_C_n_282
    SLICE_X20Y26         FDRE                                         r  Cfu/rsp_payload_outputs_0_reg[3]/D
  -------------------------------------------------------------------    -------------------

                         (clock soc_crg_clkout0 rise edge)
                                                     13.333    13.333 r  
    E3                                                0.000    13.333 r  clk100 (IN)
                         net (fo=0)                   0.000    13.333    clk100
    E3                   IBUF (Prop_ibuf_I_O)         1.411    14.745 r  clk100_IBUF_inst/O
                         net (fo=1, routed)           1.920    16.665    clk100_IBUF
    BUFGCTRL_X0Y16       BUFG (Prop_bufg_I_O)         0.091    16.756 r  clk100_IBUF_BUFG_inst/O
                         net (fo=1, routed)           2.027    18.782    clk100_IBUF_BUFG
    SLICE_X60Y15         LUT1 (Prop_lut1_I0_O)        0.100    18.882 r  clk100_inst/O
                         net (fo=9, routed)           1.676    20.559    soc_crg_clkin
    MMCME2_ADV_X0Y0      MMCME2_ADV (Prop_mmcme2_adv_CLKIN1_CLKOUT0)
                                                      0.083    20.642 r  MMCME2_ADV/CLKOUT0
                         net (fo=1, routed)           1.923    22.565    soc_crg_clkout0
    BUFGCTRL_X0Y0        BUFG (Prop_bufg_I_O)         0.091    22.656 r  BUFG/O
                         net (fo=11569, routed)       1.671    24.327    Cfu/out
    SLICE_X20Y26         FDRE                                         r  Cfu/rsp_payload_outputs_0_reg[3]/C
                         clock pessimism              0.895    25.222    
                         clock uncertainty           -0.070    25.152    
    SLICE_X20Y26         FDRE (Setup_fdre_C_D)        0.031    25.183    Cfu/rsp_payload_outputs_0_reg[3]
  -------------------------------------------------------------------
                         required time                         25.183    
                         arrival time                         -42.106    
  -------------------------------------------------------------------
                         slack                                -16.923    

Slack (VIOLATED) :        -16.922ns  (required time - arrival time)
  Source:                 Cfu/relu_input_offset_reg[8]/C
                            (rising edge-triggered cell FDRE clocked by soc_crg_clkout0  {rise@0.000ns fall@6.667ns period=13.333ns})
  Destination:            Cfu/rsp_payload_outputs_0_reg[16]/D
                            (rising edge-triggered cell FDRE clocked by soc_crg_clkout0  {rise@0.000ns fall@6.667ns period=13.333ns})
  Path Group:             soc_crg_clkout0
  Path Type:              Setup (Max at Slow Process Corner)
  Requirement:            13.333ns  (soc_crg_clkout0 rise@13.333ns - soc_crg_clkout0 rise@0.000ns)
  Data Path Delay:        30.156ns  (logic 19.573ns (64.906%)  route 10.583ns (35.094%))
  Logic Levels:           67  (CARRY4=53 DSP48E1=2 LUT2=3 LUT3=2 LUT4=3 LUT5=2 LUT6=2)
  Clock Path Skew:        -0.059ns (DCD - SCD + CPR)
    Destination Clock Delay (DCD):    10.994ns = ( 24.327 - 13.333 ) 
    Source Clock Delay      (SCD):    11.948ns
    Clock Pessimism Removal (CPR):    0.895ns
  Clock Uncertainty:      0.070ns  ((TSJ^2 + DJ^2)^1/2) / 2 + PE
    Total System Jitter     (TSJ):    0.071ns
    Discrete Jitter          (DJ):    0.121ns
    Phase Error              (PE):    0.000ns

    Location             Delay type                Incr(ns)  Path(ns)    Netlist Resource(s)
  -------------------------------------------------------------------    -------------------
                         (clock soc_crg_clkout0 rise edge)
                                                      0.000     0.000 r  
    E3                                                0.000     0.000 r  clk100 (IN)
                         net (fo=0)                   0.000     0.000    clk100
    E3                   IBUF (Prop_ibuf_I_O)         1.482     1.482 r  clk100_IBUF_inst/O
                         net (fo=1, routed)           2.025     3.506    clk100_IBUF
    BUFGCTRL_X0Y16       BUFG (Prop_bufg_I_O)         0.096     3.602 r  clk100_IBUF_BUFG_inst/O
                         net (fo=1, routed)           2.245     5.847    clk100_IBUF_BUFG
    SLICE_X60Y15         LUT1 (Prop_lut1_I0_O)        0.124     5.971 r  clk100_inst/O
                         net (fo=9, routed)           1.955     7.927    soc_crg_clkin
    MMCME2_ADV_X0Y0      MMCME2_ADV (Prop_mmcme2_adv_CLKIN1_CLKOUT0)
                                                      0.088     8.015 r  MMCME2_ADV/CLKOUT0
                         net (fo=1, routed)           2.018    10.033    soc_crg_clkout0
    BUFGCTRL_X0Y0        BUFG (Prop_bufg_I_O)         0.096    10.129 r  BUFG/O
                         net (fo=11569, routed)       1.818    11.948    Cfu/out
    SLICE_X14Y6          FDRE                                         r  Cfu/relu_input_offset_reg[8]/C
  -------------------------------------------------------------------    -------------------
    SLICE_X14Y6          FDRE (Prop_fdre_C_Q)         0.518    12.466 r  Cfu/relu_input_offset_reg[8]/Q
                         net (fo=1, routed)           0.710    13.176    Cfu/My_relu/val_carry__6_0[8]
    SLICE_X14Y6          LUT2 (Prop_lut2_I1_O)        0.124    13.300 r  Cfu/My_relu/val_carry__1_i_4/O
                         net (fo=1, routed)           0.000    13.300    Cfu/My_relu/val_carry__1_i_4_n_0
    SLICE_X14Y6          CARRY4 (Prop_carry4_S[0]_CO[3])
                                                      0.513    13.813 r  Cfu/My_relu/val_carry__1/CO[3]
                         net (fo=1, routed)           0.000    13.813    Cfu/My_relu/val_carry__1_n_0
    SLICE_X14Y7          CARRY4 (Prop_carry4_CI_CO[3])
                                                      0.117    13.930 r  Cfu/My_relu/val_carry__2/CO[3]
                         net (fo=1, routed)           0.000    13.930    Cfu/My_relu/val_carry__2_n_0
    SLICE_X14Y8          CARRY4 (Prop_carry4_CI_CO[3])
                                                      0.117    14.047 r  Cfu/My_relu/val_carry__3/CO[3]
                         net (fo=1, routed)           0.000    14.047    Cfu/My_relu/val_carry__3_n_0
    SLICE_X14Y9          CARRY4 (Prop_carry4_CI_CO[3])
                                                      0.117    14.164 r  Cfu/My_relu/val_carry__4/CO[3]
                         net (fo=1, routed)           0.000    14.164    Cfu/My_relu/val_carry__4_n_0
    SLICE_X14Y10         CARRY4 (Prop_carry4_CI_CO[3])
                                                      0.117    14.281 r  Cfu/My_relu/val_carry__5/CO[3]
                         net (fo=1, routed)           0.000    14.281    Cfu/My_relu/val_carry__5_n_0
    SLICE_X14Y11         CARRY4 (Prop_carry4_CI_O[3])
                                                      0.315    14.596 r  Cfu/My_relu/val_carry__6/O[3]
                         net (fo=112, routed)         0.769    15.365    Cfu/My_relu/p_0_in
    SLICE_X15Y11         LUT3 (Prop_lut3_I1_O)        0.307    15.672 r  Cfu/My_relu/clamped_output8_carry_i_8/O
                         net (fo=73, routed)          0.938    16.610    Cfu/My_relu/clamped_output8_carry_i_8_n_0
    SLICE_X15Y9          LUT6 (Prop_lut6_I1_O)        0.124    16.734 f  Cfu/My_relu/high_mul_result5__1_i_41/O
                         net (fo=4, routed)           0.617    17.351    Cfu/My_relu/high_mul_result5__1_i_41_n_0
    SLICE_X12Y8          LUT5 (Prop_lut5_I0_O)        0.124    17.475 f  Cfu/My_relu/high_mul_result5__1_i_21/O
                         net (fo=2, routed)           0.799    18.274    Cfu/My_relu/high_mul_result5__1_i_21_n_0
    SLICE_X12Y13         LUT5 (Prop_lut5_I2_O)        0.124    18.398 r  Cfu/My_relu/high_mul_result5__1_i_4/O
                         net (fo=3, routed)           0.428    18.826    Cfu/My_relu/val_shift[13]
    DSP48_X0Y4           DSP48E1 (Prop_dsp48e1_A[13]_PCOUT[47])
                                                      4.036    22.862 r  Cfu/My_relu/high_mul_result5__1/PCOUT[47]
                         net (fo=1, routed)           0.002    22.864    Cfu/My_relu/high_mul_result5__1_n_106
    DSP48_X0Y5           DSP48E1 (Prop_dsp48e1_PCIN[47]_P[0])
                                                      1.518    24.382 r  Cfu/My_relu/high_mul_result5__2/P[0]
                         net (fo=2, routed)           0.958    25.340    Cfu/My_relu/p_1_in[17]
    SLICE_X11Y6          LUT2 (Prop_lut2_I0_O)        0.124    25.464 r  Cfu/My_relu/high_mul_result5_carry_i_3/O
                         net (fo=1, routed)           0.000    25.464    Cfu/My_relu/high_mul_result5_carry_i_3_n_0
    SLICE_X11Y6          CARRY4 (Prop_carry4_S[1]_CO[3])
                                                      0.550    26.014 r  Cfu/My_relu/high_mul_result5_carry/CO[3]
                         net (fo=1, routed)           0.000    26.014    Cfu/My_relu/high_mul_result5_carry_n_0
    SLICE_X11Y7          CARRY4 (Prop_carry4_CI_CO[3])
                                                      0.114    26.128 r  Cfu/My_relu/high_mul_result5_carry__0/CO[3]
                         net (fo=1, routed)           0.000    26.128    Cfu/My_relu/high_mul_result5_carry__0_n_0
    SLICE_X11Y8          CARRY4 (Prop_carry4_CI_CO[3])
                                                      0.114    26.242 r  Cfu/My_relu/high_mul_result5_carry__1/CO[3]
                         net (fo=1, routed)           0.000    26.242    Cfu/My_relu/high_mul_result5_carry__1_n_0
    SLICE_X11Y9          CARRY4 (Prop_carry4_CI_CO[3])
                                                      0.114    26.356 r  Cfu/My_relu/high_mul_result5_carry__2/CO[3]
                         net (fo=1, routed)           0.000    26.356    Cfu/My_relu/high_mul_result5_carry__2_n_0
    SLICE_X11Y10         CARRY4 (Prop_carry4_CI_CO[3])
                                                      0.114    26.470 r  Cfu/My_relu/high_mul_result5_carry__3/CO[3]
                         net (fo=1, routed)           0.000    26.470    Cfu/My_relu/high_mul_result5_carry__3_n_0
    SLICE_X11Y11         CARRY4 (Prop_carry4_CI_CO[3])
                                                      0.114    26.584 r  Cfu/My_relu/high_mul_result5_carry__4/CO[3]
                         net (fo=1, routed)           0.000    26.584    Cfu/My_relu/high_mul_result5_carry__4_n_0
    SLICE_X11Y12         CARRY4 (Prop_carry4_CI_CO[3])
                                                      0.114    26.698 r  Cfu/My_relu/high_mul_result5_carry__5/CO[3]
                         net (fo=1, routed)           0.000    26.698    Cfu/My_relu/high_mul_result5_carry__5_n_0
    SLICE_X11Y13         CARRY4 (Prop_carry4_CI_CO[3])
                                                      0.114    26.812 r  Cfu/My_relu/high_mul_result5_carry__6/CO[3]
                         net (fo=1, routed)           0.000    26.812    Cfu/My_relu/high_mul_result5_carry__6_n_0
    SLICE_X11Y14         CARRY4 (Prop_carry4_CI_CO[3])
                                                      0.114    26.926 r  Cfu/My_relu/high_mul_result5_carry__7/CO[3]
                         net (fo=1, routed)           0.000    26.926    Cfu/My_relu/high_mul_result5_carry__7_n_0
    SLICE_X11Y15         CARRY4 (Prop_carry4_CI_CO[3])
                                                      0.114    27.040 r  Cfu/My_relu/high_mul_result5_carry__8/CO[3]
                         net (fo=1, routed)           0.000    27.040    Cfu/My_relu/high_mul_result5_carry__8_n_0
    SLICE_X11Y16         CARRY4 (Prop_carry4_CI_CO[3])
                                                      0.114    27.154 r  Cfu/My_relu/high_mul_result5_carry__9/CO[3]
                         net (fo=1, routed)           0.000    27.154    Cfu/My_relu/high_mul_result5_carry__9_n_0
    SLICE_X11Y17         CARRY4 (Prop_carry4_CI_O[3])
                                                      0.313    27.467 r  Cfu/My_relu/high_mul_result5_carry__10/O[3]
                         net (fo=6, routed)           0.906    28.374    Cfu/My_relu/high_mul_result5__3[63]
    SLICE_X10Y2          LUT2 (Prop_lut2_I1_O)        0.306    28.680 r  Cfu/My_relu/high_mul_result4_carry_i_1/O
                         net (fo=1, routed)           0.000    28.680    Cfu/My_relu/high_mul_result4_carry_i_1_n_0
    SLICE_X10Y2          CARRY4 (Prop_carry4_S[0]_CO[3])
                                                      0.513    29.193 r  Cfu/My_relu/high_mul_result4_carry/CO[3]
                         net (fo=1, routed)           0.000    29.193    Cfu/My_relu/high_mul_result4_carry_n_0
    SLICE_X10Y3          CARRY4 (Prop_carry4_CI_CO[3])
                                                      0.117    29.310 r  Cfu/My_relu/high_mul_result4_carry__0/CO[3]
                         net (fo=1, routed)           0.000    29.310    Cfu/My_relu/high_mul_result4_carry__0_n_0
    SLICE_X10Y4          CARRY4 (Prop_carry4_CI_CO[3])
                                                      0.117    29.427 r  Cfu/My_relu/high_mul_result4_carry__1/CO[3]
                         net (fo=1, routed)           0.000    29.427    Cfu/My_relu/high_mul_result4_carry__1_n_0
    SLICE_X10Y5          CARRY4 (Prop_carry4_CI_CO[3])
                                                      0.117    29.544 r  Cfu/My_relu/high_mul_result4_carry__2/CO[3]
                         net (fo=1, routed)           0.000    29.544    Cfu/My_relu/high_mul_result4_carry__2_n_0
    SLICE_X10Y6          CARRY4 (Prop_carry4_CI_CO[3])
                                                      0.117    29.661 r  Cfu/My_relu/high_mul_result4_carry__3/CO[3]
                         net (fo=1, routed)           0.000    29.661    Cfu/My_relu/high_mul_result4_carry__3_n_0
    SLICE_X10Y7          CARRY4 (Prop_carry4_CI_CO[3])
                                                      0.117    29.778 r  Cfu/My_relu/high_mul_result4_carry__4/CO[3]
                         net (fo=1, routed)           0.000    29.778    Cfu/My_relu/high_mul_result4_carry__4_n_0
    SLICE_X10Y8          CARRY4 (Prop_carry4_CI_CO[3])
                                                      0.117    29.895 r  Cfu/My_relu/high_mul_result4_carry__5/CO[3]
                         net (fo=1, routed)           0.000    29.895    Cfu/My_relu/high_mul_result4_carry__5_n_0
    SLICE_X10Y9          CARRY4 (Prop_carry4_CI_CO[3])
                                                      0.117    30.012 r  Cfu/My_relu/high_mul_result4_carry__6/CO[3]
                         net (fo=1, routed)           0.000    30.012    Cfu/My_relu/high_mul_result4_carry__6_n_0
    SLICE_X10Y10         CARRY4 (Prop_carry4_CI_O[1])
                                                      0.323    30.335 r  Cfu/My_relu/high_mul_result4_carry__7/O[1]
                         net (fo=3, routed)           0.729    31.063    Cfu/My_relu/high_mul_result4_carry__7_n_6
    SLICE_X13Y11         CARRY4 (Prop_carry4_S[1]_CO[3])
                                                      0.856    31.919 r  Cfu/My_relu/p_1_out__62_carry_i_7/CO[3]
                         net (fo=1, routed)           0.000    31.919    Cfu/My_relu/p_1_out__62_carry_i_7_n_0
    SLICE_X13Y12         CARRY4 (Prop_carry4_CI_CO[3])
                                                      0.114    32.033 r  Cfu/My_relu/p_1_out__62_carry__1_i_6/CO[3]
                         net (fo=1, routed)           0.000    32.033    Cfu/My_relu/p_1_out__62_carry__1_i_6_n_0
    SLICE_X13Y13         CARRY4 (Prop_carry4_CI_CO[3])
                                                      0.114    32.147 r  Cfu/My_relu/p_1_out__62_carry__1_i_5/CO[3]
                         net (fo=1, routed)           0.000    32.147    Cfu/My_relu/p_1_out__62_carry__1_i_5_n_0
    SLICE_X13Y14         CARRY4 (Prop_carry4_CI_CO[3])
                                                      0.114    32.261 r  Cfu/My_relu/p_1_out__62_carry__2_i_6/CO[3]
                         net (fo=1, routed)           0.000    32.261    Cfu/My_relu/p_1_out__62_carry__2_i_6_n_0
    SLICE_X13Y15         CARRY4 (Prop_carry4_CI_CO[3])
                                                      0.114    32.375 r  Cfu/My_relu/p_1_out__62_carry__3_i_9/CO[3]
                         net (fo=1, routed)           0.000    32.375    Cfu/My_relu/p_1_out__62_carry__3_i_9_n_0
    SLICE_X13Y16         CARRY4 (Prop_carry4_CI_CO[3])
                                                      0.114    32.489 r  Cfu/My_relu/p_1_out__62_carry__4_i_9/CO[3]
                         net (fo=1, routed)           0.000    32.489    Cfu/My_relu/p_1_out__62_carry__4_i_9_n_0
    SLICE_X13Y17         CARRY4 (Prop_carry4_CI_CO[3])
                                                      0.114    32.603 r  Cfu/My_relu/p_1_out__62_carry__5_i_9/CO[3]
                         net (fo=1, routed)           0.000    32.603    Cfu/My_relu/p_1_out__62_carry__5_i_9_n_0
    SLICE_X13Y18         CARRY4 (Prop_carry4_CI_O[2])
                                                      0.239    32.842 r  Cfu/My_relu/p_1_out__62_carry__6_i_8/O[2]
                         net (fo=3, routed)           0.667    33.509    Cfu/My_relu/p_1_out__62_carry__6_i_8_n_5
    SLICE_X16Y12         LUT4 (Prop_lut4_I1_O)        0.302    33.811 r  Cfu/My_relu/p_1_out_carry_i_1_comp_1/O
                         net (fo=1, routed)           0.000    33.811    Cfu/My_relu/p_1_out_carry_i_1_n_0
    SLICE_X16Y12         CARRY4 (Prop_carry4_S[0]_CO[3])
                                                      0.532    34.343 r  Cfu/My_relu/p_1_out_carry/CO[3]
                         net (fo=1, routed)           0.000    34.343    Cfu/My_relu/p_1_out_carry_n_0
    SLICE_X16Y13         CARRY4 (Prop_carry4_CI_CO[3])
                                                      0.114    34.457 r  Cfu/My_relu/p_1_out_carry__0/CO[3]
                         net (fo=1, routed)           0.000    34.457    Cfu/My_relu/p_1_out_carry__0_n_0
    SLICE_X16Y14         CARRY4 (Prop_carry4_CI_CO[3])
                                                      0.114    34.571 r  Cfu/My_relu/p_1_out_carry__1/CO[3]
                         net (fo=1, routed)           0.000    34.571    Cfu/My_relu/p_1_out_carry__1_n_0
    SLICE_X16Y15         CARRY4 (Prop_carry4_CI_CO[3])
                                                      0.114    34.685 r  Cfu/My_relu/p_1_out_carry__2/CO[3]
                         net (fo=1, routed)           0.000    34.685    Cfu/My_relu/p_1_out_carry__2_n_0
    SLICE_X16Y16         CARRY4 (Prop_carry4_CI_CO[3])
                                                      0.114    34.799 r  Cfu/My_relu/p_1_out_carry__3/CO[3]
                         net (fo=1, routed)           0.000    34.799    Cfu/My_relu/p_1_out_carry__3_n_0
    SLICE_X16Y17         CARRY4 (Prop_carry4_CI_O[0])
                                                      0.222    35.021 r  Cfu/My_relu/p_1_out_carry__4/O[0]
                         net (fo=2, routed)           0.614    35.636    Cfu/My_relu/threshold[20]
    SLICE_X15Y17         LUT3 (Prop_lut3_I0_O)        0.299    35.935 r  Cfu/My_relu/p_1_out__62_carry__4_i_4/O
                         net (fo=1, routed)           0.000    35.935    Cfu/My_relu/p_1_out__62_carry__4_i_4_n_0
    SLICE_X15Y17         CARRY4 (Prop_carry4_S[0]_CO[3])
                                                      0.532    36.467 r  Cfu/My_relu/p_1_out__62_carry__4/CO[3]
                         net (fo=1, routed)           0.000    36.467    Cfu/My_relu/p_1_out__62_carry__4_n_0
    SLICE_X15Y18         CARRY4 (Prop_carry4_CI_CO[3])
                                                      0.114    36.581 r  Cfu/My_relu/p_1_out__62_carry__5/CO[3]
                         net (fo=1, routed)           0.000    36.581    Cfu/My_relu/p_1_out__62_carry__5_n_0
    SLICE_X15Y19         CARRY4 (Prop_carry4_CI_CO[3])
                                                      0.114    36.695 r  Cfu/My_relu/p_1_out__62_carry__6/CO[3]
                         net (fo=1, routed)           0.000    36.695    Cfu/My_relu/p_1_out__62_carry__6_n_0
    SLICE_X15Y20         CARRY4 (Prop_carry4_CI_O[0])
                                                      0.222    36.917 r  Cfu/My_relu/p_1_out__62_carry__7/O[0]
                         net (fo=1, routed)           0.481    37.398    Cfu/My_relu/p_1_out[32]
    SLICE_X17Y21         CARRY4 (Prop_carry4_CYINIT_CO[3])
                                                      0.755    38.153 r  Cfu/My_relu/clamped_output2_carry/CO[3]
                         net (fo=1, routed)           0.000    38.153    Cfu/My_relu/clamped_output2_carry_n_0
    SLICE_X17Y22         CARRY4 (Prop_carry4_CI_CO[3])
                                                      0.114    38.267 r  Cfu/My_relu/clamped_output2_carry__0/CO[3]
                         net (fo=1, routed)           0.000    38.267    Cfu/My_relu/clamped_output2_carry__0_n_0
    SLICE_X17Y23         CARRY4 (Prop_carry4_CI_CO[3])
                                                      0.114    38.381 r  Cfu/My_relu/clamped_output2_carry__1/CO[3]
                         net (fo=1, routed)           0.000    38.381    Cfu/My_relu/clamped_output2_carry__1_n_0
    SLICE_X17Y24         CARRY4 (Prop_carry4_CI_CO[3])
                                                      0.114    38.495 r  Cfu/My_relu/clamped_output2_carry__2/CO[3]
                         net (fo=1, routed)           0.009    38.504    Cfu/My_relu/clamped_output2_carry__2_n_0
    SLICE_X17Y25         CARRY4 (Prop_carry4_CI_CO[3])
                                                      0.114    38.618 r  Cfu/My_relu/clamped_output2_carry__3/CO[3]
                         net (fo=1, routed)           0.000    38.618    Cfu/My_relu/clamped_output2_carry__3_n_0
    SLICE_X17Y26         CARRY4 (Prop_carry4_CI_CO[3])
                                                      0.114    38.732 r  Cfu/My_relu/clamped_output2_carry__4/CO[3]
                         net (fo=1, routed)           0.000    38.732    Cfu/My_relu/clamped_output2_carry__4_n_0
    SLICE_X17Y27         CARRY4 (Prop_carry4_CI_O[3])
                                                      0.313    39.045 r  Cfu/My_relu/clamped_output2_carry__5/O[3]
                         net (fo=5, routed)           0.659    39.704    Cfu/My_relu/unclamped[27]
    SLICE_X19Y27         LUT4 (Prop_lut4_I0_O)        0.306    40.010 r  Cfu/My_relu/clamped_output1_carry__2_i_7/O
                         net (fo=1, routed)           0.000    40.010    Cfu/My_relu/clamped_output1_carry__2_i_7_n_0
    SLICE_X19Y27         CARRY4 (Prop_carry4_S[1]_CO[3])
                                                      0.550    40.560 r  Cfu/My_relu/clamped_output1_carry__2/CO[3]
                         net (fo=32, routed)          1.142    41.701    Cfu/My_relu/clamped_output1
    SLICE_X25Y27         LUT6 (Prop_lut6_I1_O)        0.124    41.825 r  Cfu/My_relu/rsp_payload_outputs_0[16]_i_3/O
                         net (fo=1, routed)           0.154    41.980    Cfu/gbuff_C/rsp_payload_outputs_0_reg[16]
    SLICE_X25Y27         LUT4 (Prop_lut4_I3_O)        0.124    42.104 r  Cfu/gbuff_C/rsp_payload_outputs_0[16]_i_1/O
                         net (fo=1, routed)           0.000    42.104    Cfu/gbuff_C_n_269
    SLICE_X25Y27         FDRE                                         r  Cfu/rsp_payload_outputs_0_reg[16]/D
  -------------------------------------------------------------------    -------------------

                         (clock soc_crg_clkout0 rise edge)
                                                     13.333    13.333 r  
    E3                                                0.000    13.333 r  clk100 (IN)
                         net (fo=0)                   0.000    13.333    clk100
    E3                   IBUF (Prop_ibuf_I_O)         1.411    14.745 r  clk100_IBUF_inst/O
                         net (fo=1, routed)           1.920    16.665    clk100_IBUF
    BUFGCTRL_X0Y16       BUFG (Prop_bufg_I_O)         0.091    16.756 r  clk100_IBUF_BUFG_inst/O
                         net (fo=1, routed)           2.027    18.782    clk100_IBUF_BUFG
    SLICE_X60Y15         LUT1 (Prop_lut1_I0_O)        0.100    18.882 r  clk100_inst/O
                         net (fo=9, routed)           1.676    20.559    soc_crg_clkin
    MMCME2_ADV_X0Y0      MMCME2_ADV (Prop_mmcme2_adv_CLKIN1_CLKOUT0)
                                                      0.083    20.642 r  MMCME2_ADV/CLKOUT0
                         net (fo=1, routed)           1.923    22.565    soc_crg_clkout0
    BUFGCTRL_X0Y0        BUFG (Prop_bufg_I_O)         0.091    22.656 r  BUFG/O
                         net (fo=11569, routed)       1.671    24.327    Cfu/out
    SLICE_X25Y27         FDRE                                         r  Cfu/rsp_payload_outputs_0_reg[16]/C
                         clock pessimism              0.895    25.222    
                         clock uncertainty           -0.070    25.152    
    SLICE_X25Y27         FDRE (Setup_fdre_C_D)        0.029    25.181    Cfu/rsp_payload_outputs_0_reg[16]
  -------------------------------------------------------------------
                         required time                         25.181    
                         arrival time                         -42.104    
  -------------------------------------------------------------------
                         slack                                -16.922    

Slack (VIOLATED) :        -16.919ns  (required time - arrival time)
  Source:                 Cfu/relu_input_offset_reg[8]/C
                            (rising edge-triggered cell FDRE clocked by soc_crg_clkout0  {rise@0.000ns fall@6.667ns period=13.333ns})
  Destination:            Cfu/rsp_payload_outputs_0_reg[4]/D
                            (rising edge-triggered cell FDRE clocked by soc_crg_clkout0  {rise@0.000ns fall@6.667ns period=13.333ns})
  Path Group:             soc_crg_clkout0
  Path Type:              Setup (Max at Slow Process Corner)
  Requirement:            13.333ns  (soc_crg_clkout0 rise@13.333ns - soc_crg_clkout0 rise@0.000ns)
  Data Path Delay:        30.155ns  (logic 19.573ns (64.907%)  route 10.582ns (35.093%))
  Logic Levels:           67  (CARRY4=53 DSP48E1=2 LUT2=3 LUT3=2 LUT4=3 LUT5=2 LUT6=2)
  Clock Path Skew:        -0.058ns (DCD - SCD + CPR)
    Destination Clock Delay (DCD):    10.995ns = ( 24.328 - 13.333 ) 
    Source Clock Delay      (SCD):    11.948ns
    Clock Pessimism Removal (CPR):    0.895ns
  Clock Uncertainty:      0.070ns  ((TSJ^2 + DJ^2)^1/2) / 2 + PE
    Total System Jitter     (TSJ):    0.071ns
    Discrete Jitter          (DJ):    0.121ns
    Phase Error              (PE):    0.000ns

    Location             Delay type                Incr(ns)  Path(ns)    Netlist Resource(s)
  -------------------------------------------------------------------    -------------------
                         (clock soc_crg_clkout0 rise edge)
                                                      0.000     0.000 r  
    E3                                                0.000     0.000 r  clk100 (IN)
                         net (fo=0)                   0.000     0.000    clk100
    E3                   IBUF (Prop_ibuf_I_O)         1.482     1.482 r  clk100_IBUF_inst/O
                         net (fo=1, routed)           2.025     3.506    clk100_IBUF
    BUFGCTRL_X0Y16       BUFG (Prop_bufg_I_O)         0.096     3.602 r  clk100_IBUF_BUFG_inst/O
                         net (fo=1, routed)           2.245     5.847    clk100_IBUF_BUFG
    SLICE_X60Y15         LUT1 (Prop_lut1_I0_O)        0.124     5.971 r  clk100_inst/O
                         net (fo=9, routed)           1.955     7.927    soc_crg_clkin
    MMCME2_ADV_X0Y0      MMCME2_ADV (Prop_mmcme2_adv_CLKIN1_CLKOUT0)
                                                      0.088     8.015 r  MMCME2_ADV/CLKOUT0
                         net (fo=1, routed)           2.018    10.033    soc_crg_clkout0
    BUFGCTRL_X0Y0        BUFG (Prop_bufg_I_O)         0.096    10.129 r  BUFG/O
                         net (fo=11569, routed)       1.818    11.948    Cfu/out
    SLICE_X14Y6          FDRE                                         r  Cfu/relu_input_offset_reg[8]/C
  -------------------------------------------------------------------    -------------------
    SLICE_X14Y6          FDRE (Prop_fdre_C_Q)         0.518    12.466 r  Cfu/relu_input_offset_reg[8]/Q
                         net (fo=1, routed)           0.710    13.176    Cfu/My_relu/val_carry__6_0[8]
    SLICE_X14Y6          LUT2 (Prop_lut2_I1_O)        0.124    13.300 r  Cfu/My_relu/val_carry__1_i_4/O
                         net (fo=1, routed)           0.000    13.300    Cfu/My_relu/val_carry__1_i_4_n_0
    SLICE_X14Y6          CARRY4 (Prop_carry4_S[0]_CO[3])
                                                      0.513    13.813 r  Cfu/My_relu/val_carry__1/CO[3]
                         net (fo=1, routed)           0.000    13.813    Cfu/My_relu/val_carry__1_n_0
    SLICE_X14Y7          CARRY4 (Prop_carry4_CI_CO[3])
                                                      0.117    13.930 r  Cfu/My_relu/val_carry__2/CO[3]
                         net (fo=1, routed)           0.000    13.930    Cfu/My_relu/val_carry__2_n_0
    SLICE_X14Y8          CARRY4 (Prop_carry4_CI_CO[3])
                                                      0.117    14.047 r  Cfu/My_relu/val_carry__3/CO[3]
                         net (fo=1, routed)           0.000    14.047    Cfu/My_relu/val_carry__3_n_0
    SLICE_X14Y9          CARRY4 (Prop_carry4_CI_CO[3])
                                                      0.117    14.164 r  Cfu/My_relu/val_carry__4/CO[3]
                         net (fo=1, routed)           0.000    14.164    Cfu/My_relu/val_carry__4_n_0
    SLICE_X14Y10         CARRY4 (Prop_carry4_CI_CO[3])
                                                      0.117    14.281 r  Cfu/My_relu/val_carry__5/CO[3]
                         net (fo=1, routed)           0.000    14.281    Cfu/My_relu/val_carry__5_n_0
    SLICE_X14Y11         CARRY4 (Prop_carry4_CI_O[3])
                                                      0.315    14.596 r  Cfu/My_relu/val_carry__6/O[3]
                         net (fo=112, routed)         0.769    15.365    Cfu/My_relu/p_0_in
    SLICE_X15Y11         LUT3 (Prop_lut3_I1_O)        0.307    15.672 r  Cfu/My_relu/clamped_output8_carry_i_8/O
                         net (fo=73, routed)          0.938    16.610    Cfu/My_relu/clamped_output8_carry_i_8_n_0
    SLICE_X15Y9          LUT6 (Prop_lut6_I1_O)        0.124    16.734 f  Cfu/My_relu/high_mul_result5__1_i_41/O
                         net (fo=4, routed)           0.617    17.351    Cfu/My_relu/high_mul_result5__1_i_41_n_0
    SLICE_X12Y8          LUT5 (Prop_lut5_I0_O)        0.124    17.475 f  Cfu/My_relu/high_mul_result5__1_i_21/O
                         net (fo=2, routed)           0.799    18.274    Cfu/My_relu/high_mul_result5__1_i_21_n_0
    SLICE_X12Y13         LUT5 (Prop_lut5_I2_O)        0.124    18.398 r  Cfu/My_relu/high_mul_result5__1_i_4/O
                         net (fo=3, routed)           0.428    18.826    Cfu/My_relu/val_shift[13]
    DSP48_X0Y4           DSP48E1 (Prop_dsp48e1_A[13]_PCOUT[47])
                                                      4.036    22.862 r  Cfu/My_relu/high_mul_result5__1/PCOUT[47]
                         net (fo=1, routed)           0.002    22.864    Cfu/My_relu/high_mul_result5__1_n_106
    DSP48_X0Y5           DSP48E1 (Prop_dsp48e1_PCIN[47]_P[0])
                                                      1.518    24.382 r  Cfu/My_relu/high_mul_result5__2/P[0]
                         net (fo=2, routed)           0.958    25.340    Cfu/My_relu/p_1_in[17]
    SLICE_X11Y6          LUT2 (Prop_lut2_I0_O)        0.124    25.464 r  Cfu/My_relu/high_mul_result5_carry_i_3/O
                         net (fo=1, routed)           0.000    25.464    Cfu/My_relu/high_mul_result5_carry_i_3_n_0
    SLICE_X11Y6          CARRY4 (Prop_carry4_S[1]_CO[3])
                                                      0.550    26.014 r  Cfu/My_relu/high_mul_result5_carry/CO[3]
                         net (fo=1, routed)           0.000    26.014    Cfu/My_relu/high_mul_result5_carry_n_0
    SLICE_X11Y7          CARRY4 (Prop_carry4_CI_CO[3])
                                                      0.114    26.128 r  Cfu/My_relu/high_mul_result5_carry__0/CO[3]
                         net (fo=1, routed)           0.000    26.128    Cfu/My_relu/high_mul_result5_carry__0_n_0
    SLICE_X11Y8          CARRY4 (Prop_carry4_CI_CO[3])
                                                      0.114    26.242 r  Cfu/My_relu/high_mul_result5_carry__1/CO[3]
                         net (fo=1, routed)           0.000    26.242    Cfu/My_relu/high_mul_result5_carry__1_n_0
    SLICE_X11Y9          CARRY4 (Prop_carry4_CI_CO[3])
                                                      0.114    26.356 r  Cfu/My_relu/high_mul_result5_carry__2/CO[3]
                         net (fo=1, routed)           0.000    26.356    Cfu/My_relu/high_mul_result5_carry__2_n_0
    SLICE_X11Y10         CARRY4 (Prop_carry4_CI_CO[3])
                                                      0.114    26.470 r  Cfu/My_relu/high_mul_result5_carry__3/CO[3]
                         net (fo=1, routed)           0.000    26.470    Cfu/My_relu/high_mul_result5_carry__3_n_0
    SLICE_X11Y11         CARRY4 (Prop_carry4_CI_CO[3])
                                                      0.114    26.584 r  Cfu/My_relu/high_mul_result5_carry__4/CO[3]
                         net (fo=1, routed)           0.000    26.584    Cfu/My_relu/high_mul_result5_carry__4_n_0
    SLICE_X11Y12         CARRY4 (Prop_carry4_CI_CO[3])
                                                      0.114    26.698 r  Cfu/My_relu/high_mul_result5_carry__5/CO[3]
                         net (fo=1, routed)           0.000    26.698    Cfu/My_relu/high_mul_result5_carry__5_n_0
    SLICE_X11Y13         CARRY4 (Prop_carry4_CI_CO[3])
                                                      0.114    26.812 r  Cfu/My_relu/high_mul_result5_carry__6/CO[3]
                         net (fo=1, routed)           0.000    26.812    Cfu/My_relu/high_mul_result5_carry__6_n_0
    SLICE_X11Y14         CARRY4 (Prop_carry4_CI_CO[3])
                                                      0.114    26.926 r  Cfu/My_relu/high_mul_result5_carry__7/CO[3]
                         net (fo=1, routed)           0.000    26.926    Cfu/My_relu/high_mul_result5_carry__7_n_0
    SLICE_X11Y15         CARRY4 (Prop_carry4_CI_CO[3])
                                                      0.114    27.040 r  Cfu/My_relu/high_mul_result5_carry__8/CO[3]
                         net (fo=1, routed)           0.000    27.040    Cfu/My_relu/high_mul_result5_carry__8_n_0
    SLICE_X11Y16         CARRY4 (Prop_carry4_CI_CO[3])
                                                      0.114    27.154 r  Cfu/My_relu/high_mul_result5_carry__9/CO[3]
                         net (fo=1, routed)           0.000    27.154    Cfu/My_relu/high_mul_result5_carry__9_n_0
    SLICE_X11Y17         CARRY4 (Prop_carry4_CI_O[3])
                                                      0.313    27.467 r  Cfu/My_relu/high_mul_result5_carry__10/O[3]
                         net (fo=6, routed)           0.906    28.374    Cfu/My_relu/high_mul_result5__3[63]
    SLICE_X10Y2          LUT2 (Prop_lut2_I1_O)        0.306    28.680 r  Cfu/My_relu/high_mul_result4_carry_i_1/O
                         net (fo=1, routed)           0.000    28.680    Cfu/My_relu/high_mul_result4_carry_i_1_n_0
    SLICE_X10Y2          CARRY4 (Prop_carry4_S[0]_CO[3])
                                                      0.513    29.193 r  Cfu/My_relu/high_mul_result4_carry/CO[3]
                         net (fo=1, routed)           0.000    29.193    Cfu/My_relu/high_mul_result4_carry_n_0
    SLICE_X10Y3          CARRY4 (Prop_carry4_CI_CO[3])
                                                      0.117    29.310 r  Cfu/My_relu/high_mul_result4_carry__0/CO[3]
                         net (fo=1, routed)           0.000    29.310    Cfu/My_relu/high_mul_result4_carry__0_n_0
    SLICE_X10Y4          CARRY4 (Prop_carry4_CI_CO[3])
                                                      0.117    29.427 r  Cfu/My_relu/high_mul_result4_carry__1/CO[3]
                         net (fo=1, routed)           0.000    29.427    Cfu/My_relu/high_mul_result4_carry__1_n_0
    SLICE_X10Y5          CARRY4 (Prop_carry4_CI_CO[3])
                                                      0.117    29.544 r  Cfu/My_relu/high_mul_result4_carry__2/CO[3]
                         net (fo=1, routed)           0.000    29.544    Cfu/My_relu/high_mul_result4_carry__2_n_0
    SLICE_X10Y6          CARRY4 (Prop_carry4_CI_CO[3])
                                                      0.117    29.661 r  Cfu/My_relu/high_mul_result4_carry__3/CO[3]
                         net (fo=1, routed)           0.000    29.661    Cfu/My_relu/high_mul_result4_carry__3_n_0
    SLICE_X10Y7          CARRY4 (Prop_carry4_CI_CO[3])
                                                      0.117    29.778 r  Cfu/My_relu/high_mul_result4_carry__4/CO[3]
                         net (fo=1, routed)           0.000    29.778    Cfu/My_relu/high_mul_result4_carry__4_n_0
    SLICE_X10Y8          CARRY4 (Prop_carry4_CI_CO[3])
                                                      0.117    29.895 r  Cfu/My_relu/high_mul_result4_carry__5/CO[3]
                         net (fo=1, routed)           0.000    29.895    Cfu/My_relu/high_mul_result4_carry__5_n_0
    SLICE_X10Y9          CARRY4 (Prop_carry4_CI_CO[3])
                                                      0.117    30.012 r  Cfu/My_relu/high_mul_result4_carry__6/CO[3]
                         net (fo=1, routed)           0.000    30.012    Cfu/My_relu/high_mul_result4_carry__6_n_0
    SLICE_X10Y10         CARRY4 (Prop_carry4_CI_O[1])
                                                      0.323    30.335 r  Cfu/My_relu/high_mul_result4_carry__7/O[1]
                         net (fo=3, routed)           0.729    31.063    Cfu/My_relu/high_mul_result4_carry__7_n_6
    SLICE_X13Y11         CARRY4 (Prop_carry4_S[1]_CO[3])
                                                      0.856    31.919 r  Cfu/My_relu/p_1_out__62_carry_i_7/CO[3]
                         net (fo=1, routed)           0.000    31.919    Cfu/My_relu/p_1_out__62_carry_i_7_n_0
    SLICE_X13Y12         CARRY4 (Prop_carry4_CI_CO[3])
                                                      0.114    32.033 r  Cfu/My_relu/p_1_out__62_carry__1_i_6/CO[3]
                         net (fo=1, routed)           0.000    32.033    Cfu/My_relu/p_1_out__62_carry__1_i_6_n_0
    SLICE_X13Y13         CARRY4 (Prop_carry4_CI_CO[3])
                                                      0.114    32.147 r  Cfu/My_relu/p_1_out__62_carry__1_i_5/CO[3]
                         net (fo=1, routed)           0.000    32.147    Cfu/My_relu/p_1_out__62_carry__1_i_5_n_0
    SLICE_X13Y14         CARRY4 (Prop_carry4_CI_CO[3])
                                                      0.114    32.261 r  Cfu/My_relu/p_1_out__62_carry__2_i_6/CO[3]
                         net (fo=1, routed)           0.000    32.261    Cfu/My_relu/p_1_out__62_carry__2_i_6_n_0
    SLICE_X13Y15         CARRY4 (Prop_carry4_CI_CO[3])
                                                      0.114    32.375 r  Cfu/My_relu/p_1_out__62_carry__3_i_9/CO[3]
                         net (fo=1, routed)           0.000    32.375    Cfu/My_relu/p_1_out__62_carry__3_i_9_n_0
    SLICE_X13Y16         CARRY4 (Prop_carry4_CI_CO[3])
                                                      0.114    32.489 r  Cfu/My_relu/p_1_out__62_carry__4_i_9/CO[3]
                         net (fo=1, routed)           0.000    32.489    Cfu/My_relu/p_1_out__62_carry__4_i_9_n_0
    SLICE_X13Y17         CARRY4 (Prop_carry4_CI_CO[3])
                                                      0.114    32.603 r  Cfu/My_relu/p_1_out__62_carry__5_i_9/CO[3]
                         net (fo=1, routed)           0.000    32.603    Cfu/My_relu/p_1_out__62_carry__5_i_9_n_0
    SLICE_X13Y18         CARRY4 (Prop_carry4_CI_O[2])
                                                      0.239    32.842 r  Cfu/My_relu/p_1_out__62_carry__6_i_8/O[2]
                         net (fo=3, routed)           0.667    33.509    Cfu/My_relu/p_1_out__62_carry__6_i_8_n_5
    SLICE_X16Y12         LUT4 (Prop_lut4_I1_O)        0.302    33.811 r  Cfu/My_relu/p_1_out_carry_i_1_comp_1/O
                         net (fo=1, routed)           0.000    33.811    Cfu/My_relu/p_1_out_carry_i_1_n_0
    SLICE_X16Y12         CARRY4 (Prop_carry4_S[0]_CO[3])
                                                      0.532    34.343 r  Cfu/My_relu/p_1_out_carry/CO[3]
                         net (fo=1, routed)           0.000    34.343    Cfu/My_relu/p_1_out_carry_n_0
    SLICE_X16Y13         CARRY4 (Prop_carry4_CI_CO[3])
                                                      0.114    34.457 r  Cfu/My_relu/p_1_out_carry__0/CO[3]
                         net (fo=1, routed)           0.000    34.457    Cfu/My_relu/p_1_out_carry__0_n_0
    SLICE_X16Y14         CARRY4 (Prop_carry4_CI_CO[3])
                                                      0.114    34.571 r  Cfu/My_relu/p_1_out_carry__1/CO[3]
                         net (fo=1, routed)           0.000    34.571    Cfu/My_relu/p_1_out_carry__1_n_0
    SLICE_X16Y15         CARRY4 (Prop_carry4_CI_CO[3])
                                                      0.114    34.685 r  Cfu/My_relu/p_1_out_carry__2/CO[3]
                         net (fo=1, routed)           0.000    34.685    Cfu/My_relu/p_1_out_carry__2_n_0
    SLICE_X16Y16         CARRY4 (Prop_carry4_CI_CO[3])
                                                      0.114    34.799 r  Cfu/My_relu/p_1_out_carry__3/CO[3]
                         net (fo=1, routed)           0.000    34.799    Cfu/My_relu/p_1_out_carry__3_n_0
    SLICE_X16Y17         CARRY4 (Prop_carry4_CI_O[0])
                                                      0.222    35.021 r  Cfu/My_relu/p_1_out_carry__4/O[0]
                         net (fo=2, routed)           0.614    35.636    Cfu/My_relu/threshold[20]
    SLICE_X15Y17         LUT3 (Prop_lut3_I0_O)        0.299    35.935 r  Cfu/My_relu/p_1_out__62_carry__4_i_4/O
                         net (fo=1, routed)           0.000    35.935    Cfu/My_relu/p_1_out__62_carry__4_i_4_n_0
    SLICE_X15Y17         CARRY4 (Prop_carry4_S[0]_CO[3])
                                                      0.532    36.467 r  Cfu/My_relu/p_1_out__62_carry__4/CO[3]
                         net (fo=1, routed)           0.000    36.467    Cfu/My_relu/p_1_out__62_carry__4_n_0
    SLICE_X15Y18         CARRY4 (Prop_carry4_CI_CO[3])
                                                      0.114    36.581 r  Cfu/My_relu/p_1_out__62_carry__5/CO[3]
                         net (fo=1, routed)           0.000    36.581    Cfu/My_relu/p_1_out__62_carry__5_n_0
    SLICE_X15Y19         CARRY4 (Prop_carry4_CI_CO[3])
                                                      0.114    36.695 r  Cfu/My_relu/p_1_out__62_carry__6/CO[3]
                         net (fo=1, routed)           0.000    36.695    Cfu/My_relu/p_1_out__62_carry__6_n_0
    SLICE_X15Y20         CARRY4 (Prop_carry4_CI_O[0])
                                                      0.222    36.917 r  Cfu/My_relu/p_1_out__62_carry__7/O[0]
                         net (fo=1, routed)           0.481    37.398    Cfu/My_relu/p_1_out[32]
    SLICE_X17Y21         CARRY4 (Prop_carry4_CYINIT_CO[3])
                                                      0.755    38.153 r  Cfu/My_relu/clamped_output2_carry/CO[3]
                         net (fo=1, routed)           0.000    38.153    Cfu/My_relu/clamped_output2_carry_n_0
    SLICE_X17Y22         CARRY4 (Prop_carry4_CI_CO[3])
                                                      0.114    38.267 r  Cfu/My_relu/clamped_output2_carry__0/CO[3]
                         net (fo=1, routed)           0.000    38.267    Cfu/My_relu/clamped_output2_carry__0_n_0
    SLICE_X17Y23         CARRY4 (Prop_carry4_CI_CO[3])
                                                      0.114    38.381 r  Cfu/My_relu/clamped_output2_carry__1/CO[3]
                         net (fo=1, routed)           0.000    38.381    Cfu/My_relu/clamped_output2_carry__1_n_0
    SLICE_X17Y24         CARRY4 (Prop_carry4_CI_CO[3])
                                                      0.114    38.495 r  Cfu/My_relu/clamped_output2_carry__2/CO[3]
                         net (fo=1, routed)           0.009    38.504    Cfu/My_relu/clamped_output2_carry__2_n_0
    SLICE_X17Y25         CARRY4 (Prop_carry4_CI_CO[3])
                                                      0.114    38.618 r  Cfu/My_relu/clamped_output2_carry__3/CO[3]
                         net (fo=1, routed)           0.000    38.618    Cfu/My_relu/clamped_output2_carry__3_n_0
    SLICE_X17Y26         CARRY4 (Prop_carry4_CI_CO[3])
                                                      0.114    38.732 r  Cfu/My_relu/clamped_output2_carry__4/CO[3]
                         net (fo=1, routed)           0.000    38.732    Cfu/My_relu/clamped_output2_carry__4_n_0
    SLICE_X17Y27         CARRY4 (Prop_carry4_CI_O[3])
                                                      0.313    39.045 r  Cfu/My_relu/clamped_output2_carry__5/O[3]
                         net (fo=5, routed)           0.659    39.704    Cfu/My_relu/unclamped[27]
    SLICE_X19Y27         LUT4 (Prop_lut4_I0_O)        0.306    40.010 r  Cfu/My_relu/clamped_output1_carry__2_i_7/O
                         net (fo=1, routed)           0.000    40.010    Cfu/My_relu/clamped_output1_carry__2_i_7_n_0
    SLICE_X19Y27         CARRY4 (Prop_carry4_S[1]_CO[3])
                                                      0.550    40.560 r  Cfu/My_relu/clamped_output1_carry__2/CO[3]
                         net (fo=32, routed)          1.011    41.570    Cfu/My_relu/clamped_output1
    SLICE_X22Y27         LUT6 (Prop_lut6_I1_O)        0.124    41.694 r  Cfu/My_relu/rsp_payload_outputs_0[4]_i_3/O
                         net (fo=1, routed)           0.285    41.979    Cfu/gbuff_C/rsp_payload_outputs_0_reg[4]
    SLICE_X21Y27         LUT4 (Prop_lut4_I3_O)        0.124    42.103 r  Cfu/gbuff_C/rsp_payload_outputs_0[4]_i_1/O
                         net (fo=1, routed)           0.000    42.103    Cfu/gbuff_C_n_281
    SLICE_X21Y27         FDRE                                         r  Cfu/rsp_payload_outputs_0_reg[4]/D
  -------------------------------------------------------------------    -------------------

                         (clock soc_crg_clkout0 rise edge)
                                                     13.333    13.333 r  
    E3                                                0.000    13.333 r  clk100 (IN)
                         net (fo=0)                   0.000    13.333    clk100
    E3                   IBUF (Prop_ibuf_I_O)         1.411    14.745 r  clk100_IBUF_inst/O
                         net (fo=1, routed)           1.920    16.665    clk100_IBUF
    BUFGCTRL_X0Y16       BUFG (Prop_bufg_I_O)         0.091    16.756 r  clk100_IBUF_BUFG_inst/O
                         net (fo=1, routed)           2.027    18.782    clk100_IBUF_BUFG
    SLICE_X60Y15         LUT1 (Prop_lut1_I0_O)        0.100    18.882 r  clk100_inst/O
                         net (fo=9, routed)           1.676    20.559    soc_crg_clkin
    MMCME2_ADV_X0Y0      MMCME2_ADV (Prop_mmcme2_adv_CLKIN1_CLKOUT0)
                                                      0.083    20.642 r  MMCME2_ADV/CLKOUT0
                         net (fo=1, routed)           1.923    22.565    soc_crg_clkout0
    BUFGCTRL_X0Y0        BUFG (Prop_bufg_I_O)         0.091    22.656 r  BUFG/O
                         net (fo=11569, routed)       1.672    24.328    Cfu/out
    SLICE_X21Y27         FDRE                                         r  Cfu/rsp_payload_outputs_0_reg[4]/C
                         clock pessimism              0.895    25.223    
                         clock uncertainty           -0.070    25.153    
    SLICE_X21Y27         FDRE (Setup_fdre_C_D)        0.031    25.184    Cfu/rsp_payload_outputs_0_reg[4]
  -------------------------------------------------------------------
                         required time                         25.184    
                         arrival time                         -42.103    
  -------------------------------------------------------------------
                         slack                                -16.919    

Slack (VIOLATED) :        -16.919ns  (required time - arrival time)
  Source:                 Cfu/relu_input_offset_reg[8]/C
                            (rising edge-triggered cell FDRE clocked by soc_crg_clkout0  {rise@0.000ns fall@6.667ns period=13.333ns})
  Destination:            Cfu/rsp_payload_outputs_0_reg[8]/D
                            (rising edge-triggered cell FDRE clocked by soc_crg_clkout0  {rise@0.000ns fall@6.667ns period=13.333ns})
  Path Group:             soc_crg_clkout0
  Path Type:              Setup (Max at Slow Process Corner)
  Requirement:            13.333ns  (soc_crg_clkout0 rise@13.333ns - soc_crg_clkout0 rise@0.000ns)
  Data Path Delay:        30.153ns  (logic 19.573ns (64.912%)  route 10.580ns (35.088%))
  Logic Levels:           67  (CARRY4=53 DSP48E1=2 LUT2=3 LUT3=2 LUT4=3 LUT5=2 LUT6=2)
  Clock Path Skew:        -0.058ns (DCD - SCD + CPR)
    Destination Clock Delay (DCD):    10.995ns = ( 24.328 - 13.333 ) 
    Source Clock Delay      (SCD):    11.948ns
    Clock Pessimism Removal (CPR):    0.895ns
  Clock Uncertainty:      0.070ns  ((TSJ^2 + DJ^2)^1/2) / 2 + PE
    Total System Jitter     (TSJ):    0.071ns
    Discrete Jitter          (DJ):    0.121ns
    Phase Error              (PE):    0.000ns

    Location             Delay type                Incr(ns)  Path(ns)    Netlist Resource(s)
  -------------------------------------------------------------------    -------------------
                         (clock soc_crg_clkout0 rise edge)
                                                      0.000     0.000 r  
    E3                                                0.000     0.000 r  clk100 (IN)
                         net (fo=0)                   0.000     0.000    clk100
    E3                   IBUF (Prop_ibuf_I_O)         1.482     1.482 r  clk100_IBUF_inst/O
                         net (fo=1, routed)           2.025     3.506    clk100_IBUF
    BUFGCTRL_X0Y16       BUFG (Prop_bufg_I_O)         0.096     3.602 r  clk100_IBUF_BUFG_inst/O
                         net (fo=1, routed)           2.245     5.847    clk100_IBUF_BUFG
    SLICE_X60Y15         LUT1 (Prop_lut1_I0_O)        0.124     5.971 r  clk100_inst/O
                         net (fo=9, routed)           1.955     7.927    soc_crg_clkin
    MMCME2_ADV_X0Y0      MMCME2_ADV (Prop_mmcme2_adv_CLKIN1_CLKOUT0)
                                                      0.088     8.015 r  MMCME2_ADV/CLKOUT0
                         net (fo=1, routed)           2.018    10.033    soc_crg_clkout0
    BUFGCTRL_X0Y0        BUFG (Prop_bufg_I_O)         0.096    10.129 r  BUFG/O
                         net (fo=11569, routed)       1.818    11.948    Cfu/out
    SLICE_X14Y6          FDRE                                         r  Cfu/relu_input_offset_reg[8]/C
  -------------------------------------------------------------------    -------------------
    SLICE_X14Y6          FDRE (Prop_fdre_C_Q)         0.518    12.466 r  Cfu/relu_input_offset_reg[8]/Q
                         net (fo=1, routed)           0.710    13.176    Cfu/My_relu/val_carry__6_0[8]
    SLICE_X14Y6          LUT2 (Prop_lut2_I1_O)        0.124    13.300 r  Cfu/My_relu/val_carry__1_i_4/O
                         net (fo=1, routed)           0.000    13.300    Cfu/My_relu/val_carry__1_i_4_n_0
    SLICE_X14Y6          CARRY4 (Prop_carry4_S[0]_CO[3])
                                                      0.513    13.813 r  Cfu/My_relu/val_carry__1/CO[3]
                         net (fo=1, routed)           0.000    13.813    Cfu/My_relu/val_carry__1_n_0
    SLICE_X14Y7          CARRY4 (Prop_carry4_CI_CO[3])
                                                      0.117    13.930 r  Cfu/My_relu/val_carry__2/CO[3]
                         net (fo=1, routed)           0.000    13.930    Cfu/My_relu/val_carry__2_n_0
    SLICE_X14Y8          CARRY4 (Prop_carry4_CI_CO[3])
                                                      0.117    14.047 r  Cfu/My_relu/val_carry__3/CO[3]
                         net (fo=1, routed)           0.000    14.047    Cfu/My_relu/val_carry__3_n_0
    SLICE_X14Y9          CARRY4 (Prop_carry4_CI_CO[3])
                                                      0.117    14.164 r  Cfu/My_relu/val_carry__4/CO[3]
                         net (fo=1, routed)           0.000    14.164    Cfu/My_relu/val_carry__4_n_0
    SLICE_X14Y10         CARRY4 (Prop_carry4_CI_CO[3])
                                                      0.117    14.281 r  Cfu/My_relu/val_carry__5/CO[3]
                         net (fo=1, routed)           0.000    14.281    Cfu/My_relu/val_carry__5_n_0
    SLICE_X14Y11         CARRY4 (Prop_carry4_CI_O[3])
                                                      0.315    14.596 r  Cfu/My_relu/val_carry__6/O[3]
                         net (fo=112, routed)         0.769    15.365    Cfu/My_relu/p_0_in
    SLICE_X15Y11         LUT3 (Prop_lut3_I1_O)        0.307    15.672 r  Cfu/My_relu/clamped_output8_carry_i_8/O
                         net (fo=73, routed)          0.938    16.610    Cfu/My_relu/clamped_output8_carry_i_8_n_0
    SLICE_X15Y9          LUT6 (Prop_lut6_I1_O)        0.124    16.734 f  Cfu/My_relu/high_mul_result5__1_i_41/O
                         net (fo=4, routed)           0.617    17.351    Cfu/My_relu/high_mul_result5__1_i_41_n_0
    SLICE_X12Y8          LUT5 (Prop_lut5_I0_O)        0.124    17.475 f  Cfu/My_relu/high_mul_result5__1_i_21/O
                         net (fo=2, routed)           0.799    18.274    Cfu/My_relu/high_mul_result5__1_i_21_n_0
    SLICE_X12Y13         LUT5 (Prop_lut5_I2_O)        0.124    18.398 r  Cfu/My_relu/high_mul_result5__1_i_4/O
                         net (fo=3, routed)           0.428    18.826    Cfu/My_relu/val_shift[13]
    DSP48_X0Y4           DSP48E1 (Prop_dsp48e1_A[13]_PCOUT[47])
                                                      4.036    22.862 r  Cfu/My_relu/high_mul_result5__1/PCOUT[47]
                         net (fo=1, routed)           0.002    22.864    Cfu/My_relu/high_mul_result5__1_n_106
    DSP48_X0Y5           DSP48E1 (Prop_dsp48e1_PCIN[47]_P[0])
                                                      1.518    24.382 r  Cfu/My_relu/high_mul_result5__2/P[0]
                         net (fo=2, routed)           0.958    25.340    Cfu/My_relu/p_1_in[17]
    SLICE_X11Y6          LUT2 (Prop_lut2_I0_O)        0.124    25.464 r  Cfu/My_relu/high_mul_result5_carry_i_3/O
                         net (fo=1, routed)           0.000    25.464    Cfu/My_relu/high_mul_result5_carry_i_3_n_0
    SLICE_X11Y6          CARRY4 (Prop_carry4_S[1]_CO[3])
                                                      0.550    26.014 r  Cfu/My_relu/high_mul_result5_carry/CO[3]
                         net (fo=1, routed)           0.000    26.014    Cfu/My_relu/high_mul_result5_carry_n_0
    SLICE_X11Y7          CARRY4 (Prop_carry4_CI_CO[3])
                                                      0.114    26.128 r  Cfu/My_relu/high_mul_result5_carry__0/CO[3]
                         net (fo=1, routed)           0.000    26.128    Cfu/My_relu/high_mul_result5_carry__0_n_0
    SLICE_X11Y8          CARRY4 (Prop_carry4_CI_CO[3])
                                                      0.114    26.242 r  Cfu/My_relu/high_mul_result5_carry__1/CO[3]
                         net (fo=1, routed)           0.000    26.242    Cfu/My_relu/high_mul_result5_carry__1_n_0
    SLICE_X11Y9          CARRY4 (Prop_carry4_CI_CO[3])
                                                      0.114    26.356 r  Cfu/My_relu/high_mul_result5_carry__2/CO[3]
                         net (fo=1, routed)           0.000    26.356    Cfu/My_relu/high_mul_result5_carry__2_n_0
    SLICE_X11Y10         CARRY4 (Prop_carry4_CI_CO[3])
                                                      0.114    26.470 r  Cfu/My_relu/high_mul_result5_carry__3/CO[3]
                         net (fo=1, routed)           0.000    26.470    Cfu/My_relu/high_mul_result5_carry__3_n_0
    SLICE_X11Y11         CARRY4 (Prop_carry4_CI_CO[3])
                                                      0.114    26.584 r  Cfu/My_relu/high_mul_result5_carry__4/CO[3]
                         net (fo=1, routed)           0.000    26.584    Cfu/My_relu/high_mul_result5_carry__4_n_0
    SLICE_X11Y12         CARRY4 (Prop_carry4_CI_CO[3])
                                                      0.114    26.698 r  Cfu/My_relu/high_mul_result5_carry__5/CO[3]
                         net (fo=1, routed)           0.000    26.698    Cfu/My_relu/high_mul_result5_carry__5_n_0
    SLICE_X11Y13         CARRY4 (Prop_carry4_CI_CO[3])
                                                      0.114    26.812 r  Cfu/My_relu/high_mul_result5_carry__6/CO[3]
                         net (fo=1, routed)           0.000    26.812    Cfu/My_relu/high_mul_result5_carry__6_n_0
    SLICE_X11Y14         CARRY4 (Prop_carry4_CI_CO[3])
                                                      0.114    26.926 r  Cfu/My_relu/high_mul_result5_carry__7/CO[3]
                         net (fo=1, routed)           0.000    26.926    Cfu/My_relu/high_mul_result5_carry__7_n_0
    SLICE_X11Y15         CARRY4 (Prop_carry4_CI_CO[3])
                                                      0.114    27.040 r  Cfu/My_relu/high_mul_result5_carry__8/CO[3]
                         net (fo=1, routed)           0.000    27.040    Cfu/My_relu/high_mul_result5_carry__8_n_0
    SLICE_X11Y16         CARRY4 (Prop_carry4_CI_CO[3])
                                                      0.114    27.154 r  Cfu/My_relu/high_mul_result5_carry__9/CO[3]
                         net (fo=1, routed)           0.000    27.154    Cfu/My_relu/high_mul_result5_carry__9_n_0
    SLICE_X11Y17         CARRY4 (Prop_carry4_CI_O[3])
                                                      0.313    27.467 r  Cfu/My_relu/high_mul_result5_carry__10/O[3]
                         net (fo=6, routed)           0.906    28.374    Cfu/My_relu/high_mul_result5__3[63]
    SLICE_X10Y2          LUT2 (Prop_lut2_I1_O)        0.306    28.680 r  Cfu/My_relu/high_mul_result4_carry_i_1/O
                         net (fo=1, routed)           0.000    28.680    Cfu/My_relu/high_mul_result4_carry_i_1_n_0
    SLICE_X10Y2          CARRY4 (Prop_carry4_S[0]_CO[3])
                                                      0.513    29.193 r  Cfu/My_relu/high_mul_result4_carry/CO[3]
                         net (fo=1, routed)           0.000    29.193    Cfu/My_relu/high_mul_result4_carry_n_0
    SLICE_X10Y3          CARRY4 (Prop_carry4_CI_CO[3])
                                                      0.117    29.310 r  Cfu/My_relu/high_mul_result4_carry__0/CO[3]
                         net (fo=1, routed)           0.000    29.310    Cfu/My_relu/high_mul_result4_carry__0_n_0
    SLICE_X10Y4          CARRY4 (Prop_carry4_CI_CO[3])
                                                      0.117    29.427 r  Cfu/My_relu/high_mul_result4_carry__1/CO[3]
                         net (fo=1, routed)           0.000    29.427    Cfu/My_relu/high_mul_result4_carry__1_n_0
    SLICE_X10Y5          CARRY4 (Prop_carry4_CI_CO[3])
                                                      0.117    29.544 r  Cfu/My_relu/high_mul_result4_carry__2/CO[3]
                         net (fo=1, routed)           0.000    29.544    Cfu/My_relu/high_mul_result4_carry__2_n_0
    SLICE_X10Y6          CARRY4 (Prop_carry4_CI_CO[3])
                                                      0.117    29.661 r  Cfu/My_relu/high_mul_result4_carry__3/CO[3]
                         net (fo=1, routed)           0.000    29.661    Cfu/My_relu/high_mul_result4_carry__3_n_0
    SLICE_X10Y7          CARRY4 (Prop_carry4_CI_CO[3])
                                                      0.117    29.778 r  Cfu/My_relu/high_mul_result4_carry__4/CO[3]
                         net (fo=1, routed)           0.000    29.778    Cfu/My_relu/high_mul_result4_carry__4_n_0
    SLICE_X10Y8          CARRY4 (Prop_carry4_CI_CO[3])
                                                      0.117    29.895 r  Cfu/My_relu/high_mul_result4_carry__5/CO[3]
                         net (fo=1, routed)           0.000    29.895    Cfu/My_relu/high_mul_result4_carry__5_n_0
    SLICE_X10Y9          CARRY4 (Prop_carry4_CI_CO[3])
                                                      0.117    30.012 r  Cfu/My_relu/high_mul_result4_carry__6/CO[3]
                         net (fo=1, routed)           0.000    30.012    Cfu/My_relu/high_mul_result4_carry__6_n_0
    SLICE_X10Y10         CARRY4 (Prop_carry4_CI_O[1])
                                                      0.323    30.335 r  Cfu/My_relu/high_mul_result4_carry__7/O[1]
                         net (fo=3, routed)           0.729    31.063    Cfu/My_relu/high_mul_result4_carry__7_n_6
    SLICE_X13Y11         CARRY4 (Prop_carry4_S[1]_CO[3])
                                                      0.856    31.919 r  Cfu/My_relu/p_1_out__62_carry_i_7/CO[3]
                         net (fo=1, routed)           0.000    31.919    Cfu/My_relu/p_1_out__62_carry_i_7_n_0
    SLICE_X13Y12         CARRY4 (Prop_carry4_CI_CO[3])
                                                      0.114    32.033 r  Cfu/My_relu/p_1_out__62_carry__1_i_6/CO[3]
                         net (fo=1, routed)           0.000    32.033    Cfu/My_relu/p_1_out__62_carry__1_i_6_n_0
    SLICE_X13Y13         CARRY4 (Prop_carry4_CI_CO[3])
                                                      0.114    32.147 r  Cfu/My_relu/p_1_out__62_carry__1_i_5/CO[3]
                         net (fo=1, routed)           0.000    32.147    Cfu/My_relu/p_1_out__62_carry__1_i_5_n_0
    SLICE_X13Y14         CARRY4 (Prop_carry4_CI_CO[3])
                                                      0.114    32.261 r  Cfu/My_relu/p_1_out__62_carry__2_i_6/CO[3]
                         net (fo=1, routed)           0.000    32.261    Cfu/My_relu/p_1_out__62_carry__2_i_6_n_0
    SLICE_X13Y15         CARRY4 (Prop_carry4_CI_CO[3])
                                                      0.114    32.375 r  Cfu/My_relu/p_1_out__62_carry__3_i_9/CO[3]
                         net (fo=1, routed)           0.000    32.375    Cfu/My_relu/p_1_out__62_carry__3_i_9_n_0
    SLICE_X13Y16         CARRY4 (Prop_carry4_CI_CO[3])
                                                      0.114    32.489 r  Cfu/My_relu/p_1_out__62_carry__4_i_9/CO[3]
                         net (fo=1, routed)           0.000    32.489    Cfu/My_relu/p_1_out__62_carry__4_i_9_n_0
    SLICE_X13Y17         CARRY4 (Prop_carry4_CI_CO[3])
                                                      0.114    32.603 r  Cfu/My_relu/p_1_out__62_carry__5_i_9/CO[3]
                         net (fo=1, routed)           0.000    32.603    Cfu/My_relu/p_1_out__62_carry__5_i_9_n_0
    SLICE_X13Y18         CARRY4 (Prop_carry4_CI_O[2])
                                                      0.239    32.842 r  Cfu/My_relu/p_1_out__62_carry__6_i_8/O[2]
                         net (fo=3, routed)           0.667    33.509    Cfu/My_relu/p_1_out__62_carry__6_i_8_n_5
    SLICE_X16Y12         LUT4 (Prop_lut4_I1_O)        0.302    33.811 r  Cfu/My_relu/p_1_out_carry_i_1_comp_1/O
                         net (fo=1, routed)           0.000    33.811    Cfu/My_relu/p_1_out_carry_i_1_n_0
    SLICE_X16Y12         CARRY4 (Prop_carry4_S[0]_CO[3])
                                                      0.532    34.343 r  Cfu/My_relu/p_1_out_carry/CO[3]
                         net (fo=1, routed)           0.000    34.343    Cfu/My_relu/p_1_out_carry_n_0
    SLICE_X16Y13         CARRY4 (Prop_carry4_CI_CO[3])
                                                      0.114    34.457 r  Cfu/My_relu/p_1_out_carry__0/CO[3]
                         net (fo=1, routed)           0.000    34.457    Cfu/My_relu/p_1_out_carry__0_n_0
    SLICE_X16Y14         CARRY4 (Prop_carry4_CI_CO[3])
                                                      0.114    34.571 r  Cfu/My_relu/p_1_out_carry__1/CO[3]
                         net (fo=1, routed)           0.000    34.571    Cfu/My_relu/p_1_out_carry__1_n_0
    SLICE_X16Y15         CARRY4 (Prop_carry4_CI_CO[3])
                                                      0.114    34.685 r  Cfu/My_relu/p_1_out_carry__2/CO[3]
                         net (fo=1, routed)           0.000    34.685    Cfu/My_relu/p_1_out_carry__2_n_0
    SLICE_X16Y16         CARRY4 (Prop_carry4_CI_CO[3])
                                                      0.114    34.799 r  Cfu/My_relu/p_1_out_carry__3/CO[3]
                         net (fo=1, routed)           0.000    34.799    Cfu/My_relu/p_1_out_carry__3_n_0
    SLICE_X16Y17         CARRY4 (Prop_carry4_CI_O[0])
                                                      0.222    35.021 r  Cfu/My_relu/p_1_out_carry__4/O[0]
                         net (fo=2, routed)           0.614    35.636    Cfu/My_relu/threshold[20]
    SLICE_X15Y17         LUT3 (Prop_lut3_I0_O)        0.299    35.935 r  Cfu/My_relu/p_1_out__62_carry__4_i_4/O
                         net (fo=1, routed)           0.000    35.935    Cfu/My_relu/p_1_out__62_carry__4_i_4_n_0
    SLICE_X15Y17         CARRY4 (Prop_carry4_S[0]_CO[3])
                                                      0.532    36.467 r  Cfu/My_relu/p_1_out__62_carry__4/CO[3]
                         net (fo=1, routed)           0.000    36.467    Cfu/My_relu/p_1_out__62_carry__4_n_0
    SLICE_X15Y18         CARRY4 (Prop_carry4_CI_CO[3])
                                                      0.114    36.581 r  Cfu/My_relu/p_1_out__62_carry__5/CO[3]
                         net (fo=1, routed)           0.000    36.581    Cfu/My_relu/p_1_out__62_carry__5_n_0
    SLICE_X15Y19         CARRY4 (Prop_carry4_CI_CO[3])
                                                      0.114    36.695 r  Cfu/My_relu/p_1_out__62_carry__6/CO[3]
                         net (fo=1, routed)           0.000    36.695    Cfu/My_relu/p_1_out__62_carry__6_n_0
    SLICE_X15Y20         CARRY4 (Prop_carry4_CI_O[0])
                                                      0.222    36.917 r  Cfu/My_relu/p_1_out__62_carry__7/O[0]
                         net (fo=1, routed)           0.481    37.398    Cfu/My_relu/p_1_out[32]
    SLICE_X17Y21         CARRY4 (Prop_carry4_CYINIT_CO[3])
                                                      0.755    38.153 r  Cfu/My_relu/clamped_output2_carry/CO[3]
                         net (fo=1, routed)           0.000    38.153    Cfu/My_relu/clamped_output2_carry_n_0
    SLICE_X17Y22         CARRY4 (Prop_carry4_CI_CO[3])
                                                      0.114    38.267 r  Cfu/My_relu/clamped_output2_carry__0/CO[3]
                         net (fo=1, routed)           0.000    38.267    Cfu/My_relu/clamped_output2_carry__0_n_0
    SLICE_X17Y23         CARRY4 (Prop_carry4_CI_CO[3])
                                                      0.114    38.381 r  Cfu/My_relu/clamped_output2_carry__1/CO[3]
                         net (fo=1, routed)           0.000    38.381    Cfu/My_relu/clamped_output2_carry__1_n_0
    SLICE_X17Y24         CARRY4 (Prop_carry4_CI_CO[3])
                                                      0.114    38.495 r  Cfu/My_relu/clamped_output2_carry__2/CO[3]
                         net (fo=1, routed)           0.009    38.504    Cfu/My_relu/clamped_output2_carry__2_n_0
    SLICE_X17Y25         CARRY4 (Prop_carry4_CI_CO[3])
                                                      0.114    38.618 r  Cfu/My_relu/clamped_output2_carry__3/CO[3]
                         net (fo=1, routed)           0.000    38.618    Cfu/My_relu/clamped_output2_carry__3_n_0
    SLICE_X17Y26         CARRY4 (Prop_carry4_CI_CO[3])
                                                      0.114    38.732 r  Cfu/My_relu/clamped_output2_carry__4/CO[3]
                         net (fo=1, routed)           0.000    38.732    Cfu/My_relu/clamped_output2_carry__4_n_0
    SLICE_X17Y27         CARRY4 (Prop_carry4_CI_O[3])
                                                      0.313    39.045 r  Cfu/My_relu/clamped_output2_carry__5/O[3]
                         net (fo=5, routed)           0.659    39.704    Cfu/My_relu/unclamped[27]
    SLICE_X19Y27         LUT4 (Prop_lut4_I0_O)        0.306    40.010 r  Cfu/My_relu/clamped_output1_carry__2_i_7/O
                         net (fo=1, routed)           0.000    40.010    Cfu/My_relu/clamped_output1_carry__2_i_7_n_0
    SLICE_X19Y27         CARRY4 (Prop_carry4_S[1]_CO[3])
                                                      0.550    40.560 r  Cfu/My_relu/clamped_output1_carry__2/CO[3]
                         net (fo=32, routed)          0.999    41.558    Cfu/My_relu/clamped_output1
    SLICE_X23Y27         LUT6 (Prop_lut6_I1_O)        0.124    41.682 r  Cfu/My_relu/rsp_payload_outputs_0[8]_i_3/O
                         net (fo=1, routed)           0.295    41.977    Cfu/gbuff_C/rsp_payload_outputs_0_reg[8]
    SLICE_X20Y27         LUT4 (Prop_lut4_I3_O)        0.124    42.101 r  Cfu/gbuff_C/rsp_payload_outputs_0[8]_i_1/O
                         net (fo=1, routed)           0.000    42.101    Cfu/gbuff_C_n_277
    SLICE_X20Y27         FDRE                                         r  Cfu/rsp_payload_outputs_0_reg[8]/D
  -------------------------------------------------------------------    -------------------

                         (clock soc_crg_clkout0 rise edge)
                                                     13.333    13.333 r  
    E3                                                0.000    13.333 r  clk100 (IN)
                         net (fo=0)                   0.000    13.333    clk100
    E3                   IBUF (Prop_ibuf_I_O)         1.411    14.745 r  clk100_IBUF_inst/O
                         net (fo=1, routed)           1.920    16.665    clk100_IBUF
    BUFGCTRL_X0Y16       BUFG (Prop_bufg_I_O)         0.091    16.756 r  clk100_IBUF_BUFG_inst/O
                         net (fo=1, routed)           2.027    18.782    clk100_IBUF_BUFG
    SLICE_X60Y15         LUT1 (Prop_lut1_I0_O)        0.100    18.882 r  clk100_inst/O
                         net (fo=9, routed)           1.676    20.559    soc_crg_clkin
    MMCME2_ADV_X0Y0      MMCME2_ADV (Prop_mmcme2_adv_CLKIN1_CLKOUT0)
                                                      0.083    20.642 r  MMCME2_ADV/CLKOUT0
                         net (fo=1, routed)           1.923    22.565    soc_crg_clkout0
    BUFGCTRL_X0Y0        BUFG (Prop_bufg_I_O)         0.091    22.656 r  BUFG/O
                         net (fo=11569, routed)       1.672    24.328    Cfu/out
    SLICE_X20Y27         FDRE                                         r  Cfu/rsp_payload_outputs_0_reg[8]/C
                         clock pessimism              0.895    25.223    
                         clock uncertainty           -0.070    25.153    
    SLICE_X20Y27         FDRE (Setup_fdre_C_D)        0.029    25.182    Cfu/rsp_payload_outputs_0_reg[8]
  -------------------------------------------------------------------
                         required time                         25.182    
                         arrival time                         -42.101    
  -------------------------------------------------------------------
                         slack                                -16.919    

Slack (VIOLATED) :        -16.918ns  (required time - arrival time)
  Source:                 Cfu/relu_input_offset_reg[8]/C
                            (rising edge-triggered cell FDRE clocked by soc_crg_clkout0  {rise@0.000ns fall@6.667ns period=13.333ns})
  Destination:            Cfu/rsp_payload_outputs_0_reg[9]/D
                            (rising edge-triggered cell FDRE clocked by soc_crg_clkout0  {rise@0.000ns fall@6.667ns period=13.333ns})
  Path Group:             soc_crg_clkout0
  Path Type:              Setup (Max at Slow Process Corner)
  Requirement:            13.333ns  (soc_crg_clkout0 rise@13.333ns - soc_crg_clkout0 rise@0.000ns)
  Data Path Delay:        30.153ns  (logic 19.573ns (64.912%)  route 10.580ns (35.088%))
  Logic Levels:           67  (CARRY4=53 DSP48E1=2 LUT2=3 LUT3=2 LUT4=3 LUT5=2 LUT6=2)
  Clock Path Skew:        -0.059ns (DCD - SCD + CPR)
    Destination Clock Delay (DCD):    10.994ns = ( 24.327 - 13.333 ) 
    Source Clock Delay      (SCD):    11.948ns
    Clock Pessimism Removal (CPR):    0.895ns
  Clock Uncertainty:      0.070ns  ((TSJ^2 + DJ^2)^1/2) / 2 + PE
    Total System Jitter     (TSJ):    0.071ns
    Discrete Jitter          (DJ):    0.121ns
    Phase Error              (PE):    0.000ns

    Location             Delay type                Incr(ns)  Path(ns)    Netlist Resource(s)
  -------------------------------------------------------------------    -------------------
                         (clock soc_crg_clkout0 rise edge)
                                                      0.000     0.000 r  
    E3                                                0.000     0.000 r  clk100 (IN)
                         net (fo=0)                   0.000     0.000    clk100
    E3                   IBUF (Prop_ibuf_I_O)         1.482     1.482 r  clk100_IBUF_inst/O
                         net (fo=1, routed)           2.025     3.506    clk100_IBUF
    BUFGCTRL_X0Y16       BUFG (Prop_bufg_I_O)         0.096     3.602 r  clk100_IBUF_BUFG_inst/O
                         net (fo=1, routed)           2.245     5.847    clk100_IBUF_BUFG
    SLICE_X60Y15         LUT1 (Prop_lut1_I0_O)        0.124     5.971 r  clk100_inst/O
                         net (fo=9, routed)           1.955     7.927    soc_crg_clkin
    MMCME2_ADV_X0Y0      MMCME2_ADV (Prop_mmcme2_adv_CLKIN1_CLKOUT0)
                                                      0.088     8.015 r  MMCME2_ADV/CLKOUT0
                         net (fo=1, routed)           2.018    10.033    soc_crg_clkout0
    BUFGCTRL_X0Y0        BUFG (Prop_bufg_I_O)         0.096    10.129 r  BUFG/O
                         net (fo=11569, routed)       1.818    11.948    Cfu/out
    SLICE_X14Y6          FDRE                                         r  Cfu/relu_input_offset_reg[8]/C
  -------------------------------------------------------------------    -------------------
    SLICE_X14Y6          FDRE (Prop_fdre_C_Q)         0.518    12.466 r  Cfu/relu_input_offset_reg[8]/Q
                         net (fo=1, routed)           0.710    13.176    Cfu/My_relu/val_carry__6_0[8]
    SLICE_X14Y6          LUT2 (Prop_lut2_I1_O)        0.124    13.300 r  Cfu/My_relu/val_carry__1_i_4/O
                         net (fo=1, routed)           0.000    13.300    Cfu/My_relu/val_carry__1_i_4_n_0
    SLICE_X14Y6          CARRY4 (Prop_carry4_S[0]_CO[3])
                                                      0.513    13.813 r  Cfu/My_relu/val_carry__1/CO[3]
                         net (fo=1, routed)           0.000    13.813    Cfu/My_relu/val_carry__1_n_0
    SLICE_X14Y7          CARRY4 (Prop_carry4_CI_CO[3])
                                                      0.117    13.930 r  Cfu/My_relu/val_carry__2/CO[3]
                         net (fo=1, routed)           0.000    13.930    Cfu/My_relu/val_carry__2_n_0
    SLICE_X14Y8          CARRY4 (Prop_carry4_CI_CO[3])
                                                      0.117    14.047 r  Cfu/My_relu/val_carry__3/CO[3]
                         net (fo=1, routed)           0.000    14.047    Cfu/My_relu/val_carry__3_n_0
    SLICE_X14Y9          CARRY4 (Prop_carry4_CI_CO[3])
                                                      0.117    14.164 r  Cfu/My_relu/val_carry__4/CO[3]
                         net (fo=1, routed)           0.000    14.164    Cfu/My_relu/val_carry__4_n_0
    SLICE_X14Y10         CARRY4 (Prop_carry4_CI_CO[3])
                                                      0.117    14.281 r  Cfu/My_relu/val_carry__5/CO[3]
                         net (fo=1, routed)           0.000    14.281    Cfu/My_relu/val_carry__5_n_0
    SLICE_X14Y11         CARRY4 (Prop_carry4_CI_O[3])
                                                      0.315    14.596 r  Cfu/My_relu/val_carry__6/O[3]
                         net (fo=112, routed)         0.769    15.365    Cfu/My_relu/p_0_in
    SLICE_X15Y11         LUT3 (Prop_lut3_I1_O)        0.307    15.672 r  Cfu/My_relu/clamped_output8_carry_i_8/O
                         net (fo=73, routed)          0.938    16.610    Cfu/My_relu/clamped_output8_carry_i_8_n_0
    SLICE_X15Y9          LUT6 (Prop_lut6_I1_O)        0.124    16.734 f  Cfu/My_relu/high_mul_result5__1_i_41/O
                         net (fo=4, routed)           0.617    17.351    Cfu/My_relu/high_mul_result5__1_i_41_n_0
    SLICE_X12Y8          LUT5 (Prop_lut5_I0_O)        0.124    17.475 f  Cfu/My_relu/high_mul_result5__1_i_21/O
                         net (fo=2, routed)           0.799    18.274    Cfu/My_relu/high_mul_result5__1_i_21_n_0
    SLICE_X12Y13         LUT5 (Prop_lut5_I2_O)        0.124    18.398 r  Cfu/My_relu/high_mul_result5__1_i_4/O
                         net (fo=3, routed)           0.428    18.826    Cfu/My_relu/val_shift[13]
    DSP48_X0Y4           DSP48E1 (Prop_dsp48e1_A[13]_PCOUT[47])
                                                      4.036    22.862 r  Cfu/My_relu/high_mul_result5__1/PCOUT[47]
                         net (fo=1, routed)           0.002    22.864    Cfu/My_relu/high_mul_result5__1_n_106
    DSP48_X0Y5           DSP48E1 (Prop_dsp48e1_PCIN[47]_P[0])
                                                      1.518    24.382 r  Cfu/My_relu/high_mul_result5__2/P[0]
                         net (fo=2, routed)           0.958    25.340    Cfu/My_relu/p_1_in[17]
    SLICE_X11Y6          LUT2 (Prop_lut2_I0_O)        0.124    25.464 r  Cfu/My_relu/high_mul_result5_carry_i_3/O
                         net (fo=1, routed)           0.000    25.464    Cfu/My_relu/high_mul_result5_carry_i_3_n_0
    SLICE_X11Y6          CARRY4 (Prop_carry4_S[1]_CO[3])
                                                      0.550    26.014 r  Cfu/My_relu/high_mul_result5_carry/CO[3]
                         net (fo=1, routed)           0.000    26.014    Cfu/My_relu/high_mul_result5_carry_n_0
    SLICE_X11Y7          CARRY4 (Prop_carry4_CI_CO[3])
                                                      0.114    26.128 r  Cfu/My_relu/high_mul_result5_carry__0/CO[3]
                         net (fo=1, routed)           0.000    26.128    Cfu/My_relu/high_mul_result5_carry__0_n_0
    SLICE_X11Y8          CARRY4 (Prop_carry4_CI_CO[3])
                                                      0.114    26.242 r  Cfu/My_relu/high_mul_result5_carry__1/CO[3]
                         net (fo=1, routed)           0.000    26.242    Cfu/My_relu/high_mul_result5_carry__1_n_0
    SLICE_X11Y9          CARRY4 (Prop_carry4_CI_CO[3])
                                                      0.114    26.356 r  Cfu/My_relu/high_mul_result5_carry__2/CO[3]
                         net (fo=1, routed)           0.000    26.356    Cfu/My_relu/high_mul_result5_carry__2_n_0
    SLICE_X11Y10         CARRY4 (Prop_carry4_CI_CO[3])
                                                      0.114    26.470 r  Cfu/My_relu/high_mul_result5_carry__3/CO[3]
                         net (fo=1, routed)           0.000    26.470    Cfu/My_relu/high_mul_result5_carry__3_n_0
    SLICE_X11Y11         CARRY4 (Prop_carry4_CI_CO[3])
                                                      0.114    26.584 r  Cfu/My_relu/high_mul_result5_carry__4/CO[3]
                         net (fo=1, routed)           0.000    26.584    Cfu/My_relu/high_mul_result5_carry__4_n_0
    SLICE_X11Y12         CARRY4 (Prop_carry4_CI_CO[3])
                                                      0.114    26.698 r  Cfu/My_relu/high_mul_result5_carry__5/CO[3]
                         net (fo=1, routed)           0.000    26.698    Cfu/My_relu/high_mul_result5_carry__5_n_0
    SLICE_X11Y13         CARRY4 (Prop_carry4_CI_CO[3])
                                                      0.114    26.812 r  Cfu/My_relu/high_mul_result5_carry__6/CO[3]
                         net (fo=1, routed)           0.000    26.812    Cfu/My_relu/high_mul_result5_carry__6_n_0
    SLICE_X11Y14         CARRY4 (Prop_carry4_CI_CO[3])
                                                      0.114    26.926 r  Cfu/My_relu/high_mul_result5_carry__7/CO[3]
                         net (fo=1, routed)           0.000    26.926    Cfu/My_relu/high_mul_result5_carry__7_n_0
    SLICE_X11Y15         CARRY4 (Prop_carry4_CI_CO[3])
                                                      0.114    27.040 r  Cfu/My_relu/high_mul_result5_carry__8/CO[3]
                         net (fo=1, routed)           0.000    27.040    Cfu/My_relu/high_mul_result5_carry__8_n_0
    SLICE_X11Y16         CARRY4 (Prop_carry4_CI_CO[3])
                                                      0.114    27.154 r  Cfu/My_relu/high_mul_result5_carry__9/CO[3]
                         net (fo=1, routed)           0.000    27.154    Cfu/My_relu/high_mul_result5_carry__9_n_0
    SLICE_X11Y17         CARRY4 (Prop_carry4_CI_O[3])
                                                      0.313    27.467 r  Cfu/My_relu/high_mul_result5_carry__10/O[3]
                         net (fo=6, routed)           0.906    28.374    Cfu/My_relu/high_mul_result5__3[63]
    SLICE_X10Y2          LUT2 (Prop_lut2_I1_O)        0.306    28.680 r  Cfu/My_relu/high_mul_result4_carry_i_1/O
                         net (fo=1, routed)           0.000    28.680    Cfu/My_relu/high_mul_result4_carry_i_1_n_0
    SLICE_X10Y2          CARRY4 (Prop_carry4_S[0]_CO[3])
                                                      0.513    29.193 r  Cfu/My_relu/high_mul_result4_carry/CO[3]
                         net (fo=1, routed)           0.000    29.193    Cfu/My_relu/high_mul_result4_carry_n_0
    SLICE_X10Y3          CARRY4 (Prop_carry4_CI_CO[3])
                                                      0.117    29.310 r  Cfu/My_relu/high_mul_result4_carry__0/CO[3]
                         net (fo=1, routed)           0.000    29.310    Cfu/My_relu/high_mul_result4_carry__0_n_0
    SLICE_X10Y4          CARRY4 (Prop_carry4_CI_CO[3])
                                                      0.117    29.427 r  Cfu/My_relu/high_mul_result4_carry__1/CO[3]
                         net (fo=1, routed)           0.000    29.427    Cfu/My_relu/high_mul_result4_carry__1_n_0
    SLICE_X10Y5          CARRY4 (Prop_carry4_CI_CO[3])
                                                      0.117    29.544 r  Cfu/My_relu/high_mul_result4_carry__2/CO[3]
                         net (fo=1, routed)           0.000    29.544    Cfu/My_relu/high_mul_result4_carry__2_n_0
    SLICE_X10Y6          CARRY4 (Prop_carry4_CI_CO[3])
                                                      0.117    29.661 r  Cfu/My_relu/high_mul_result4_carry__3/CO[3]
                         net (fo=1, routed)           0.000    29.661    Cfu/My_relu/high_mul_result4_carry__3_n_0
    SLICE_X10Y7          CARRY4 (Prop_carry4_CI_CO[3])
                                                      0.117    29.778 r  Cfu/My_relu/high_mul_result4_carry__4/CO[3]
                         net (fo=1, routed)           0.000    29.778    Cfu/My_relu/high_mul_result4_carry__4_n_0
    SLICE_X10Y8          CARRY4 (Prop_carry4_CI_CO[3])
                                                      0.117    29.895 r  Cfu/My_relu/high_mul_result4_carry__5/CO[3]
                         net (fo=1, routed)           0.000    29.895    Cfu/My_relu/high_mul_result4_carry__5_n_0
    SLICE_X10Y9          CARRY4 (Prop_carry4_CI_CO[3])
                                                      0.117    30.012 r  Cfu/My_relu/high_mul_result4_carry__6/CO[3]
                         net (fo=1, routed)           0.000    30.012    Cfu/My_relu/high_mul_result4_carry__6_n_0
    SLICE_X10Y10         CARRY4 (Prop_carry4_CI_O[1])
                                                      0.323    30.335 r  Cfu/My_relu/high_mul_result4_carry__7/O[1]
                         net (fo=3, routed)           0.729    31.063    Cfu/My_relu/high_mul_result4_carry__7_n_6
    SLICE_X13Y11         CARRY4 (Prop_carry4_S[1]_CO[3])
                                                      0.856    31.919 r  Cfu/My_relu/p_1_out__62_carry_i_7/CO[3]
                         net (fo=1, routed)           0.000    31.919    Cfu/My_relu/p_1_out__62_carry_i_7_n_0
    SLICE_X13Y12         CARRY4 (Prop_carry4_CI_CO[3])
                                                      0.114    32.033 r  Cfu/My_relu/p_1_out__62_carry__1_i_6/CO[3]
                         net (fo=1, routed)           0.000    32.033    Cfu/My_relu/p_1_out__62_carry__1_i_6_n_0
    SLICE_X13Y13         CARRY4 (Prop_carry4_CI_CO[3])
                                                      0.114    32.147 r  Cfu/My_relu/p_1_out__62_carry__1_i_5/CO[3]
                         net (fo=1, routed)           0.000    32.147    Cfu/My_relu/p_1_out__62_carry__1_i_5_n_0
    SLICE_X13Y14         CARRY4 (Prop_carry4_CI_CO[3])
                                                      0.114    32.261 r  Cfu/My_relu/p_1_out__62_carry__2_i_6/CO[3]
                         net (fo=1, routed)           0.000    32.261    Cfu/My_relu/p_1_out__62_carry__2_i_6_n_0
    SLICE_X13Y15         CARRY4 (Prop_carry4_CI_CO[3])
                                                      0.114    32.375 r  Cfu/My_relu/p_1_out__62_carry__3_i_9/CO[3]
                         net (fo=1, routed)           0.000    32.375    Cfu/My_relu/p_1_out__62_carry__3_i_9_n_0
    SLICE_X13Y16         CARRY4 (Prop_carry4_CI_CO[3])
                                                      0.114    32.489 r  Cfu/My_relu/p_1_out__62_carry__4_i_9/CO[3]
                         net (fo=1, routed)           0.000    32.489    Cfu/My_relu/p_1_out__62_carry__4_i_9_n_0
    SLICE_X13Y17         CARRY4 (Prop_carry4_CI_CO[3])
                                                      0.114    32.603 r  Cfu/My_relu/p_1_out__62_carry__5_i_9/CO[3]
                         net (fo=1, routed)           0.000    32.603    Cfu/My_relu/p_1_out__62_carry__5_i_9_n_0
    SLICE_X13Y18         CARRY4 (Prop_carry4_CI_O[2])
                                                      0.239    32.842 r  Cfu/My_relu/p_1_out__62_carry__6_i_8/O[2]
                         net (fo=3, routed)           0.667    33.509    Cfu/My_relu/p_1_out__62_carry__6_i_8_n_5
    SLICE_X16Y12         LUT4 (Prop_lut4_I1_O)        0.302    33.811 r  Cfu/My_relu/p_1_out_carry_i_1_comp_1/O
                         net (fo=1, routed)           0.000    33.811    Cfu/My_relu/p_1_out_carry_i_1_n_0
    SLICE_X16Y12         CARRY4 (Prop_carry4_S[0]_CO[3])
                                                      0.532    34.343 r  Cfu/My_relu/p_1_out_carry/CO[3]
                         net (fo=1, routed)           0.000    34.343    Cfu/My_relu/p_1_out_carry_n_0
    SLICE_X16Y13         CARRY4 (Prop_carry4_CI_CO[3])
                                                      0.114    34.457 r  Cfu/My_relu/p_1_out_carry__0/CO[3]
                         net (fo=1, routed)           0.000    34.457    Cfu/My_relu/p_1_out_carry__0_n_0
    SLICE_X16Y14         CARRY4 (Prop_carry4_CI_CO[3])
                                                      0.114    34.571 r  Cfu/My_relu/p_1_out_carry__1/CO[3]
                         net (fo=1, routed)           0.000    34.571    Cfu/My_relu/p_1_out_carry__1_n_0
    SLICE_X16Y15         CARRY4 (Prop_carry4_CI_CO[3])
                                                      0.114    34.685 r  Cfu/My_relu/p_1_out_carry__2/CO[3]
                         net (fo=1, routed)           0.000    34.685    Cfu/My_relu/p_1_out_carry__2_n_0
    SLICE_X16Y16         CARRY4 (Prop_carry4_CI_CO[3])
                                                      0.114    34.799 r  Cfu/My_relu/p_1_out_carry__3/CO[3]
                         net (fo=1, routed)           0.000    34.799    Cfu/My_relu/p_1_out_carry__3_n_0
    SLICE_X16Y17         CARRY4 (Prop_carry4_CI_O[0])
                                                      0.222    35.021 r  Cfu/My_relu/p_1_out_carry__4/O[0]
                         net (fo=2, routed)           0.614    35.636    Cfu/My_relu/threshold[20]
    SLICE_X15Y17         LUT3 (Prop_lut3_I0_O)        0.299    35.935 r  Cfu/My_relu/p_1_out__62_carry__4_i_4/O
                         net (fo=1, routed)           0.000    35.935    Cfu/My_relu/p_1_out__62_carry__4_i_4_n_0
    SLICE_X15Y17         CARRY4 (Prop_carry4_S[0]_CO[3])
                                                      0.532    36.467 r  Cfu/My_relu/p_1_out__62_carry__4/CO[3]
                         net (fo=1, routed)           0.000    36.467    Cfu/My_relu/p_1_out__62_carry__4_n_0
    SLICE_X15Y18         CARRY4 (Prop_carry4_CI_CO[3])
                                                      0.114    36.581 r  Cfu/My_relu/p_1_out__62_carry__5/CO[3]
                         net (fo=1, routed)           0.000    36.581    Cfu/My_relu/p_1_out__62_carry__5_n_0
    SLICE_X15Y19         CARRY4 (Prop_carry4_CI_CO[3])
                                                      0.114    36.695 r  Cfu/My_relu/p_1_out__62_carry__6/CO[3]
                         net (fo=1, routed)           0.000    36.695    Cfu/My_relu/p_1_out__62_carry__6_n_0
    SLICE_X15Y20         CARRY4 (Prop_carry4_CI_O[0])
                                                      0.222    36.917 r  Cfu/My_relu/p_1_out__62_carry__7/O[0]
                         net (fo=1, routed)           0.481    37.398    Cfu/My_relu/p_1_out[32]
    SLICE_X17Y21         CARRY4 (Prop_carry4_CYINIT_CO[3])
                                                      0.755    38.153 r  Cfu/My_relu/clamped_output2_carry/CO[3]
                         net (fo=1, routed)           0.000    38.153    Cfu/My_relu/clamped_output2_carry_n_0
    SLICE_X17Y22         CARRY4 (Prop_carry4_CI_CO[3])
                                                      0.114    38.267 r  Cfu/My_relu/clamped_output2_carry__0/CO[3]
                         net (fo=1, routed)           0.000    38.267    Cfu/My_relu/clamped_output2_carry__0_n_0
    SLICE_X17Y23         CARRY4 (Prop_carry4_CI_CO[3])
                                                      0.114    38.381 r  Cfu/My_relu/clamped_output2_carry__1/CO[3]
                         net (fo=1, routed)           0.000    38.381    Cfu/My_relu/clamped_output2_carry__1_n_0
    SLICE_X17Y24         CARRY4 (Prop_carry4_CI_CO[3])
                                                      0.114    38.495 r  Cfu/My_relu/clamped_output2_carry__2/CO[3]
                         net (fo=1, routed)           0.009    38.504    Cfu/My_relu/clamped_output2_carry__2_n_0
    SLICE_X17Y25         CARRY4 (Prop_carry4_CI_CO[3])
                                                      0.114    38.618 r  Cfu/My_relu/clamped_output2_carry__3/CO[3]
                         net (fo=1, routed)           0.000    38.618    Cfu/My_relu/clamped_output2_carry__3_n_0
    SLICE_X17Y26         CARRY4 (Prop_carry4_CI_CO[3])
                                                      0.114    38.732 r  Cfu/My_relu/clamped_output2_carry__4/CO[3]
                         net (fo=1, routed)           0.000    38.732    Cfu/My_relu/clamped_output2_carry__4_n_0
    SLICE_X17Y27         CARRY4 (Prop_carry4_CI_O[3])
                                                      0.313    39.045 r  Cfu/My_relu/clamped_output2_carry__5/O[3]
                         net (fo=5, routed)           0.659    39.704    Cfu/My_relu/unclamped[27]
    SLICE_X19Y27         LUT4 (Prop_lut4_I0_O)        0.306    40.010 r  Cfu/My_relu/clamped_output1_carry__2_i_7/O
                         net (fo=1, routed)           0.000    40.010    Cfu/My_relu/clamped_output1_carry__2_i_7_n_0
    SLICE_X19Y27         CARRY4 (Prop_carry4_S[1]_CO[3])
                                                      0.550    40.560 r  Cfu/My_relu/clamped_output1_carry__2/CO[3]
                         net (fo=32, routed)          0.998    41.557    Cfu/My_relu/clamped_output1
    SLICE_X23Y27         LUT6 (Prop_lut6_I1_O)        0.124    41.681 r  Cfu/My_relu/rsp_payload_outputs_0[9]_i_3/O
                         net (fo=1, routed)           0.296    41.977    Cfu/gbuff_C/rsp_payload_outputs_0_reg[9]
    SLICE_X25Y27         LUT4 (Prop_lut4_I3_O)        0.124    42.101 r  Cfu/gbuff_C/rsp_payload_outputs_0[9]_i_1/O
                         net (fo=1, routed)           0.000    42.101    Cfu/gbuff_C_n_276
    SLICE_X25Y27         FDRE                                         r  Cfu/rsp_payload_outputs_0_reg[9]/D
  -------------------------------------------------------------------    -------------------

                         (clock soc_crg_clkout0 rise edge)
                                                     13.333    13.333 r  
    E3                                                0.000    13.333 r  clk100 (IN)
                         net (fo=0)                   0.000    13.333    clk100
    E3                   IBUF (Prop_ibuf_I_O)         1.411    14.745 r  clk100_IBUF_inst/O
                         net (fo=1, routed)           1.920    16.665    clk100_IBUF
    BUFGCTRL_X0Y16       BUFG (Prop_bufg_I_O)         0.091    16.756 r  clk100_IBUF_BUFG_inst/O
                         net (fo=1, routed)           2.027    18.782    clk100_IBUF_BUFG
    SLICE_X60Y15         LUT1 (Prop_lut1_I0_O)        0.100    18.882 r  clk100_inst/O
                         net (fo=9, routed)           1.676    20.559    soc_crg_clkin
    MMCME2_ADV_X0Y0      MMCME2_ADV (Prop_mmcme2_adv_CLKIN1_CLKOUT0)
                                                      0.083    20.642 r  MMCME2_ADV/CLKOUT0
                         net (fo=1, routed)           1.923    22.565    soc_crg_clkout0
    BUFGCTRL_X0Y0        BUFG (Prop_bufg_I_O)         0.091    22.656 r  BUFG/O
                         net (fo=11569, routed)       1.671    24.327    Cfu/out
    SLICE_X25Y27         FDRE                                         r  Cfu/rsp_payload_outputs_0_reg[9]/C
                         clock pessimism              0.895    25.222    
                         clock uncertainty           -0.070    25.152    
    SLICE_X25Y27         FDRE (Setup_fdre_C_D)        0.031    25.183    Cfu/rsp_payload_outputs_0_reg[9]
  -------------------------------------------------------------------
                         required time                         25.183    
                         arrival time                         -42.101    
  -------------------------------------------------------------------
                         slack                                -16.918    

Slack (VIOLATED) :        -16.914ns  (required time - arrival time)
  Source:                 Cfu/relu_input_offset_reg[8]/C
                            (rising edge-triggered cell FDRE clocked by soc_crg_clkout0  {rise@0.000ns fall@6.667ns period=13.333ns})
  Destination:            Cfu/rsp_payload_outputs_0_reg[5]/D
                            (rising edge-triggered cell FDRE clocked by soc_crg_clkout0  {rise@0.000ns fall@6.667ns period=13.333ns})
  Path Group:             soc_crg_clkout0
  Path Type:              Setup (Max at Slow Process Corner)
  Requirement:            13.333ns  (soc_crg_clkout0 rise@13.333ns - soc_crg_clkout0 rise@0.000ns)
  Data Path Delay:        30.148ns  (logic 19.573ns (64.922%)  route 10.575ns (35.078%))
  Logic Levels:           67  (CARRY4=53 DSP48E1=2 LUT2=3 LUT3=2 LUT4=3 LUT5=2 LUT6=2)
  Clock Path Skew:        -0.058ns (DCD - SCD + CPR)
    Destination Clock Delay (DCD):    10.995ns = ( 24.328 - 13.333 ) 
    Source Clock Delay      (SCD):    11.948ns
    Clock Pessimism Removal (CPR):    0.895ns
  Clock Uncertainty:      0.070ns  ((TSJ^2 + DJ^2)^1/2) / 2 + PE
    Total System Jitter     (TSJ):    0.071ns
    Discrete Jitter          (DJ):    0.121ns
    Phase Error              (PE):    0.000ns

    Location             Delay type                Incr(ns)  Path(ns)    Netlist Resource(s)
  -------------------------------------------------------------------    -------------------
                         (clock soc_crg_clkout0 rise edge)
                                                      0.000     0.000 r  
    E3                                                0.000     0.000 r  clk100 (IN)
                         net (fo=0)                   0.000     0.000    clk100
    E3                   IBUF (Prop_ibuf_I_O)         1.482     1.482 r  clk100_IBUF_inst/O
                         net (fo=1, routed)           2.025     3.506    clk100_IBUF
    BUFGCTRL_X0Y16       BUFG (Prop_bufg_I_O)         0.096     3.602 r  clk100_IBUF_BUFG_inst/O
                         net (fo=1, routed)           2.245     5.847    clk100_IBUF_BUFG
    SLICE_X60Y15         LUT1 (Prop_lut1_I0_O)        0.124     5.971 r  clk100_inst/O
                         net (fo=9, routed)           1.955     7.927    soc_crg_clkin
    MMCME2_ADV_X0Y0      MMCME2_ADV (Prop_mmcme2_adv_CLKIN1_CLKOUT0)
                                                      0.088     8.015 r  MMCME2_ADV/CLKOUT0
                         net (fo=1, routed)           2.018    10.033    soc_crg_clkout0
    BUFGCTRL_X0Y0        BUFG (Prop_bufg_I_O)         0.096    10.129 r  BUFG/O
                         net (fo=11569, routed)       1.818    11.948    Cfu/out
    SLICE_X14Y6          FDRE                                         r  Cfu/relu_input_offset_reg[8]/C
  -------------------------------------------------------------------    -------------------
    SLICE_X14Y6          FDRE (Prop_fdre_C_Q)         0.518    12.466 r  Cfu/relu_input_offset_reg[8]/Q
                         net (fo=1, routed)           0.710    13.176    Cfu/My_relu/val_carry__6_0[8]
    SLICE_X14Y6          LUT2 (Prop_lut2_I1_O)        0.124    13.300 r  Cfu/My_relu/val_carry__1_i_4/O
                         net (fo=1, routed)           0.000    13.300    Cfu/My_relu/val_carry__1_i_4_n_0
    SLICE_X14Y6          CARRY4 (Prop_carry4_S[0]_CO[3])
                                                      0.513    13.813 r  Cfu/My_relu/val_carry__1/CO[3]
                         net (fo=1, routed)           0.000    13.813    Cfu/My_relu/val_carry__1_n_0
    SLICE_X14Y7          CARRY4 (Prop_carry4_CI_CO[3])
                                                      0.117    13.930 r  Cfu/My_relu/val_carry__2/CO[3]
                         net (fo=1, routed)           0.000    13.930    Cfu/My_relu/val_carry__2_n_0
    SLICE_X14Y8          CARRY4 (Prop_carry4_CI_CO[3])
                                                      0.117    14.047 r  Cfu/My_relu/val_carry__3/CO[3]
                         net (fo=1, routed)           0.000    14.047    Cfu/My_relu/val_carry__3_n_0
    SLICE_X14Y9          CARRY4 (Prop_carry4_CI_CO[3])
                                                      0.117    14.164 r  Cfu/My_relu/val_carry__4/CO[3]
                         net (fo=1, routed)           0.000    14.164    Cfu/My_relu/val_carry__4_n_0
    SLICE_X14Y10         CARRY4 (Prop_carry4_CI_CO[3])
                                                      0.117    14.281 r  Cfu/My_relu/val_carry__5/CO[3]
                         net (fo=1, routed)           0.000    14.281    Cfu/My_relu/val_carry__5_n_0
    SLICE_X14Y11         CARRY4 (Prop_carry4_CI_O[3])
                                                      0.315    14.596 r  Cfu/My_relu/val_carry__6/O[3]
                         net (fo=112, routed)         0.769    15.365    Cfu/My_relu/p_0_in
    SLICE_X15Y11         LUT3 (Prop_lut3_I1_O)        0.307    15.672 r  Cfu/My_relu/clamped_output8_carry_i_8/O
                         net (fo=73, routed)          0.938    16.610    Cfu/My_relu/clamped_output8_carry_i_8_n_0
    SLICE_X15Y9          LUT6 (Prop_lut6_I1_O)        0.124    16.734 f  Cfu/My_relu/high_mul_result5__1_i_41/O
                         net (fo=4, routed)           0.617    17.351    Cfu/My_relu/high_mul_result5__1_i_41_n_0
    SLICE_X12Y8          LUT5 (Prop_lut5_I0_O)        0.124    17.475 f  Cfu/My_relu/high_mul_result5__1_i_21/O
                         net (fo=2, routed)           0.799    18.274    Cfu/My_relu/high_mul_result5__1_i_21_n_0
    SLICE_X12Y13         LUT5 (Prop_lut5_I2_O)        0.124    18.398 r  Cfu/My_relu/high_mul_result5__1_i_4/O
                         net (fo=3, routed)           0.428    18.826    Cfu/My_relu/val_shift[13]
    DSP48_X0Y4           DSP48E1 (Prop_dsp48e1_A[13]_PCOUT[47])
                                                      4.036    22.862 r  Cfu/My_relu/high_mul_result5__1/PCOUT[47]
                         net (fo=1, routed)           0.002    22.864    Cfu/My_relu/high_mul_result5__1_n_106
    DSP48_X0Y5           DSP48E1 (Prop_dsp48e1_PCIN[47]_P[0])
                                                      1.518    24.382 r  Cfu/My_relu/high_mul_result5__2/P[0]
                         net (fo=2, routed)           0.958    25.340    Cfu/My_relu/p_1_in[17]
    SLICE_X11Y6          LUT2 (Prop_lut2_I0_O)        0.124    25.464 r  Cfu/My_relu/high_mul_result5_carry_i_3/O
                         net (fo=1, routed)           0.000    25.464    Cfu/My_relu/high_mul_result5_carry_i_3_n_0
    SLICE_X11Y6          CARRY4 (Prop_carry4_S[1]_CO[3])
                                                      0.550    26.014 r  Cfu/My_relu/high_mul_result5_carry/CO[3]
                         net (fo=1, routed)           0.000    26.014    Cfu/My_relu/high_mul_result5_carry_n_0
    SLICE_X11Y7          CARRY4 (Prop_carry4_CI_CO[3])
                                                      0.114    26.128 r  Cfu/My_relu/high_mul_result5_carry__0/CO[3]
                         net (fo=1, routed)           0.000    26.128    Cfu/My_relu/high_mul_result5_carry__0_n_0
    SLICE_X11Y8          CARRY4 (Prop_carry4_CI_CO[3])
                                                      0.114    26.242 r  Cfu/My_relu/high_mul_result5_carry__1/CO[3]
                         net (fo=1, routed)           0.000    26.242    Cfu/My_relu/high_mul_result5_carry__1_n_0
    SLICE_X11Y9          CARRY4 (Prop_carry4_CI_CO[3])
                                                      0.114    26.356 r  Cfu/My_relu/high_mul_result5_carry__2/CO[3]
                         net (fo=1, routed)           0.000    26.356    Cfu/My_relu/high_mul_result5_carry__2_n_0
    SLICE_X11Y10         CARRY4 (Prop_carry4_CI_CO[3])
                                                      0.114    26.470 r  Cfu/My_relu/high_mul_result5_carry__3/CO[3]
                         net (fo=1, routed)           0.000    26.470    Cfu/My_relu/high_mul_result5_carry__3_n_0
    SLICE_X11Y11         CARRY4 (Prop_carry4_CI_CO[3])
                                                      0.114    26.584 r  Cfu/My_relu/high_mul_result5_carry__4/CO[3]
                         net (fo=1, routed)           0.000    26.584    Cfu/My_relu/high_mul_result5_carry__4_n_0
    SLICE_X11Y12         CARRY4 (Prop_carry4_CI_CO[3])
                                                      0.114    26.698 r  Cfu/My_relu/high_mul_result5_carry__5/CO[3]
                         net (fo=1, routed)           0.000    26.698    Cfu/My_relu/high_mul_result5_carry__5_n_0
    SLICE_X11Y13         CARRY4 (Prop_carry4_CI_CO[3])
                                                      0.114    26.812 r  Cfu/My_relu/high_mul_result5_carry__6/CO[3]
                         net (fo=1, routed)           0.000    26.812    Cfu/My_relu/high_mul_result5_carry__6_n_0
    SLICE_X11Y14         CARRY4 (Prop_carry4_CI_CO[3])
                                                      0.114    26.926 r  Cfu/My_relu/high_mul_result5_carry__7/CO[3]
                         net (fo=1, routed)           0.000    26.926    Cfu/My_relu/high_mul_result5_carry__7_n_0
    SLICE_X11Y15         CARRY4 (Prop_carry4_CI_CO[3])
                                                      0.114    27.040 r  Cfu/My_relu/high_mul_result5_carry__8/CO[3]
                         net (fo=1, routed)           0.000    27.040    Cfu/My_relu/high_mul_result5_carry__8_n_0
    SLICE_X11Y16         CARRY4 (Prop_carry4_CI_CO[3])
                                                      0.114    27.154 r  Cfu/My_relu/high_mul_result5_carry__9/CO[3]
                         net (fo=1, routed)           0.000    27.154    Cfu/My_relu/high_mul_result5_carry__9_n_0
    SLICE_X11Y17         CARRY4 (Prop_carry4_CI_O[3])
                                                      0.313    27.467 r  Cfu/My_relu/high_mul_result5_carry__10/O[3]
                         net (fo=6, routed)           0.906    28.374    Cfu/My_relu/high_mul_result5__3[63]
    SLICE_X10Y2          LUT2 (Prop_lut2_I1_O)        0.306    28.680 r  Cfu/My_relu/high_mul_result4_carry_i_1/O
                         net (fo=1, routed)           0.000    28.680    Cfu/My_relu/high_mul_result4_carry_i_1_n_0
    SLICE_X10Y2          CARRY4 (Prop_carry4_S[0]_CO[3])
                                                      0.513    29.193 r  Cfu/My_relu/high_mul_result4_carry/CO[3]
                         net (fo=1, routed)           0.000    29.193    Cfu/My_relu/high_mul_result4_carry_n_0
    SLICE_X10Y3          CARRY4 (Prop_carry4_CI_CO[3])
                                                      0.117    29.310 r  Cfu/My_relu/high_mul_result4_carry__0/CO[3]
                         net (fo=1, routed)           0.000    29.310    Cfu/My_relu/high_mul_result4_carry__0_n_0
    SLICE_X10Y4          CARRY4 (Prop_carry4_CI_CO[3])
                                                      0.117    29.427 r  Cfu/My_relu/high_mul_result4_carry__1/CO[3]
                         net (fo=1, routed)           0.000    29.427    Cfu/My_relu/high_mul_result4_carry__1_n_0
    SLICE_X10Y5          CARRY4 (Prop_carry4_CI_CO[3])
                                                      0.117    29.544 r  Cfu/My_relu/high_mul_result4_carry__2/CO[3]
                         net (fo=1, routed)           0.000    29.544    Cfu/My_relu/high_mul_result4_carry__2_n_0
    SLICE_X10Y6          CARRY4 (Prop_carry4_CI_CO[3])
                                                      0.117    29.661 r  Cfu/My_relu/high_mul_result4_carry__3/CO[3]
                         net (fo=1, routed)           0.000    29.661    Cfu/My_relu/high_mul_result4_carry__3_n_0
    SLICE_X10Y7          CARRY4 (Prop_carry4_CI_CO[3])
                                                      0.117    29.778 r  Cfu/My_relu/high_mul_result4_carry__4/CO[3]
                         net (fo=1, routed)           0.000    29.778    Cfu/My_relu/high_mul_result4_carry__4_n_0
    SLICE_X10Y8          CARRY4 (Prop_carry4_CI_CO[3])
                                                      0.117    29.895 r  Cfu/My_relu/high_mul_result4_carry__5/CO[3]
                         net (fo=1, routed)           0.000    29.895    Cfu/My_relu/high_mul_result4_carry__5_n_0
    SLICE_X10Y9          CARRY4 (Prop_carry4_CI_CO[3])
                                                      0.117    30.012 r  Cfu/My_relu/high_mul_result4_carry__6/CO[3]
                         net (fo=1, routed)           0.000    30.012    Cfu/My_relu/high_mul_result4_carry__6_n_0
    SLICE_X10Y10         CARRY4 (Prop_carry4_CI_O[1])
                                                      0.323    30.335 r  Cfu/My_relu/high_mul_result4_carry__7/O[1]
                         net (fo=3, routed)           0.729    31.063    Cfu/My_relu/high_mul_result4_carry__7_n_6
    SLICE_X13Y11         CARRY4 (Prop_carry4_S[1]_CO[3])
                                                      0.856    31.919 r  Cfu/My_relu/p_1_out__62_carry_i_7/CO[3]
                         net (fo=1, routed)           0.000    31.919    Cfu/My_relu/p_1_out__62_carry_i_7_n_0
    SLICE_X13Y12         CARRY4 (Prop_carry4_CI_CO[3])
                                                      0.114    32.033 r  Cfu/My_relu/p_1_out__62_carry__1_i_6/CO[3]
                         net (fo=1, routed)           0.000    32.033    Cfu/My_relu/p_1_out__62_carry__1_i_6_n_0
    SLICE_X13Y13         CARRY4 (Prop_carry4_CI_CO[3])
                                                      0.114    32.147 r  Cfu/My_relu/p_1_out__62_carry__1_i_5/CO[3]
                         net (fo=1, routed)           0.000    32.147    Cfu/My_relu/p_1_out__62_carry__1_i_5_n_0
    SLICE_X13Y14         CARRY4 (Prop_carry4_CI_CO[3])
                                                      0.114    32.261 r  Cfu/My_relu/p_1_out__62_carry__2_i_6/CO[3]
                         net (fo=1, routed)           0.000    32.261    Cfu/My_relu/p_1_out__62_carry__2_i_6_n_0
    SLICE_X13Y15         CARRY4 (Prop_carry4_CI_CO[3])
                                                      0.114    32.375 r  Cfu/My_relu/p_1_out__62_carry__3_i_9/CO[3]
                         net (fo=1, routed)           0.000    32.375    Cfu/My_relu/p_1_out__62_carry__3_i_9_n_0
    SLICE_X13Y16         CARRY4 (Prop_carry4_CI_CO[3])
                                                      0.114    32.489 r  Cfu/My_relu/p_1_out__62_carry__4_i_9/CO[3]
                         net (fo=1, routed)           0.000    32.489    Cfu/My_relu/p_1_out__62_carry__4_i_9_n_0
    SLICE_X13Y17         CARRY4 (Prop_carry4_CI_CO[3])
                                                      0.114    32.603 r  Cfu/My_relu/p_1_out__62_carry__5_i_9/CO[3]
                         net (fo=1, routed)           0.000    32.603    Cfu/My_relu/p_1_out__62_carry__5_i_9_n_0
    SLICE_X13Y18         CARRY4 (Prop_carry4_CI_O[2])
                                                      0.239    32.842 r  Cfu/My_relu/p_1_out__62_carry__6_i_8/O[2]
                         net (fo=3, routed)           0.667    33.509    Cfu/My_relu/p_1_out__62_carry__6_i_8_n_5
    SLICE_X16Y12         LUT4 (Prop_lut4_I1_O)        0.302    33.811 r  Cfu/My_relu/p_1_out_carry_i_1_comp_1/O
                         net (fo=1, routed)           0.000    33.811    Cfu/My_relu/p_1_out_carry_i_1_n_0
    SLICE_X16Y12         CARRY4 (Prop_carry4_S[0]_CO[3])
                                                      0.532    34.343 r  Cfu/My_relu/p_1_out_carry/CO[3]
                         net (fo=1, routed)           0.000    34.343    Cfu/My_relu/p_1_out_carry_n_0
    SLICE_X16Y13         CARRY4 (Prop_carry4_CI_CO[3])
                                                      0.114    34.457 r  Cfu/My_relu/p_1_out_carry__0/CO[3]
                         net (fo=1, routed)           0.000    34.457    Cfu/My_relu/p_1_out_carry__0_n_0
    SLICE_X16Y14         CARRY4 (Prop_carry4_CI_CO[3])
                                                      0.114    34.571 r  Cfu/My_relu/p_1_out_carry__1/CO[3]
                         net (fo=1, routed)           0.000    34.571    Cfu/My_relu/p_1_out_carry__1_n_0
    SLICE_X16Y15         CARRY4 (Prop_carry4_CI_CO[3])
                                                      0.114    34.685 r  Cfu/My_relu/p_1_out_carry__2/CO[3]
                         net (fo=1, routed)           0.000    34.685    Cfu/My_relu/p_1_out_carry__2_n_0
    SLICE_X16Y16         CARRY4 (Prop_carry4_CI_CO[3])
                                                      0.114    34.799 r  Cfu/My_relu/p_1_out_carry__3/CO[3]
                         net (fo=1, routed)           0.000    34.799    Cfu/My_relu/p_1_out_carry__3_n_0
    SLICE_X16Y17         CARRY4 (Prop_carry4_CI_O[0])
                                                      0.222    35.021 r  Cfu/My_relu/p_1_out_carry__4/O[0]
                         net (fo=2, routed)           0.614    35.636    Cfu/My_relu/threshold[20]
    SLICE_X15Y17         LUT3 (Prop_lut3_I0_O)        0.299    35.935 r  Cfu/My_relu/p_1_out__62_carry__4_i_4/O
                         net (fo=1, routed)           0.000    35.935    Cfu/My_relu/p_1_out__62_carry__4_i_4_n_0
    SLICE_X15Y17         CARRY4 (Prop_carry4_S[0]_CO[3])
                                                      0.532    36.467 r  Cfu/My_relu/p_1_out__62_carry__4/CO[3]
                         net (fo=1, routed)           0.000    36.467    Cfu/My_relu/p_1_out__62_carry__4_n_0
    SLICE_X15Y18         CARRY4 (Prop_carry4_CI_CO[3])
                                                      0.114    36.581 r  Cfu/My_relu/p_1_out__62_carry__5/CO[3]
                         net (fo=1, routed)           0.000    36.581    Cfu/My_relu/p_1_out__62_carry__5_n_0
    SLICE_X15Y19         CARRY4 (Prop_carry4_CI_CO[3])
                                                      0.114    36.695 r  Cfu/My_relu/p_1_out__62_carry__6/CO[3]
                         net (fo=1, routed)           0.000    36.695    Cfu/My_relu/p_1_out__62_carry__6_n_0
    SLICE_X15Y20         CARRY4 (Prop_carry4_CI_O[0])
                                                      0.222    36.917 r  Cfu/My_relu/p_1_out__62_carry__7/O[0]
                         net (fo=1, routed)           0.481    37.398    Cfu/My_relu/p_1_out[32]
    SLICE_X17Y21         CARRY4 (Prop_carry4_CYINIT_CO[3])
                                                      0.755    38.153 r  Cfu/My_relu/clamped_output2_carry/CO[3]
                         net (fo=1, routed)           0.000    38.153    Cfu/My_relu/clamped_output2_carry_n_0
    SLICE_X17Y22         CARRY4 (Prop_carry4_CI_CO[3])
                                                      0.114    38.267 r  Cfu/My_relu/clamped_output2_carry__0/CO[3]
                         net (fo=1, routed)           0.000    38.267    Cfu/My_relu/clamped_output2_carry__0_n_0
    SLICE_X17Y23         CARRY4 (Prop_carry4_CI_CO[3])
                                                      0.114    38.381 r  Cfu/My_relu/clamped_output2_carry__1/CO[3]
                         net (fo=1, routed)           0.000    38.381    Cfu/My_relu/clamped_output2_carry__1_n_0
    SLICE_X17Y24         CARRY4 (Prop_carry4_CI_CO[3])
                                                      0.114    38.495 r  Cfu/My_relu/clamped_output2_carry__2/CO[3]
                         net (fo=1, routed)           0.009    38.504    Cfu/My_relu/clamped_output2_carry__2_n_0
    SLICE_X17Y25         CARRY4 (Prop_carry4_CI_CO[3])
                                                      0.114    38.618 r  Cfu/My_relu/clamped_output2_carry__3/CO[3]
                         net (fo=1, routed)           0.000    38.618    Cfu/My_relu/clamped_output2_carry__3_n_0
    SLICE_X17Y26         CARRY4 (Prop_carry4_CI_CO[3])
                                                      0.114    38.732 r  Cfu/My_relu/clamped_output2_carry__4/CO[3]
                         net (fo=1, routed)           0.000    38.732    Cfu/My_relu/clamped_output2_carry__4_n_0
    SLICE_X17Y27         CARRY4 (Prop_carry4_CI_O[3])
                                                      0.313    39.045 r  Cfu/My_relu/clamped_output2_carry__5/O[3]
                         net (fo=5, routed)           0.659    39.704    Cfu/My_relu/unclamped[27]
    SLICE_X19Y27         LUT4 (Prop_lut4_I0_O)        0.306    40.010 r  Cfu/My_relu/clamped_output1_carry__2_i_7/O
                         net (fo=1, routed)           0.000    40.010    Cfu/My_relu/clamped_output1_carry__2_i_7_n_0
    SLICE_X19Y27         CARRY4 (Prop_carry4_S[1]_CO[3])
                                                      0.550    40.560 r  Cfu/My_relu/clamped_output1_carry__2/CO[3]
                         net (fo=32, routed)          1.002    41.561    Cfu/My_relu/clamped_output1
    SLICE_X20Y27         LUT6 (Prop_lut6_I1_O)        0.124    41.685 r  Cfu/My_relu/rsp_payload_outputs_0[5]_i_3/O
                         net (fo=1, routed)           0.287    41.972    Cfu/gbuff_C/rsp_payload_outputs_0_reg[5]
    SLICE_X23Y27         LUT4 (Prop_lut4_I3_O)        0.124    42.096 r  Cfu/gbuff_C/rsp_payload_outputs_0[5]_i_1/O
                         net (fo=1, routed)           0.000    42.096    Cfu/gbuff_C_n_280
    SLICE_X23Y27         FDRE                                         r  Cfu/rsp_payload_outputs_0_reg[5]/D
  -------------------------------------------------------------------    -------------------

                         (clock soc_crg_clkout0 rise edge)
                                                     13.333    13.333 r  
    E3                                                0.000    13.333 r  clk100 (IN)
                         net (fo=0)                   0.000    13.333    clk100
    E3                   IBUF (Prop_ibuf_I_O)         1.411    14.745 r  clk100_IBUF_inst/O
                         net (fo=1, routed)           1.920    16.665    clk100_IBUF
    BUFGCTRL_X0Y16       BUFG (Prop_bufg_I_O)         0.091    16.756 r  clk100_IBUF_BUFG_inst/O
                         net (fo=1, routed)           2.027    18.782    clk100_IBUF_BUFG
    SLICE_X60Y15         LUT1 (Prop_lut1_I0_O)        0.100    18.882 r  clk100_inst/O
                         net (fo=9, routed)           1.676    20.559    soc_crg_clkin
    MMCME2_ADV_X0Y0      MMCME2_ADV (Prop_mmcme2_adv_CLKIN1_CLKOUT0)
                                                      0.083    20.642 r  MMCME2_ADV/CLKOUT0
                         net (fo=1, routed)           1.923    22.565    soc_crg_clkout0
    BUFGCTRL_X0Y0        BUFG (Prop_bufg_I_O)         0.091    22.656 r  BUFG/O
                         net (fo=11569, routed)       1.672    24.328    Cfu/out
    SLICE_X23Y27         FDRE                                         r  Cfu/rsp_payload_outputs_0_reg[5]/C
                         clock pessimism              0.895    25.223    
                         clock uncertainty           -0.070    25.153    
    SLICE_X23Y27         FDRE (Setup_fdre_C_D)        0.029    25.182    Cfu/rsp_payload_outputs_0_reg[5]
  -------------------------------------------------------------------
                         required time                         25.182    
                         arrival time                         -42.096    
  -------------------------------------------------------------------
                         slack                                -16.914    





Min Delay Paths
--------------------------------------------------------------------------------------
Slack (MET) :             0.059ns  (arrival time - required time)
  Source:                 soc_basesoc_sdram_bankmachine1_cmd_buffer_lookahead_produce_reg[0]/C
                            (rising edge-triggered cell FDRE clocked by soc_crg_clkout0  {rise@0.000ns fall@6.667ns period=13.333ns})
  Destination:            storage_3_reg_0_7_12_17/RAMA/WADR0
                            (rising edge-triggered cell RAMD32 clocked by soc_crg_clkout0  {rise@0.000ns fall@6.667ns period=13.333ns})
  Path Group:             soc_crg_clkout0
  Path Type:              Hold (Min at Fast Process Corner)
  Requirement:            0.000ns  (soc_crg_clkout0 rise@0.000ns - soc_crg_clkout0 rise@0.000ns)
  Data Path Delay:        0.382ns  (logic 0.141ns (36.945%)  route 0.241ns (63.055%))
  Logic Levels:           0  
  Clock Path Skew:        0.013ns (DCD - SCD - CPR)
    Destination Clock Delay (DCD):    4.879ns
    Source Clock Delay      (SCD):    3.867ns
    Clock Pessimism Removal (CPR):    0.999ns

    Location             Delay type                Incr(ns)  Path(ns)    Netlist Resource(s)
  -------------------------------------------------------------------    -------------------
                         (clock soc_crg_clkout0 rise edge)
                                                      0.000     0.000 r  
    E3                                                0.000     0.000 r  clk100 (IN)
                         net (fo=0)                   0.000     0.000    clk100
    E3                   IBUF (Prop_ibuf_I_O)         0.250     0.250 r  clk100_IBUF_inst/O
                         net (fo=1, routed)           0.644     0.894    clk100_IBUF
    BUFGCTRL_X0Y16       BUFG (Prop_bufg_I_O)         0.026     0.920 r  clk100_IBUF_BUFG_inst/O
                         net (fo=1, routed)           0.771     1.691    clk100_IBUF_BUFG
    SLICE_X60Y15         LUT1 (Prop_lut1_I0_O)        0.045     1.736 r  clk100_inst/O
                         net (fo=9, routed)           0.842     2.578    soc_crg_clkin
    MMCME2_ADV_X0Y0      MMCME2_ADV (Prop_mmcme2_adv_CLKIN1_CLKOUT0)
                                                      0.050     2.628 r  MMCME2_ADV/CLKOUT0
                         net (fo=1, routed)           0.648     3.276    soc_crg_clkout0
    BUFGCTRL_X0Y0        BUFG (Prop_bufg_I_O)         0.026     3.302 r  BUFG/O
                         net (fo=11569, routed)       0.565     3.867    sys_clk
    SLICE_X67Y102        FDRE                                         r  soc_basesoc_sdram_bankmachine1_cmd_buffer_lookahead_produce_reg[0]/C
  -------------------------------------------------------------------    -------------------
    SLICE_X67Y102        FDRE (Prop_fdre_C_Q)         0.141     4.008 r  soc_basesoc_sdram_bankmachine1_cmd_buffer_lookahead_produce_reg[0]/Q
                         net (fo=35, routed)          0.241     4.248    storage_3_reg_0_7_12_17/ADDRD0
    SLICE_X66Y102        RAMD32                                       r  storage_3_reg_0_7_12_17/RAMA/WADR0
  -------------------------------------------------------------------    -------------------

                         (clock soc_crg_clkout0 rise edge)
                                                      0.000     0.000 r  
    E3                                                0.000     0.000 r  clk100 (IN)
                         net (fo=0)                   0.000     0.000    clk100
    E3                   IBUF (Prop_ibuf_I_O)         0.438     0.438 r  clk100_IBUF_inst/O
                         net (fo=1, routed)           0.699     1.136    clk100_IBUF
    BUFGCTRL_X0Y16       BUFG (Prop_bufg_I_O)         0.029     1.165 r  clk100_IBUF_BUFG_inst/O
                         net (fo=1, routed)           1.074     2.240    clk100_IBUF_BUFG
    SLICE_X60Y15         LUT1 (Prop_lut1_I0_O)        0.056     2.296 r  clk100_inst/O
                         net (fo=9, routed)           0.964     3.260    soc_crg_clkin
    MMCME2_ADV_X0Y0      MMCME2_ADV (Prop_mmcme2_adv_CLKIN1_CLKOUT0)
                                                      0.053     3.313 r  MMCME2_ADV/CLKOUT0
                         net (fo=1, routed)           0.700     4.013    soc_crg_clkout0
    BUFGCTRL_X0Y0        BUFG (Prop_bufg_I_O)         0.029     4.042 r  BUFG/O
                         net (fo=11569, routed)       0.837     4.879    storage_3_reg_0_7_12_17/WCLK
    SLICE_X66Y102        RAMD32                                       r  storage_3_reg_0_7_12_17/RAMA/CLK
                         clock pessimism             -0.999     3.880    
    SLICE_X66Y102        RAMD32 (Hold_ramd32_CLK_WADR0)
                                                      0.310     4.190    storage_3_reg_0_7_12_17/RAMA
  -------------------------------------------------------------------
                         required time                         -4.190    
                         arrival time                           4.248    
  -------------------------------------------------------------------
                         slack                                  0.059    

Slack (MET) :             0.059ns  (arrival time - required time)
  Source:                 soc_basesoc_sdram_bankmachine1_cmd_buffer_lookahead_produce_reg[0]/C
                            (rising edge-triggered cell FDRE clocked by soc_crg_clkout0  {rise@0.000ns fall@6.667ns period=13.333ns})
  Destination:            storage_3_reg_0_7_12_17/RAMA_D1/WADR0
                            (rising edge-triggered cell RAMD32 clocked by soc_crg_clkout0  {rise@0.000ns fall@6.667ns period=13.333ns})
  Path Group:             soc_crg_clkout0
  Path Type:              Hold (Min at Fast Process Corner)
  Requirement:            0.000ns  (soc_crg_clkout0 rise@0.000ns - soc_crg_clkout0 rise@0.000ns)
  Data Path Delay:        0.382ns  (logic 0.141ns (36.945%)  route 0.241ns (63.055%))
  Logic Levels:           0  
  Clock Path Skew:        0.013ns (DCD - SCD - CPR)
    Destination Clock Delay (DCD):    4.879ns
    Source Clock Delay      (SCD):    3.867ns
    Clock Pessimism Removal (CPR):    0.999ns

    Location             Delay type                Incr(ns)  Path(ns)    Netlist Resource(s)
  -------------------------------------------------------------------    -------------------
                         (clock soc_crg_clkout0 rise edge)
                                                      0.000     0.000 r  
    E3                                                0.000     0.000 r  clk100 (IN)
                         net (fo=0)                   0.000     0.000    clk100
    E3                   IBUF (Prop_ibuf_I_O)         0.250     0.250 r  clk100_IBUF_inst/O
                         net (fo=1, routed)           0.644     0.894    clk100_IBUF
    BUFGCTRL_X0Y16       BUFG (Prop_bufg_I_O)         0.026     0.920 r  clk100_IBUF_BUFG_inst/O
                         net (fo=1, routed)           0.771     1.691    clk100_IBUF_BUFG
    SLICE_X60Y15         LUT1 (Prop_lut1_I0_O)        0.045     1.736 r  clk100_inst/O
                         net (fo=9, routed)           0.842     2.578    soc_crg_clkin
    MMCME2_ADV_X0Y0      MMCME2_ADV (Prop_mmcme2_adv_CLKIN1_CLKOUT0)
                                                      0.050     2.628 r  MMCME2_ADV/CLKOUT0
                         net (fo=1, routed)           0.648     3.276    soc_crg_clkout0
    BUFGCTRL_X0Y0        BUFG (Prop_bufg_I_O)         0.026     3.302 r  BUFG/O
                         net (fo=11569, routed)       0.565     3.867    sys_clk
    SLICE_X67Y102        FDRE                                         r  soc_basesoc_sdram_bankmachine1_cmd_buffer_lookahead_produce_reg[0]/C
  -------------------------------------------------------------------    -------------------
    SLICE_X67Y102        FDRE (Prop_fdre_C_Q)         0.141     4.008 r  soc_basesoc_sdram_bankmachine1_cmd_buffer_lookahead_produce_reg[0]/Q
                         net (fo=35, routed)          0.241     4.248    storage_3_reg_0_7_12_17/ADDRD0
    SLICE_X66Y102        RAMD32                                       r  storage_3_reg_0_7_12_17/RAMA_D1/WADR0
  -------------------------------------------------------------------    -------------------

                         (clock soc_crg_clkout0 rise edge)
                                                      0.000     0.000 r  
    E3                                                0.000     0.000 r  clk100 (IN)
                         net (fo=0)                   0.000     0.000    clk100
    E3                   IBUF (Prop_ibuf_I_O)         0.438     0.438 r  clk100_IBUF_inst/O
                         net (fo=1, routed)           0.699     1.136    clk100_IBUF
    BUFGCTRL_X0Y16       BUFG (Prop_bufg_I_O)         0.029     1.165 r  clk100_IBUF_BUFG_inst/O
                         net (fo=1, routed)           1.074     2.240    clk100_IBUF_BUFG
    SLICE_X60Y15         LUT1 (Prop_lut1_I0_O)        0.056     2.296 r  clk100_inst/O
                         net (fo=9, routed)           0.964     3.260    soc_crg_clkin
    MMCME2_ADV_X0Y0      MMCME2_ADV (Prop_mmcme2_adv_CLKIN1_CLKOUT0)
                                                      0.053     3.313 r  MMCME2_ADV/CLKOUT0
                         net (fo=1, routed)           0.700     4.013    soc_crg_clkout0
    BUFGCTRL_X0Y0        BUFG (Prop_bufg_I_O)         0.029     4.042 r  BUFG/O
                         net (fo=11569, routed)       0.837     4.879    storage_3_reg_0_7_12_17/WCLK
    SLICE_X66Y102        RAMD32                                       r  storage_3_reg_0_7_12_17/RAMA_D1/CLK
                         clock pessimism             -0.999     3.880    
    SLICE_X66Y102        RAMD32 (Hold_ramd32_CLK_WADR0)
                                                      0.310     4.190    storage_3_reg_0_7_12_17/RAMA_D1
  -------------------------------------------------------------------
                         required time                         -4.190    
                         arrival time                           4.248    
  -------------------------------------------------------------------
                         slack                                  0.059    

Slack (MET) :             0.059ns  (arrival time - required time)
  Source:                 soc_basesoc_sdram_bankmachine1_cmd_buffer_lookahead_produce_reg[0]/C
                            (rising edge-triggered cell FDRE clocked by soc_crg_clkout0  {rise@0.000ns fall@6.667ns period=13.333ns})
  Destination:            storage_3_reg_0_7_12_17/RAMB/WADR0
                            (rising edge-triggered cell RAMD32 clocked by soc_crg_clkout0  {rise@0.000ns fall@6.667ns period=13.333ns})
  Path Group:             soc_crg_clkout0
  Path Type:              Hold (Min at Fast Process Corner)
  Requirement:            0.000ns  (soc_crg_clkout0 rise@0.000ns - soc_crg_clkout0 rise@0.000ns)
  Data Path Delay:        0.382ns  (logic 0.141ns (36.945%)  route 0.241ns (63.055%))
  Logic Levels:           0  
  Clock Path Skew:        0.013ns (DCD - SCD - CPR)
    Destination Clock Delay (DCD):    4.879ns
    Source Clock Delay      (SCD):    3.867ns
    Clock Pessimism Removal (CPR):    0.999ns

    Location             Delay type                Incr(ns)  Path(ns)    Netlist Resource(s)
  -------------------------------------------------------------------    -------------------
                         (clock soc_crg_clkout0 rise edge)
                                                      0.000     0.000 r  
    E3                                                0.000     0.000 r  clk100 (IN)
                         net (fo=0)                   0.000     0.000    clk100
    E3                   IBUF (Prop_ibuf_I_O)         0.250     0.250 r  clk100_IBUF_inst/O
                         net (fo=1, routed)           0.644     0.894    clk100_IBUF
    BUFGCTRL_X0Y16       BUFG (Prop_bufg_I_O)         0.026     0.920 r  clk100_IBUF_BUFG_inst/O
                         net (fo=1, routed)           0.771     1.691    clk100_IBUF_BUFG
    SLICE_X60Y15         LUT1 (Prop_lut1_I0_O)        0.045     1.736 r  clk100_inst/O
                         net (fo=9, routed)           0.842     2.578    soc_crg_clkin
    MMCME2_ADV_X0Y0      MMCME2_ADV (Prop_mmcme2_adv_CLKIN1_CLKOUT0)
                                                      0.050     2.628 r  MMCME2_ADV/CLKOUT0
                         net (fo=1, routed)           0.648     3.276    soc_crg_clkout0
    BUFGCTRL_X0Y0        BUFG (Prop_bufg_I_O)         0.026     3.302 r  BUFG/O
                         net (fo=11569, routed)       0.565     3.867    sys_clk
    SLICE_X67Y102        FDRE                                         r  soc_basesoc_sdram_bankmachine1_cmd_buffer_lookahead_produce_reg[0]/C
  -------------------------------------------------------------------    -------------------
    SLICE_X67Y102        FDRE (Prop_fdre_C_Q)         0.141     4.008 r  soc_basesoc_sdram_bankmachine1_cmd_buffer_lookahead_produce_reg[0]/Q
                         net (fo=35, routed)          0.241     4.248    storage_3_reg_0_7_12_17/ADDRD0
    SLICE_X66Y102        RAMD32                                       r  storage_3_reg_0_7_12_17/RAMB/WADR0
  -------------------------------------------------------------------    -------------------

                         (clock soc_crg_clkout0 rise edge)
                                                      0.000     0.000 r  
    E3                                                0.000     0.000 r  clk100 (IN)
                         net (fo=0)                   0.000     0.000    clk100
    E3                   IBUF (Prop_ibuf_I_O)         0.438     0.438 r  clk100_IBUF_inst/O
                         net (fo=1, routed)           0.699     1.136    clk100_IBUF
    BUFGCTRL_X0Y16       BUFG (Prop_bufg_I_O)         0.029     1.165 r  clk100_IBUF_BUFG_inst/O
                         net (fo=1, routed)           1.074     2.240    clk100_IBUF_BUFG
    SLICE_X60Y15         LUT1 (Prop_lut1_I0_O)        0.056     2.296 r  clk100_inst/O
                         net (fo=9, routed)           0.964     3.260    soc_crg_clkin
    MMCME2_ADV_X0Y0      MMCME2_ADV (Prop_mmcme2_adv_CLKIN1_CLKOUT0)
                                                      0.053     3.313 r  MMCME2_ADV/CLKOUT0
                         net (fo=1, routed)           0.700     4.013    soc_crg_clkout0
    BUFGCTRL_X0Y0        BUFG (Prop_bufg_I_O)         0.029     4.042 r  BUFG/O
                         net (fo=11569, routed)       0.837     4.879    storage_3_reg_0_7_12_17/WCLK
    SLICE_X66Y102        RAMD32                                       r  storage_3_reg_0_7_12_17/RAMB/CLK
                         clock pessimism             -0.999     3.880    
    SLICE_X66Y102        RAMD32 (Hold_ramd32_CLK_WADR0)
                                                      0.310     4.190    storage_3_reg_0_7_12_17/RAMB
  -------------------------------------------------------------------
                         required time                         -4.190    
                         arrival time                           4.248    
  -------------------------------------------------------------------
                         slack                                  0.059    

Slack (MET) :             0.059ns  (arrival time - required time)
  Source:                 soc_basesoc_sdram_bankmachine1_cmd_buffer_lookahead_produce_reg[0]/C
                            (rising edge-triggered cell FDRE clocked by soc_crg_clkout0  {rise@0.000ns fall@6.667ns period=13.333ns})
  Destination:            storage_3_reg_0_7_12_17/RAMB_D1/WADR0
                            (rising edge-triggered cell RAMD32 clocked by soc_crg_clkout0  {rise@0.000ns fall@6.667ns period=13.333ns})
  Path Group:             soc_crg_clkout0
  Path Type:              Hold (Min at Fast Process Corner)
  Requirement:            0.000ns  (soc_crg_clkout0 rise@0.000ns - soc_crg_clkout0 rise@0.000ns)
  Data Path Delay:        0.382ns  (logic 0.141ns (36.945%)  route 0.241ns (63.055%))
  Logic Levels:           0  
  Clock Path Skew:        0.013ns (DCD - SCD - CPR)
    Destination Clock Delay (DCD):    4.879ns
    Source Clock Delay      (SCD):    3.867ns
    Clock Pessimism Removal (CPR):    0.999ns

    Location             Delay type                Incr(ns)  Path(ns)    Netlist Resource(s)
  -------------------------------------------------------------------    -------------------
                         (clock soc_crg_clkout0 rise edge)
                                                      0.000     0.000 r  
    E3                                                0.000     0.000 r  clk100 (IN)
                         net (fo=0)                   0.000     0.000    clk100
    E3                   IBUF (Prop_ibuf_I_O)         0.250     0.250 r  clk100_IBUF_inst/O
                         net (fo=1, routed)           0.644     0.894    clk100_IBUF
    BUFGCTRL_X0Y16       BUFG (Prop_bufg_I_O)         0.026     0.920 r  clk100_IBUF_BUFG_inst/O
                         net (fo=1, routed)           0.771     1.691    clk100_IBUF_BUFG
    SLICE_X60Y15         LUT1 (Prop_lut1_I0_O)        0.045     1.736 r  clk100_inst/O
                         net (fo=9, routed)           0.842     2.578    soc_crg_clkin
    MMCME2_ADV_X0Y0      MMCME2_ADV (Prop_mmcme2_adv_CLKIN1_CLKOUT0)
                                                      0.050     2.628 r  MMCME2_ADV/CLKOUT0
                         net (fo=1, routed)           0.648     3.276    soc_crg_clkout0
    BUFGCTRL_X0Y0        BUFG (Prop_bufg_I_O)         0.026     3.302 r  BUFG/O
                         net (fo=11569, routed)       0.565     3.867    sys_clk
    SLICE_X67Y102        FDRE                                         r  soc_basesoc_sdram_bankmachine1_cmd_buffer_lookahead_produce_reg[0]/C
  -------------------------------------------------------------------    -------------------
    SLICE_X67Y102        FDRE (Prop_fdre_C_Q)         0.141     4.008 r  soc_basesoc_sdram_bankmachine1_cmd_buffer_lookahead_produce_reg[0]/Q
                         net (fo=35, routed)          0.241     4.248    storage_3_reg_0_7_12_17/ADDRD0
    SLICE_X66Y102        RAMD32                                       r  storage_3_reg_0_7_12_17/RAMB_D1/WADR0
  -------------------------------------------------------------------    -------------------

                         (clock soc_crg_clkout0 rise edge)
                                                      0.000     0.000 r  
    E3                                                0.000     0.000 r  clk100 (IN)
                         net (fo=0)                   0.000     0.000    clk100
    E3                   IBUF (Prop_ibuf_I_O)         0.438     0.438 r  clk100_IBUF_inst/O
                         net (fo=1, routed)           0.699     1.136    clk100_IBUF
    BUFGCTRL_X0Y16       BUFG (Prop_bufg_I_O)         0.029     1.165 r  clk100_IBUF_BUFG_inst/O
                         net (fo=1, routed)           1.074     2.240    clk100_IBUF_BUFG
    SLICE_X60Y15         LUT1 (Prop_lut1_I0_O)        0.056     2.296 r  clk100_inst/O
                         net (fo=9, routed)           0.964     3.260    soc_crg_clkin
    MMCME2_ADV_X0Y0      MMCME2_ADV (Prop_mmcme2_adv_CLKIN1_CLKOUT0)
                                                      0.053     3.313 r  MMCME2_ADV/CLKOUT0
                         net (fo=1, routed)           0.700     4.013    soc_crg_clkout0
    BUFGCTRL_X0Y0        BUFG (Prop_bufg_I_O)         0.029     4.042 r  BUFG/O
                         net (fo=11569, routed)       0.837     4.879    storage_3_reg_0_7_12_17/WCLK
    SLICE_X66Y102        RAMD32                                       r  storage_3_reg_0_7_12_17/RAMB_D1/CLK
                         clock pessimism             -0.999     3.880    
    SLICE_X66Y102        RAMD32 (Hold_ramd32_CLK_WADR0)
                                                      0.310     4.190    storage_3_reg_0_7_12_17/RAMB_D1
  -------------------------------------------------------------------
                         required time                         -4.190    
                         arrival time                           4.248    
  -------------------------------------------------------------------
                         slack                                  0.059    

Slack (MET) :             0.059ns  (arrival time - required time)
  Source:                 soc_basesoc_sdram_bankmachine1_cmd_buffer_lookahead_produce_reg[0]/C
                            (rising edge-triggered cell FDRE clocked by soc_crg_clkout0  {rise@0.000ns fall@6.667ns period=13.333ns})
  Destination:            storage_3_reg_0_7_12_17/RAMC/WADR0
                            (rising edge-triggered cell RAMD32 clocked by soc_crg_clkout0  {rise@0.000ns fall@6.667ns period=13.333ns})
  Path Group:             soc_crg_clkout0
  Path Type:              Hold (Min at Fast Process Corner)
  Requirement:            0.000ns  (soc_crg_clkout0 rise@0.000ns - soc_crg_clkout0 rise@0.000ns)
  Data Path Delay:        0.382ns  (logic 0.141ns (36.945%)  route 0.241ns (63.055%))
  Logic Levels:           0  
  Clock Path Skew:        0.013ns (DCD - SCD - CPR)
    Destination Clock Delay (DCD):    4.879ns
    Source Clock Delay      (SCD):    3.867ns
    Clock Pessimism Removal (CPR):    0.999ns

    Location             Delay type                Incr(ns)  Path(ns)    Netlist Resource(s)
  -------------------------------------------------------------------    -------------------
                         (clock soc_crg_clkout0 rise edge)
                                                      0.000     0.000 r  
    E3                                                0.000     0.000 r  clk100 (IN)
                         net (fo=0)                   0.000     0.000    clk100
    E3                   IBUF (Prop_ibuf_I_O)         0.250     0.250 r  clk100_IBUF_inst/O
                         net (fo=1, routed)           0.644     0.894    clk100_IBUF
    BUFGCTRL_X0Y16       BUFG (Prop_bufg_I_O)         0.026     0.920 r  clk100_IBUF_BUFG_inst/O
                         net (fo=1, routed)           0.771     1.691    clk100_IBUF_BUFG
    SLICE_X60Y15         LUT1 (Prop_lut1_I0_O)        0.045     1.736 r  clk100_inst/O
                         net (fo=9, routed)           0.842     2.578    soc_crg_clkin
    MMCME2_ADV_X0Y0      MMCME2_ADV (Prop_mmcme2_adv_CLKIN1_CLKOUT0)
                                                      0.050     2.628 r  MMCME2_ADV/CLKOUT0
                         net (fo=1, routed)           0.648     3.276    soc_crg_clkout0
    BUFGCTRL_X0Y0        BUFG (Prop_bufg_I_O)         0.026     3.302 r  BUFG/O
                         net (fo=11569, routed)       0.565     3.867    sys_clk
    SLICE_X67Y102        FDRE                                         r  soc_basesoc_sdram_bankmachine1_cmd_buffer_lookahead_produce_reg[0]/C
  -------------------------------------------------------------------    -------------------
    SLICE_X67Y102        FDRE (Prop_fdre_C_Q)         0.141     4.008 r  soc_basesoc_sdram_bankmachine1_cmd_buffer_lookahead_produce_reg[0]/Q
                         net (fo=35, routed)          0.241     4.248    storage_3_reg_0_7_12_17/ADDRD0
    SLICE_X66Y102        RAMD32                                       r  storage_3_reg_0_7_12_17/RAMC/WADR0
  -------------------------------------------------------------------    -------------------

                         (clock soc_crg_clkout0 rise edge)
                                                      0.000     0.000 r  
    E3                                                0.000     0.000 r  clk100 (IN)
                         net (fo=0)                   0.000     0.000    clk100
    E3                   IBUF (Prop_ibuf_I_O)         0.438     0.438 r  clk100_IBUF_inst/O
                         net (fo=1, routed)           0.699     1.136    clk100_IBUF
    BUFGCTRL_X0Y16       BUFG (Prop_bufg_I_O)         0.029     1.165 r  clk100_IBUF_BUFG_inst/O
                         net (fo=1, routed)           1.074     2.240    clk100_IBUF_BUFG
    SLICE_X60Y15         LUT1 (Prop_lut1_I0_O)        0.056     2.296 r  clk100_inst/O
                         net (fo=9, routed)           0.964     3.260    soc_crg_clkin
    MMCME2_ADV_X0Y0      MMCME2_ADV (Prop_mmcme2_adv_CLKIN1_CLKOUT0)
                                                      0.053     3.313 r  MMCME2_ADV/CLKOUT0
                         net (fo=1, routed)           0.700     4.013    soc_crg_clkout0
    BUFGCTRL_X0Y0        BUFG (Prop_bufg_I_O)         0.029     4.042 r  BUFG/O
                         net (fo=11569, routed)       0.837     4.879    storage_3_reg_0_7_12_17/WCLK
    SLICE_X66Y102        RAMD32                                       r  storage_3_reg_0_7_12_17/RAMC/CLK
                         clock pessimism             -0.999     3.880    
    SLICE_X66Y102        RAMD32 (Hold_ramd32_CLK_WADR0)
                                                      0.310     4.190    storage_3_reg_0_7_12_17/RAMC
  -------------------------------------------------------------------
                         required time                         -4.190    
                         arrival time                           4.248    
  -------------------------------------------------------------------
                         slack                                  0.059    

Slack (MET) :             0.059ns  (arrival time - required time)
  Source:                 soc_basesoc_sdram_bankmachine1_cmd_buffer_lookahead_produce_reg[0]/C
                            (rising edge-triggered cell FDRE clocked by soc_crg_clkout0  {rise@0.000ns fall@6.667ns period=13.333ns})
  Destination:            storage_3_reg_0_7_12_17/RAMC_D1/WADR0
                            (rising edge-triggered cell RAMD32 clocked by soc_crg_clkout0  {rise@0.000ns fall@6.667ns period=13.333ns})
  Path Group:             soc_crg_clkout0
  Path Type:              Hold (Min at Fast Process Corner)
  Requirement:            0.000ns  (soc_crg_clkout0 rise@0.000ns - soc_crg_clkout0 rise@0.000ns)
  Data Path Delay:        0.382ns  (logic 0.141ns (36.945%)  route 0.241ns (63.055%))
  Logic Levels:           0  
  Clock Path Skew:        0.013ns (DCD - SCD - CPR)
    Destination Clock Delay (DCD):    4.879ns
    Source Clock Delay      (SCD):    3.867ns
    Clock Pessimism Removal (CPR):    0.999ns

    Location             Delay type                Incr(ns)  Path(ns)    Netlist Resource(s)
  -------------------------------------------------------------------    -------------------
                         (clock soc_crg_clkout0 rise edge)
                                                      0.000     0.000 r  
    E3                                                0.000     0.000 r  clk100 (IN)
                         net (fo=0)                   0.000     0.000    clk100
    E3                   IBUF (Prop_ibuf_I_O)         0.250     0.250 r  clk100_IBUF_inst/O
                         net (fo=1, routed)           0.644     0.894    clk100_IBUF
    BUFGCTRL_X0Y16       BUFG (Prop_bufg_I_O)         0.026     0.920 r  clk100_IBUF_BUFG_inst/O
                         net (fo=1, routed)           0.771     1.691    clk100_IBUF_BUFG
    SLICE_X60Y15         LUT1 (Prop_lut1_I0_O)        0.045     1.736 r  clk100_inst/O
                         net (fo=9, routed)           0.842     2.578    soc_crg_clkin
    MMCME2_ADV_X0Y0      MMCME2_ADV (Prop_mmcme2_adv_CLKIN1_CLKOUT0)
                                                      0.050     2.628 r  MMCME2_ADV/CLKOUT0
                         net (fo=1, routed)           0.648     3.276    soc_crg_clkout0
    BUFGCTRL_X0Y0        BUFG (Prop_bufg_I_O)         0.026     3.302 r  BUFG/O
                         net (fo=11569, routed)       0.565     3.867    sys_clk
    SLICE_X67Y102        FDRE                                         r  soc_basesoc_sdram_bankmachine1_cmd_buffer_lookahead_produce_reg[0]/C
  -------------------------------------------------------------------    -------------------
    SLICE_X67Y102        FDRE (Prop_fdre_C_Q)         0.141     4.008 r  soc_basesoc_sdram_bankmachine1_cmd_buffer_lookahead_produce_reg[0]/Q
                         net (fo=35, routed)          0.241     4.248    storage_3_reg_0_7_12_17/ADDRD0
    SLICE_X66Y102        RAMD32                                       r  storage_3_reg_0_7_12_17/RAMC_D1/WADR0
  -------------------------------------------------------------------    -------------------

                         (clock soc_crg_clkout0 rise edge)
                                                      0.000     0.000 r  
    E3                                                0.000     0.000 r  clk100 (IN)
                         net (fo=0)                   0.000     0.000    clk100
    E3                   IBUF (Prop_ibuf_I_O)         0.438     0.438 r  clk100_IBUF_inst/O
                         net (fo=1, routed)           0.699     1.136    clk100_IBUF
    BUFGCTRL_X0Y16       BUFG (Prop_bufg_I_O)         0.029     1.165 r  clk100_IBUF_BUFG_inst/O
                         net (fo=1, routed)           1.074     2.240    clk100_IBUF_BUFG
    SLICE_X60Y15         LUT1 (Prop_lut1_I0_O)        0.056     2.296 r  clk100_inst/O
                         net (fo=9, routed)           0.964     3.260    soc_crg_clkin
    MMCME2_ADV_X0Y0      MMCME2_ADV (Prop_mmcme2_adv_CLKIN1_CLKOUT0)
                                                      0.053     3.313 r  MMCME2_ADV/CLKOUT0
                         net (fo=1, routed)           0.700     4.013    soc_crg_clkout0
    BUFGCTRL_X0Y0        BUFG (Prop_bufg_I_O)         0.029     4.042 r  BUFG/O
                         net (fo=11569, routed)       0.837     4.879    storage_3_reg_0_7_12_17/WCLK
    SLICE_X66Y102        RAMD32                                       r  storage_3_reg_0_7_12_17/RAMC_D1/CLK
                         clock pessimism             -0.999     3.880    
    SLICE_X66Y102        RAMD32 (Hold_ramd32_CLK_WADR0)
                                                      0.310     4.190    storage_3_reg_0_7_12_17/RAMC_D1
  -------------------------------------------------------------------
                         required time                         -4.190    
                         arrival time                           4.248    
  -------------------------------------------------------------------
                         slack                                  0.059    

Slack (MET) :             0.059ns  (arrival time - required time)
  Source:                 soc_basesoc_sdram_bankmachine1_cmd_buffer_lookahead_produce_reg[0]/C
                            (rising edge-triggered cell FDRE clocked by soc_crg_clkout0  {rise@0.000ns fall@6.667ns period=13.333ns})
  Destination:            storage_3_reg_0_7_12_17/RAMD/ADR0
                            (rising edge-triggered cell RAMS32 clocked by soc_crg_clkout0  {rise@0.000ns fall@6.667ns period=13.333ns})
  Path Group:             soc_crg_clkout0
  Path Type:              Hold (Min at Fast Process Corner)
  Requirement:            0.000ns  (soc_crg_clkout0 rise@0.000ns - soc_crg_clkout0 rise@0.000ns)
  Data Path Delay:        0.382ns  (logic 0.141ns (36.945%)  route 0.241ns (63.055%))
  Logic Levels:           0  
  Clock Path Skew:        0.013ns (DCD - SCD - CPR)
    Destination Clock Delay (DCD):    4.879ns
    Source Clock Delay      (SCD):    3.867ns
    Clock Pessimism Removal (CPR):    0.999ns

    Location             Delay type                Incr(ns)  Path(ns)    Netlist Resource(s)
  -------------------------------------------------------------------    -------------------
                         (clock soc_crg_clkout0 rise edge)
                                                      0.000     0.000 r  
    E3                                                0.000     0.000 r  clk100 (IN)
                         net (fo=0)                   0.000     0.000    clk100
    E3                   IBUF (Prop_ibuf_I_O)         0.250     0.250 r  clk100_IBUF_inst/O
                         net (fo=1, routed)           0.644     0.894    clk100_IBUF
    BUFGCTRL_X0Y16       BUFG (Prop_bufg_I_O)         0.026     0.920 r  clk100_IBUF_BUFG_inst/O
                         net (fo=1, routed)           0.771     1.691    clk100_IBUF_BUFG
    SLICE_X60Y15         LUT1 (Prop_lut1_I0_O)        0.045     1.736 r  clk100_inst/O
                         net (fo=9, routed)           0.842     2.578    soc_crg_clkin
    MMCME2_ADV_X0Y0      MMCME2_ADV (Prop_mmcme2_adv_CLKIN1_CLKOUT0)
                                                      0.050     2.628 r  MMCME2_ADV/CLKOUT0
                         net (fo=1, routed)           0.648     3.276    soc_crg_clkout0
    BUFGCTRL_X0Y0        BUFG (Prop_bufg_I_O)         0.026     3.302 r  BUFG/O
                         net (fo=11569, routed)       0.565     3.867    sys_clk
    SLICE_X67Y102        FDRE                                         r  soc_basesoc_sdram_bankmachine1_cmd_buffer_lookahead_produce_reg[0]/C
  -------------------------------------------------------------------    -------------------
    SLICE_X67Y102        FDRE (Prop_fdre_C_Q)         0.141     4.008 r  soc_basesoc_sdram_bankmachine1_cmd_buffer_lookahead_produce_reg[0]/Q
                         net (fo=35, routed)          0.241     4.248    storage_3_reg_0_7_12_17/ADDRD0
    SLICE_X66Y102        RAMS32                                       r  storage_3_reg_0_7_12_17/RAMD/ADR0
  -------------------------------------------------------------------    -------------------

                         (clock soc_crg_clkout0 rise edge)
                                                      0.000     0.000 r  
    E3                                                0.000     0.000 r  clk100 (IN)
                         net (fo=0)                   0.000     0.000    clk100
    E3                   IBUF (Prop_ibuf_I_O)         0.438     0.438 r  clk100_IBUF_inst/O
                         net (fo=1, routed)           0.699     1.136    clk100_IBUF
    BUFGCTRL_X0Y16       BUFG (Prop_bufg_I_O)         0.029     1.165 r  clk100_IBUF_BUFG_inst/O
                         net (fo=1, routed)           1.074     2.240    clk100_IBUF_BUFG
    SLICE_X60Y15         LUT1 (Prop_lut1_I0_O)        0.056     2.296 r  clk100_inst/O
                         net (fo=9, routed)           0.964     3.260    soc_crg_clkin
    MMCME2_ADV_X0Y0      MMCME2_ADV (Prop_mmcme2_adv_CLKIN1_CLKOUT0)
                                                      0.053     3.313 r  MMCME2_ADV/CLKOUT0
                         net (fo=1, routed)           0.700     4.013    soc_crg_clkout0
    BUFGCTRL_X0Y0        BUFG (Prop_bufg_I_O)         0.029     4.042 r  BUFG/O
                         net (fo=11569, routed)       0.837     4.879    storage_3_reg_0_7_12_17/WCLK
    SLICE_X66Y102        RAMS32                                       r  storage_3_reg_0_7_12_17/RAMD/CLK
                         clock pessimism             -0.999     3.880    
    SLICE_X66Y102        RAMS32 (Hold_rams32_CLK_ADR0)
                                                      0.310     4.190    storage_3_reg_0_7_12_17/RAMD
  -------------------------------------------------------------------
                         required time                         -4.190    
                         arrival time                           4.248    
  -------------------------------------------------------------------
                         slack                                  0.059    

Slack (MET) :             0.059ns  (arrival time - required time)
  Source:                 soc_basesoc_sdram_bankmachine1_cmd_buffer_lookahead_produce_reg[0]/C
                            (rising edge-triggered cell FDRE clocked by soc_crg_clkout0  {rise@0.000ns fall@6.667ns period=13.333ns})
  Destination:            storage_3_reg_0_7_12_17/RAMD_D1/ADR0
                            (rising edge-triggered cell RAMS32 clocked by soc_crg_clkout0  {rise@0.000ns fall@6.667ns period=13.333ns})
  Path Group:             soc_crg_clkout0
  Path Type:              Hold (Min at Fast Process Corner)
  Requirement:            0.000ns  (soc_crg_clkout0 rise@0.000ns - soc_crg_clkout0 rise@0.000ns)
  Data Path Delay:        0.382ns  (logic 0.141ns (36.945%)  route 0.241ns (63.055%))
  Logic Levels:           0  
  Clock Path Skew:        0.013ns (DCD - SCD - CPR)
    Destination Clock Delay (DCD):    4.879ns
    Source Clock Delay      (SCD):    3.867ns
    Clock Pessimism Removal (CPR):    0.999ns

    Location             Delay type                Incr(ns)  Path(ns)    Netlist Resource(s)
  -------------------------------------------------------------------    -------------------
                         (clock soc_crg_clkout0 rise edge)
                                                      0.000     0.000 r  
    E3                                                0.000     0.000 r  clk100 (IN)
                         net (fo=0)                   0.000     0.000    clk100
    E3                   IBUF (Prop_ibuf_I_O)         0.250     0.250 r  clk100_IBUF_inst/O
                         net (fo=1, routed)           0.644     0.894    clk100_IBUF
    BUFGCTRL_X0Y16       BUFG (Prop_bufg_I_O)         0.026     0.920 r  clk100_IBUF_BUFG_inst/O
                         net (fo=1, routed)           0.771     1.691    clk100_IBUF_BUFG
    SLICE_X60Y15         LUT1 (Prop_lut1_I0_O)        0.045     1.736 r  clk100_inst/O
                         net (fo=9, routed)           0.842     2.578    soc_crg_clkin
    MMCME2_ADV_X0Y0      MMCME2_ADV (Prop_mmcme2_adv_CLKIN1_CLKOUT0)
                                                      0.050     2.628 r  MMCME2_ADV/CLKOUT0
                         net (fo=1, routed)           0.648     3.276    soc_crg_clkout0
    BUFGCTRL_X0Y0        BUFG (Prop_bufg_I_O)         0.026     3.302 r  BUFG/O
                         net (fo=11569, routed)       0.565     3.867    sys_clk
    SLICE_X67Y102        FDRE                                         r  soc_basesoc_sdram_bankmachine1_cmd_buffer_lookahead_produce_reg[0]/C
  -------------------------------------------------------------------    -------------------
    SLICE_X67Y102        FDRE (Prop_fdre_C_Q)         0.141     4.008 r  soc_basesoc_sdram_bankmachine1_cmd_buffer_lookahead_produce_reg[0]/Q
                         net (fo=35, routed)          0.241     4.248    storage_3_reg_0_7_12_17/ADDRD0
    SLICE_X66Y102        RAMS32                                       r  storage_3_reg_0_7_12_17/RAMD_D1/ADR0
  -------------------------------------------------------------------    -------------------

                         (clock soc_crg_clkout0 rise edge)
                                                      0.000     0.000 r  
    E3                                                0.000     0.000 r  clk100 (IN)
                         net (fo=0)                   0.000     0.000    clk100
    E3                   IBUF (Prop_ibuf_I_O)         0.438     0.438 r  clk100_IBUF_inst/O
                         net (fo=1, routed)           0.699     1.136    clk100_IBUF
    BUFGCTRL_X0Y16       BUFG (Prop_bufg_I_O)         0.029     1.165 r  clk100_IBUF_BUFG_inst/O
                         net (fo=1, routed)           1.074     2.240    clk100_IBUF_BUFG
    SLICE_X60Y15         LUT1 (Prop_lut1_I0_O)        0.056     2.296 r  clk100_inst/O
                         net (fo=9, routed)           0.964     3.260    soc_crg_clkin
    MMCME2_ADV_X0Y0      MMCME2_ADV (Prop_mmcme2_adv_CLKIN1_CLKOUT0)
                                                      0.053     3.313 r  MMCME2_ADV/CLKOUT0
                         net (fo=1, routed)           0.700     4.013    soc_crg_clkout0
    BUFGCTRL_X0Y0        BUFG (Prop_bufg_I_O)         0.029     4.042 r  BUFG/O
                         net (fo=11569, routed)       0.837     4.879    storage_3_reg_0_7_12_17/WCLK
    SLICE_X66Y102        RAMS32                                       r  storage_3_reg_0_7_12_17/RAMD_D1/CLK
                         clock pessimism             -0.999     3.880    
    SLICE_X66Y102        RAMS32 (Hold_rams32_CLK_ADR0)
                                                      0.310     4.190    storage_3_reg_0_7_12_17/RAMD_D1
  -------------------------------------------------------------------
                         required time                         -4.190    
                         arrival time                           4.248    
  -------------------------------------------------------------------
                         slack                                  0.059    

Slack (MET) :             0.063ns  (arrival time - required time)
  Source:                 soc_basesoc_sdram_bankmachine6_cmd_buffer_source_payload_addr_reg[13]/C
                            (rising edge-triggered cell FDRE clocked by soc_crg_clkout0  {rise@0.000ns fall@6.667ns period=13.333ns})
  Destination:            soc_basesoc_sdram_bankmachine6_row_reg[5]/D
                            (rising edge-triggered cell FDRE clocked by soc_crg_clkout0  {rise@0.000ns fall@6.667ns period=13.333ns})
  Path Group:             soc_crg_clkout0
  Path Type:              Hold (Min at Fast Process Corner)
  Requirement:            0.000ns  (soc_crg_clkout0 rise@0.000ns - soc_crg_clkout0 rise@0.000ns)
  Data Path Delay:        0.403ns  (logic 0.141ns (35.021%)  route 0.262ns (64.979%))
  Logic Levels:           0  
  Clock Path Skew:        0.270ns (DCD - SCD - CPR)
    Destination Clock Delay (DCD):    4.911ns
    Source Clock Delay      (SCD):    3.901ns
    Clock Pessimism Removal (CPR):    0.740ns

    Location             Delay type                Incr(ns)  Path(ns)    Netlist Resource(s)
  -------------------------------------------------------------------    -------------------
                         (clock soc_crg_clkout0 rise edge)
                                                      0.000     0.000 r  
    E3                                                0.000     0.000 r  clk100 (IN)
                         net (fo=0)                   0.000     0.000    clk100
    E3                   IBUF (Prop_ibuf_I_O)         0.250     0.250 r  clk100_IBUF_inst/O
                         net (fo=1, routed)           0.644     0.894    clk100_IBUF
    BUFGCTRL_X0Y16       BUFG (Prop_bufg_I_O)         0.026     0.920 r  clk100_IBUF_BUFG_inst/O
                         net (fo=1, routed)           0.771     1.691    clk100_IBUF_BUFG
    SLICE_X60Y15         LUT1 (Prop_lut1_I0_O)        0.045     1.736 r  clk100_inst/O
                         net (fo=9, routed)           0.842     2.578    soc_crg_clkin
    MMCME2_ADV_X0Y0      MMCME2_ADV (Prop_mmcme2_adv_CLKIN1_CLKOUT0)
                                                      0.050     2.628 r  MMCME2_ADV/CLKOUT0
                         net (fo=1, routed)           0.648     3.276    soc_crg_clkout0
    BUFGCTRL_X0Y0        BUFG (Prop_bufg_I_O)         0.026     3.302 r  BUFG/O
                         net (fo=11569, routed)       0.599     3.901    sys_clk
    SLICE_X79Y99         FDRE                                         r  soc_basesoc_sdram_bankmachine6_cmd_buffer_source_payload_addr_reg[13]/C
  -------------------------------------------------------------------    -------------------
    SLICE_X79Y99         FDRE (Prop_fdre_C_Q)         0.141     4.042 r  soc_basesoc_sdram_bankmachine6_cmd_buffer_source_payload_addr_reg[13]/Q
                         net (fo=4, routed)           0.262     4.303    p_0_in0_in[5]
    SLICE_X79Y100        FDRE                                         r  soc_basesoc_sdram_bankmachine6_row_reg[5]/D
  -------------------------------------------------------------------    -------------------

                         (clock soc_crg_clkout0 rise edge)
                                                      0.000     0.000 r  
    E3                                                0.000     0.000 r  clk100 (IN)
                         net (fo=0)                   0.000     0.000    clk100
    E3                   IBUF (Prop_ibuf_I_O)         0.438     0.438 r  clk100_IBUF_inst/O
                         net (fo=1, routed)           0.699     1.136    clk100_IBUF
    BUFGCTRL_X0Y16       BUFG (Prop_bufg_I_O)         0.029     1.165 r  clk100_IBUF_BUFG_inst/O
                         net (fo=1, routed)           1.074     2.240    clk100_IBUF_BUFG
    SLICE_X60Y15         LUT1 (Prop_lut1_I0_O)        0.056     2.296 r  clk100_inst/O
                         net (fo=9, routed)           0.964     3.260    soc_crg_clkin
    MMCME2_ADV_X0Y0      MMCME2_ADV (Prop_mmcme2_adv_CLKIN1_CLKOUT0)
                                                      0.053     3.313 r  MMCME2_ADV/CLKOUT0
                         net (fo=1, routed)           0.700     4.013    soc_crg_clkout0
    BUFGCTRL_X0Y0        BUFG (Prop_bufg_I_O)         0.029     4.042 r  BUFG/O
                         net (fo=11569, routed)       0.868     4.911    sys_clk
    SLICE_X79Y100        FDRE                                         r  soc_basesoc_sdram_bankmachine6_row_reg[5]/C
                         clock pessimism             -0.740     4.170    
    SLICE_X79Y100        FDRE (Hold_fdre_C_D)         0.070     4.240    soc_basesoc_sdram_bankmachine6_row_reg[5]
  -------------------------------------------------------------------
                         required time                         -4.240    
                         arrival time                           4.303    
  -------------------------------------------------------------------
                         slack                                  0.063    

Slack (MET) :             0.064ns  (arrival time - required time)
  Source:                 VexRiscv/IBusCachedPlugin_cache/decodeStage_mmuRsp_physicalAddress_reg[16]/C
                            (rising edge-triggered cell FDRE clocked by soc_crg_clkout0  {rise@0.000ns fall@6.667ns period=13.333ns})
  Destination:            VexRiscv/IBusCachedPlugin_cache/lineLoader_address_reg[16]/D
                            (rising edge-triggered cell FDRE clocked by soc_crg_clkout0  {rise@0.000ns fall@6.667ns period=13.333ns})
  Path Group:             soc_crg_clkout0
  Path Type:              Hold (Min at Fast Process Corner)
  Requirement:            0.000ns  (soc_crg_clkout0 rise@0.000ns - soc_crg_clkout0 rise@0.000ns)
  Data Path Delay:        0.370ns  (logic 0.141ns (38.067%)  route 0.229ns (61.933%))
  Logic Levels:           0  
  Clock Path Skew:        0.260ns (DCD - SCD - CPR)
    Destination Clock Delay (DCD):    4.866ns
    Source Clock Delay      (SCD):    3.861ns
    Clock Pessimism Removal (CPR):    0.745ns

    Location             Delay type                Incr(ns)  Path(ns)    Netlist Resource(s)
  -------------------------------------------------------------------    -------------------
                         (clock soc_crg_clkout0 rise edge)
                                                      0.000     0.000 r  
    E3                                                0.000     0.000 r  clk100 (IN)
                         net (fo=0)                   0.000     0.000    clk100
    E3                   IBUF (Prop_ibuf_I_O)         0.250     0.250 r  clk100_IBUF_inst/O
                         net (fo=1, routed)           0.644     0.894    clk100_IBUF
    BUFGCTRL_X0Y16       BUFG (Prop_bufg_I_O)         0.026     0.920 r  clk100_IBUF_BUFG_inst/O
                         net (fo=1, routed)           0.771     1.691    clk100_IBUF_BUFG
    SLICE_X60Y15         LUT1 (Prop_lut1_I0_O)        0.045     1.736 r  clk100_inst/O
                         net (fo=9, routed)           0.842     2.578    soc_crg_clkin
    MMCME2_ADV_X0Y0      MMCME2_ADV (Prop_mmcme2_adv_CLKIN1_CLKOUT0)
                                                      0.050     2.628 r  MMCME2_ADV/CLKOUT0
                         net (fo=1, routed)           0.648     3.276    soc_crg_clkout0
    BUFGCTRL_X0Y0        BUFG (Prop_bufg_I_O)         0.026     3.302 r  BUFG/O
                         net (fo=11569, routed)       0.559     3.861    VexRiscv/IBusCachedPlugin_cache/ways_0_tags_reg_0
    SLICE_X49Y66         FDRE                                         r  VexRiscv/IBusCachedPlugin_cache/decodeStage_mmuRsp_physicalAddress_reg[16]/C
  -------------------------------------------------------------------    -------------------
    SLICE_X49Y66         FDRE (Prop_fdre_C_Q)         0.141     4.002 r  VexRiscv/IBusCachedPlugin_cache/decodeStage_mmuRsp_physicalAddress_reg[16]/Q
                         net (fo=6, routed)           0.229     4.231    VexRiscv/IBusCachedPlugin_cache/decodeStage_mmuRsp_physicalAddress_reg[16]_0
    SLICE_X53Y67         FDRE                                         r  VexRiscv/IBusCachedPlugin_cache/lineLoader_address_reg[16]/D
  -------------------------------------------------------------------    -------------------

                         (clock soc_crg_clkout0 rise edge)
                                                      0.000     0.000 r  
    E3                                                0.000     0.000 r  clk100 (IN)
                         net (fo=0)                   0.000     0.000    clk100
    E3                   IBUF (Prop_ibuf_I_O)         0.438     0.438 r  clk100_IBUF_inst/O
                         net (fo=1, routed)           0.699     1.136    clk100_IBUF
    BUFGCTRL_X0Y16       BUFG (Prop_bufg_I_O)         0.029     1.165 r  clk100_IBUF_BUFG_inst/O
                         net (fo=1, routed)           1.074     2.240    clk100_IBUF_BUFG
    SLICE_X60Y15         LUT1 (Prop_lut1_I0_O)        0.056     2.296 r  clk100_inst/O
                         net (fo=9, routed)           0.964     3.260    soc_crg_clkin
    MMCME2_ADV_X0Y0      MMCME2_ADV (Prop_mmcme2_adv_CLKIN1_CLKOUT0)
                                                      0.053     3.313 r  MMCME2_ADV/CLKOUT0
                         net (fo=1, routed)           0.700     4.013    soc_crg_clkout0
    BUFGCTRL_X0Y0        BUFG (Prop_bufg_I_O)         0.029     4.042 r  BUFG/O
                         net (fo=11569, routed)       0.824     4.866    VexRiscv/IBusCachedPlugin_cache/ways_0_tags_reg_0
    SLICE_X53Y67         FDRE                                         r  VexRiscv/IBusCachedPlugin_cache/lineLoader_address_reg[16]/C
                         clock pessimism             -0.745     4.121    
    SLICE_X53Y67         FDRE (Hold_fdre_C_D)         0.046     4.167    VexRiscv/IBusCachedPlugin_cache/lineLoader_address_reg[16]
  -------------------------------------------------------------------
                         required time                         -4.167    
                         arrival time                           4.231    
  -------------------------------------------------------------------
                         slack                                  0.064    





Pulse Width Checks
--------------------------------------------------------------------------------------
Clock Name:         soc_crg_clkout0
Waveform(ns):       { 0.000 6.667 }
Period(ns):         13.333
Sources:            { MMCME2_ADV/CLKOUT0 }

Check Type        Corner  Lib Pin             Reference Pin  Required(ns)  Actual(ns)  Slack(ns)  Location         Pin
Min Period        n/a     RAMB18E1/CLKARDCLK  n/a            2.944         13.333      10.389     RAMB18_X2Y79     VexRiscv/RegFilePlugin_regFile_reg_1/CLKARDCLK
Min Period        n/a     RAMB18E1/CLKBWRCLK  n/a            2.944         13.333      10.389     RAMB18_X2Y79     VexRiscv/RegFilePlugin_regFile_reg_1/CLKBWRCLK
Min Period        n/a     RAMB18E1/CLKARDCLK  n/a            2.944         13.333      10.389     RAMB18_X3Y54     VexRiscv/RegFilePlugin_regFile_reg_2/CLKARDCLK
Min Period        n/a     RAMB18E1/CLKBWRCLK  n/a            2.944         13.333      10.389     RAMB18_X3Y54     VexRiscv/RegFilePlugin_regFile_reg_2/CLKBWRCLK
Min Period        n/a     RAMB36E1/CLKARDCLK  n/a            2.944         13.333      10.389     RAMB36_X3Y13     VexRiscv/IBusCachedPlugin_cache/banks_0_reg_0/CLKARDCLK
Min Period        n/a     RAMB36E1/CLKARDCLK  n/a            2.944         13.333      10.389     RAMB36_X3Y12     VexRiscv/IBusCachedPlugin_cache/banks_0_reg_1/CLKARDCLK
Min Period        n/a     RAMB18E1/CLKARDCLK  n/a            2.944         13.333      10.389     RAMB18_X2Y78     VexRiscv/IBusCachedPlugin_cache/ways_0_tags_reg/CLKARDCLK
Min Period        n/a     RAMB18E1/CLKBWRCLK  n/a            2.944         13.333      10.389     RAMB18_X2Y78     VexRiscv/IBusCachedPlugin_cache/ways_0_tags_reg/CLKBWRCLK
Min Period        n/a     RAMB18E1/CLKARDCLK  n/a            2.944         13.333      10.389     RAMB18_X3Y56     VexRiscv/dataCache_1/ways_0_data_symbol0_reg/CLKARDCLK
Min Period        n/a     RAMB18E1/CLKARDCLK  n/a            2.944         13.333      10.389     RAMB18_X3Y53     VexRiscv/dataCache_1/ways_0_data_symbol1_reg/CLKARDCLK
Max Period        n/a     MMCME2_ADV/CLKOUT0  n/a            213.360       13.333      200.027    MMCME2_ADV_X0Y0  MMCME2_ADV/CLKOUT0
Low Pulse Width   Slow    RAMS64E/CLK         n/a            1.250         6.667       5.417      SLICE_X58Y21     Cfu/gbuff_C/gbuff_reg_0_255_0_0/RAMS64E_A/CLK
Low Pulse Width   Fast    RAMS64E/CLK         n/a            1.250         6.667       5.417      SLICE_X58Y21     Cfu/gbuff_C/gbuff_reg_0_255_0_0/RAMS64E_A/CLK
Low Pulse Width   Slow    RAMS64E/CLK         n/a            1.250         6.667       5.417      SLICE_X58Y21     Cfu/gbuff_C/gbuff_reg_0_255_0_0/RAMS64E_B/CLK
Low Pulse Width   Fast    RAMS64E/CLK         n/a            1.250         6.667       5.417      SLICE_X58Y21     Cfu/gbuff_C/gbuff_reg_0_255_0_0/RAMS64E_B/CLK
Low Pulse Width   Slow    RAMS64E/CLK         n/a            1.250         6.667       5.417      SLICE_X58Y21     Cfu/gbuff_C/gbuff_reg_0_255_0_0/RAMS64E_C/CLK
Low Pulse Width   Fast    RAMS64E/CLK         n/a            1.250         6.667       5.417      SLICE_X58Y21     Cfu/gbuff_C/gbuff_reg_0_255_0_0/RAMS64E_C/CLK
Low Pulse Width   Slow    RAMS64E/CLK         n/a            1.250         6.667       5.417      SLICE_X58Y21     Cfu/gbuff_C/gbuff_reg_0_255_0_0/RAMS64E_D/CLK
Low Pulse Width   Fast    RAMS64E/CLK         n/a            1.250         6.667       5.417      SLICE_X58Y21     Cfu/gbuff_C/gbuff_reg_0_255_0_0/RAMS64E_D/CLK
Low Pulse Width   Slow    RAMS64E/CLK         n/a            1.250         6.667       5.417      SLICE_X34Y25     Cfu/gbuff_C/gbuff_reg_0_255_100_100/RAMS64E_A/CLK
Low Pulse Width   Fast    RAMS64E/CLK         n/a            1.250         6.667       5.417      SLICE_X34Y25     Cfu/gbuff_C/gbuff_reg_0_255_100_100/RAMS64E_A/CLK
High Pulse Width  Slow    RAMS64E/CLK         n/a            1.250         6.667       5.417      SLICE_X58Y21     Cfu/gbuff_C/gbuff_reg_0_255_0_0/RAMS64E_A/CLK
High Pulse Width  Fast    RAMS64E/CLK         n/a            1.250         6.667       5.417      SLICE_X58Y21     Cfu/gbuff_C/gbuff_reg_0_255_0_0/RAMS64E_A/CLK
High Pulse Width  Slow    RAMS64E/CLK         n/a            1.250         6.667       5.417      SLICE_X58Y21     Cfu/gbuff_C/gbuff_reg_0_255_0_0/RAMS64E_B/CLK
High Pulse Width  Fast    RAMS64E/CLK         n/a            1.250         6.667       5.417      SLICE_X58Y21     Cfu/gbuff_C/gbuff_reg_0_255_0_0/RAMS64E_B/CLK
High Pulse Width  Slow    RAMS64E/CLK         n/a            1.250         6.667       5.417      SLICE_X58Y21     Cfu/gbuff_C/gbuff_reg_0_255_0_0/RAMS64E_C/CLK
High Pulse Width  Fast    RAMS64E/CLK         n/a            1.250         6.667       5.417      SLICE_X58Y21     Cfu/gbuff_C/gbuff_reg_0_255_0_0/RAMS64E_C/CLK
High Pulse Width  Slow    RAMS64E/CLK         n/a            1.250         6.667       5.417      SLICE_X58Y21     Cfu/gbuff_C/gbuff_reg_0_255_0_0/RAMS64E_D/CLK
High Pulse Width  Fast    RAMS64E/CLK         n/a            1.250         6.667       5.417      SLICE_X58Y21     Cfu/gbuff_C/gbuff_reg_0_255_0_0/RAMS64E_D/CLK
High Pulse Width  Slow    RAMS64E/CLK         n/a            1.250         6.667       5.417      SLICE_X34Y25     Cfu/gbuff_C/gbuff_reg_0_255_100_100/RAMS64E_A/CLK
High Pulse Width  Fast    RAMS64E/CLK         n/a            1.250         6.667       5.417      SLICE_X34Y25     Cfu/gbuff_C/gbuff_reg_0_255_100_100/RAMS64E_A/CLK



---------------------------------------------------------------------------------------------------
From Clock:  soc_crg_clkout1
  To Clock:  soc_crg_clkout1

Setup :           NA  Failing Endpoints,  Worst Slack           NA  ,  Total Violation           NA
Hold  :           NA  Failing Endpoints,  Worst Slack           NA  ,  Total Violation           NA
PW    :            0  Failing Endpoints,  Worst Slack        4.511ns,  Total Violation        0.000ns
---------------------------------------------------------------------------------------------------


Pulse Width Checks
--------------------------------------------------------------------------------------
Clock Name:         soc_crg_clkout1
Waveform(ns):       { 0.000 3.333 }
Period(ns):         6.667
Sources:            { MMCME2_ADV/CLKOUT1 }

Check Type  Corner  Lib Pin             Reference Pin  Required(ns)  Actual(ns)  Slack(ns)  Location         Pin
Min Period  n/a     BUFG/I              n/a            2.155         6.667       4.511      BUFGCTRL_X0Y1    BUFG_1/I
Min Period  n/a     ISERDESE2/CLK       n/a            1.667         6.667       5.000      ILOGIC_X1Y54     ISERDESE2/CLK
Min Period  n/a     ISERDESE2/CLKB      n/a            1.667         6.667       5.000      ILOGIC_X1Y54     ISERDESE2/CLKB
Min Period  n/a     ISERDESE2/CLK       n/a            1.667         6.667       5.000      ILOGIC_X1Y59     ISERDESE2_1/CLK
Min Period  n/a     ISERDESE2/CLKB      n/a            1.667         6.667       5.000      ILOGIC_X1Y59     ISERDESE2_1/CLKB
Min Period  n/a     ISERDESE2/CLK       n/a            1.667         6.667       5.000      ILOGIC_X1Y80     ISERDESE2_10/CLK
Min Period  n/a     ISERDESE2/CLKB      n/a            1.667         6.667       5.000      ILOGIC_X1Y80     ISERDESE2_10/CLKB
Min Period  n/a     ISERDESE2/CLK       n/a            1.667         6.667       5.000      ILOGIC_X1Y84     ISERDESE2_11/CLK
Min Period  n/a     ISERDESE2/CLKB      n/a            1.667         6.667       5.000      ILOGIC_X1Y84     ISERDESE2_11/CLKB
Min Period  n/a     ISERDESE2/CLK       n/a            1.667         6.667       5.000      ILOGIC_X1Y79     ISERDESE2_12/CLK
Max Period  n/a     MMCME2_ADV/CLKOUT1  n/a            213.360       6.667       206.693    MMCME2_ADV_X0Y0  MMCME2_ADV/CLKOUT1



---------------------------------------------------------------------------------------------------
From Clock:  soc_crg_clkout2
  To Clock:  soc_crg_clkout2

Setup :           NA  Failing Endpoints,  Worst Slack           NA  ,  Total Violation           NA
Hold  :           NA  Failing Endpoints,  Worst Slack           NA  ,  Total Violation           NA
PW    :            0  Failing Endpoints,  Worst Slack        4.511ns,  Total Violation        0.000ns
---------------------------------------------------------------------------------------------------


Pulse Width Checks
--------------------------------------------------------------------------------------
Clock Name:         soc_crg_clkout2
Waveform(ns):       { 1.667 5.000 }
Period(ns):         6.667
Sources:            { MMCME2_ADV/CLKOUT2 }

Check Type  Corner  Lib Pin             Reference Pin  Required(ns)  Actual(ns)  Slack(ns)  Location         Pin
Min Period  n/a     BUFG/I              n/a            2.155         6.667       4.511      BUFGCTRL_X0Y3    BUFG_2/I
Min Period  n/a     OSERDESE2/CLK       n/a            1.667         6.667       5.000      OLOGIC_X1Y58     OSERDESE2_23/CLK
Min Period  n/a     OSERDESE2/CLK       n/a            1.667         6.667       5.000      OLOGIC_X1Y82     OSERDESE2_24/CLK
Min Period  n/a     MMCME2_ADV/CLKOUT2  n/a            1.249         6.667       5.418      MMCME2_ADV_X0Y0  MMCME2_ADV/CLKOUT2
Max Period  n/a     MMCME2_ADV/CLKOUT2  n/a            213.360       6.667       206.693    MMCME2_ADV_X0Y0  MMCME2_ADV/CLKOUT2



---------------------------------------------------------------------------------------------------
From Clock:  soc_crg_clkout3
  To Clock:  soc_crg_clkout3

Setup :            0  Failing Endpoints,  Worst Slack        1.236ns,  Total Violation        0.000ns
Hold  :            0  Failing Endpoints,  Worst Slack        0.131ns,  Total Violation        0.000ns
PW    :            0  Failing Endpoints,  Worst Slack        0.264ns,  Total Violation        0.000ns
---------------------------------------------------------------------------------------------------


Max Delay Paths
--------------------------------------------------------------------------------------
Slack (MET) :             1.236ns  (required time - arrival time)
  Source:                 FDPE_6/C
                            (rising edge-triggered cell FDPE clocked by soc_crg_clkout3  {rise@0.000ns fall@2.500ns period=5.000ns})
  Destination:            FDPE_7/D
                            (rising edge-triggered cell FDPE clocked by soc_crg_clkout3  {rise@0.000ns fall@2.500ns period=5.000ns})
  Path Group:             soc_crg_clkout3
  Path Type:              Setup (Max at Slow Process Corner)
  Requirement:            2.000ns  (MaxDelay Path 2.000ns)
  Data Path Delay:        0.655ns  (logic 0.456ns (69.583%)  route 0.199ns (30.417%))
  Logic Levels:           0  
  Clock Path Skew:        0.000ns (DCD - SCD + CPR)
    Destination Clock Delay (DCD):    10.919ns
    Source Clock Delay      (SCD):    11.845ns
    Clock Pessimism Removal (CPR):    0.926ns
  Clock Uncertainty:      0.061ns  ((TSJ^2 + DJ^2)^1/2) / 2 + PE
    Total System Jitter     (TSJ):    0.071ns
    Discrete Jitter          (DJ):    0.100ns
    Phase Error              (PE):    0.000ns
  Timing Exception:       MaxDelay Path 2.000ns

    Location             Delay type                Incr(ns)  Path(ns)    Netlist Resource(s)
  -------------------------------------------------------------------    -------------------
                         (clock soc_crg_clkout3 rise edge)
                                                      0.000     0.000 r  
    E3                                                0.000     0.000 r  clk100 (IN)
                         net (fo=0)                   0.000     0.000    clk100
    E3                   IBUF (Prop_ibuf_I_O)         1.482     1.482 r  clk100_IBUF_inst/O
                         net (fo=1, routed)           2.025     3.506    clk100_IBUF
    BUFGCTRL_X0Y16       BUFG (Prop_bufg_I_O)         0.096     3.602 r  clk100_IBUF_BUFG_inst/O
                         net (fo=1, routed)           2.245     5.847    clk100_IBUF_BUFG
    SLICE_X60Y15         LUT1 (Prop_lut1_I0_O)        0.124     5.971 r  clk100_inst/O
                         net (fo=9, routed)           1.955     7.927    soc_crg_clkin
    MMCME2_ADV_X0Y0      MMCME2_ADV (Prop_mmcme2_adv_CLKIN1_CLKOUT3)
                                                      0.088     8.015 r  MMCME2_ADV/CLKOUT3
                         net (fo=1, routed)           2.018    10.033    soc_crg_clkout3
    BUFGCTRL_X0Y2        BUFG (Prop_bufg_I_O)         0.096    10.129 r  BUFG_3/O
                         net (fo=8, routed)           1.715    11.845    idelay_clk
    SLICE_X82Y79         FDPE                                         r  FDPE_6/C
  -------------------------------------------------------------------    -------------------
    SLICE_X82Y79         FDPE (Prop_fdpe_C_Q)         0.456    12.301 r  FDPE_6/Q
                         net (fo=1, routed)           0.199    12.500    soc_builder_xilinxasyncresetsynchronizerimpl3_rst_meta
    SLICE_X82Y79         FDPE                                         r  FDPE_7/D
  -------------------------------------------------------------------    -------------------

                         max delay                    2.000     2.000    
    E3                                                0.000     2.000 r  clk100 (IN)
                         net (fo=0)                   0.000     2.000    clk100
    E3                   IBUF (Prop_ibuf_I_O)         1.411     3.411 r  clk100_IBUF_inst/O
                         net (fo=1, routed)           1.920     5.331    clk100_IBUF
    BUFGCTRL_X0Y16       BUFG (Prop_bufg_I_O)         0.091     5.422 r  clk100_IBUF_BUFG_inst/O
                         net (fo=1, routed)           2.027     7.449    clk100_IBUF_BUFG
    SLICE_X60Y15         LUT1 (Prop_lut1_I0_O)        0.100     7.549 r  clk100_inst/O
                         net (fo=9, routed)           1.676     9.225    soc_crg_clkin
    MMCME2_ADV_X0Y0      MMCME2_ADV (Prop_mmcme2_adv_CLKIN1_CLKOUT3)
                                                      0.083     9.308 r  MMCME2_ADV/CLKOUT3
                         net (fo=1, routed)           1.923    11.232    soc_crg_clkout3
    BUFGCTRL_X0Y2        BUFG (Prop_bufg_I_O)         0.091    11.323 r  BUFG_3/O
                         net (fo=8, routed)           1.596    12.919    idelay_clk
    SLICE_X82Y79         FDPE                                         r  FDPE_7/C
                         clock pessimism              0.926    13.845    
                         clock uncertainty           -0.061    13.783    
    SLICE_X82Y79         FDPE (Setup_fdpe_C_D)       -0.047    13.736    FDPE_7
  -------------------------------------------------------------------
                         required time                         13.736    
                         arrival time                         -12.500    
  -------------------------------------------------------------------
                         slack                                  1.236    

Slack (MET) :             2.723ns  (required time - arrival time)
  Source:                 FDPE_7/C
                            (rising edge-triggered cell FDPE clocked by soc_crg_clkout3  {rise@0.000ns fall@2.500ns period=5.000ns})
  Destination:            soc_crg_reset_counter_reg[0]/S
                            (rising edge-triggered cell FDSE clocked by soc_crg_clkout3  {rise@0.000ns fall@2.500ns period=5.000ns})
  Path Group:             soc_crg_clkout3
  Path Type:              Setup (Max at Slow Process Corner)
  Requirement:            5.000ns  (soc_crg_clkout3 rise@5.000ns - soc_crg_clkout3 rise@0.000ns)
  Data Path Delay:        1.576ns  (logic 0.419ns (26.594%)  route 1.157ns (73.406%))
  Logic Levels:           0  
  Clock Path Skew:        -0.036ns (DCD - SCD + CPR)
    Destination Clock Delay (DCD):    10.922ns = ( 15.922 - 5.000 ) 
    Source Clock Delay      (SCD):    11.845ns
    Clock Pessimism Removal (CPR):    0.887ns
  Clock Uncertainty:      0.061ns  ((TSJ^2 + DJ^2)^1/2) / 2 + PE
    Total System Jitter     (TSJ):    0.071ns
    Discrete Jitter          (DJ):    0.100ns
    Phase Error              (PE):    0.000ns

    Location             Delay type                Incr(ns)  Path(ns)    Netlist Resource(s)
  -------------------------------------------------------------------    -------------------
                         (clock soc_crg_clkout3 rise edge)
                                                      0.000     0.000 r  
    E3                                                0.000     0.000 r  clk100 (IN)
                         net (fo=0)                   0.000     0.000    clk100
    E3                   IBUF (Prop_ibuf_I_O)         1.482     1.482 r  clk100_IBUF_inst/O
                         net (fo=1, routed)           2.025     3.506    clk100_IBUF
    BUFGCTRL_X0Y16       BUFG (Prop_bufg_I_O)         0.096     3.602 r  clk100_IBUF_BUFG_inst/O
                         net (fo=1, routed)           2.245     5.847    clk100_IBUF_BUFG
    SLICE_X60Y15         LUT1 (Prop_lut1_I0_O)        0.124     5.971 r  clk100_inst/O
                         net (fo=9, routed)           1.955     7.927    soc_crg_clkin
    MMCME2_ADV_X0Y0      MMCME2_ADV (Prop_mmcme2_adv_CLKIN1_CLKOUT3)
                                                      0.088     8.015 r  MMCME2_ADV/CLKOUT3
                         net (fo=1, routed)           2.018    10.033    soc_crg_clkout3
    BUFGCTRL_X0Y2        BUFG (Prop_bufg_I_O)         0.096    10.129 r  BUFG_3/O
                         net (fo=8, routed)           1.715    11.845    idelay_clk
    SLICE_X82Y79         FDPE                                         r  FDPE_7/C
  -------------------------------------------------------------------    -------------------
    SLICE_X82Y79         FDPE (Prop_fdpe_C_Q)         0.419    12.264 r  FDPE_7/Q
                         net (fo=5, routed)           1.157    13.420    idelay_rst
    SLICE_X87Y81         FDSE                                         r  soc_crg_reset_counter_reg[0]/S
  -------------------------------------------------------------------    -------------------

                         (clock soc_crg_clkout3 rise edge)
                                                      5.000     5.000 r  
    E3                                                0.000     5.000 r  clk100 (IN)
                         net (fo=0)                   0.000     5.000    clk100
    E3                   IBUF (Prop_ibuf_I_O)         1.411     6.411 r  clk100_IBUF_inst/O
                         net (fo=1, routed)           1.920     8.331    clk100_IBUF
    BUFGCTRL_X0Y16       BUFG (Prop_bufg_I_O)         0.091     8.422 r  clk100_IBUF_BUFG_inst/O
                         net (fo=1, routed)           2.027    10.449    clk100_IBUF_BUFG
    SLICE_X60Y15         LUT1 (Prop_lut1_I0_O)        0.100    10.549 r  clk100_inst/O
                         net (fo=9, routed)           1.676    12.225    soc_crg_clkin
    MMCME2_ADV_X0Y0      MMCME2_ADV (Prop_mmcme2_adv_CLKIN1_CLKOUT3)
                                                      0.083    12.308 r  MMCME2_ADV/CLKOUT3
                         net (fo=1, routed)           1.923    14.232    soc_crg_clkout3
    BUFGCTRL_X0Y2        BUFG (Prop_bufg_I_O)         0.091    14.323 r  BUFG_3/O
                         net (fo=8, routed)           1.599    15.922    idelay_clk
    SLICE_X87Y81         FDSE                                         r  soc_crg_reset_counter_reg[0]/C
                         clock pessimism              0.887    16.809    
                         clock uncertainty           -0.061    16.747    
    SLICE_X87Y81         FDSE (Setup_fdse_C_S)       -0.604    16.143    soc_crg_reset_counter_reg[0]
  -------------------------------------------------------------------
                         required time                         16.143    
                         arrival time                         -13.420    
  -------------------------------------------------------------------
                         slack                                  2.723    

Slack (MET) :             2.723ns  (required time - arrival time)
  Source:                 FDPE_7/C
                            (rising edge-triggered cell FDPE clocked by soc_crg_clkout3  {rise@0.000ns fall@2.500ns period=5.000ns})
  Destination:            soc_crg_reset_counter_reg[1]/S
                            (rising edge-triggered cell FDSE clocked by soc_crg_clkout3  {rise@0.000ns fall@2.500ns period=5.000ns})
  Path Group:             soc_crg_clkout3
  Path Type:              Setup (Max at Slow Process Corner)
  Requirement:            5.000ns  (soc_crg_clkout3 rise@5.000ns - soc_crg_clkout3 rise@0.000ns)
  Data Path Delay:        1.576ns  (logic 0.419ns (26.594%)  route 1.157ns (73.406%))
  Logic Levels:           0  
  Clock Path Skew:        -0.036ns (DCD - SCD + CPR)
    Destination Clock Delay (DCD):    10.922ns = ( 15.922 - 5.000 ) 
    Source Clock Delay      (SCD):    11.845ns
    Clock Pessimism Removal (CPR):    0.887ns
  Clock Uncertainty:      0.061ns  ((TSJ^2 + DJ^2)^1/2) / 2 + PE
    Total System Jitter     (TSJ):    0.071ns
    Discrete Jitter          (DJ):    0.100ns
    Phase Error              (PE):    0.000ns

    Location             Delay type                Incr(ns)  Path(ns)    Netlist Resource(s)
  -------------------------------------------------------------------    -------------------
                         (clock soc_crg_clkout3 rise edge)
                                                      0.000     0.000 r  
    E3                                                0.000     0.000 r  clk100 (IN)
                         net (fo=0)                   0.000     0.000    clk100
    E3                   IBUF (Prop_ibuf_I_O)         1.482     1.482 r  clk100_IBUF_inst/O
                         net (fo=1, routed)           2.025     3.506    clk100_IBUF
    BUFGCTRL_X0Y16       BUFG (Prop_bufg_I_O)         0.096     3.602 r  clk100_IBUF_BUFG_inst/O
                         net (fo=1, routed)           2.245     5.847    clk100_IBUF_BUFG
    SLICE_X60Y15         LUT1 (Prop_lut1_I0_O)        0.124     5.971 r  clk100_inst/O
                         net (fo=9, routed)           1.955     7.927    soc_crg_clkin
    MMCME2_ADV_X0Y0      MMCME2_ADV (Prop_mmcme2_adv_CLKIN1_CLKOUT3)
                                                      0.088     8.015 r  MMCME2_ADV/CLKOUT3
                         net (fo=1, routed)           2.018    10.033    soc_crg_clkout3
    BUFGCTRL_X0Y2        BUFG (Prop_bufg_I_O)         0.096    10.129 r  BUFG_3/O
                         net (fo=8, routed)           1.715    11.845    idelay_clk
    SLICE_X82Y79         FDPE                                         r  FDPE_7/C
  -------------------------------------------------------------------    -------------------
    SLICE_X82Y79         FDPE (Prop_fdpe_C_Q)         0.419    12.264 r  FDPE_7/Q
                         net (fo=5, routed)           1.157    13.420    idelay_rst
    SLICE_X87Y81         FDSE                                         r  soc_crg_reset_counter_reg[1]/S
  -------------------------------------------------------------------    -------------------

                         (clock soc_crg_clkout3 rise edge)
                                                      5.000     5.000 r  
    E3                                                0.000     5.000 r  clk100 (IN)
                         net (fo=0)                   0.000     5.000    clk100
    E3                   IBUF (Prop_ibuf_I_O)         1.411     6.411 r  clk100_IBUF_inst/O
                         net (fo=1, routed)           1.920     8.331    clk100_IBUF
    BUFGCTRL_X0Y16       BUFG (Prop_bufg_I_O)         0.091     8.422 r  clk100_IBUF_BUFG_inst/O
                         net (fo=1, routed)           2.027    10.449    clk100_IBUF_BUFG
    SLICE_X60Y15         LUT1 (Prop_lut1_I0_O)        0.100    10.549 r  clk100_inst/O
                         net (fo=9, routed)           1.676    12.225    soc_crg_clkin
    MMCME2_ADV_X0Y0      MMCME2_ADV (Prop_mmcme2_adv_CLKIN1_CLKOUT3)
                                                      0.083    12.308 r  MMCME2_ADV/CLKOUT3
                         net (fo=1, routed)           1.923    14.232    soc_crg_clkout3
    BUFGCTRL_X0Y2        BUFG (Prop_bufg_I_O)         0.091    14.323 r  BUFG_3/O
                         net (fo=8, routed)           1.599    15.922    idelay_clk
    SLICE_X87Y81         FDSE                                         r  soc_crg_reset_counter_reg[1]/C
                         clock pessimism              0.887    16.809    
                         clock uncertainty           -0.061    16.747    
    SLICE_X87Y81         FDSE (Setup_fdse_C_S)       -0.604    16.143    soc_crg_reset_counter_reg[1]
  -------------------------------------------------------------------
                         required time                         16.143    
                         arrival time                         -13.420    
  -------------------------------------------------------------------
                         slack                                  2.723    

Slack (MET) :             2.723ns  (required time - arrival time)
  Source:                 FDPE_7/C
                            (rising edge-triggered cell FDPE clocked by soc_crg_clkout3  {rise@0.000ns fall@2.500ns period=5.000ns})
  Destination:            soc_crg_reset_counter_reg[2]/S
                            (rising edge-triggered cell FDSE clocked by soc_crg_clkout3  {rise@0.000ns fall@2.500ns period=5.000ns})
  Path Group:             soc_crg_clkout3
  Path Type:              Setup (Max at Slow Process Corner)
  Requirement:            5.000ns  (soc_crg_clkout3 rise@5.000ns - soc_crg_clkout3 rise@0.000ns)
  Data Path Delay:        1.576ns  (logic 0.419ns (26.594%)  route 1.157ns (73.406%))
  Logic Levels:           0  
  Clock Path Skew:        -0.036ns (DCD - SCD + CPR)
    Destination Clock Delay (DCD):    10.922ns = ( 15.922 - 5.000 ) 
    Source Clock Delay      (SCD):    11.845ns
    Clock Pessimism Removal (CPR):    0.887ns
  Clock Uncertainty:      0.061ns  ((TSJ^2 + DJ^2)^1/2) / 2 + PE
    Total System Jitter     (TSJ):    0.071ns
    Discrete Jitter          (DJ):    0.100ns
    Phase Error              (PE):    0.000ns

    Location             Delay type                Incr(ns)  Path(ns)    Netlist Resource(s)
  -------------------------------------------------------------------    -------------------
                         (clock soc_crg_clkout3 rise edge)
                                                      0.000     0.000 r  
    E3                                                0.000     0.000 r  clk100 (IN)
                         net (fo=0)                   0.000     0.000    clk100
    E3                   IBUF (Prop_ibuf_I_O)         1.482     1.482 r  clk100_IBUF_inst/O
                         net (fo=1, routed)           2.025     3.506    clk100_IBUF
    BUFGCTRL_X0Y16       BUFG (Prop_bufg_I_O)         0.096     3.602 r  clk100_IBUF_BUFG_inst/O
                         net (fo=1, routed)           2.245     5.847    clk100_IBUF_BUFG
    SLICE_X60Y15         LUT1 (Prop_lut1_I0_O)        0.124     5.971 r  clk100_inst/O
                         net (fo=9, routed)           1.955     7.927    soc_crg_clkin
    MMCME2_ADV_X0Y0      MMCME2_ADV (Prop_mmcme2_adv_CLKIN1_CLKOUT3)
                                                      0.088     8.015 r  MMCME2_ADV/CLKOUT3
                         net (fo=1, routed)           2.018    10.033    soc_crg_clkout3
    BUFGCTRL_X0Y2        BUFG (Prop_bufg_I_O)         0.096    10.129 r  BUFG_3/O
                         net (fo=8, routed)           1.715    11.845    idelay_clk
    SLICE_X82Y79         FDPE                                         r  FDPE_7/C
  -------------------------------------------------------------------    -------------------
    SLICE_X82Y79         FDPE (Prop_fdpe_C_Q)         0.419    12.264 r  FDPE_7/Q
                         net (fo=5, routed)           1.157    13.420    idelay_rst
    SLICE_X87Y81         FDSE                                         r  soc_crg_reset_counter_reg[2]/S
  -------------------------------------------------------------------    -------------------

                         (clock soc_crg_clkout3 rise edge)
                                                      5.000     5.000 r  
    E3                                                0.000     5.000 r  clk100 (IN)
                         net (fo=0)                   0.000     5.000    clk100
    E3                   IBUF (Prop_ibuf_I_O)         1.411     6.411 r  clk100_IBUF_inst/O
                         net (fo=1, routed)           1.920     8.331    clk100_IBUF
    BUFGCTRL_X0Y16       BUFG (Prop_bufg_I_O)         0.091     8.422 r  clk100_IBUF_BUFG_inst/O
                         net (fo=1, routed)           2.027    10.449    clk100_IBUF_BUFG
    SLICE_X60Y15         LUT1 (Prop_lut1_I0_O)        0.100    10.549 r  clk100_inst/O
                         net (fo=9, routed)           1.676    12.225    soc_crg_clkin
    MMCME2_ADV_X0Y0      MMCME2_ADV (Prop_mmcme2_adv_CLKIN1_CLKOUT3)
                                                      0.083    12.308 r  MMCME2_ADV/CLKOUT3
                         net (fo=1, routed)           1.923    14.232    soc_crg_clkout3
    BUFGCTRL_X0Y2        BUFG (Prop_bufg_I_O)         0.091    14.323 r  BUFG_3/O
                         net (fo=8, routed)           1.599    15.922    idelay_clk
    SLICE_X87Y81         FDSE                                         r  soc_crg_reset_counter_reg[2]/C
                         clock pessimism              0.887    16.809    
                         clock uncertainty           -0.061    16.747    
    SLICE_X87Y81         FDSE (Setup_fdse_C_S)       -0.604    16.143    soc_crg_reset_counter_reg[2]
  -------------------------------------------------------------------
                         required time                         16.143    
                         arrival time                         -13.420    
  -------------------------------------------------------------------
                         slack                                  2.723    

Slack (MET) :             2.723ns  (required time - arrival time)
  Source:                 FDPE_7/C
                            (rising edge-triggered cell FDPE clocked by soc_crg_clkout3  {rise@0.000ns fall@2.500ns period=5.000ns})
  Destination:            soc_crg_reset_counter_reg[3]/S
                            (rising edge-triggered cell FDSE clocked by soc_crg_clkout3  {rise@0.000ns fall@2.500ns period=5.000ns})
  Path Group:             soc_crg_clkout3
  Path Type:              Setup (Max at Slow Process Corner)
  Requirement:            5.000ns  (soc_crg_clkout3 rise@5.000ns - soc_crg_clkout3 rise@0.000ns)
  Data Path Delay:        1.576ns  (logic 0.419ns (26.594%)  route 1.157ns (73.406%))
  Logic Levels:           0  
  Clock Path Skew:        -0.036ns (DCD - SCD + CPR)
    Destination Clock Delay (DCD):    10.922ns = ( 15.922 - 5.000 ) 
    Source Clock Delay      (SCD):    11.845ns
    Clock Pessimism Removal (CPR):    0.887ns
  Clock Uncertainty:      0.061ns  ((TSJ^2 + DJ^2)^1/2) / 2 + PE
    Total System Jitter     (TSJ):    0.071ns
    Discrete Jitter          (DJ):    0.100ns
    Phase Error              (PE):    0.000ns

    Location             Delay type                Incr(ns)  Path(ns)    Netlist Resource(s)
  -------------------------------------------------------------------    -------------------
                         (clock soc_crg_clkout3 rise edge)
                                                      0.000     0.000 r  
    E3                                                0.000     0.000 r  clk100 (IN)
                         net (fo=0)                   0.000     0.000    clk100
    E3                   IBUF (Prop_ibuf_I_O)         1.482     1.482 r  clk100_IBUF_inst/O
                         net (fo=1, routed)           2.025     3.506    clk100_IBUF
    BUFGCTRL_X0Y16       BUFG (Prop_bufg_I_O)         0.096     3.602 r  clk100_IBUF_BUFG_inst/O
                         net (fo=1, routed)           2.245     5.847    clk100_IBUF_BUFG
    SLICE_X60Y15         LUT1 (Prop_lut1_I0_O)        0.124     5.971 r  clk100_inst/O
                         net (fo=9, routed)           1.955     7.927    soc_crg_clkin
    MMCME2_ADV_X0Y0      MMCME2_ADV (Prop_mmcme2_adv_CLKIN1_CLKOUT3)
                                                      0.088     8.015 r  MMCME2_ADV/CLKOUT3
                         net (fo=1, routed)           2.018    10.033    soc_crg_clkout3
    BUFGCTRL_X0Y2        BUFG (Prop_bufg_I_O)         0.096    10.129 r  BUFG_3/O
                         net (fo=8, routed)           1.715    11.845    idelay_clk
    SLICE_X82Y79         FDPE                                         r  FDPE_7/C
  -------------------------------------------------------------------    -------------------
    SLICE_X82Y79         FDPE (Prop_fdpe_C_Q)         0.419    12.264 r  FDPE_7/Q
                         net (fo=5, routed)           1.157    13.420    idelay_rst
    SLICE_X87Y81         FDSE                                         r  soc_crg_reset_counter_reg[3]/S
  -------------------------------------------------------------------    -------------------

                         (clock soc_crg_clkout3 rise edge)
                                                      5.000     5.000 r  
    E3                                                0.000     5.000 r  clk100 (IN)
                         net (fo=0)                   0.000     5.000    clk100
    E3                   IBUF (Prop_ibuf_I_O)         1.411     6.411 r  clk100_IBUF_inst/O
                         net (fo=1, routed)           1.920     8.331    clk100_IBUF
    BUFGCTRL_X0Y16       BUFG (Prop_bufg_I_O)         0.091     8.422 r  clk100_IBUF_BUFG_inst/O
                         net (fo=1, routed)           2.027    10.449    clk100_IBUF_BUFG
    SLICE_X60Y15         LUT1 (Prop_lut1_I0_O)        0.100    10.549 r  clk100_inst/O
                         net (fo=9, routed)           1.676    12.225    soc_crg_clkin
    MMCME2_ADV_X0Y0      MMCME2_ADV (Prop_mmcme2_adv_CLKIN1_CLKOUT3)
                                                      0.083    12.308 r  MMCME2_ADV/CLKOUT3
                         net (fo=1, routed)           1.923    14.232    soc_crg_clkout3
    BUFGCTRL_X0Y2        BUFG (Prop_bufg_I_O)         0.091    14.323 r  BUFG_3/O
                         net (fo=8, routed)           1.599    15.922    idelay_clk
    SLICE_X87Y81         FDSE                                         r  soc_crg_reset_counter_reg[3]/C
                         clock pessimism              0.887    16.809    
                         clock uncertainty           -0.061    16.747    
    SLICE_X87Y81         FDSE (Setup_fdse_C_S)       -0.604    16.143    soc_crg_reset_counter_reg[3]
  -------------------------------------------------------------------
                         required time                         16.143    
                         arrival time                         -13.420    
  -------------------------------------------------------------------
                         slack                                  2.723    

Slack (MET) :             2.877ns  (required time - arrival time)
  Source:                 soc_crg_reset_counter_reg[2]/C
                            (rising edge-triggered cell FDSE clocked by soc_crg_clkout3  {rise@0.000ns fall@2.500ns period=5.000ns})
  Destination:            soc_crg_reset_counter_reg[0]/CE
                            (rising edge-triggered cell FDSE clocked by soc_crg_clkout3  {rise@0.000ns fall@2.500ns period=5.000ns})
  Path Group:             soc_crg_clkout3
  Path Type:              Setup (Max at Slow Process Corner)
  Requirement:            5.000ns  (soc_crg_clkout3 rise@5.000ns - soc_crg_clkout3 rise@0.000ns)
  Data Path Delay:        1.857ns  (logic 0.580ns (31.236%)  route 1.277ns (68.764%))
  Logic Levels:           1  (LUT4=1)
  Clock Path Skew:        0.000ns (DCD - SCD + CPR)
    Destination Clock Delay (DCD):    10.922ns = ( 15.922 - 5.000 ) 
    Source Clock Delay      (SCD):    11.849ns
    Clock Pessimism Removal (CPR):    0.927ns
  Clock Uncertainty:      0.061ns  ((TSJ^2 + DJ^2)^1/2) / 2 + PE
    Total System Jitter     (TSJ):    0.071ns
    Discrete Jitter          (DJ):    0.100ns
    Phase Error              (PE):    0.000ns

    Location             Delay type                Incr(ns)  Path(ns)    Netlist Resource(s)
  -------------------------------------------------------------------    -------------------
                         (clock soc_crg_clkout3 rise edge)
                                                      0.000     0.000 r  
    E3                                                0.000     0.000 r  clk100 (IN)
                         net (fo=0)                   0.000     0.000    clk100
    E3                   IBUF (Prop_ibuf_I_O)         1.482     1.482 r  clk100_IBUF_inst/O
                         net (fo=1, routed)           2.025     3.506    clk100_IBUF
    BUFGCTRL_X0Y16       BUFG (Prop_bufg_I_O)         0.096     3.602 r  clk100_IBUF_BUFG_inst/O
                         net (fo=1, routed)           2.245     5.847    clk100_IBUF_BUFG
    SLICE_X60Y15         LUT1 (Prop_lut1_I0_O)        0.124     5.971 r  clk100_inst/O
                         net (fo=9, routed)           1.955     7.927    soc_crg_clkin
    MMCME2_ADV_X0Y0      MMCME2_ADV (Prop_mmcme2_adv_CLKIN1_CLKOUT3)
                                                      0.088     8.015 r  MMCME2_ADV/CLKOUT3
                         net (fo=1, routed)           2.018    10.033    soc_crg_clkout3
    BUFGCTRL_X0Y2        BUFG (Prop_bufg_I_O)         0.096    10.129 r  BUFG_3/O
                         net (fo=8, routed)           1.719    11.849    idelay_clk
    SLICE_X87Y81         FDSE                                         r  soc_crg_reset_counter_reg[2]/C
  -------------------------------------------------------------------    -------------------
    SLICE_X87Y81         FDSE (Prop_fdse_C_Q)         0.456    12.305 r  soc_crg_reset_counter_reg[2]/Q
                         net (fo=3, routed)           0.651    12.956    soc_crg_reset_counter[2]
    SLICE_X87Y81         LUT4 (Prop_lut4_I2_O)        0.124    13.080 r  soc_crg_reset_counter[3]_i_1/O
                         net (fo=5, routed)           0.626    13.706    soc_crg_reset_counter[3]_i_1_n_0
    SLICE_X87Y81         FDSE                                         r  soc_crg_reset_counter_reg[0]/CE
  -------------------------------------------------------------------    -------------------

                         (clock soc_crg_clkout3 rise edge)
                                                      5.000     5.000 r  
    E3                                                0.000     5.000 r  clk100 (IN)
                         net (fo=0)                   0.000     5.000    clk100
    E3                   IBUF (Prop_ibuf_I_O)         1.411     6.411 r  clk100_IBUF_inst/O
                         net (fo=1, routed)           1.920     8.331    clk100_IBUF
    BUFGCTRL_X0Y16       BUFG (Prop_bufg_I_O)         0.091     8.422 r  clk100_IBUF_BUFG_inst/O
                         net (fo=1, routed)           2.027    10.449    clk100_IBUF_BUFG
    SLICE_X60Y15         LUT1 (Prop_lut1_I0_O)        0.100    10.549 r  clk100_inst/O
                         net (fo=9, routed)           1.676    12.225    soc_crg_clkin
    MMCME2_ADV_X0Y0      MMCME2_ADV (Prop_mmcme2_adv_CLKIN1_CLKOUT3)
                                                      0.083    12.308 r  MMCME2_ADV/CLKOUT3
                         net (fo=1, routed)           1.923    14.232    soc_crg_clkout3
    BUFGCTRL_X0Y2        BUFG (Prop_bufg_I_O)         0.091    14.323 r  BUFG_3/O
                         net (fo=8, routed)           1.599    15.922    idelay_clk
    SLICE_X87Y81         FDSE                                         r  soc_crg_reset_counter_reg[0]/C
                         clock pessimism              0.927    16.849    
                         clock uncertainty           -0.061    16.787    
    SLICE_X87Y81         FDSE (Setup_fdse_C_CE)      -0.205    16.582    soc_crg_reset_counter_reg[0]
  -------------------------------------------------------------------
                         required time                         16.582    
                         arrival time                         -13.706    
  -------------------------------------------------------------------
                         slack                                  2.877    

Slack (MET) :             2.877ns  (required time - arrival time)
  Source:                 soc_crg_reset_counter_reg[2]/C
                            (rising edge-triggered cell FDSE clocked by soc_crg_clkout3  {rise@0.000ns fall@2.500ns period=5.000ns})
  Destination:            soc_crg_reset_counter_reg[1]/CE
                            (rising edge-triggered cell FDSE clocked by soc_crg_clkout3  {rise@0.000ns fall@2.500ns period=5.000ns})
  Path Group:             soc_crg_clkout3
  Path Type:              Setup (Max at Slow Process Corner)
  Requirement:            5.000ns  (soc_crg_clkout3 rise@5.000ns - soc_crg_clkout3 rise@0.000ns)
  Data Path Delay:        1.857ns  (logic 0.580ns (31.236%)  route 1.277ns (68.764%))
  Logic Levels:           1  (LUT4=1)
  Clock Path Skew:        0.000ns (DCD - SCD + CPR)
    Destination Clock Delay (DCD):    10.922ns = ( 15.922 - 5.000 ) 
    Source Clock Delay      (SCD):    11.849ns
    Clock Pessimism Removal (CPR):    0.927ns
  Clock Uncertainty:      0.061ns  ((TSJ^2 + DJ^2)^1/2) / 2 + PE
    Total System Jitter     (TSJ):    0.071ns
    Discrete Jitter          (DJ):    0.100ns
    Phase Error              (PE):    0.000ns

    Location             Delay type                Incr(ns)  Path(ns)    Netlist Resource(s)
  -------------------------------------------------------------------    -------------------
                         (clock soc_crg_clkout3 rise edge)
                                                      0.000     0.000 r  
    E3                                                0.000     0.000 r  clk100 (IN)
                         net (fo=0)                   0.000     0.000    clk100
    E3                   IBUF (Prop_ibuf_I_O)         1.482     1.482 r  clk100_IBUF_inst/O
                         net (fo=1, routed)           2.025     3.506    clk100_IBUF
    BUFGCTRL_X0Y16       BUFG (Prop_bufg_I_O)         0.096     3.602 r  clk100_IBUF_BUFG_inst/O
                         net (fo=1, routed)           2.245     5.847    clk100_IBUF_BUFG
    SLICE_X60Y15         LUT1 (Prop_lut1_I0_O)        0.124     5.971 r  clk100_inst/O
                         net (fo=9, routed)           1.955     7.927    soc_crg_clkin
    MMCME2_ADV_X0Y0      MMCME2_ADV (Prop_mmcme2_adv_CLKIN1_CLKOUT3)
                                                      0.088     8.015 r  MMCME2_ADV/CLKOUT3
                         net (fo=1, routed)           2.018    10.033    soc_crg_clkout3
    BUFGCTRL_X0Y2        BUFG (Prop_bufg_I_O)         0.096    10.129 r  BUFG_3/O
                         net (fo=8, routed)           1.719    11.849    idelay_clk
    SLICE_X87Y81         FDSE                                         r  soc_crg_reset_counter_reg[2]/C
  -------------------------------------------------------------------    -------------------
    SLICE_X87Y81         FDSE (Prop_fdse_C_Q)         0.456    12.305 r  soc_crg_reset_counter_reg[2]/Q
                         net (fo=3, routed)           0.651    12.956    soc_crg_reset_counter[2]
    SLICE_X87Y81         LUT4 (Prop_lut4_I2_O)        0.124    13.080 r  soc_crg_reset_counter[3]_i_1/O
                         net (fo=5, routed)           0.626    13.706    soc_crg_reset_counter[3]_i_1_n_0
    SLICE_X87Y81         FDSE                                         r  soc_crg_reset_counter_reg[1]/CE
  -------------------------------------------------------------------    -------------------

                         (clock soc_crg_clkout3 rise edge)
                                                      5.000     5.000 r  
    E3                                                0.000     5.000 r  clk100 (IN)
                         net (fo=0)                   0.000     5.000    clk100
    E3                   IBUF (Prop_ibuf_I_O)         1.411     6.411 r  clk100_IBUF_inst/O
                         net (fo=1, routed)           1.920     8.331    clk100_IBUF
    BUFGCTRL_X0Y16       BUFG (Prop_bufg_I_O)         0.091     8.422 r  clk100_IBUF_BUFG_inst/O
                         net (fo=1, routed)           2.027    10.449    clk100_IBUF_BUFG
    SLICE_X60Y15         LUT1 (Prop_lut1_I0_O)        0.100    10.549 r  clk100_inst/O
                         net (fo=9, routed)           1.676    12.225    soc_crg_clkin
    MMCME2_ADV_X0Y0      MMCME2_ADV (Prop_mmcme2_adv_CLKIN1_CLKOUT3)
                                                      0.083    12.308 r  MMCME2_ADV/CLKOUT3
                         net (fo=1, routed)           1.923    14.232    soc_crg_clkout3
    BUFGCTRL_X0Y2        BUFG (Prop_bufg_I_O)         0.091    14.323 r  BUFG_3/O
                         net (fo=8, routed)           1.599    15.922    idelay_clk
    SLICE_X87Y81         FDSE                                         r  soc_crg_reset_counter_reg[1]/C
                         clock pessimism              0.927    16.849    
                         clock uncertainty           -0.061    16.787    
    SLICE_X87Y81         FDSE (Setup_fdse_C_CE)      -0.205    16.582    soc_crg_reset_counter_reg[1]
  -------------------------------------------------------------------
                         required time                         16.582    
                         arrival time                         -13.706    
  -------------------------------------------------------------------
                         slack                                  2.877    

Slack (MET) :             2.877ns  (required time - arrival time)
  Source:                 soc_crg_reset_counter_reg[2]/C
                            (rising edge-triggered cell FDSE clocked by soc_crg_clkout3  {rise@0.000ns fall@2.500ns period=5.000ns})
  Destination:            soc_crg_reset_counter_reg[2]/CE
                            (rising edge-triggered cell FDSE clocked by soc_crg_clkout3  {rise@0.000ns fall@2.500ns period=5.000ns})
  Path Group:             soc_crg_clkout3
  Path Type:              Setup (Max at Slow Process Corner)
  Requirement:            5.000ns  (soc_crg_clkout3 rise@5.000ns - soc_crg_clkout3 rise@0.000ns)
  Data Path Delay:        1.857ns  (logic 0.580ns (31.236%)  route 1.277ns (68.764%))
  Logic Levels:           1  (LUT4=1)
  Clock Path Skew:        0.000ns (DCD - SCD + CPR)
    Destination Clock Delay (DCD):    10.922ns = ( 15.922 - 5.000 ) 
    Source Clock Delay      (SCD):    11.849ns
    Clock Pessimism Removal (CPR):    0.927ns
  Clock Uncertainty:      0.061ns  ((TSJ^2 + DJ^2)^1/2) / 2 + PE
    Total System Jitter     (TSJ):    0.071ns
    Discrete Jitter          (DJ):    0.100ns
    Phase Error              (PE):    0.000ns

    Location             Delay type                Incr(ns)  Path(ns)    Netlist Resource(s)
  -------------------------------------------------------------------    -------------------
                         (clock soc_crg_clkout3 rise edge)
                                                      0.000     0.000 r  
    E3                                                0.000     0.000 r  clk100 (IN)
                         net (fo=0)                   0.000     0.000    clk100
    E3                   IBUF (Prop_ibuf_I_O)         1.482     1.482 r  clk100_IBUF_inst/O
                         net (fo=1, routed)           2.025     3.506    clk100_IBUF
    BUFGCTRL_X0Y16       BUFG (Prop_bufg_I_O)         0.096     3.602 r  clk100_IBUF_BUFG_inst/O
                         net (fo=1, routed)           2.245     5.847    clk100_IBUF_BUFG
    SLICE_X60Y15         LUT1 (Prop_lut1_I0_O)        0.124     5.971 r  clk100_inst/O
                         net (fo=9, routed)           1.955     7.927    soc_crg_clkin
    MMCME2_ADV_X0Y0      MMCME2_ADV (Prop_mmcme2_adv_CLKIN1_CLKOUT3)
                                                      0.088     8.015 r  MMCME2_ADV/CLKOUT3
                         net (fo=1, routed)           2.018    10.033    soc_crg_clkout3
    BUFGCTRL_X0Y2        BUFG (Prop_bufg_I_O)         0.096    10.129 r  BUFG_3/O
                         net (fo=8, routed)           1.719    11.849    idelay_clk
    SLICE_X87Y81         FDSE                                         r  soc_crg_reset_counter_reg[2]/C
  -------------------------------------------------------------------    -------------------
    SLICE_X87Y81         FDSE (Prop_fdse_C_Q)         0.456    12.305 r  soc_crg_reset_counter_reg[2]/Q
                         net (fo=3, routed)           0.651    12.956    soc_crg_reset_counter[2]
    SLICE_X87Y81         LUT4 (Prop_lut4_I2_O)        0.124    13.080 r  soc_crg_reset_counter[3]_i_1/O
                         net (fo=5, routed)           0.626    13.706    soc_crg_reset_counter[3]_i_1_n_0
    SLICE_X87Y81         FDSE                                         r  soc_crg_reset_counter_reg[2]/CE
  -------------------------------------------------------------------    -------------------

                         (clock soc_crg_clkout3 rise edge)
                                                      5.000     5.000 r  
    E3                                                0.000     5.000 r  clk100 (IN)
                         net (fo=0)                   0.000     5.000    clk100
    E3                   IBUF (Prop_ibuf_I_O)         1.411     6.411 r  clk100_IBUF_inst/O
                         net (fo=1, routed)           1.920     8.331    clk100_IBUF
    BUFGCTRL_X0Y16       BUFG (Prop_bufg_I_O)         0.091     8.422 r  clk100_IBUF_BUFG_inst/O
                         net (fo=1, routed)           2.027    10.449    clk100_IBUF_BUFG
    SLICE_X60Y15         LUT1 (Prop_lut1_I0_O)        0.100    10.549 r  clk100_inst/O
                         net (fo=9, routed)           1.676    12.225    soc_crg_clkin
    MMCME2_ADV_X0Y0      MMCME2_ADV (Prop_mmcme2_adv_CLKIN1_CLKOUT3)
                                                      0.083    12.308 r  MMCME2_ADV/CLKOUT3
                         net (fo=1, routed)           1.923    14.232    soc_crg_clkout3
    BUFGCTRL_X0Y2        BUFG (Prop_bufg_I_O)         0.091    14.323 r  BUFG_3/O
                         net (fo=8, routed)           1.599    15.922    idelay_clk
    SLICE_X87Y81         FDSE                                         r  soc_crg_reset_counter_reg[2]/C
                         clock pessimism              0.927    16.849    
                         clock uncertainty           -0.061    16.787    
    SLICE_X87Y81         FDSE (Setup_fdse_C_CE)      -0.205    16.582    soc_crg_reset_counter_reg[2]
  -------------------------------------------------------------------
                         required time                         16.582    
                         arrival time                         -13.706    
  -------------------------------------------------------------------
                         slack                                  2.877    

Slack (MET) :             2.877ns  (required time - arrival time)
  Source:                 soc_crg_reset_counter_reg[2]/C
                            (rising edge-triggered cell FDSE clocked by soc_crg_clkout3  {rise@0.000ns fall@2.500ns period=5.000ns})
  Destination:            soc_crg_reset_counter_reg[3]/CE
                            (rising edge-triggered cell FDSE clocked by soc_crg_clkout3  {rise@0.000ns fall@2.500ns period=5.000ns})
  Path Group:             soc_crg_clkout3
  Path Type:              Setup (Max at Slow Process Corner)
  Requirement:            5.000ns  (soc_crg_clkout3 rise@5.000ns - soc_crg_clkout3 rise@0.000ns)
  Data Path Delay:        1.857ns  (logic 0.580ns (31.236%)  route 1.277ns (68.764%))
  Logic Levels:           1  (LUT4=1)
  Clock Path Skew:        0.000ns (DCD - SCD + CPR)
    Destination Clock Delay (DCD):    10.922ns = ( 15.922 - 5.000 ) 
    Source Clock Delay      (SCD):    11.849ns
    Clock Pessimism Removal (CPR):    0.927ns
  Clock Uncertainty:      0.061ns  ((TSJ^2 + DJ^2)^1/2) / 2 + PE
    Total System Jitter     (TSJ):    0.071ns
    Discrete Jitter          (DJ):    0.100ns
    Phase Error              (PE):    0.000ns

    Location             Delay type                Incr(ns)  Path(ns)    Netlist Resource(s)
  -------------------------------------------------------------------    -------------------
                         (clock soc_crg_clkout3 rise edge)
                                                      0.000     0.000 r  
    E3                                                0.000     0.000 r  clk100 (IN)
                         net (fo=0)                   0.000     0.000    clk100
    E3                   IBUF (Prop_ibuf_I_O)         1.482     1.482 r  clk100_IBUF_inst/O
                         net (fo=1, routed)           2.025     3.506    clk100_IBUF
    BUFGCTRL_X0Y16       BUFG (Prop_bufg_I_O)         0.096     3.602 r  clk100_IBUF_BUFG_inst/O
                         net (fo=1, routed)           2.245     5.847    clk100_IBUF_BUFG
    SLICE_X60Y15         LUT1 (Prop_lut1_I0_O)        0.124     5.971 r  clk100_inst/O
                         net (fo=9, routed)           1.955     7.927    soc_crg_clkin
    MMCME2_ADV_X0Y0      MMCME2_ADV (Prop_mmcme2_adv_CLKIN1_CLKOUT3)
                                                      0.088     8.015 r  MMCME2_ADV/CLKOUT3
                         net (fo=1, routed)           2.018    10.033    soc_crg_clkout3
    BUFGCTRL_X0Y2        BUFG (Prop_bufg_I_O)         0.096    10.129 r  BUFG_3/O
                         net (fo=8, routed)           1.719    11.849    idelay_clk
    SLICE_X87Y81         FDSE                                         r  soc_crg_reset_counter_reg[2]/C
  -------------------------------------------------------------------    -------------------
    SLICE_X87Y81         FDSE (Prop_fdse_C_Q)         0.456    12.305 r  soc_crg_reset_counter_reg[2]/Q
                         net (fo=3, routed)           0.651    12.956    soc_crg_reset_counter[2]
    SLICE_X87Y81         LUT4 (Prop_lut4_I2_O)        0.124    13.080 r  soc_crg_reset_counter[3]_i_1/O
                         net (fo=5, routed)           0.626    13.706    soc_crg_reset_counter[3]_i_1_n_0
    SLICE_X87Y81         FDSE                                         r  soc_crg_reset_counter_reg[3]/CE
  -------------------------------------------------------------------    -------------------

                         (clock soc_crg_clkout3 rise edge)
                                                      5.000     5.000 r  
    E3                                                0.000     5.000 r  clk100 (IN)
                         net (fo=0)                   0.000     5.000    clk100
    E3                   IBUF (Prop_ibuf_I_O)         1.411     6.411 r  clk100_IBUF_inst/O
                         net (fo=1, routed)           1.920     8.331    clk100_IBUF
    BUFGCTRL_X0Y16       BUFG (Prop_bufg_I_O)         0.091     8.422 r  clk100_IBUF_BUFG_inst/O
                         net (fo=1, routed)           2.027    10.449    clk100_IBUF_BUFG
    SLICE_X60Y15         LUT1 (Prop_lut1_I0_O)        0.100    10.549 r  clk100_inst/O
                         net (fo=9, routed)           1.676    12.225    soc_crg_clkin
    MMCME2_ADV_X0Y0      MMCME2_ADV (Prop_mmcme2_adv_CLKIN1_CLKOUT3)
                                                      0.083    12.308 r  MMCME2_ADV/CLKOUT3
                         net (fo=1, routed)           1.923    14.232    soc_crg_clkout3
    BUFGCTRL_X0Y2        BUFG (Prop_bufg_I_O)         0.091    14.323 r  BUFG_3/O
                         net (fo=8, routed)           1.599    15.922    idelay_clk
    SLICE_X87Y81         FDSE                                         r  soc_crg_reset_counter_reg[3]/C
                         clock pessimism              0.927    16.849    
                         clock uncertainty           -0.061    16.787    
    SLICE_X87Y81         FDSE (Setup_fdse_C_CE)      -0.205    16.582    soc_crg_reset_counter_reg[3]
  -------------------------------------------------------------------
                         required time                         16.582    
                         arrival time                         -13.706    
  -------------------------------------------------------------------
                         slack                                  2.877    

Slack (MET) :             3.148ns  (required time - arrival time)
  Source:                 FDPE_7/C
                            (rising edge-triggered cell FDPE clocked by soc_crg_clkout3  {rise@0.000ns fall@2.500ns period=5.000ns})
  Destination:            soc_crg_ic_reset_reg/D
                            (rising edge-triggered cell FDRE clocked by soc_crg_clkout3  {rise@0.000ns fall@2.500ns period=5.000ns})
  Path Group:             soc_crg_clkout3
  Path Type:              Setup (Max at Slow Process Corner)
  Requirement:            5.000ns  (soc_crg_clkout3 rise@5.000ns - soc_crg_clkout3 rise@0.000ns)
  Data Path Delay:        1.784ns  (logic 0.718ns (40.240%)  route 1.066ns (59.760%))
  Logic Levels:           1  (LUT3=1)
  Clock Path Skew:        -0.037ns (DCD - SCD + CPR)
    Destination Clock Delay (DCD):    10.921ns = ( 15.921 - 5.000 ) 
    Source Clock Delay      (SCD):    11.845ns
    Clock Pessimism Removal (CPR):    0.887ns
  Clock Uncertainty:      0.061ns  ((TSJ^2 + DJ^2)^1/2) / 2 + PE
    Total System Jitter     (TSJ):    0.071ns
    Discrete Jitter          (DJ):    0.100ns
    Phase Error              (PE):    0.000ns

    Location             Delay type                Incr(ns)  Path(ns)    Netlist Resource(s)
  -------------------------------------------------------------------    -------------------
                         (clock soc_crg_clkout3 rise edge)
                                                      0.000     0.000 r  
    E3                                                0.000     0.000 r  clk100 (IN)
                         net (fo=0)                   0.000     0.000    clk100
    E3                   IBUF (Prop_ibuf_I_O)         1.482     1.482 r  clk100_IBUF_inst/O
                         net (fo=1, routed)           2.025     3.506    clk100_IBUF
    BUFGCTRL_X0Y16       BUFG (Prop_bufg_I_O)         0.096     3.602 r  clk100_IBUF_BUFG_inst/O
                         net (fo=1, routed)           2.245     5.847    clk100_IBUF_BUFG
    SLICE_X60Y15         LUT1 (Prop_lut1_I0_O)        0.124     5.971 r  clk100_inst/O
                         net (fo=9, routed)           1.955     7.927    soc_crg_clkin
    MMCME2_ADV_X0Y0      MMCME2_ADV (Prop_mmcme2_adv_CLKIN1_CLKOUT3)
                                                      0.088     8.015 r  MMCME2_ADV/CLKOUT3
                         net (fo=1, routed)           2.018    10.033    soc_crg_clkout3
    BUFGCTRL_X0Y2        BUFG (Prop_bufg_I_O)         0.096    10.129 r  BUFG_3/O
                         net (fo=8, routed)           1.715    11.845    idelay_clk
    SLICE_X82Y79         FDPE                                         r  FDPE_7/C
  -------------------------------------------------------------------    -------------------
    SLICE_X82Y79         FDPE (Prop_fdpe_C_Q)         0.419    12.264 r  FDPE_7/Q
                         net (fo=5, routed)           1.066    13.330    idelay_rst
    SLICE_X87Y80         LUT3 (Prop_lut3_I2_O)        0.299    13.629 r  soc_crg_ic_reset_i_1/O
                         net (fo=1, routed)           0.000    13.629    soc_crg_ic_reset_i_1_n_0
    SLICE_X87Y80         FDRE                                         r  soc_crg_ic_reset_reg/D
  -------------------------------------------------------------------    -------------------

                         (clock soc_crg_clkout3 rise edge)
                                                      5.000     5.000 r  
    E3                                                0.000     5.000 r  clk100 (IN)
                         net (fo=0)                   0.000     5.000    clk100
    E3                   IBUF (Prop_ibuf_I_O)         1.411     6.411 r  clk100_IBUF_inst/O
                         net (fo=1, routed)           1.920     8.331    clk100_IBUF
    BUFGCTRL_X0Y16       BUFG (Prop_bufg_I_O)         0.091     8.422 r  clk100_IBUF_BUFG_inst/O
                         net (fo=1, routed)           2.027    10.449    clk100_IBUF_BUFG
    SLICE_X60Y15         LUT1 (Prop_lut1_I0_O)        0.100    10.549 r  clk100_inst/O
                         net (fo=9, routed)           1.676    12.225    soc_crg_clkin
    MMCME2_ADV_X0Y0      MMCME2_ADV (Prop_mmcme2_adv_CLKIN1_CLKOUT3)
                                                      0.083    12.308 r  MMCME2_ADV/CLKOUT3
                         net (fo=1, routed)           1.923    14.232    soc_crg_clkout3
    BUFGCTRL_X0Y2        BUFG (Prop_bufg_I_O)         0.091    14.323 r  BUFG_3/O
                         net (fo=8, routed)           1.598    15.921    idelay_clk
    SLICE_X87Y80         FDRE                                         r  soc_crg_ic_reset_reg/C
                         clock pessimism              0.887    16.808    
                         clock uncertainty           -0.061    16.746    
    SLICE_X87Y80         FDRE (Setup_fdre_C_D)        0.031    16.777    soc_crg_ic_reset_reg
  -------------------------------------------------------------------
                         required time                         16.777    
                         arrival time                         -13.629    
  -------------------------------------------------------------------
                         slack                                  3.148    





Min Delay Paths
--------------------------------------------------------------------------------------
Slack (MET) :             0.131ns  (arrival time - required time)
  Source:                 FDPE_6/C
                            (rising edge-triggered cell FDPE clocked by soc_crg_clkout3  {rise@0.000ns fall@2.500ns period=5.000ns})
  Destination:            FDPE_7/D
                            (rising edge-triggered cell FDPE clocked by soc_crg_clkout3  {rise@0.000ns fall@2.500ns period=5.000ns})
  Path Group:             soc_crg_clkout3
  Path Type:              Hold (Min at Fast Process Corner)
  Requirement:            0.000ns  (soc_crg_clkout3 rise@0.000ns - soc_crg_clkout3 rise@0.000ns)
  Data Path Delay:        0.206ns  (logic 0.141ns (68.336%)  route 0.065ns (31.664%))
  Logic Levels:           0  
  Clock Path Skew:        0.000ns (DCD - SCD - CPR)
    Destination Clock Delay (DCD):    4.907ns
    Source Clock Delay      (SCD):    3.897ns
    Clock Pessimism Removal (CPR):    1.010ns

    Location             Delay type                Incr(ns)  Path(ns)    Netlist Resource(s)
  -------------------------------------------------------------------    -------------------
                         (clock soc_crg_clkout3 rise edge)
                                                      0.000     0.000 r  
    E3                                                0.000     0.000 r  clk100 (IN)
                         net (fo=0)                   0.000     0.000    clk100
    E3                   IBUF (Prop_ibuf_I_O)         0.250     0.250 r  clk100_IBUF_inst/O
                         net (fo=1, routed)           0.644     0.894    clk100_IBUF
    BUFGCTRL_X0Y16       BUFG (Prop_bufg_I_O)         0.026     0.920 r  clk100_IBUF_BUFG_inst/O
                         net (fo=1, routed)           0.771     1.691    clk100_IBUF_BUFG
    SLICE_X60Y15         LUT1 (Prop_lut1_I0_O)        0.045     1.736 r  clk100_inst/O
                         net (fo=9, routed)           0.842     2.578    soc_crg_clkin
    MMCME2_ADV_X0Y0      MMCME2_ADV (Prop_mmcme2_adv_CLKIN1_CLKOUT3)
                                                      0.050     2.628 r  MMCME2_ADV/CLKOUT3
                         net (fo=1, routed)           0.648     3.276    soc_crg_clkout3
    BUFGCTRL_X0Y2        BUFG (Prop_bufg_I_O)         0.026     3.302 r  BUFG_3/O
                         net (fo=8, routed)           0.595     3.897    idelay_clk
    SLICE_X82Y79         FDPE                                         r  FDPE_6/C
  -------------------------------------------------------------------    -------------------
    SLICE_X82Y79         FDPE (Prop_fdpe_C_Q)         0.141     4.038 r  FDPE_6/Q
                         net (fo=1, routed)           0.065     4.103    soc_builder_xilinxasyncresetsynchronizerimpl3_rst_meta
    SLICE_X82Y79         FDPE                                         r  FDPE_7/D
  -------------------------------------------------------------------    -------------------

                         (clock soc_crg_clkout3 rise edge)
                                                      0.000     0.000 r  
    E3                                                0.000     0.000 r  clk100 (IN)
                         net (fo=0)                   0.000     0.000    clk100
    E3                   IBUF (Prop_ibuf_I_O)         0.438     0.438 r  clk100_IBUF_inst/O
                         net (fo=1, routed)           0.699     1.136    clk100_IBUF
    BUFGCTRL_X0Y16       BUFG (Prop_bufg_I_O)         0.029     1.165 r  clk100_IBUF_BUFG_inst/O
                         net (fo=1, routed)           1.074     2.240    clk100_IBUF_BUFG
    SLICE_X60Y15         LUT1 (Prop_lut1_I0_O)        0.056     2.296 r  clk100_inst/O
                         net (fo=9, routed)           0.964     3.260    soc_crg_clkin
    MMCME2_ADV_X0Y0      MMCME2_ADV (Prop_mmcme2_adv_CLKIN1_CLKOUT3)
                                                      0.053     3.313 r  MMCME2_ADV/CLKOUT3
                         net (fo=1, routed)           0.700     4.013    soc_crg_clkout3
    BUFGCTRL_X0Y2        BUFG (Prop_bufg_I_O)         0.029     4.042 r  BUFG_3/O
                         net (fo=8, routed)           0.865     4.907    idelay_clk
    SLICE_X82Y79         FDPE                                         r  FDPE_7/C
                         clock pessimism             -1.010     3.897    
    SLICE_X82Y79         FDPE (Hold_fdpe_C_D)         0.075     3.972    FDPE_7
  -------------------------------------------------------------------
                         required time                         -3.972    
                         arrival time                           4.103    
  -------------------------------------------------------------------
                         slack                                  0.131    

Slack (MET) :             0.254ns  (arrival time - required time)
  Source:                 soc_crg_reset_counter_reg[0]/C
                            (rising edge-triggered cell FDSE clocked by soc_crg_clkout3  {rise@0.000ns fall@2.500ns period=5.000ns})
  Destination:            soc_crg_reset_counter_reg[1]/D
                            (rising edge-triggered cell FDSE clocked by soc_crg_clkout3  {rise@0.000ns fall@2.500ns period=5.000ns})
  Path Group:             soc_crg_clkout3
  Path Type:              Hold (Min at Fast Process Corner)
  Requirement:            0.000ns  (soc_crg_clkout3 rise@0.000ns - soc_crg_clkout3 rise@0.000ns)
  Data Path Delay:        0.361ns  (logic 0.183ns (50.678%)  route 0.178ns (49.322%))
  Logic Levels:           1  (LUT2=1)
  Clock Path Skew:        0.000ns (DCD - SCD - CPR)
    Destination Clock Delay (DCD):    4.910ns
    Source Clock Delay      (SCD):    3.900ns
    Clock Pessimism Removal (CPR):    1.010ns

    Location             Delay type                Incr(ns)  Path(ns)    Netlist Resource(s)
  -------------------------------------------------------------------    -------------------
                         (clock soc_crg_clkout3 rise edge)
                                                      0.000     0.000 r  
    E3                                                0.000     0.000 r  clk100 (IN)
                         net (fo=0)                   0.000     0.000    clk100
    E3                   IBUF (Prop_ibuf_I_O)         0.250     0.250 r  clk100_IBUF_inst/O
                         net (fo=1, routed)           0.644     0.894    clk100_IBUF
    BUFGCTRL_X0Y16       BUFG (Prop_bufg_I_O)         0.026     0.920 r  clk100_IBUF_BUFG_inst/O
                         net (fo=1, routed)           0.771     1.691    clk100_IBUF_BUFG
    SLICE_X60Y15         LUT1 (Prop_lut1_I0_O)        0.045     1.736 r  clk100_inst/O
                         net (fo=9, routed)           0.842     2.578    soc_crg_clkin
    MMCME2_ADV_X0Y0      MMCME2_ADV (Prop_mmcme2_adv_CLKIN1_CLKOUT3)
                                                      0.050     2.628 r  MMCME2_ADV/CLKOUT3
                         net (fo=1, routed)           0.648     3.276    soc_crg_clkout3
    BUFGCTRL_X0Y2        BUFG (Prop_bufg_I_O)         0.026     3.302 r  BUFG_3/O
                         net (fo=8, routed)           0.598     3.900    idelay_clk
    SLICE_X87Y81         FDSE                                         r  soc_crg_reset_counter_reg[0]/C
  -------------------------------------------------------------------    -------------------
    SLICE_X87Y81         FDSE (Prop_fdse_C_Q)         0.141     4.041 r  soc_crg_reset_counter_reg[0]/Q
                         net (fo=5, routed)           0.178     4.219    soc_crg_reset_counter[0]
    SLICE_X87Y81         LUT2 (Prop_lut2_I0_O)        0.042     4.261 r  soc_crg_reset_counter[1]_i_1/O
                         net (fo=1, routed)           0.000     4.261    soc_crg_reset_counter[1]_i_1_n_0
    SLICE_X87Y81         FDSE                                         r  soc_crg_reset_counter_reg[1]/D
  -------------------------------------------------------------------    -------------------

                         (clock soc_crg_clkout3 rise edge)
                                                      0.000     0.000 r  
    E3                                                0.000     0.000 r  clk100 (IN)
                         net (fo=0)                   0.000     0.000    clk100
    E3                   IBUF (Prop_ibuf_I_O)         0.438     0.438 r  clk100_IBUF_inst/O
                         net (fo=1, routed)           0.699     1.136    clk100_IBUF
    BUFGCTRL_X0Y16       BUFG (Prop_bufg_I_O)         0.029     1.165 r  clk100_IBUF_BUFG_inst/O
                         net (fo=1, routed)           1.074     2.240    clk100_IBUF_BUFG
    SLICE_X60Y15         LUT1 (Prop_lut1_I0_O)        0.056     2.296 r  clk100_inst/O
                         net (fo=9, routed)           0.964     3.260    soc_crg_clkin
    MMCME2_ADV_X0Y0      MMCME2_ADV (Prop_mmcme2_adv_CLKIN1_CLKOUT3)
                                                      0.053     3.313 r  MMCME2_ADV/CLKOUT3
                         net (fo=1, routed)           0.700     4.013    soc_crg_clkout3
    BUFGCTRL_X0Y2        BUFG (Prop_bufg_I_O)         0.029     4.042 r  BUFG_3/O
                         net (fo=8, routed)           0.868     4.910    idelay_clk
    SLICE_X87Y81         FDSE                                         r  soc_crg_reset_counter_reg[1]/C
                         clock pessimism             -1.010     3.900    
    SLICE_X87Y81         FDSE (Hold_fdse_C_D)         0.107     4.007    soc_crg_reset_counter_reg[1]
  -------------------------------------------------------------------
                         required time                         -4.007    
                         arrival time                           4.261    
  -------------------------------------------------------------------
                         slack                                  0.254    

Slack (MET) :             0.257ns  (arrival time - required time)
  Source:                 soc_crg_reset_counter_reg[0]/C
                            (rising edge-triggered cell FDSE clocked by soc_crg_clkout3  {rise@0.000ns fall@2.500ns period=5.000ns})
  Destination:            soc_crg_reset_counter_reg[3]/D
                            (rising edge-triggered cell FDSE clocked by soc_crg_clkout3  {rise@0.000ns fall@2.500ns period=5.000ns})
  Path Group:             soc_crg_clkout3
  Path Type:              Hold (Min at Fast Process Corner)
  Requirement:            0.000ns  (soc_crg_clkout3 rise@0.000ns - soc_crg_clkout3 rise@0.000ns)
  Data Path Delay:        0.364ns  (logic 0.184ns (50.535%)  route 0.180ns (49.465%))
  Logic Levels:           1  (LUT4=1)
  Clock Path Skew:        0.000ns (DCD - SCD - CPR)
    Destination Clock Delay (DCD):    4.910ns
    Source Clock Delay      (SCD):    3.900ns
    Clock Pessimism Removal (CPR):    1.010ns

    Location             Delay type                Incr(ns)  Path(ns)    Netlist Resource(s)
  -------------------------------------------------------------------    -------------------
                         (clock soc_crg_clkout3 rise edge)
                                                      0.000     0.000 r  
    E3                                                0.000     0.000 r  clk100 (IN)
                         net (fo=0)                   0.000     0.000    clk100
    E3                   IBUF (Prop_ibuf_I_O)         0.250     0.250 r  clk100_IBUF_inst/O
                         net (fo=1, routed)           0.644     0.894    clk100_IBUF
    BUFGCTRL_X0Y16       BUFG (Prop_bufg_I_O)         0.026     0.920 r  clk100_IBUF_BUFG_inst/O
                         net (fo=1, routed)           0.771     1.691    clk100_IBUF_BUFG
    SLICE_X60Y15         LUT1 (Prop_lut1_I0_O)        0.045     1.736 r  clk100_inst/O
                         net (fo=9, routed)           0.842     2.578    soc_crg_clkin
    MMCME2_ADV_X0Y0      MMCME2_ADV (Prop_mmcme2_adv_CLKIN1_CLKOUT3)
                                                      0.050     2.628 r  MMCME2_ADV/CLKOUT3
                         net (fo=1, routed)           0.648     3.276    soc_crg_clkout3
    BUFGCTRL_X0Y2        BUFG (Prop_bufg_I_O)         0.026     3.302 r  BUFG_3/O
                         net (fo=8, routed)           0.598     3.900    idelay_clk
    SLICE_X87Y81         FDSE                                         r  soc_crg_reset_counter_reg[0]/C
  -------------------------------------------------------------------    -------------------
    SLICE_X87Y81         FDSE (Prop_fdse_C_Q)         0.141     4.041 r  soc_crg_reset_counter_reg[0]/Q
                         net (fo=5, routed)           0.180     4.221    soc_crg_reset_counter[0]
    SLICE_X87Y81         LUT4 (Prop_lut4_I1_O)        0.043     4.264 r  soc_crg_reset_counter[3]_i_2/O
                         net (fo=1, routed)           0.000     4.264    soc_crg_reset_counter[3]_i_2_n_0
    SLICE_X87Y81         FDSE                                         r  soc_crg_reset_counter_reg[3]/D
  -------------------------------------------------------------------    -------------------

                         (clock soc_crg_clkout3 rise edge)
                                                      0.000     0.000 r  
    E3                                                0.000     0.000 r  clk100 (IN)
                         net (fo=0)                   0.000     0.000    clk100
    E3                   IBUF (Prop_ibuf_I_O)         0.438     0.438 r  clk100_IBUF_inst/O
                         net (fo=1, routed)           0.699     1.136    clk100_IBUF
    BUFGCTRL_X0Y16       BUFG (Prop_bufg_I_O)         0.029     1.165 r  clk100_IBUF_BUFG_inst/O
                         net (fo=1, routed)           1.074     2.240    clk100_IBUF_BUFG
    SLICE_X60Y15         LUT1 (Prop_lut1_I0_O)        0.056     2.296 r  clk100_inst/O
                         net (fo=9, routed)           0.964     3.260    soc_crg_clkin
    MMCME2_ADV_X0Y0      MMCME2_ADV (Prop_mmcme2_adv_CLKIN1_CLKOUT3)
                                                      0.053     3.313 r  MMCME2_ADV/CLKOUT3
                         net (fo=1, routed)           0.700     4.013    soc_crg_clkout3
    BUFGCTRL_X0Y2        BUFG (Prop_bufg_I_O)         0.029     4.042 r  BUFG_3/O
                         net (fo=8, routed)           0.868     4.910    idelay_clk
    SLICE_X87Y81         FDSE                                         r  soc_crg_reset_counter_reg[3]/C
                         clock pessimism             -1.010     3.900    
    SLICE_X87Y81         FDSE (Hold_fdse_C_D)         0.107     4.007    soc_crg_reset_counter_reg[3]
  -------------------------------------------------------------------
                         required time                         -4.007    
                         arrival time                           4.264    
  -------------------------------------------------------------------
                         slack                                  0.257    

Slack (MET) :             0.273ns  (arrival time - required time)
  Source:                 soc_crg_reset_counter_reg[0]/C
                            (rising edge-triggered cell FDSE clocked by soc_crg_clkout3  {rise@0.000ns fall@2.500ns period=5.000ns})
  Destination:            soc_crg_reset_counter_reg[0]/D
                            (rising edge-triggered cell FDSE clocked by soc_crg_clkout3  {rise@0.000ns fall@2.500ns period=5.000ns})
  Path Group:             soc_crg_clkout3
  Path Type:              Hold (Min at Fast Process Corner)
  Requirement:            0.000ns  (soc_crg_clkout3 rise@0.000ns - soc_crg_clkout3 rise@0.000ns)
  Data Path Delay:        0.364ns  (logic 0.186ns (51.084%)  route 0.178ns (48.916%))
  Logic Levels:           1  (LUT1=1)
  Clock Path Skew:        0.000ns (DCD - SCD - CPR)
    Destination Clock Delay (DCD):    4.910ns
    Source Clock Delay      (SCD):    3.900ns
    Clock Pessimism Removal (CPR):    1.010ns

    Location             Delay type                Incr(ns)  Path(ns)    Netlist Resource(s)
  -------------------------------------------------------------------    -------------------
                         (clock soc_crg_clkout3 rise edge)
                                                      0.000     0.000 r  
    E3                                                0.000     0.000 r  clk100 (IN)
                         net (fo=0)                   0.000     0.000    clk100
    E3                   IBUF (Prop_ibuf_I_O)         0.250     0.250 r  clk100_IBUF_inst/O
                         net (fo=1, routed)           0.644     0.894    clk100_IBUF
    BUFGCTRL_X0Y16       BUFG (Prop_bufg_I_O)         0.026     0.920 r  clk100_IBUF_BUFG_inst/O
                         net (fo=1, routed)           0.771     1.691    clk100_IBUF_BUFG
    SLICE_X60Y15         LUT1 (Prop_lut1_I0_O)        0.045     1.736 r  clk100_inst/O
                         net (fo=9, routed)           0.842     2.578    soc_crg_clkin
    MMCME2_ADV_X0Y0      MMCME2_ADV (Prop_mmcme2_adv_CLKIN1_CLKOUT3)
                                                      0.050     2.628 r  MMCME2_ADV/CLKOUT3
                         net (fo=1, routed)           0.648     3.276    soc_crg_clkout3
    BUFGCTRL_X0Y2        BUFG (Prop_bufg_I_O)         0.026     3.302 r  BUFG_3/O
                         net (fo=8, routed)           0.598     3.900    idelay_clk
    SLICE_X87Y81         FDSE                                         r  soc_crg_reset_counter_reg[0]/C
  -------------------------------------------------------------------    -------------------
    SLICE_X87Y81         FDSE (Prop_fdse_C_Q)         0.141     4.041 f  soc_crg_reset_counter_reg[0]/Q
                         net (fo=5, routed)           0.178     4.219    soc_crg_reset_counter[0]
    SLICE_X87Y81         LUT1 (Prop_lut1_I0_O)        0.045     4.264 r  soc_crg_reset_counter[0]_i_1/O
                         net (fo=1, routed)           0.000     4.264    soc_crg_reset_counter0[0]
    SLICE_X87Y81         FDSE                                         r  soc_crg_reset_counter_reg[0]/D
  -------------------------------------------------------------------    -------------------

                         (clock soc_crg_clkout3 rise edge)
                                                      0.000     0.000 r  
    E3                                                0.000     0.000 r  clk100 (IN)
                         net (fo=0)                   0.000     0.000    clk100
    E3                   IBUF (Prop_ibuf_I_O)         0.438     0.438 r  clk100_IBUF_inst/O
                         net (fo=1, routed)           0.699     1.136    clk100_IBUF
    BUFGCTRL_X0Y16       BUFG (Prop_bufg_I_O)         0.029     1.165 r  clk100_IBUF_BUFG_inst/O
                         net (fo=1, routed)           1.074     2.240    clk100_IBUF_BUFG
    SLICE_X60Y15         LUT1 (Prop_lut1_I0_O)        0.056     2.296 r  clk100_inst/O
                         net (fo=9, routed)           0.964     3.260    soc_crg_clkin
    MMCME2_ADV_X0Y0      MMCME2_ADV (Prop_mmcme2_adv_CLKIN1_CLKOUT3)
                                                      0.053     3.313 r  MMCME2_ADV/CLKOUT3
                         net (fo=1, routed)           0.700     4.013    soc_crg_clkout3
    BUFGCTRL_X0Y2        BUFG (Prop_bufg_I_O)         0.029     4.042 r  BUFG_3/O
                         net (fo=8, routed)           0.868     4.910    idelay_clk
    SLICE_X87Y81         FDSE                                         r  soc_crg_reset_counter_reg[0]/C
                         clock pessimism             -1.010     3.900    
    SLICE_X87Y81         FDSE (Hold_fdse_C_D)         0.091     3.991    soc_crg_reset_counter_reg[0]
  -------------------------------------------------------------------
                         required time                         -3.991    
                         arrival time                           4.264    
  -------------------------------------------------------------------
                         slack                                  0.273    

Slack (MET) :             0.274ns  (arrival time - required time)
  Source:                 soc_crg_reset_counter_reg[0]/C
                            (rising edge-triggered cell FDSE clocked by soc_crg_clkout3  {rise@0.000ns fall@2.500ns period=5.000ns})
  Destination:            soc_crg_reset_counter_reg[2]/D
                            (rising edge-triggered cell FDSE clocked by soc_crg_clkout3  {rise@0.000ns fall@2.500ns period=5.000ns})
  Path Group:             soc_crg_clkout3
  Path Type:              Hold (Min at Fast Process Corner)
  Requirement:            0.000ns  (soc_crg_clkout3 rise@0.000ns - soc_crg_clkout3 rise@0.000ns)
  Data Path Delay:        0.366ns  (logic 0.186ns (50.805%)  route 0.180ns (49.195%))
  Logic Levels:           1  (LUT3=1)
  Clock Path Skew:        0.000ns (DCD - SCD - CPR)
    Destination Clock Delay (DCD):    4.910ns
    Source Clock Delay      (SCD):    3.900ns
    Clock Pessimism Removal (CPR):    1.010ns

    Location             Delay type                Incr(ns)  Path(ns)    Netlist Resource(s)
  -------------------------------------------------------------------    -------------------
                         (clock soc_crg_clkout3 rise edge)
                                                      0.000     0.000 r  
    E3                                                0.000     0.000 r  clk100 (IN)
                         net (fo=0)                   0.000     0.000    clk100
    E3                   IBUF (Prop_ibuf_I_O)         0.250     0.250 r  clk100_IBUF_inst/O
                         net (fo=1, routed)           0.644     0.894    clk100_IBUF
    BUFGCTRL_X0Y16       BUFG (Prop_bufg_I_O)         0.026     0.920 r  clk100_IBUF_BUFG_inst/O
                         net (fo=1, routed)           0.771     1.691    clk100_IBUF_BUFG
    SLICE_X60Y15         LUT1 (Prop_lut1_I0_O)        0.045     1.736 r  clk100_inst/O
                         net (fo=9, routed)           0.842     2.578    soc_crg_clkin
    MMCME2_ADV_X0Y0      MMCME2_ADV (Prop_mmcme2_adv_CLKIN1_CLKOUT3)
                                                      0.050     2.628 r  MMCME2_ADV/CLKOUT3
                         net (fo=1, routed)           0.648     3.276    soc_crg_clkout3
    BUFGCTRL_X0Y2        BUFG (Prop_bufg_I_O)         0.026     3.302 r  BUFG_3/O
                         net (fo=8, routed)           0.598     3.900    idelay_clk
    SLICE_X87Y81         FDSE                                         r  soc_crg_reset_counter_reg[0]/C
  -------------------------------------------------------------------    -------------------
    SLICE_X87Y81         FDSE (Prop_fdse_C_Q)         0.141     4.041 r  soc_crg_reset_counter_reg[0]/Q
                         net (fo=5, routed)           0.180     4.221    soc_crg_reset_counter[0]
    SLICE_X87Y81         LUT3 (Prop_lut3_I1_O)        0.045     4.266 r  soc_crg_reset_counter[2]_i_1/O
                         net (fo=1, routed)           0.000     4.266    soc_crg_reset_counter[2]_i_1_n_0
    SLICE_X87Y81         FDSE                                         r  soc_crg_reset_counter_reg[2]/D
  -------------------------------------------------------------------    -------------------

                         (clock soc_crg_clkout3 rise edge)
                                                      0.000     0.000 r  
    E3                                                0.000     0.000 r  clk100 (IN)
                         net (fo=0)                   0.000     0.000    clk100
    E3                   IBUF (Prop_ibuf_I_O)         0.438     0.438 r  clk100_IBUF_inst/O
                         net (fo=1, routed)           0.699     1.136    clk100_IBUF
    BUFGCTRL_X0Y16       BUFG (Prop_bufg_I_O)         0.029     1.165 r  clk100_IBUF_BUFG_inst/O
                         net (fo=1, routed)           1.074     2.240    clk100_IBUF_BUFG
    SLICE_X60Y15         LUT1 (Prop_lut1_I0_O)        0.056     2.296 r  clk100_inst/O
                         net (fo=9, routed)           0.964     3.260    soc_crg_clkin
    MMCME2_ADV_X0Y0      MMCME2_ADV (Prop_mmcme2_adv_CLKIN1_CLKOUT3)
                                                      0.053     3.313 r  MMCME2_ADV/CLKOUT3
                         net (fo=1, routed)           0.700     4.013    soc_crg_clkout3
    BUFGCTRL_X0Y2        BUFG (Prop_bufg_I_O)         0.029     4.042 r  BUFG_3/O
                         net (fo=8, routed)           0.868     4.910    idelay_clk
    SLICE_X87Y81         FDSE                                         r  soc_crg_reset_counter_reg[2]/C
                         clock pessimism             -1.010     3.900    
    SLICE_X87Y81         FDSE (Hold_fdse_C_D)         0.092     3.992    soc_crg_reset_counter_reg[2]
  -------------------------------------------------------------------
                         required time                         -3.992    
                         arrival time                           4.266    
  -------------------------------------------------------------------
                         slack                                  0.274    

Slack (MET) :             0.327ns  (arrival time - required time)
  Source:                 soc_crg_ic_reset_reg/C
                            (rising edge-triggered cell FDRE clocked by soc_crg_clkout3  {rise@0.000ns fall@2.500ns period=5.000ns})
  Destination:            soc_crg_ic_reset_reg/D
                            (rising edge-triggered cell FDRE clocked by soc_crg_clkout3  {rise@0.000ns fall@2.500ns period=5.000ns})
  Path Group:             soc_crg_clkout3
  Path Type:              Hold (Min at Fast Process Corner)
  Requirement:            0.000ns  (soc_crg_clkout3 rise@0.000ns - soc_crg_clkout3 rise@0.000ns)
  Data Path Delay:        0.419ns  (logic 0.186ns (44.342%)  route 0.233ns (55.658%))
  Logic Levels:           1  (LUT3=1)
  Clock Path Skew:        0.000ns (DCD - SCD - CPR)
    Destination Clock Delay (DCD):    4.909ns
    Source Clock Delay      (SCD):    3.899ns
    Clock Pessimism Removal (CPR):    1.010ns

    Location             Delay type                Incr(ns)  Path(ns)    Netlist Resource(s)
  -------------------------------------------------------------------    -------------------
                         (clock soc_crg_clkout3 rise edge)
                                                      0.000     0.000 r  
    E3                                                0.000     0.000 r  clk100 (IN)
                         net (fo=0)                   0.000     0.000    clk100
    E3                   IBUF (Prop_ibuf_I_O)         0.250     0.250 r  clk100_IBUF_inst/O
                         net (fo=1, routed)           0.644     0.894    clk100_IBUF
    BUFGCTRL_X0Y16       BUFG (Prop_bufg_I_O)         0.026     0.920 r  clk100_IBUF_BUFG_inst/O
                         net (fo=1, routed)           0.771     1.691    clk100_IBUF_BUFG
    SLICE_X60Y15         LUT1 (Prop_lut1_I0_O)        0.045     1.736 r  clk100_inst/O
                         net (fo=9, routed)           0.842     2.578    soc_crg_clkin
    MMCME2_ADV_X0Y0      MMCME2_ADV (Prop_mmcme2_adv_CLKIN1_CLKOUT3)
                                                      0.050     2.628 r  MMCME2_ADV/CLKOUT3
                         net (fo=1, routed)           0.648     3.276    soc_crg_clkout3
    BUFGCTRL_X0Y2        BUFG (Prop_bufg_I_O)         0.026     3.302 r  BUFG_3/O
                         net (fo=8, routed)           0.597     3.899    idelay_clk
    SLICE_X87Y80         FDRE                                         r  soc_crg_ic_reset_reg/C
  -------------------------------------------------------------------    -------------------
    SLICE_X87Y80         FDRE (Prop_fdre_C_Q)         0.141     4.040 r  soc_crg_ic_reset_reg/Q
                         net (fo=2, routed)           0.233     4.273    soc_crg_ic_reset
    SLICE_X87Y80         LUT3 (Prop_lut3_I1_O)        0.045     4.318 r  soc_crg_ic_reset_i_1/O
                         net (fo=1, routed)           0.000     4.318    soc_crg_ic_reset_i_1_n_0
    SLICE_X87Y80         FDRE                                         r  soc_crg_ic_reset_reg/D
  -------------------------------------------------------------------    -------------------

                         (clock soc_crg_clkout3 rise edge)
                                                      0.000     0.000 r  
    E3                                                0.000     0.000 r  clk100 (IN)
                         net (fo=0)                   0.000     0.000    clk100
    E3                   IBUF (Prop_ibuf_I_O)         0.438     0.438 r  clk100_IBUF_inst/O
                         net (fo=1, routed)           0.699     1.136    clk100_IBUF
    BUFGCTRL_X0Y16       BUFG (Prop_bufg_I_O)         0.029     1.165 r  clk100_IBUF_BUFG_inst/O
                         net (fo=1, routed)           1.074     2.240    clk100_IBUF_BUFG
    SLICE_X60Y15         LUT1 (Prop_lut1_I0_O)        0.056     2.296 r  clk100_inst/O
                         net (fo=9, routed)           0.964     3.260    soc_crg_clkin
    MMCME2_ADV_X0Y0      MMCME2_ADV (Prop_mmcme2_adv_CLKIN1_CLKOUT3)
                                                      0.053     3.313 r  MMCME2_ADV/CLKOUT3
                         net (fo=1, routed)           0.700     4.013    soc_crg_clkout3
    BUFGCTRL_X0Y2        BUFG (Prop_bufg_I_O)         0.029     4.042 r  BUFG_3/O
                         net (fo=8, routed)           0.867     4.909    idelay_clk
    SLICE_X87Y80         FDRE                                         r  soc_crg_ic_reset_reg/C
                         clock pessimism             -1.010     3.899    
    SLICE_X87Y80         FDRE (Hold_fdre_C_D)         0.092     3.991    soc_crg_ic_reset_reg
  -------------------------------------------------------------------
                         required time                         -3.991    
                         arrival time                           4.318    
  -------------------------------------------------------------------
                         slack                                  0.327    

Slack (MET) :             0.567ns  (arrival time - required time)
  Source:                 soc_crg_reset_counter_reg[0]/C
                            (rising edge-triggered cell FDSE clocked by soc_crg_clkout3  {rise@0.000ns fall@2.500ns period=5.000ns})
  Destination:            soc_crg_reset_counter_reg[0]/CE
                            (rising edge-triggered cell FDSE clocked by soc_crg_clkout3  {rise@0.000ns fall@2.500ns period=5.000ns})
  Path Group:             soc_crg_clkout3
  Path Type:              Hold (Min at Fast Process Corner)
  Requirement:            0.000ns  (soc_crg_clkout3 rise@0.000ns - soc_crg_clkout3 rise@0.000ns)
  Data Path Delay:        0.528ns  (logic 0.186ns (35.216%)  route 0.342ns (64.784%))
  Logic Levels:           1  (LUT4=1)
  Clock Path Skew:        0.000ns (DCD - SCD - CPR)
    Destination Clock Delay (DCD):    4.910ns
    Source Clock Delay      (SCD):    3.900ns
    Clock Pessimism Removal (CPR):    1.010ns

    Location             Delay type                Incr(ns)  Path(ns)    Netlist Resource(s)
  -------------------------------------------------------------------    -------------------
                         (clock soc_crg_clkout3 rise edge)
                                                      0.000     0.000 r  
    E3                                                0.000     0.000 r  clk100 (IN)
                         net (fo=0)                   0.000     0.000    clk100
    E3                   IBUF (Prop_ibuf_I_O)         0.250     0.250 r  clk100_IBUF_inst/O
                         net (fo=1, routed)           0.644     0.894    clk100_IBUF
    BUFGCTRL_X0Y16       BUFG (Prop_bufg_I_O)         0.026     0.920 r  clk100_IBUF_BUFG_inst/O
                         net (fo=1, routed)           0.771     1.691    clk100_IBUF_BUFG
    SLICE_X60Y15         LUT1 (Prop_lut1_I0_O)        0.045     1.736 r  clk100_inst/O
                         net (fo=9, routed)           0.842     2.578    soc_crg_clkin
    MMCME2_ADV_X0Y0      MMCME2_ADV (Prop_mmcme2_adv_CLKIN1_CLKOUT3)
                                                      0.050     2.628 r  MMCME2_ADV/CLKOUT3
                         net (fo=1, routed)           0.648     3.276    soc_crg_clkout3
    BUFGCTRL_X0Y2        BUFG (Prop_bufg_I_O)         0.026     3.302 r  BUFG_3/O
                         net (fo=8, routed)           0.598     3.900    idelay_clk
    SLICE_X87Y81         FDSE                                         r  soc_crg_reset_counter_reg[0]/C
  -------------------------------------------------------------------    -------------------
    SLICE_X87Y81         FDSE (Prop_fdse_C_Q)         0.141     4.041 r  soc_crg_reset_counter_reg[0]/Q
                         net (fo=5, routed)           0.132     4.172    soc_crg_reset_counter[0]
    SLICE_X87Y81         LUT4 (Prop_lut4_I1_O)        0.045     4.217 r  soc_crg_reset_counter[3]_i_1/O
                         net (fo=5, routed)           0.211     4.428    soc_crg_reset_counter[3]_i_1_n_0
    SLICE_X87Y81         FDSE                                         r  soc_crg_reset_counter_reg[0]/CE
  -------------------------------------------------------------------    -------------------

                         (clock soc_crg_clkout3 rise edge)
                                                      0.000     0.000 r  
    E3                                                0.000     0.000 r  clk100 (IN)
                         net (fo=0)                   0.000     0.000    clk100
    E3                   IBUF (Prop_ibuf_I_O)         0.438     0.438 r  clk100_IBUF_inst/O
                         net (fo=1, routed)           0.699     1.136    clk100_IBUF
    BUFGCTRL_X0Y16       BUFG (Prop_bufg_I_O)         0.029     1.165 r  clk100_IBUF_BUFG_inst/O
                         net (fo=1, routed)           1.074     2.240    clk100_IBUF_BUFG
    SLICE_X60Y15         LUT1 (Prop_lut1_I0_O)        0.056     2.296 r  clk100_inst/O
                         net (fo=9, routed)           0.964     3.260    soc_crg_clkin
    MMCME2_ADV_X0Y0      MMCME2_ADV (Prop_mmcme2_adv_CLKIN1_CLKOUT3)
                                                      0.053     3.313 r  MMCME2_ADV/CLKOUT3
                         net (fo=1, routed)           0.700     4.013    soc_crg_clkout3
    BUFGCTRL_X0Y2        BUFG (Prop_bufg_I_O)         0.029     4.042 r  BUFG_3/O
                         net (fo=8, routed)           0.868     4.910    idelay_clk
    SLICE_X87Y81         FDSE                                         r  soc_crg_reset_counter_reg[0]/C
                         clock pessimism             -1.010     3.900    
    SLICE_X87Y81         FDSE (Hold_fdse_C_CE)       -0.039     3.861    soc_crg_reset_counter_reg[0]
  -------------------------------------------------------------------
                         required time                         -3.861    
                         arrival time                           4.428    
  -------------------------------------------------------------------
                         slack                                  0.567    

Slack (MET) :             0.567ns  (arrival time - required time)
  Source:                 soc_crg_reset_counter_reg[0]/C
                            (rising edge-triggered cell FDSE clocked by soc_crg_clkout3  {rise@0.000ns fall@2.500ns period=5.000ns})
  Destination:            soc_crg_reset_counter_reg[1]/CE
                            (rising edge-triggered cell FDSE clocked by soc_crg_clkout3  {rise@0.000ns fall@2.500ns period=5.000ns})
  Path Group:             soc_crg_clkout3
  Path Type:              Hold (Min at Fast Process Corner)
  Requirement:            0.000ns  (soc_crg_clkout3 rise@0.000ns - soc_crg_clkout3 rise@0.000ns)
  Data Path Delay:        0.528ns  (logic 0.186ns (35.216%)  route 0.342ns (64.784%))
  Logic Levels:           1  (LUT4=1)
  Clock Path Skew:        0.000ns (DCD - SCD - CPR)
    Destination Clock Delay (DCD):    4.910ns
    Source Clock Delay      (SCD):    3.900ns
    Clock Pessimism Removal (CPR):    1.010ns

    Location             Delay type                Incr(ns)  Path(ns)    Netlist Resource(s)
  -------------------------------------------------------------------    -------------------
                         (clock soc_crg_clkout3 rise edge)
                                                      0.000     0.000 r  
    E3                                                0.000     0.000 r  clk100 (IN)
                         net (fo=0)                   0.000     0.000    clk100
    E3                   IBUF (Prop_ibuf_I_O)         0.250     0.250 r  clk100_IBUF_inst/O
                         net (fo=1, routed)           0.644     0.894    clk100_IBUF
    BUFGCTRL_X0Y16       BUFG (Prop_bufg_I_O)         0.026     0.920 r  clk100_IBUF_BUFG_inst/O
                         net (fo=1, routed)           0.771     1.691    clk100_IBUF_BUFG
    SLICE_X60Y15         LUT1 (Prop_lut1_I0_O)        0.045     1.736 r  clk100_inst/O
                         net (fo=9, routed)           0.842     2.578    soc_crg_clkin
    MMCME2_ADV_X0Y0      MMCME2_ADV (Prop_mmcme2_adv_CLKIN1_CLKOUT3)
                                                      0.050     2.628 r  MMCME2_ADV/CLKOUT3
                         net (fo=1, routed)           0.648     3.276    soc_crg_clkout3
    BUFGCTRL_X0Y2        BUFG (Prop_bufg_I_O)         0.026     3.302 r  BUFG_3/O
                         net (fo=8, routed)           0.598     3.900    idelay_clk
    SLICE_X87Y81         FDSE                                         r  soc_crg_reset_counter_reg[0]/C
  -------------------------------------------------------------------    -------------------
    SLICE_X87Y81         FDSE (Prop_fdse_C_Q)         0.141     4.041 r  soc_crg_reset_counter_reg[0]/Q
                         net (fo=5, routed)           0.132     4.172    soc_crg_reset_counter[0]
    SLICE_X87Y81         LUT4 (Prop_lut4_I1_O)        0.045     4.217 r  soc_crg_reset_counter[3]_i_1/O
                         net (fo=5, routed)           0.211     4.428    soc_crg_reset_counter[3]_i_1_n_0
    SLICE_X87Y81         FDSE                                         r  soc_crg_reset_counter_reg[1]/CE
  -------------------------------------------------------------------    -------------------

                         (clock soc_crg_clkout3 rise edge)
                                                      0.000     0.000 r  
    E3                                                0.000     0.000 r  clk100 (IN)
                         net (fo=0)                   0.000     0.000    clk100
    E3                   IBUF (Prop_ibuf_I_O)         0.438     0.438 r  clk100_IBUF_inst/O
                         net (fo=1, routed)           0.699     1.136    clk100_IBUF
    BUFGCTRL_X0Y16       BUFG (Prop_bufg_I_O)         0.029     1.165 r  clk100_IBUF_BUFG_inst/O
                         net (fo=1, routed)           1.074     2.240    clk100_IBUF_BUFG
    SLICE_X60Y15         LUT1 (Prop_lut1_I0_O)        0.056     2.296 r  clk100_inst/O
                         net (fo=9, routed)           0.964     3.260    soc_crg_clkin
    MMCME2_ADV_X0Y0      MMCME2_ADV (Prop_mmcme2_adv_CLKIN1_CLKOUT3)
                                                      0.053     3.313 r  MMCME2_ADV/CLKOUT3
                         net (fo=1, routed)           0.700     4.013    soc_crg_clkout3
    BUFGCTRL_X0Y2        BUFG (Prop_bufg_I_O)         0.029     4.042 r  BUFG_3/O
                         net (fo=8, routed)           0.868     4.910    idelay_clk
    SLICE_X87Y81         FDSE                                         r  soc_crg_reset_counter_reg[1]/C
                         clock pessimism             -1.010     3.900    
    SLICE_X87Y81         FDSE (Hold_fdse_C_CE)       -0.039     3.861    soc_crg_reset_counter_reg[1]
  -------------------------------------------------------------------
                         required time                         -3.861    
                         arrival time                           4.428    
  -------------------------------------------------------------------
                         slack                                  0.567    

Slack (MET) :             0.567ns  (arrival time - required time)
  Source:                 soc_crg_reset_counter_reg[0]/C
                            (rising edge-triggered cell FDSE clocked by soc_crg_clkout3  {rise@0.000ns fall@2.500ns period=5.000ns})
  Destination:            soc_crg_reset_counter_reg[2]/CE
                            (rising edge-triggered cell FDSE clocked by soc_crg_clkout3  {rise@0.000ns fall@2.500ns period=5.000ns})
  Path Group:             soc_crg_clkout3
  Path Type:              Hold (Min at Fast Process Corner)
  Requirement:            0.000ns  (soc_crg_clkout3 rise@0.000ns - soc_crg_clkout3 rise@0.000ns)
  Data Path Delay:        0.528ns  (logic 0.186ns (35.216%)  route 0.342ns (64.784%))
  Logic Levels:           1  (LUT4=1)
  Clock Path Skew:        0.000ns (DCD - SCD - CPR)
    Destination Clock Delay (DCD):    4.910ns
    Source Clock Delay      (SCD):    3.900ns
    Clock Pessimism Removal (CPR):    1.010ns

    Location             Delay type                Incr(ns)  Path(ns)    Netlist Resource(s)
  -------------------------------------------------------------------    -------------------
                         (clock soc_crg_clkout3 rise edge)
                                                      0.000     0.000 r  
    E3                                                0.000     0.000 r  clk100 (IN)
                         net (fo=0)                   0.000     0.000    clk100
    E3                   IBUF (Prop_ibuf_I_O)         0.250     0.250 r  clk100_IBUF_inst/O
                         net (fo=1, routed)           0.644     0.894    clk100_IBUF
    BUFGCTRL_X0Y16       BUFG (Prop_bufg_I_O)         0.026     0.920 r  clk100_IBUF_BUFG_inst/O
                         net (fo=1, routed)           0.771     1.691    clk100_IBUF_BUFG
    SLICE_X60Y15         LUT1 (Prop_lut1_I0_O)        0.045     1.736 r  clk100_inst/O
                         net (fo=9, routed)           0.842     2.578    soc_crg_clkin
    MMCME2_ADV_X0Y0      MMCME2_ADV (Prop_mmcme2_adv_CLKIN1_CLKOUT3)
                                                      0.050     2.628 r  MMCME2_ADV/CLKOUT3
                         net (fo=1, routed)           0.648     3.276    soc_crg_clkout3
    BUFGCTRL_X0Y2        BUFG (Prop_bufg_I_O)         0.026     3.302 r  BUFG_3/O
                         net (fo=8, routed)           0.598     3.900    idelay_clk
    SLICE_X87Y81         FDSE                                         r  soc_crg_reset_counter_reg[0]/C
  -------------------------------------------------------------------    -------------------
    SLICE_X87Y81         FDSE (Prop_fdse_C_Q)         0.141     4.041 r  soc_crg_reset_counter_reg[0]/Q
                         net (fo=5, routed)           0.132     4.172    soc_crg_reset_counter[0]
    SLICE_X87Y81         LUT4 (Prop_lut4_I1_O)        0.045     4.217 r  soc_crg_reset_counter[3]_i_1/O
                         net (fo=5, routed)           0.211     4.428    soc_crg_reset_counter[3]_i_1_n_0
    SLICE_X87Y81         FDSE                                         r  soc_crg_reset_counter_reg[2]/CE
  -------------------------------------------------------------------    -------------------

                         (clock soc_crg_clkout3 rise edge)
                                                      0.000     0.000 r  
    E3                                                0.000     0.000 r  clk100 (IN)
                         net (fo=0)                   0.000     0.000    clk100
    E3                   IBUF (Prop_ibuf_I_O)         0.438     0.438 r  clk100_IBUF_inst/O
                         net (fo=1, routed)           0.699     1.136    clk100_IBUF
    BUFGCTRL_X0Y16       BUFG (Prop_bufg_I_O)         0.029     1.165 r  clk100_IBUF_BUFG_inst/O
                         net (fo=1, routed)           1.074     2.240    clk100_IBUF_BUFG
    SLICE_X60Y15         LUT1 (Prop_lut1_I0_O)        0.056     2.296 r  clk100_inst/O
                         net (fo=9, routed)           0.964     3.260    soc_crg_clkin
    MMCME2_ADV_X0Y0      MMCME2_ADV (Prop_mmcme2_adv_CLKIN1_CLKOUT3)
                                                      0.053     3.313 r  MMCME2_ADV/CLKOUT3
                         net (fo=1, routed)           0.700     4.013    soc_crg_clkout3
    BUFGCTRL_X0Y2        BUFG (Prop_bufg_I_O)         0.029     4.042 r  BUFG_3/O
                         net (fo=8, routed)           0.868     4.910    idelay_clk
    SLICE_X87Y81         FDSE                                         r  soc_crg_reset_counter_reg[2]/C
                         clock pessimism             -1.010     3.900    
    SLICE_X87Y81         FDSE (Hold_fdse_C_CE)       -0.039     3.861    soc_crg_reset_counter_reg[2]
  -------------------------------------------------------------------
                         required time                         -3.861    
                         arrival time                           4.428    
  -------------------------------------------------------------------
                         slack                                  0.567    

Slack (MET) :             0.567ns  (arrival time - required time)
  Source:                 soc_crg_reset_counter_reg[0]/C
                            (rising edge-triggered cell FDSE clocked by soc_crg_clkout3  {rise@0.000ns fall@2.500ns period=5.000ns})
  Destination:            soc_crg_reset_counter_reg[3]/CE
                            (rising edge-triggered cell FDSE clocked by soc_crg_clkout3  {rise@0.000ns fall@2.500ns period=5.000ns})
  Path Group:             soc_crg_clkout3
  Path Type:              Hold (Min at Fast Process Corner)
  Requirement:            0.000ns  (soc_crg_clkout3 rise@0.000ns - soc_crg_clkout3 rise@0.000ns)
  Data Path Delay:        0.528ns  (logic 0.186ns (35.216%)  route 0.342ns (64.784%))
  Logic Levels:           1  (LUT4=1)
  Clock Path Skew:        0.000ns (DCD - SCD - CPR)
    Destination Clock Delay (DCD):    4.910ns
    Source Clock Delay      (SCD):    3.900ns
    Clock Pessimism Removal (CPR):    1.010ns

    Location             Delay type                Incr(ns)  Path(ns)    Netlist Resource(s)
  -------------------------------------------------------------------    -------------------
                         (clock soc_crg_clkout3 rise edge)
                                                      0.000     0.000 r  
    E3                                                0.000     0.000 r  clk100 (IN)
                         net (fo=0)                   0.000     0.000    clk100
    E3                   IBUF (Prop_ibuf_I_O)         0.250     0.250 r  clk100_IBUF_inst/O
                         net (fo=1, routed)           0.644     0.894    clk100_IBUF
    BUFGCTRL_X0Y16       BUFG (Prop_bufg_I_O)         0.026     0.920 r  clk100_IBUF_BUFG_inst/O
                         net (fo=1, routed)           0.771     1.691    clk100_IBUF_BUFG
    SLICE_X60Y15         LUT1 (Prop_lut1_I0_O)        0.045     1.736 r  clk100_inst/O
                         net (fo=9, routed)           0.842     2.578    soc_crg_clkin
    MMCME2_ADV_X0Y0      MMCME2_ADV (Prop_mmcme2_adv_CLKIN1_CLKOUT3)
                                                      0.050     2.628 r  MMCME2_ADV/CLKOUT3
                         net (fo=1, routed)           0.648     3.276    soc_crg_clkout3
    BUFGCTRL_X0Y2        BUFG (Prop_bufg_I_O)         0.026     3.302 r  BUFG_3/O
                         net (fo=8, routed)           0.598     3.900    idelay_clk
    SLICE_X87Y81         FDSE                                         r  soc_crg_reset_counter_reg[0]/C
  -------------------------------------------------------------------    -------------------
    SLICE_X87Y81         FDSE (Prop_fdse_C_Q)         0.141     4.041 r  soc_crg_reset_counter_reg[0]/Q
                         net (fo=5, routed)           0.132     4.172    soc_crg_reset_counter[0]
    SLICE_X87Y81         LUT4 (Prop_lut4_I1_O)        0.045     4.217 r  soc_crg_reset_counter[3]_i_1/O
                         net (fo=5, routed)           0.211     4.428    soc_crg_reset_counter[3]_i_1_n_0
    SLICE_X87Y81         FDSE                                         r  soc_crg_reset_counter_reg[3]/CE
  -------------------------------------------------------------------    -------------------

                         (clock soc_crg_clkout3 rise edge)
                                                      0.000     0.000 r  
    E3                                                0.000     0.000 r  clk100 (IN)
                         net (fo=0)                   0.000     0.000    clk100
    E3                   IBUF (Prop_ibuf_I_O)         0.438     0.438 r  clk100_IBUF_inst/O
                         net (fo=1, routed)           0.699     1.136    clk100_IBUF
    BUFGCTRL_X0Y16       BUFG (Prop_bufg_I_O)         0.029     1.165 r  clk100_IBUF_BUFG_inst/O
                         net (fo=1, routed)           1.074     2.240    clk100_IBUF_BUFG
    SLICE_X60Y15         LUT1 (Prop_lut1_I0_O)        0.056     2.296 r  clk100_inst/O
                         net (fo=9, routed)           0.964     3.260    soc_crg_clkin
    MMCME2_ADV_X0Y0      MMCME2_ADV (Prop_mmcme2_adv_CLKIN1_CLKOUT3)
                                                      0.053     3.313 r  MMCME2_ADV/CLKOUT3
                         net (fo=1, routed)           0.700     4.013    soc_crg_clkout3
    BUFGCTRL_X0Y2        BUFG (Prop_bufg_I_O)         0.029     4.042 r  BUFG_3/O
                         net (fo=8, routed)           0.868     4.910    idelay_clk
    SLICE_X87Y81         FDSE                                         r  soc_crg_reset_counter_reg[3]/C
                         clock pessimism             -1.010     3.900    
    SLICE_X87Y81         FDSE (Hold_fdse_C_CE)       -0.039     3.861    soc_crg_reset_counter_reg[3]
  -------------------------------------------------------------------
                         required time                         -3.861    
                         arrival time                           4.428    
  -------------------------------------------------------------------
                         slack                                  0.567    





Pulse Width Checks
--------------------------------------------------------------------------------------
Clock Name:         soc_crg_clkout3
Waveform(ns):       { 0.000 2.500 }
Period(ns):         5.000
Sources:            { MMCME2_ADV/CLKOUT3 }

Check Type        Corner  Lib Pin             Reference Pin  Required(ns)  Actual(ns)  Slack(ns)  Location         Pin
Min Period        n/a     IDELAYCTRL/REFCLK   n/a            3.225         5.000       1.775      IDELAYCTRL_X1Y1  IDELAYCTRL/REFCLK
Min Period        n/a     BUFG/I              n/a            2.155         5.000       2.845      BUFGCTRL_X0Y2    BUFG_3/I
Min Period        n/a     MMCME2_ADV/CLKOUT3  n/a            1.249         5.000       3.751      MMCME2_ADV_X0Y0  MMCME2_ADV/CLKOUT3
Min Period        n/a     FDPE/C              n/a            1.000         5.000       4.000      SLICE_X82Y79     FDPE_6/C
Min Period        n/a     FDPE/C              n/a            1.000         5.000       4.000      SLICE_X82Y79     FDPE_7/C
Min Period        n/a     FDRE/C              n/a            1.000         5.000       4.000      SLICE_X87Y80     soc_crg_ic_reset_reg/C
Min Period        n/a     FDSE/C              n/a            1.000         5.000       4.000      SLICE_X87Y81     soc_crg_reset_counter_reg[0]/C
Min Period        n/a     FDSE/C              n/a            1.000         5.000       4.000      SLICE_X87Y81     soc_crg_reset_counter_reg[1]/C
Min Period        n/a     FDSE/C              n/a            1.000         5.000       4.000      SLICE_X87Y81     soc_crg_reset_counter_reg[2]/C
Min Period        n/a     FDSE/C              n/a            1.000         5.000       4.000      SLICE_X87Y81     soc_crg_reset_counter_reg[3]/C
Max Period        n/a     IDELAYCTRL/REFCLK   n/a            5.264         5.000       0.264      IDELAYCTRL_X1Y1  IDELAYCTRL/REFCLK
Max Period        n/a     MMCME2_ADV/CLKOUT3  n/a            213.360       5.000       208.360    MMCME2_ADV_X0Y0  MMCME2_ADV/CLKOUT3
Low Pulse Width   Slow    FDPE/C              n/a            0.500         2.500       2.000      SLICE_X82Y79     FDPE_6/C
Low Pulse Width   Fast    FDPE/C              n/a            0.500         2.500       2.000      SLICE_X82Y79     FDPE_6/C
Low Pulse Width   Slow    FDPE/C              n/a            0.500         2.500       2.000      SLICE_X82Y79     FDPE_7/C
Low Pulse Width   Fast    FDPE/C              n/a            0.500         2.500       2.000      SLICE_X82Y79     FDPE_7/C
Low Pulse Width   Slow    FDRE/C              n/a            0.500         2.500       2.000      SLICE_X87Y80     soc_crg_ic_reset_reg/C
Low Pulse Width   Fast    FDRE/C              n/a            0.500         2.500       2.000      SLICE_X87Y80     soc_crg_ic_reset_reg/C
Low Pulse Width   Slow    FDSE/C              n/a            0.500         2.500       2.000      SLICE_X87Y81     soc_crg_reset_counter_reg[0]/C
Low Pulse Width   Fast    FDSE/C              n/a            0.500         2.500       2.000      SLICE_X87Y81     soc_crg_reset_counter_reg[0]/C
Low Pulse Width   Slow    FDSE/C              n/a            0.500         2.500       2.000      SLICE_X87Y81     soc_crg_reset_counter_reg[1]/C
Low Pulse Width   Fast    FDSE/C              n/a            0.500         2.500       2.000      SLICE_X87Y81     soc_crg_reset_counter_reg[1]/C
High Pulse Width  Slow    FDPE/C              n/a            0.500         2.500       2.000      SLICE_X82Y79     FDPE_6/C
High Pulse Width  Fast    FDPE/C              n/a            0.500         2.500       2.000      SLICE_X82Y79     FDPE_6/C
High Pulse Width  Slow    FDPE/C              n/a            0.500         2.500       2.000      SLICE_X82Y79     FDPE_7/C
High Pulse Width  Fast    FDPE/C              n/a            0.500         2.500       2.000      SLICE_X82Y79     FDPE_7/C
High Pulse Width  Slow    FDRE/C              n/a            0.500         2.500       2.000      SLICE_X87Y80     soc_crg_ic_reset_reg/C
High Pulse Width  Fast    FDRE/C              n/a            0.500         2.500       2.000      SLICE_X87Y80     soc_crg_ic_reset_reg/C
High Pulse Width  Slow    FDSE/C              n/a            0.500         2.500       2.000      SLICE_X87Y81     soc_crg_reset_counter_reg[0]/C
High Pulse Width  Fast    FDSE/C              n/a            0.500         2.500       2.000      SLICE_X87Y81     soc_crg_reset_counter_reg[0]/C
High Pulse Width  Slow    FDSE/C              n/a            0.500         2.500       2.000      SLICE_X87Y81     soc_crg_reset_counter_reg[1]/C
High Pulse Width  Fast    FDSE/C              n/a            0.500         2.500       2.000      SLICE_X87Y81     soc_crg_reset_counter_reg[1]/C



------------------------------------------------------------------------------------------------
| Data sheet
| ----------
------------------------------------------------------------------------------------------------

Input Ports Setup/Hold

----------+--------------+----------------+----------+---------------+---------+---------------+---------+-----------------+
Reference | Input        | IO Reg         | Delay    |     Setup(ns) | Process |      Hold(ns) | Process | Internal        |
Clock     | Port         | Type           | Type     | to Clk (Edge) | Corner  | to Clk (Edge) | Corner  | Clock           |
----------+--------------+----------------+----------+---------------+---------+---------------+---------+-----------------+
clk100    | cpu_reset    | FDCE           | -        |     0.423 (r) | FAST    |     2.607 (r) | SLOW    |                 |
clk100    | serial_rx    | FDRE           | -        |    -1.498 (r) | FAST    |     7.736 (r) | SLOW    | soc_crg_clkout0 |
clk100    | ddram_dq[0]  | ISERDESE2 (IO) | VARIABLE |    -3.057 (r) | FAST    |    10.404 (r) | SLOW    | soc_crg_clkout1 |
clk100    | ddram_dq[0]  | ISERDESE2 (IO) | VARIABLE |    -2.985 (f) | FAST    |    10.404 (f) | SLOW    | soc_crg_clkout1 |
clk100    | ddram_dq[1]  | ISERDESE2 (IO) | VARIABLE |    -3.056 (r) | FAST    |    10.402 (r) | SLOW    | soc_crg_clkout1 |
clk100    | ddram_dq[1]  | ISERDESE2 (IO) | VARIABLE |    -2.984 (f) | FAST    |    10.402 (f) | SLOW    | soc_crg_clkout1 |
clk100    | ddram_dq[2]  | ISERDESE2 (IO) | VARIABLE |    -3.073 (r) | FAST    |    10.420 (r) | SLOW    | soc_crg_clkout1 |
clk100    | ddram_dq[2]  | ISERDESE2 (IO) | VARIABLE |    -3.001 (f) | FAST    |    10.420 (f) | SLOW    | soc_crg_clkout1 |
clk100    | ddram_dq[3]  | ISERDESE2 (IO) | VARIABLE |    -3.056 (r) | FAST    |    10.403 (r) | SLOW    | soc_crg_clkout1 |
clk100    | ddram_dq[3]  | ISERDESE2 (IO) | VARIABLE |    -2.984 (f) | FAST    |    10.403 (f) | SLOW    | soc_crg_clkout1 |
clk100    | ddram_dq[4]  | ISERDESE2 (IO) | VARIABLE |    -3.050 (r) | FAST    |    10.396 (r) | SLOW    | soc_crg_clkout1 |
clk100    | ddram_dq[4]  | ISERDESE2 (IO) | VARIABLE |    -2.978 (f) | FAST    |    10.396 (f) | SLOW    | soc_crg_clkout1 |
clk100    | ddram_dq[5]  | ISERDESE2 (IO) | VARIABLE |    -3.065 (r) | FAST    |    10.411 (r) | SLOW    | soc_crg_clkout1 |
clk100    | ddram_dq[5]  | ISERDESE2 (IO) | VARIABLE |    -2.993 (f) | FAST    |    10.411 (f) | SLOW    | soc_crg_clkout1 |
clk100    | ddram_dq[6]  | ISERDESE2 (IO) | VARIABLE |    -3.053 (r) | FAST    |    10.400 (r) | SLOW    | soc_crg_clkout1 |
clk100    | ddram_dq[6]  | ISERDESE2 (IO) | VARIABLE |    -2.981 (f) | FAST    |    10.400 (f) | SLOW    | soc_crg_clkout1 |
clk100    | ddram_dq[7]  | ISERDESE2 (IO) | VARIABLE |    -3.074 (r) | FAST    |    10.420 (r) | SLOW    | soc_crg_clkout1 |
clk100    | ddram_dq[7]  | ISERDESE2 (IO) | VARIABLE |    -3.002 (f) | FAST    |    10.420 (f) | SLOW    | soc_crg_clkout1 |
clk100    | ddram_dq[8]  | ISERDESE2 (IO) | VARIABLE |    -3.051 (r) | FAST    |    10.390 (r) | SLOW    | soc_crg_clkout1 |
clk100    | ddram_dq[8]  | ISERDESE2 (IO) | VARIABLE |    -2.979 (f) | FAST    |    10.390 (f) | SLOW    | soc_crg_clkout1 |
clk100    | ddram_dq[9]  | ISERDESE2 (IO) | VARIABLE |    -3.042 (r) | FAST    |    10.386 (r) | SLOW    | soc_crg_clkout1 |
clk100    | ddram_dq[9]  | ISERDESE2 (IO) | VARIABLE |    -2.970 (f) | FAST    |    10.386 (f) | SLOW    | soc_crg_clkout1 |
clk100    | ddram_dq[10] | ISERDESE2 (IO) | VARIABLE |    -3.045 (r) | FAST    |    10.384 (r) | SLOW    | soc_crg_clkout1 |
clk100    | ddram_dq[10] | ISERDESE2 (IO) | VARIABLE |    -2.973 (f) | FAST    |    10.384 (f) | SLOW    | soc_crg_clkout1 |
clk100    | ddram_dq[11] | ISERDESE2 (IO) | VARIABLE |    -3.037 (r) | FAST    |    10.381 (r) | SLOW    | soc_crg_clkout1 |
clk100    | ddram_dq[11] | ISERDESE2 (IO) | VARIABLE |    -2.965 (f) | FAST    |    10.381 (f) | SLOW    | soc_crg_clkout1 |
clk100    | ddram_dq[12] | ISERDESE2 (IO) | VARIABLE |    -3.033 (r) | FAST    |    10.373 (r) | SLOW    | soc_crg_clkout1 |
clk100    | ddram_dq[12] | ISERDESE2 (IO) | VARIABLE |    -2.961 (f) | FAST    |    10.373 (f) | SLOW    | soc_crg_clkout1 |
clk100    | ddram_dq[13] | ISERDESE2 (IO) | VARIABLE |    -3.057 (r) | FAST    |    10.395 (r) | SLOW    | soc_crg_clkout1 |
clk100    | ddram_dq[13] | ISERDESE2 (IO) | VARIABLE |    -2.985 (f) | FAST    |    10.395 (f) | SLOW    | soc_crg_clkout1 |
clk100    | ddram_dq[14] | ISERDESE2 (IO) | VARIABLE |    -3.044 (r) | FAST    |    10.389 (r) | SLOW    | soc_crg_clkout1 |
clk100    | ddram_dq[14] | ISERDESE2 (IO) | VARIABLE |    -2.972 (f) | FAST    |    10.389 (f) | SLOW    | soc_crg_clkout1 |
clk100    | ddram_dq[15] | ISERDESE2 (IO) | VARIABLE |    -3.057 (r) | FAST    |    10.397 (r) | SLOW    | soc_crg_clkout1 |
clk100    | ddram_dq[15] | ISERDESE2 (IO) | VARIABLE |    -2.985 (f) | FAST    |    10.397 (f) | SLOW    | soc_crg_clkout1 |
----------+--------------+----------------+----------+---------------+---------+---------------+---------+-----------------+


Output Ports Clock-to-out

----------+----------------+----------------+-------+----------------+---------+----------------+---------+-----------------+
Reference | Output         | IO Reg         | Delay | Max Clk (Edge) | Process | Min Clk (Edge) | Process | Internal        |
Clock     | Port           | Type           | Type  |    to port(ns) | Corner  |    to port(ns) | Corner  | Clock           |
----------+----------------+----------------+-------+----------------+---------+----------------+---------+-----------------+
clk100    | ddram_dq[0]    | FDRE           | -     |     18.774 (r) | SLOW    |      5.781 (r) | FAST    | soc_crg_clkout0 |
clk100    | ddram_dq[1]    | FDRE           | -     |     18.322 (r) | SLOW    |      5.581 (r) | FAST    | soc_crg_clkout0 |
clk100    | ddram_dq[2]    | FDRE           | -     |     18.914 (r) | SLOW    |      5.824 (r) | FAST    | soc_crg_clkout0 |
clk100    | ddram_dq[3]    | FDRE           | -     |     18.764 (r) | SLOW    |      5.773 (r) | FAST    | soc_crg_clkout0 |
clk100    | ddram_dq[4]    | FDRE           | -     |     18.172 (r) | SLOW    |      5.524 (r) | FAST    | soc_crg_clkout0 |
clk100    | ddram_dq[5]    | FDRE           | -     |     18.163 (r) | SLOW    |      5.501 (r) | FAST    | soc_crg_clkout0 |
clk100    | ddram_dq[6]    | FDRE           | -     |     18.624 (r) | SLOW    |      5.721 (r) | FAST    | soc_crg_clkout0 |
clk100    | ddram_dq[7]    | FDRE           | -     |     18.023 (r) | SLOW    |      5.436 (r) | FAST    | soc_crg_clkout0 |
clk100    | ddram_dq[8]    | FDRE           | -     |     17.566 (r) | SLOW    |      5.229 (r) | FAST    | soc_crg_clkout0 |
clk100    | ddram_dq[9]    | FDRE           | -     |     16.812 (r) | SLOW    |      4.902 (r) | FAST    | soc_crg_clkout0 |
clk100    | ddram_dq[10]   | FDRE           | -     |     17.253 (r) | SLOW    |      5.089 (r) | FAST    | soc_crg_clkout0 |
clk100    | ddram_dq[11]   | FDRE           | -     |     16.952 (r) | SLOW    |      4.961 (r) | FAST    | soc_crg_clkout0 |
clk100    | ddram_dq[12]   | FDRE           | -     |     17.113 (r) | SLOW    |      5.045 (r) | FAST    | soc_crg_clkout0 |
clk100    | ddram_dq[13]   | FDRE           | -     |     17.426 (r) | SLOW    |      5.169 (r) | FAST    | soc_crg_clkout0 |
clk100    | ddram_dq[14]   | FDRE           | -     |     16.651 (r) | SLOW    |      4.821 (r) | FAST    | soc_crg_clkout0 |
clk100    | ddram_dq[15]   | FDRE           | -     |     17.264 (r) | SLOW    |      5.089 (r) | FAST    | soc_crg_clkout0 |
clk100    | ddram_dqs_n[0] | FDRE           | -     |     17.688 (r) | SLOW    |      5.250 (r) | FAST    | soc_crg_clkout0 |
clk100    | ddram_dqs_n[1] | FDRE           | -     |     16.842 (r) | SLOW    |      4.877 (r) | FAST    | soc_crg_clkout0 |
clk100    | ddram_dqs_p[0] | FDRE           | -     |     17.689 (r) | SLOW    |      5.252 (r) | FAST    | soc_crg_clkout0 |
clk100    | ddram_dqs_p[1] | FDRE           | -     |     16.843 (r) | SLOW    |      4.878 (r) | FAST    | soc_crg_clkout0 |
clk100    | serial_tx      | FDSE           | -     |     19.892 (r) | SLOW    |      6.532 (r) | FAST    | soc_crg_clkout0 |
clk100    | user_led0      | FDRE           | -     |     21.752 (r) | SLOW    |      6.956 (r) | FAST    | soc_crg_clkout0 |
clk100    | user_led1      | FDRE           | -     |     20.958 (r) | SLOW    |      6.659 (r) | FAST    | soc_crg_clkout0 |
clk100    | user_led10     | FDRE           | -     |     21.300 (r) | SLOW    |      6.832 (r) | FAST    | soc_crg_clkout0 |
clk100    | user_led11     | FDRE           | -     |     20.873 (r) | SLOW    |      6.852 (r) | FAST    | soc_crg_clkout0 |
clk100    | user_led12     | FDRE           | -     |     20.910 (r) | SLOW    |      6.818 (r) | FAST    | soc_crg_clkout0 |
clk100    | user_led13     | FDRE           | -     |     21.041 (r) | SLOW    |      6.853 (r) | FAST    | soc_crg_clkout0 |
clk100    | user_led14     | FDRE           | -     |     20.819 (r) | SLOW    |      6.787 (r) | FAST    | soc_crg_clkout0 |
clk100    | user_led15     | FDRE           | -     |     21.423 (r) | SLOW    |      6.869 (r) | FAST    | soc_crg_clkout0 |
clk100    | user_led2      | FDRE           | -     |     21.758 (r) | SLOW    |      6.914 (r) | FAST    | soc_crg_clkout0 |
clk100    | user_led3      | FDRE           | -     |     20.583 (r) | SLOW    |      6.689 (r) | FAST    | soc_crg_clkout0 |
clk100    | user_led4      | FDRE           | -     |     20.720 (r) | SLOW    |      6.752 (r) | FAST    | soc_crg_clkout0 |
clk100    | user_led5      | FDRE           | -     |     20.689 (r) | SLOW    |      6.705 (r) | FAST    | soc_crg_clkout0 |
clk100    | user_led6      | FDRE           | -     |     20.441 (r) | SLOW    |      6.377 (r) | FAST    | soc_crg_clkout0 |
clk100    | user_led7      | FDRE           | -     |     21.217 (r) | SLOW    |      6.774 (r) | FAST    | soc_crg_clkout0 |
clk100    | user_led8      | FDRE           | -     |     21.275 (r) | SLOW    |      6.694 (r) | FAST    | soc_crg_clkout0 |
clk100    | user_led9      | FDRE           | -     |     21.158 (r) | SLOW    |      6.856 (r) | FAST    | soc_crg_clkout0 |
clk100    | ddram_a[0]     | OSERDESE2 (IO) | -     |     14.014 (r) | SLOW    |      4.438 (r) | FAST    | soc_crg_clkout1 |
clk100    | ddram_a[1]     | OSERDESE2 (IO) | -     |     14.028 (r) | SLOW    |      4.455 (r) | FAST    | soc_crg_clkout1 |
clk100    | ddram_a[2]     | OSERDESE2 (IO) | -     |     14.040 (r) | SLOW    |      4.462 (r) | FAST    | soc_crg_clkout1 |
clk100    | ddram_a[3]     | OSERDESE2 (IO) | -     |     14.040 (r) | SLOW    |      4.463 (r) | FAST    | soc_crg_clkout1 |
clk100    | ddram_a[4]     | OSERDESE2 (IO) | -     |     14.036 (r) | SLOW    |      4.456 (r) | FAST    | soc_crg_clkout1 |
clk100    | ddram_a[5]     | OSERDESE2 (IO) | -     |     14.030 (r) | SLOW    |      4.458 (r) | FAST    | soc_crg_clkout1 |
clk100    | ddram_a[6]     | OSERDESE2 (IO) | -     |     14.045 (r) | SLOW    |      4.464 (r) | FAST    | soc_crg_clkout1 |
clk100    | ddram_a[7]     | OSERDESE2 (IO) | -     |     14.046 (r) | SLOW    |      4.466 (r) | FAST    | soc_crg_clkout1 |
clk100    | ddram_a[8]     | OSERDESE2 (IO) | -     |     14.036 (r) | SLOW    |      4.457 (r) | FAST    | soc_crg_clkout1 |
clk100    | ddram_a[9]     | OSERDESE2 (IO) | -     |     14.029 (r) | SLOW    |      4.457 (r) | FAST    | soc_crg_clkout1 |
clk100    | ddram_a[10]    | OSERDESE2 (IO) | -     |     14.031 (r) | SLOW    |      4.458 (r) | FAST    | soc_crg_clkout1 |
clk100    | ddram_a[11]    | OSERDESE2 (IO) | -     |     14.024 (r) | SLOW    |      4.445 (r) | FAST    | soc_crg_clkout1 |
clk100    | ddram_a[12]    | OSERDESE2 (IO) | -     |     14.035 (r) | SLOW    |      4.457 (r) | FAST    | soc_crg_clkout1 |
clk100    | ddram_ba[0]    | OSERDESE2 (IO) | -     |     14.034 (r) | SLOW    |      4.461 (r) | FAST    | soc_crg_clkout1 |
clk100    | ddram_ba[1]    | OSERDESE2 (IO) | -     |     14.026 (r) | SLOW    |      4.453 (r) | FAST    | soc_crg_clkout1 |
clk100    | ddram_ba[2]    | OSERDESE2 (IO) | -     |     14.038 (r) | SLOW    |      4.461 (r) | FAST    | soc_crg_clkout1 |
clk100    | ddram_cas_n    | OSERDESE2 (IO) | -     |     14.055 (r) | SLOW    |      4.475 (r) | FAST    | soc_crg_clkout1 |
clk100    | ddram_cke      | OSERDESE2 (IO) | -     |     14.047 (r) | SLOW    |      4.467 (r) | FAST    | soc_crg_clkout1 |
clk100    | ddram_clk_n    | OSERDESE2 (IO) | -     |     14.117 (r) | SLOW    |      4.437 (r) | FAST    | soc_crg_clkout1 |
clk100    | ddram_clk_p    | OSERDESE2 (IO) | -     |     14.130 (r) | SLOW    |      4.450 (r) | FAST    | soc_crg_clkout1 |
clk100    | ddram_cs_n     | OSERDESE2 (IO) | -     |     14.005 (r) | SLOW    |      4.425 (r) | FAST    | soc_crg_clkout1 |
clk100    | ddram_dm[0]    | OSERDESE2 (IO) | -     |     14.069 (r) | SLOW    |      4.488 (r) | FAST    | soc_crg_clkout1 |
clk100    | ddram_dm[1]    | OSERDESE2 (IO) | -     |     14.071 (r) | SLOW    |      4.492 (r) | FAST    | soc_crg_clkout1 |
clk100    | ddram_dq[0]    | OSERDESE2 (IO) | -     |     14.926 (r) | SLOW    |      4.178 (r) | FAST    | soc_crg_clkout1 |
clk100    | ddram_dq[1]    | OSERDESE2 (IO) | -     |     14.924 (r) | SLOW    |      4.177 (r) | FAST    | soc_crg_clkout1 |
clk100    | ddram_dq[2]    | OSERDESE2 (IO) | -     |     14.927 (r) | SLOW    |      4.164 (r) | FAST    | soc_crg_clkout1 |
clk100    | ddram_dq[3]    | OSERDESE2 (IO) | -     |     14.925 (r) | SLOW    |      4.177 (r) | FAST    | soc_crg_clkout1 |
clk100    | ddram_dq[4]    | OSERDESE2 (IO) | -     |     14.924 (r) | SLOW    |      4.183 (r) | FAST    | soc_crg_clkout1 |
clk100    | ddram_dq[5]    | OSERDESE2 (IO) | -     |     14.924 (r) | SLOW    |      4.168 (r) | FAST    | soc_crg_clkout1 |
clk100    | ddram_dq[6]    | OSERDESE2 (IO) | -     |     14.925 (r) | SLOW    |      4.180 (r) | FAST    | soc_crg_clkout1 |
clk100    | ddram_dq[7]    | OSERDESE2 (IO) | -     |     14.924 (r) | SLOW    |      4.159 (r) | FAST    | soc_crg_clkout1 |
clk100    | ddram_dq[8]    | OSERDESE2 (IO) | -     |     14.910 (r) | SLOW    |      4.168 (r) | FAST    | soc_crg_clkout1 |
clk100    | ddram_dq[9]    | OSERDESE2 (IO) | -     |     14.920 (r) | SLOW    |      4.187 (r) | FAST    | soc_crg_clkout1 |
clk100    | ddram_dq[10]   | OSERDESE2 (IO) | -     |     14.913 (r) | SLOW    |      4.178 (r) | FAST    | soc_crg_clkout1 |
clk100    | ddram_dq[11]   | OSERDESE2 (IO) | -     |     14.920 (r) | SLOW    |      4.192 (r) | FAST    | soc_crg_clkout1 |
clk100    | ddram_dq[12]   | OSERDESE2 (IO) | -     |     14.913 (r) | SLOW    |      4.190 (r) | FAST    | soc_crg_clkout1 |
clk100    | ddram_dq[13]   | OSERDESE2 (IO) | -     |     14.910 (r) | SLOW    |      4.163 (r) | FAST    | soc_crg_clkout1 |
clk100    | ddram_dq[14]   | OSERDESE2 (IO) | -     |     14.921 (r) | SLOW    |      4.185 (r) | FAST    | soc_crg_clkout1 |
clk100    | ddram_dq[15]   | OSERDESE2 (IO) | -     |     14.912 (r) | SLOW    |      4.164 (r) | FAST    | soc_crg_clkout1 |
clk100    | ddram_odt      | OSERDESE2 (IO) | -     |     14.040 (r) | SLOW    |      4.460 (r) | FAST    | soc_crg_clkout1 |
clk100    | ddram_ras_n    | OSERDESE2 (IO) | -     |     14.025 (r) | SLOW    |      4.449 (r) | FAST    | soc_crg_clkout1 |
clk100    | ddram_we_n     | OSERDESE2 (IO) | -     |     14.057 (r) | SLOW    |      4.477 (r) | FAST    | soc_crg_clkout1 |
clk100    | ddram_dqs_n[0] | OSERDESE2 (IO) | -     |     16.591 (r) | SLOW    |      5.844 (r) | FAST    | soc_crg_clkout2 |
clk100    | ddram_dqs_n[1] | OSERDESE2 (IO) | -     |     16.584 (r) | SLOW    |      5.842 (r) | FAST    | soc_crg_clkout2 |
clk100    | ddram_dqs_p[0] | OSERDESE2 (IO) | -     |     16.592 (r) | SLOW    |      5.846 (r) | FAST    | soc_crg_clkout2 |
clk100    | ddram_dqs_p[1] | OSERDESE2 (IO) | -     |     16.585 (r) | SLOW    |      5.842 (r) | FAST    | soc_crg_clkout2 |
----------+----------------+----------------+-------+----------------+---------+----------------+---------+-----------------+


Setup between Clocks

-------+-------------+---------------+---------+---------------+---------+---------------+---------+---------------+---------+
Source | Destination |  Src:Rise     | Process |  Src:Rise     | Process |  Src:Fall     | Process |  Src:Fall     | Process |
Clock  | Clock       | Dest:Rise(ns) | Corner  | Dest:Fall(ns) | Corner  | Dest:Rise(ns) | Corner  | Dest:Fall(ns) | Corner  |
-------+-------------+---------------+---------+---------------+---------+---------------+---------+---------------+---------+
clk100 | clk100      |        30.266 | SLOW    |        13.940 | SLOW    |        11.503 | SLOW    |         3.303 | SLOW    |
-------+-------------+---------------+---------+---------------+---------+---------------+---------+---------------+---------+


Setup / Hold times for input bus
Clocked by: clk100
Worst Case Data Window: 7.459 ns
Ideal Clock Offset to Actual Clock: 6.690 ns
-------------------+-------------+---------+--------------+---------+-----------+-----------+---------------+
                   |             | Process |              | Process | Setup     |  Hold     | Source Offset |
Source             |   Setup(ns) | Corner  |     Hold(ns) | Corner  | Slack(ns) | Slack(ns) | to Center(ns) |
-------------------+-------------+---------+--------------+---------+-----------+-----------+---------------+
ddram_dq[0]        |  -3.057 (r) | FAST    |   10.404 (r) | SLOW    |       inf |       inf |             - |
ddram_dq[0]        |  -2.985 (f) | FAST    |   10.404 (f) | SLOW    |       inf |       inf |             - |
ddram_dq[1]        |  -3.056 (r) | FAST    |   10.402 (r) | SLOW    |       inf |       inf |             - |
ddram_dq[1]        |  -2.984 (f) | FAST    |   10.402 (f) | SLOW    |       inf |       inf |             - |
ddram_dq[2]        |  -3.073 (r) | FAST    |   10.420 (r) | SLOW    |       inf |       inf |             - |
ddram_dq[2]        |  -3.001 (f) | FAST    |   10.420 (f) | SLOW    |       inf |       inf |             - |
ddram_dq[3]        |  -3.056 (r) | FAST    |   10.403 (r) | SLOW    |       inf |       inf |             - |
ddram_dq[3]        |  -2.984 (f) | FAST    |   10.403 (f) | SLOW    |       inf |       inf |             - |
ddram_dq[4]        |  -3.050 (r) | FAST    |   10.396 (r) | SLOW    |       inf |       inf |             - |
ddram_dq[4]        |  -2.978 (f) | FAST    |   10.396 (f) | SLOW    |       inf |       inf |             - |
ddram_dq[5]        |  -3.065 (r) | FAST    |   10.411 (r) | SLOW    |       inf |       inf |             - |
ddram_dq[5]        |  -2.993 (f) | FAST    |   10.411 (f) | SLOW    |       inf |       inf |             - |
ddram_dq[6]        |  -3.053 (r) | FAST    |   10.400 (r) | SLOW    |       inf |       inf |             - |
ddram_dq[6]        |  -2.981 (f) | FAST    |   10.400 (f) | SLOW    |       inf |       inf |             - |
ddram_dq[7]        |  -3.074 (r) | FAST    |   10.420 (r) | SLOW    |       inf |       inf |             - |
ddram_dq[7]        |  -3.002 (f) | FAST    |   10.420 (f) | SLOW    |       inf |       inf |             - |
ddram_dq[8]        |  -3.051 (r) | FAST    |   10.390 (r) | SLOW    |       inf |       inf |             - |
ddram_dq[8]        |  -2.979 (f) | FAST    |   10.390 (f) | SLOW    |       inf |       inf |             - |
ddram_dq[9]        |  -3.042 (r) | FAST    |   10.386 (r) | SLOW    |       inf |       inf |             - |
ddram_dq[9]        |  -2.970 (f) | FAST    |   10.386 (f) | SLOW    |       inf |       inf |             - |
ddram_dq[10]       |  -3.045 (r) | FAST    |   10.384 (r) | SLOW    |       inf |       inf |             - |
ddram_dq[10]       |  -2.973 (f) | FAST    |   10.384 (f) | SLOW    |       inf |       inf |             - |
ddram_dq[11]       |  -3.037 (r) | FAST    |   10.381 (r) | SLOW    |       inf |       inf |             - |
ddram_dq[11]       |  -2.965 (f) | FAST    |   10.381 (f) | SLOW    |       inf |       inf |             - |
ddram_dq[12]       |  -3.033 (r) | FAST    |   10.373 (r) | SLOW    |       inf |       inf |             - |
ddram_dq[12]       |  -2.961 (f) | FAST    |   10.373 (f) | SLOW    |       inf |       inf |             - |
ddram_dq[13]       |  -3.057 (r) | FAST    |   10.395 (r) | SLOW    |       inf |       inf |             - |
ddram_dq[13]       |  -2.985 (f) | FAST    |   10.395 (f) | SLOW    |       inf |       inf |             - |
ddram_dq[14]       |  -3.044 (r) | FAST    |   10.389 (r) | SLOW    |       inf |       inf |             - |
ddram_dq[14]       |  -2.972 (f) | FAST    |   10.389 (f) | SLOW    |       inf |       inf |             - |
ddram_dq[15]       |  -3.057 (r) | FAST    |   10.397 (r) | SLOW    |       inf |       inf |             - |
ddram_dq[15]       |  -2.985 (f) | FAST    |   10.397 (f) | SLOW    |       inf |       inf |             - |
-------------------+-------------+---------+--------------+---------+-----------+-----------+---------------+
Worst Case Summary |  -2.961 (f) | FAST    |   10.420 (r) | SLOW    |       inf |       inf |             - |
-------------------+-------------+---------+--------------+---------+-----------+-----------+---------------+



Max / Min delays for output bus
Clocked by: clk100
Bus Skew: 0.032 ns
-------------------+--------------+---------+-------------+---------+----------+
                   |      Max     | Process |     Min     | Process | Edge     |
Pad                |    Delay(ns) | Corner  |   Delay(ns) | Corner  | Skew(ns) |
-------------------+--------------+---------+-------------+---------+----------+
ddram_a[0]         |   14.014 (r) | SLOW    |   4.438 (r) | FAST    |    0.000 |
ddram_a[1]         |   14.028 (r) | SLOW    |   4.455 (r) | FAST    |    0.017 |
ddram_a[2]         |   14.040 (r) | SLOW    |   4.462 (r) | FAST    |    0.026 |
ddram_a[3]         |   14.040 (r) | SLOW    |   4.463 (r) | FAST    |    0.026 |
ddram_a[4]         |   14.036 (r) | SLOW    |   4.456 (r) | FAST    |    0.022 |
ddram_a[5]         |   14.030 (r) | SLOW    |   4.458 (r) | FAST    |    0.020 |
ddram_a[6]         |   14.045 (r) | SLOW    |   4.464 (r) | FAST    |    0.031 |
ddram_a[7]         |   14.046 (r) | SLOW    |   4.466 (r) | FAST    |    0.032 |
ddram_a[8]         |   14.036 (r) | SLOW    |   4.457 (r) | FAST    |    0.022 |
ddram_a[9]         |   14.029 (r) | SLOW    |   4.457 (r) | FAST    |    0.019 |
ddram_a[10]        |   14.031 (r) | SLOW    |   4.458 (r) | FAST    |    0.020 |
ddram_a[11]        |   14.024 (r) | SLOW    |   4.445 (r) | FAST    |    0.010 |
ddram_a[12]        |   14.035 (r) | SLOW    |   4.457 (r) | FAST    |    0.022 |
-------------------+--------------+---------+-------------+---------+----------+
Worst Case Summary |   14.046 (r) | SLOW    |   4.438 (r) | FAST    |    0.032 |
-------------------+--------------+---------+-------------+---------+----------+



Max / Min delays for output bus
Clocked by: clk100
Bus Skew: 0.012 ns
-------------------+--------------+---------+-------------+---------+----------+
                   |      Max     | Process |     Min     | Process | Edge     |
Pad                |    Delay(ns) | Corner  |   Delay(ns) | Corner  | Skew(ns) |
-------------------+--------------+---------+-------------+---------+----------+
ddram_ba[0]        |   14.034 (r) | SLOW    |   4.461 (r) | FAST    |    0.008 |
ddram_ba[1]        |   14.026 (r) | SLOW    |   4.453 (r) | FAST    |    0.000 |
ddram_ba[2]        |   14.038 (r) | SLOW    |   4.461 (r) | FAST    |    0.012 |
-------------------+--------------+---------+-------------+---------+----------+
Worst Case Summary |   14.038 (r) | SLOW    |   4.453 (r) | FAST    |    0.012 |
-------------------+--------------+---------+-------------+---------+----------+



Max / Min delays for output bus
Clocked by: clk100
Bus Skew: 0.004 ns
-------------------+--------------+---------+-------------+---------+----------+
                   |      Max     | Process |     Min     | Process | Edge     |
Pad                |    Delay(ns) | Corner  |   Delay(ns) | Corner  | Skew(ns) |
-------------------+--------------+---------+-------------+---------+----------+
ddram_dm[0]        |   14.069 (r) | SLOW    |   4.488 (r) | FAST    |    0.000 |
ddram_dm[1]        |   14.071 (r) | SLOW    |   4.492 (r) | FAST    |    0.004 |
-------------------+--------------+---------+-------------+---------+----------+
Worst Case Summary |   14.071 (r) | SLOW    |   4.488 (r) | FAST    |    0.004 |
-------------------+--------------+---------+-------------+---------+----------+



Max / Min delays for output bus
Clocked by: clk100
Bus Skew: 2.263 ns
-------------------+--------------+---------+-------------+---------+----------+
                   |      Max     | Process |     Min     | Process | Edge     |
Pad                |    Delay(ns) | Corner  |   Delay(ns) | Corner  | Skew(ns) |
-------------------+--------------+---------+-------------+---------+----------+
ddram_dq[0]        |   18.774 (r) | SLOW    |   4.178 (r) | FAST    |    2.122 |
ddram_dq[1]        |   18.322 (r) | SLOW    |   4.177 (r) | FAST    |    1.671 |
ddram_dq[2]        |   18.914 (r) | SLOW    |   4.164 (r) | FAST    |    2.263 |
ddram_dq[3]        |   18.764 (r) | SLOW    |   4.177 (r) | FAST    |    2.113 |
ddram_dq[4]        |   18.172 (r) | SLOW    |   4.183 (r) | FAST    |    1.521 |
ddram_dq[5]        |   18.163 (r) | SLOW    |   4.168 (r) | FAST    |    1.511 |
ddram_dq[6]        |   18.624 (r) | SLOW    |   4.180 (r) | FAST    |    1.972 |
ddram_dq[7]        |   18.023 (r) | SLOW    |   4.159 (r) | FAST    |    1.371 |
ddram_dq[8]        |   17.566 (r) | SLOW    |   4.168 (r) | FAST    |    0.915 |
ddram_dq[9]        |   16.812 (r) | SLOW    |   4.187 (r) | FAST    |    0.160 |
ddram_dq[10]       |   17.253 (r) | SLOW    |   4.178 (r) | FAST    |    0.602 |
ddram_dq[11]       |   16.952 (r) | SLOW    |   4.192 (r) | FAST    |    0.300 |
ddram_dq[12]       |   17.113 (r) | SLOW    |   4.190 (r) | FAST    |    0.462 |
ddram_dq[13]       |   17.426 (r) | SLOW    |   4.163 (r) | FAST    |    0.774 |
ddram_dq[14]       |   16.651 (r) | SLOW    |   4.185 (r) | FAST    |    0.026 |
ddram_dq[15]       |   17.264 (r) | SLOW    |   4.164 (r) | FAST    |    0.612 |
-------------------+--------------+---------+-------------+---------+----------+
Worst Case Summary |   18.914 (r) | SLOW    |   4.159 (r) | FAST    |    2.263 |
-------------------+--------------+---------+-------------+---------+----------+



Max / Min delays for output bus
Clocked by: clk100
Bus Skew: 0.847 ns
-------------------+--------------+---------+-------------+---------+----------+
                   |      Max     | Process |     Min     | Process | Edge     |
Pad                |    Delay(ns) | Corner  |   Delay(ns) | Corner  | Skew(ns) |
-------------------+--------------+---------+-------------+---------+----------+
ddram_dqs_n[0]     |   17.688 (r) | SLOW    |   5.250 (r) | FAST    |    0.846 |
ddram_dqs_n[1]     |   16.842 (r) | SLOW    |   4.877 (r) | FAST    |    0.000 |
ddram_dqs_p[0]     |   17.689 (r) | SLOW    |   5.252 (r) | FAST    |    0.847 |
ddram_dqs_p[1]     |   16.843 (r) | SLOW    |   4.878 (r) | FAST    |    0.001 |
-------------------+--------------+---------+-------------+---------+----------+
Worst Case Summary |   17.689 (r) | SLOW    |   4.877 (r) | FAST    |    0.847 |
-------------------+--------------+---------+-------------+---------+----------+




