#-----------------------------------------------------------
# Vivado v2023.2 (64-bit)
# SW Build 4029153 on Fri Oct 13 20:13:54 MDT 2023
# IP Build 4028589 on Sat Oct 14 00:45:43 MDT 2023
# SharedData Build 4025554 on Tue Oct 10 17:18:54 MDT 2023
# Start of session at: Tue Dec 23 01:08:41 2025
# Process ID: 245579
# Current directory: /home/masamuneprog/AAML/CFU-Playground/soc/build/digilent_nexys4ddr.AAML-2025-Project/gateware
# Command line: vivado -mode batch -source digilent_nexys4ddr.tcl
# Log file: /home/masamuneprog/AAML/CFU-Playground/soc/build/digilent_nexys4ddr.AAML-2025-Project/gateware/vivado.log
# Journal file: /home/masamuneprog/AAML/CFU-Playground/soc/build/digilent_nexys4ddr.AAML-2025-Project/gateware/vivado.jou
# Running On: DESKTOP-8IM51LT, OS: Linux, CPU Frequency: 3187.200 MHz, CPU Physical cores: 8, Host memory: 12545 MB
#-----------------------------------------------------------
source digilent_nexys4ddr.tcl
# create_project -force -name digilent_nexys4ddr -part xc7a100t-CSG324-1
create_project: Time (s): cpu = 00:00:07 ; elapsed = 00:00:07 . Memory (MB): peak = 1319.070 ; gain = 0.027 ; free physical = 7916 ; free virtual = 12141
# set_msg_config -id {Common 17-55} -new_severity {Warning}
# read_verilog {/home/masamuneprog/AAML/CFU-Playground/proj/AAML-2025-Project/cfu.v}
# read_verilog {/home/masamuneprog/AAML/CFU-Playground/third_party/python/pythondata_cpu_vexriscv/pythondata_cpu_vexriscv/verilog/VexRiscv_PerfCfu.v}
# read_verilog {/home/masamuneprog/AAML/CFU-Playground/soc/build/digilent_nexys4ddr.AAML-2025-Project/gateware/digilent_nexys4ddr.v}
# read_xdc digilent_nexys4ddr.xdc
# set_property PROCESSING_ORDER EARLY [get_files digilent_nexys4ddr.xdc]
# synth_design -directive default -top digilent_nexys4ddr -part xc7a100t-CSG324-1
Command: synth_design -directive default -top digilent_nexys4ddr -part xc7a100t-CSG324-1
Starting synth_design
Attempting to get a license for feature 'Synthesis' and/or device 'xc7a100t'
INFO: [Common 17-349] Got license for feature 'Synthesis' and/or device 'xc7a100t'
INFO: [Device 21-403] Loading part xc7a100tcsg324-1
INFO: [Synth 8-7079] Multithreading enabled for synth_design using a maximum of 4 processes.
INFO: [Synth 8-7078] Launching helper process for spawning children vivado processes
INFO: [Synth 8-7075] Helper process launched with PID 245954
---------------------------------------------------------------------------------
Starting RTL Elaboration : Time (s): cpu = 00:00:05 ; elapsed = 00:00:06 . Memory (MB): peak = 2016.887 ; gain = 403.715 ; free physical = 6914 ; free virtual = 11139
---------------------------------------------------------------------------------
WARNING: [Synth 8-11065] parameter 'DEPTH' becomes localparam in 'global_buffer_bram' with formal parameter declaration list [/home/masamuneprog/AAML/CFU-Playground/proj/AAML-2025-Project/cfu.v:1011]
INFO: [Synth 8-6157] synthesizing module 'digilent_nexys4ddr' [/home/masamuneprog/AAML/CFU-Playground/soc/build/digilent_nexys4ddr.AAML-2025-Project/gateware/digilent_nexys4ddr.v:20]
INFO: [Synth 8-3876] $readmem data file 'digilent_nexys4ddr_rom.init' is read successfully [/home/masamuneprog/AAML/CFU-Playground/soc/build/digilent_nexys4ddr.AAML-2025-Project/gateware/digilent_nexys4ddr.v:9717]
INFO: [Synth 8-3876] $readmem data file 'digilent_nexys4ddr_sram.init' is read successfully [/home/masamuneprog/AAML/CFU-Playground/soc/build/digilent_nexys4ddr.AAML-2025-Project/gateware/digilent_nexys4ddr.v:9732]
INFO: [Synth 8-3876] $readmem data file 'digilent_nexys4ddr_mem.init' is read successfully [/home/masamuneprog/AAML/CFU-Playground/soc/build/digilent_nexys4ddr.AAML-2025-Project/gateware/digilent_nexys4ddr.v:9755]
INFO: [Synth 8-155] case statement is not full and has no default [/home/masamuneprog/AAML/CFU-Playground/soc/build/digilent_nexys4ddr.AAML-2025-Project/gateware/digilent_nexys4ddr.v:9098]
INFO: [Synth 8-155] case statement is not full and has no default [/home/masamuneprog/AAML/CFU-Playground/soc/build/digilent_nexys4ddr.AAML-2025-Project/gateware/digilent_nexys4ddr.v:9121]
INFO: [Synth 8-155] case statement is not full and has no default [/home/masamuneprog/AAML/CFU-Playground/soc/build/digilent_nexys4ddr.AAML-2025-Project/gateware/digilent_nexys4ddr.v:9190]
INFO: [Synth 8-155] case statement is not full and has no default [/home/masamuneprog/AAML/CFU-Playground/soc/build/digilent_nexys4ddr.AAML-2025-Project/gateware/digilent_nexys4ddr.v:9202]
INFO: [Synth 8-155] case statement is not full and has no default [/home/masamuneprog/AAML/CFU-Playground/soc/build/digilent_nexys4ddr.AAML-2025-Project/gateware/digilent_nexys4ddr.v:9284]
INFO: [Synth 8-155] case statement is not full and has no default [/home/masamuneprog/AAML/CFU-Playground/soc/build/digilent_nexys4ddr.AAML-2025-Project/gateware/digilent_nexys4ddr.v:9339]
INFO: [Synth 8-6157] synthesizing module 'BUFG' [/tools/Xilinx/Vivado/2023.2/scripts/rt/data/unisim_comp.v:1951]
INFO: [Synth 8-6155] done synthesizing module 'BUFG' (0#1) [/tools/Xilinx/Vivado/2023.2/scripts/rt/data/unisim_comp.v:1951]
WARNING: [Synth 8-4446] all outputs are unconnected for this instance and logic may be removed [/home/masamuneprog/AAML/CFU-Playground/soc/build/digilent_nexys4ddr.AAML-2025-Project/gateware/digilent_nexys4ddr.v:9706]
INFO: [Synth 8-6157] synthesizing module 'IDELAYCTRL' [/tools/Xilinx/Vivado/2023.2/scripts/rt/data/unisim_comp.v:75727]
INFO: [Synth 8-6155] done synthesizing module 'IDELAYCTRL' (0#1) [/tools/Xilinx/Vivado/2023.2/scripts/rt/data/unisim_comp.v:75727]
WARNING: [Synth 8-7071] port 'RDY' of module 'IDELAYCTRL' is unconnected for instance 'IDELAYCTRL' [/home/masamuneprog/AAML/CFU-Playground/soc/build/digilent_nexys4ddr.AAML-2025-Project/gateware/digilent_nexys4ddr.v:9706]
WARNING: [Synth 8-7023] instance 'IDELAYCTRL' of module 'IDELAYCTRL' has 3 connections declared, but only 2 given [/home/masamuneprog/AAML/CFU-Playground/soc/build/digilent_nexys4ddr.AAML-2025-Project/gateware/digilent_nexys4ddr.v:9706]
INFO: [Synth 8-6157] synthesizing module 'OSERDESE2' [/tools/Xilinx/Vivado/2023.2/scripts/rt/data/unisim_comp.v:97310]
	Parameter DATA_RATE_OQ bound to: DDR - type: string 
	Parameter DATA_RATE_TQ bound to: BUF - type: string 
	Parameter DATA_WIDTH bound to: 4 - type: integer 
	Parameter SERDES_MODE bound to: MASTER - type: string 
	Parameter TRISTATE_WIDTH bound to: 1 - type: integer 
INFO: [Synth 8-6155] done synthesizing module 'OSERDESE2' (0#1) [/tools/Xilinx/Vivado/2023.2/scripts/rt/data/unisim_comp.v:97310]
WARNING: [Synth 8-7071] port 'OFB' of module 'OSERDESE2' is unconnected for instance 'OSERDESE2' [/home/masamuneprog/AAML/CFU-Playground/soc/build/digilent_nexys4ddr.AAML-2025-Project/gateware/digilent_nexys4ddr.v:9812]
WARNING: [Synth 8-7071] port 'SHIFTOUT1' of module 'OSERDESE2' is unconnected for instance 'OSERDESE2' [/home/masamuneprog/AAML/CFU-Playground/soc/build/digilent_nexys4ddr.AAML-2025-Project/gateware/digilent_nexys4ddr.v:9812]
WARNING: [Synth 8-7071] port 'SHIFTOUT2' of module 'OSERDESE2' is unconnected for instance 'OSERDESE2' [/home/masamuneprog/AAML/CFU-Playground/soc/build/digilent_nexys4ddr.AAML-2025-Project/gateware/digilent_nexys4ddr.v:9812]
WARNING: [Synth 8-7071] port 'TBYTEOUT' of module 'OSERDESE2' is unconnected for instance 'OSERDESE2' [/home/masamuneprog/AAML/CFU-Playground/soc/build/digilent_nexys4ddr.AAML-2025-Project/gateware/digilent_nexys4ddr.v:9812]
WARNING: [Synth 8-7071] port 'TFB' of module 'OSERDESE2' is unconnected for instance 'OSERDESE2' [/home/masamuneprog/AAML/CFU-Playground/soc/build/digilent_nexys4ddr.AAML-2025-Project/gateware/digilent_nexys4ddr.v:9812]
WARNING: [Synth 8-7071] port 'TQ' of module 'OSERDESE2' is unconnected for instance 'OSERDESE2' [/home/masamuneprog/AAML/CFU-Playground/soc/build/digilent_nexys4ddr.AAML-2025-Project/gateware/digilent_nexys4ddr.v:9812]
WARNING: [Synth 8-7071] port 'SHIFTIN1' of module 'OSERDESE2' is unconnected for instance 'OSERDESE2' [/home/masamuneprog/AAML/CFU-Playground/soc/build/digilent_nexys4ddr.AAML-2025-Project/gateware/digilent_nexys4ddr.v:9812]
WARNING: [Synth 8-7071] port 'SHIFTIN2' of module 'OSERDESE2' is unconnected for instance 'OSERDESE2' [/home/masamuneprog/AAML/CFU-Playground/soc/build/digilent_nexys4ddr.AAML-2025-Project/gateware/digilent_nexys4ddr.v:9812]
WARNING: [Synth 8-7071] port 'T1' of module 'OSERDESE2' is unconnected for instance 'OSERDESE2' [/home/masamuneprog/AAML/CFU-Playground/soc/build/digilent_nexys4ddr.AAML-2025-Project/gateware/digilent_nexys4ddr.v:9812]
WARNING: [Synth 8-7071] port 'T2' of module 'OSERDESE2' is unconnected for instance 'OSERDESE2' [/home/masamuneprog/AAML/CFU-Playground/soc/build/digilent_nexys4ddr.AAML-2025-Project/gateware/digilent_nexys4ddr.v:9812]
WARNING: [Synth 8-7071] port 'T3' of module 'OSERDESE2' is unconnected for instance 'OSERDESE2' [/home/masamuneprog/AAML/CFU-Playground/soc/build/digilent_nexys4ddr.AAML-2025-Project/gateware/digilent_nexys4ddr.v:9812]
WARNING: [Synth 8-7071] port 'T4' of module 'OSERDESE2' is unconnected for instance 'OSERDESE2' [/home/masamuneprog/AAML/CFU-Playground/soc/build/digilent_nexys4ddr.AAML-2025-Project/gateware/digilent_nexys4ddr.v:9812]
WARNING: [Synth 8-7071] port 'TBYTEIN' of module 'OSERDESE2' is unconnected for instance 'OSERDESE2' [/home/masamuneprog/AAML/CFU-Playground/soc/build/digilent_nexys4ddr.AAML-2025-Project/gateware/digilent_nexys4ddr.v:9812]
WARNING: [Synth 8-7071] port 'TCE' of module 'OSERDESE2' is unconnected for instance 'OSERDESE2' [/home/masamuneprog/AAML/CFU-Playground/soc/build/digilent_nexys4ddr.AAML-2025-Project/gateware/digilent_nexys4ddr.v:9812]
WARNING: [Synth 8-7023] instance 'OSERDESE2' of module 'OSERDESE2' has 27 connections declared, but only 13 given [/home/masamuneprog/AAML/CFU-Playground/soc/build/digilent_nexys4ddr.AAML-2025-Project/gateware/digilent_nexys4ddr.v:9812]
INFO: [Synth 8-6157] synthesizing module 'OBUFDS' [/tools/Xilinx/Vivado/2023.2/scripts/rt/data/unisim_comp.v:93073]
INFO: [Synth 8-6155] done synthesizing module 'OBUFDS' (0#1) [/tools/Xilinx/Vivado/2023.2/scripts/rt/data/unisim_comp.v:93073]
WARNING: [Synth 8-7071] port 'OFB' of module 'OSERDESE2' is unconnected for instance 'OSERDESE2_1' [/home/masamuneprog/AAML/CFU-Playground/soc/build/digilent_nexys4ddr.AAML-2025-Project/gateware/digilent_nexys4ddr.v:9840]
WARNING: [Synth 8-7071] port 'SHIFTOUT1' of module 'OSERDESE2' is unconnected for instance 'OSERDESE2_1' [/home/masamuneprog/AAML/CFU-Playground/soc/build/digilent_nexys4ddr.AAML-2025-Project/gateware/digilent_nexys4ddr.v:9840]
WARNING: [Synth 8-7071] port 'SHIFTOUT2' of module 'OSERDESE2' is unconnected for instance 'OSERDESE2_1' [/home/masamuneprog/AAML/CFU-Playground/soc/build/digilent_nexys4ddr.AAML-2025-Project/gateware/digilent_nexys4ddr.v:9840]
WARNING: [Synth 8-7071] port 'TBYTEOUT' of module 'OSERDESE2' is unconnected for instance 'OSERDESE2_1' [/home/masamuneprog/AAML/CFU-Playground/soc/build/digilent_nexys4ddr.AAML-2025-Project/gateware/digilent_nexys4ddr.v:9840]
WARNING: [Synth 8-7071] port 'TFB' of module 'OSERDESE2' is unconnected for instance 'OSERDESE2_1' [/home/masamuneprog/AAML/CFU-Playground/soc/build/digilent_nexys4ddr.AAML-2025-Project/gateware/digilent_nexys4ddr.v:9840]
WARNING: [Synth 8-7071] port 'TQ' of module 'OSERDESE2' is unconnected for instance 'OSERDESE2_1' [/home/masamuneprog/AAML/CFU-Playground/soc/build/digilent_nexys4ddr.AAML-2025-Project/gateware/digilent_nexys4ddr.v:9840]
WARNING: [Synth 8-7071] port 'SHIFTIN1' of module 'OSERDESE2' is unconnected for instance 'OSERDESE2_1' [/home/masamuneprog/AAML/CFU-Playground/soc/build/digilent_nexys4ddr.AAML-2025-Project/gateware/digilent_nexys4ddr.v:9840]
WARNING: [Synth 8-7071] port 'SHIFTIN2' of module 'OSERDESE2' is unconnected for instance 'OSERDESE2_1' [/home/masamuneprog/AAML/CFU-Playground/soc/build/digilent_nexys4ddr.AAML-2025-Project/gateware/digilent_nexys4ddr.v:9840]
WARNING: [Synth 8-7071] port 'T1' of module 'OSERDESE2' is unconnected for instance 'OSERDESE2_1' [/home/masamuneprog/AAML/CFU-Playground/soc/build/digilent_nexys4ddr.AAML-2025-Project/gateware/digilent_nexys4ddr.v:9840]
WARNING: [Synth 8-7071] port 'T2' of module 'OSERDESE2' is unconnected for instance 'OSERDESE2_1' [/home/masamuneprog/AAML/CFU-Playground/soc/build/digilent_nexys4ddr.AAML-2025-Project/gateware/digilent_nexys4ddr.v:9840]
WARNING: [Synth 8-7071] port 'T3' of module 'OSERDESE2' is unconnected for instance 'OSERDESE2_1' [/home/masamuneprog/AAML/CFU-Playground/soc/build/digilent_nexys4ddr.AAML-2025-Project/gateware/digilent_nexys4ddr.v:9840]
WARNING: [Synth 8-7071] port 'T4' of module 'OSERDESE2' is unconnected for instance 'OSERDESE2_1' [/home/masamuneprog/AAML/CFU-Playground/soc/build/digilent_nexys4ddr.AAML-2025-Project/gateware/digilent_nexys4ddr.v:9840]
WARNING: [Synth 8-7071] port 'TBYTEIN' of module 'OSERDESE2' is unconnected for instance 'OSERDESE2_1' [/home/masamuneprog/AAML/CFU-Playground/soc/build/digilent_nexys4ddr.AAML-2025-Project/gateware/digilent_nexys4ddr.v:9840]
WARNING: [Synth 8-7071] port 'TCE' of module 'OSERDESE2' is unconnected for instance 'OSERDESE2_1' [/home/masamuneprog/AAML/CFU-Playground/soc/build/digilent_nexys4ddr.AAML-2025-Project/gateware/digilent_nexys4ddr.v:9840]
WARNING: [Synth 8-7023] instance 'OSERDESE2_1' of module 'OSERDESE2' has 27 connections declared, but only 13 given [/home/masamuneprog/AAML/CFU-Playground/soc/build/digilent_nexys4ddr.AAML-2025-Project/gateware/digilent_nexys4ddr.v:9840]
WARNING: [Synth 8-7071] port 'OFB' of module 'OSERDESE2' is unconnected for instance 'OSERDESE2_2' [/home/masamuneprog/AAML/CFU-Playground/soc/build/digilent_nexys4ddr.AAML-2025-Project/gateware/digilent_nexys4ddr.v:9862]
WARNING: [Synth 8-7071] port 'SHIFTOUT1' of module 'OSERDESE2' is unconnected for instance 'OSERDESE2_2' [/home/masamuneprog/AAML/CFU-Playground/soc/build/digilent_nexys4ddr.AAML-2025-Project/gateware/digilent_nexys4ddr.v:9862]
WARNING: [Synth 8-7071] port 'SHIFTOUT2' of module 'OSERDESE2' is unconnected for instance 'OSERDESE2_2' [/home/masamuneprog/AAML/CFU-Playground/soc/build/digilent_nexys4ddr.AAML-2025-Project/gateware/digilent_nexys4ddr.v:9862]
WARNING: [Synth 8-7071] port 'TBYTEOUT' of module 'OSERDESE2' is unconnected for instance 'OSERDESE2_2' [/home/masamuneprog/AAML/CFU-Playground/soc/build/digilent_nexys4ddr.AAML-2025-Project/gateware/digilent_nexys4ddr.v:9862]
WARNING: [Synth 8-7071] port 'TFB' of module 'OSERDESE2' is unconnected for instance 'OSERDESE2_2' [/home/masamuneprog/AAML/CFU-Playground/soc/build/digilent_nexys4ddr.AAML-2025-Project/gateware/digilent_nexys4ddr.v:9862]
WARNING: [Synth 8-7071] port 'TQ' of module 'OSERDESE2' is unconnected for instance 'OSERDESE2_2' [/home/masamuneprog/AAML/CFU-Playground/soc/build/digilent_nexys4ddr.AAML-2025-Project/gateware/digilent_nexys4ddr.v:9862]
WARNING: [Synth 8-7071] port 'SHIFTIN1' of module 'OSERDESE2' is unconnected for instance 'OSERDESE2_2' [/home/masamuneprog/AAML/CFU-Playground/soc/build/digilent_nexys4ddr.AAML-2025-Project/gateware/digilent_nexys4ddr.v:9862]
WARNING: [Synth 8-7071] port 'SHIFTIN2' of module 'OSERDESE2' is unconnected for instance 'OSERDESE2_2' [/home/masamuneprog/AAML/CFU-Playground/soc/build/digilent_nexys4ddr.AAML-2025-Project/gateware/digilent_nexys4ddr.v:9862]
WARNING: [Synth 8-7071] port 'T1' of module 'OSERDESE2' is unconnected for instance 'OSERDESE2_2' [/home/masamuneprog/AAML/CFU-Playground/soc/build/digilent_nexys4ddr.AAML-2025-Project/gateware/digilent_nexys4ddr.v:9862]
WARNING: [Synth 8-7071] port 'T2' of module 'OSERDESE2' is unconnected for instance 'OSERDESE2_2' [/home/masamuneprog/AAML/CFU-Playground/soc/build/digilent_nexys4ddr.AAML-2025-Project/gateware/digilent_nexys4ddr.v:9862]
WARNING: [Synth 8-7071] port 'T3' of module 'OSERDESE2' is unconnected for instance 'OSERDESE2_2' [/home/masamuneprog/AAML/CFU-Playground/soc/build/digilent_nexys4ddr.AAML-2025-Project/gateware/digilent_nexys4ddr.v:9862]
WARNING: [Synth 8-7071] port 'T4' of module 'OSERDESE2' is unconnected for instance 'OSERDESE2_2' [/home/masamuneprog/AAML/CFU-Playground/soc/build/digilent_nexys4ddr.AAML-2025-Project/gateware/digilent_nexys4ddr.v:9862]
WARNING: [Synth 8-7071] port 'TBYTEIN' of module 'OSERDESE2' is unconnected for instance 'OSERDESE2_2' [/home/masamuneprog/AAML/CFU-Playground/soc/build/digilent_nexys4ddr.AAML-2025-Project/gateware/digilent_nexys4ddr.v:9862]
WARNING: [Synth 8-7071] port 'TCE' of module 'OSERDESE2' is unconnected for instance 'OSERDESE2_2' [/home/masamuneprog/AAML/CFU-Playground/soc/build/digilent_nexys4ddr.AAML-2025-Project/gateware/digilent_nexys4ddr.v:9862]
WARNING: [Synth 8-7023] instance 'OSERDESE2_2' of module 'OSERDESE2' has 27 connections declared, but only 13 given [/home/masamuneprog/AAML/CFU-Playground/soc/build/digilent_nexys4ddr.AAML-2025-Project/gateware/digilent_nexys4ddr.v:9862]
WARNING: [Synth 8-7071] port 'OFB' of module 'OSERDESE2' is unconnected for instance 'OSERDESE2_3' [/home/masamuneprog/AAML/CFU-Playground/soc/build/digilent_nexys4ddr.AAML-2025-Project/gateware/digilent_nexys4ddr.v:9884]
WARNING: [Synth 8-7071] port 'SHIFTOUT1' of module 'OSERDESE2' is unconnected for instance 'OSERDESE2_3' [/home/masamuneprog/AAML/CFU-Playground/soc/build/digilent_nexys4ddr.AAML-2025-Project/gateware/digilent_nexys4ddr.v:9884]
WARNING: [Synth 8-7071] port 'SHIFTOUT2' of module 'OSERDESE2' is unconnected for instance 'OSERDESE2_3' [/home/masamuneprog/AAML/CFU-Playground/soc/build/digilent_nexys4ddr.AAML-2025-Project/gateware/digilent_nexys4ddr.v:9884]
WARNING: [Synth 8-7071] port 'TBYTEOUT' of module 'OSERDESE2' is unconnected for instance 'OSERDESE2_3' [/home/masamuneprog/AAML/CFU-Playground/soc/build/digilent_nexys4ddr.AAML-2025-Project/gateware/digilent_nexys4ddr.v:9884]
WARNING: [Synth 8-7071] port 'TFB' of module 'OSERDESE2' is unconnected for instance 'OSERDESE2_3' [/home/masamuneprog/AAML/CFU-Playground/soc/build/digilent_nexys4ddr.AAML-2025-Project/gateware/digilent_nexys4ddr.v:9884]
WARNING: [Synth 8-7071] port 'TQ' of module 'OSERDESE2' is unconnected for instance 'OSERDESE2_3' [/home/masamuneprog/AAML/CFU-Playground/soc/build/digilent_nexys4ddr.AAML-2025-Project/gateware/digilent_nexys4ddr.v:9884]
WARNING: [Synth 8-7071] port 'SHIFTIN1' of module 'OSERDESE2' is unconnected for instance 'OSERDESE2_3' [/home/masamuneprog/AAML/CFU-Playground/soc/build/digilent_nexys4ddr.AAML-2025-Project/gateware/digilent_nexys4ddr.v:9884]
WARNING: [Synth 8-7071] port 'SHIFTIN2' of module 'OSERDESE2' is unconnected for instance 'OSERDESE2_3' [/home/masamuneprog/AAML/CFU-Playground/soc/build/digilent_nexys4ddr.AAML-2025-Project/gateware/digilent_nexys4ddr.v:9884]
WARNING: [Synth 8-7071] port 'T1' of module 'OSERDESE2' is unconnected for instance 'OSERDESE2_3' [/home/masamuneprog/AAML/CFU-Playground/soc/build/digilent_nexys4ddr.AAML-2025-Project/gateware/digilent_nexys4ddr.v:9884]
WARNING: [Synth 8-7071] port 'T2' of module 'OSERDESE2' is unconnected for instance 'OSERDESE2_3' [/home/masamuneprog/AAML/CFU-Playground/soc/build/digilent_nexys4ddr.AAML-2025-Project/gateware/digilent_nexys4ddr.v:9884]
WARNING: [Synth 8-7071] port 'T3' of module 'OSERDESE2' is unconnected for instance 'OSERDESE2_3' [/home/masamuneprog/AAML/CFU-Playground/soc/build/digilent_nexys4ddr.AAML-2025-Project/gateware/digilent_nexys4ddr.v:9884]
WARNING: [Synth 8-7071] port 'T4' of module 'OSERDESE2' is unconnected for instance 'OSERDESE2_3' [/home/masamuneprog/AAML/CFU-Playground/soc/build/digilent_nexys4ddr.AAML-2025-Project/gateware/digilent_nexys4ddr.v:9884]
WARNING: [Synth 8-7071] port 'TBYTEIN' of module 'OSERDESE2' is unconnected for instance 'OSERDESE2_3' [/home/masamuneprog/AAML/CFU-Playground/soc/build/digilent_nexys4ddr.AAML-2025-Project/gateware/digilent_nexys4ddr.v:9884]
WARNING: [Synth 8-7071] port 'TCE' of module 'OSERDESE2' is unconnected for instance 'OSERDESE2_3' [/home/masamuneprog/AAML/CFU-Playground/soc/build/digilent_nexys4ddr.AAML-2025-Project/gateware/digilent_nexys4ddr.v:9884]
WARNING: [Synth 8-7023] instance 'OSERDESE2_3' of module 'OSERDESE2' has 27 connections declared, but only 13 given [/home/masamuneprog/AAML/CFU-Playground/soc/build/digilent_nexys4ddr.AAML-2025-Project/gateware/digilent_nexys4ddr.v:9884]
WARNING: [Synth 8-7071] port 'OFB' of module 'OSERDESE2' is unconnected for instance 'OSERDESE2_4' [/home/masamuneprog/AAML/CFU-Playground/soc/build/digilent_nexys4ddr.AAML-2025-Project/gateware/digilent_nexys4ddr.v:9906]
WARNING: [Synth 8-7071] port 'SHIFTOUT1' of module 'OSERDESE2' is unconnected for instance 'OSERDESE2_4' [/home/masamuneprog/AAML/CFU-Playground/soc/build/digilent_nexys4ddr.AAML-2025-Project/gateware/digilent_nexys4ddr.v:9906]
WARNING: [Synth 8-7071] port 'SHIFTOUT2' of module 'OSERDESE2' is unconnected for instance 'OSERDESE2_4' [/home/masamuneprog/AAML/CFU-Playground/soc/build/digilent_nexys4ddr.AAML-2025-Project/gateware/digilent_nexys4ddr.v:9906]
WARNING: [Synth 8-7071] port 'TBYTEOUT' of module 'OSERDESE2' is unconnected for instance 'OSERDESE2_4' [/home/masamuneprog/AAML/CFU-Playground/soc/build/digilent_nexys4ddr.AAML-2025-Project/gateware/digilent_nexys4ddr.v:9906]
WARNING: [Synth 8-7071] port 'TFB' of module 'OSERDESE2' is unconnected for instance 'OSERDESE2_4' [/home/masamuneprog/AAML/CFU-Playground/soc/build/digilent_nexys4ddr.AAML-2025-Project/gateware/digilent_nexys4ddr.v:9906]
WARNING: [Synth 8-7071] port 'TQ' of module 'OSERDESE2' is unconnected for instance 'OSERDESE2_4' [/home/masamuneprog/AAML/CFU-Playground/soc/build/digilent_nexys4ddr.AAML-2025-Project/gateware/digilent_nexys4ddr.v:9906]
WARNING: [Synth 8-7071] port 'SHIFTIN1' of module 'OSERDESE2' is unconnected for instance 'OSERDESE2_4' [/home/masamuneprog/AAML/CFU-Playground/soc/build/digilent_nexys4ddr.AAML-2025-Project/gateware/digilent_nexys4ddr.v:9906]
WARNING: [Synth 8-7071] port 'SHIFTIN2' of module 'OSERDESE2' is unconnected for instance 'OSERDESE2_4' [/home/masamuneprog/AAML/CFU-Playground/soc/build/digilent_nexys4ddr.AAML-2025-Project/gateware/digilent_nexys4ddr.v:9906]
WARNING: [Synth 8-7071] port 'T1' of module 'OSERDESE2' is unconnected for instance 'OSERDESE2_4' [/home/masamuneprog/AAML/CFU-Playground/soc/build/digilent_nexys4ddr.AAML-2025-Project/gateware/digilent_nexys4ddr.v:9906]
WARNING: [Synth 8-7071] port 'T2' of module 'OSERDESE2' is unconnected for instance 'OSERDESE2_4' [/home/masamuneprog/AAML/CFU-Playground/soc/build/digilent_nexys4ddr.AAML-2025-Project/gateware/digilent_nexys4ddr.v:9906]
WARNING: [Synth 8-7071] port 'T3' of module 'OSERDESE2' is unconnected for instance 'OSERDESE2_4' [/home/masamuneprog/AAML/CFU-Playground/soc/build/digilent_nexys4ddr.AAML-2025-Project/gateware/digilent_nexys4ddr.v:9906]
WARNING: [Synth 8-7071] port 'T4' of module 'OSERDESE2' is unconnected for instance 'OSERDESE2_4' [/home/masamuneprog/AAML/CFU-Playground/soc/build/digilent_nexys4ddr.AAML-2025-Project/gateware/digilent_nexys4ddr.v:9906]
WARNING: [Synth 8-7071] port 'TBYTEIN' of module 'OSERDESE2' is unconnected for instance 'OSERDESE2_4' [/home/masamuneprog/AAML/CFU-Playground/soc/build/digilent_nexys4ddr.AAML-2025-Project/gateware/digilent_nexys4ddr.v:9906]
WARNING: [Synth 8-7071] port 'TCE' of module 'OSERDESE2' is unconnected for instance 'OSERDESE2_4' [/home/masamuneprog/AAML/CFU-Playground/soc/build/digilent_nexys4ddr.AAML-2025-Project/gateware/digilent_nexys4ddr.v:9906]
WARNING: [Synth 8-7023] instance 'OSERDESE2_4' of module 'OSERDESE2' has 27 connections declared, but only 13 given [/home/masamuneprog/AAML/CFU-Playground/soc/build/digilent_nexys4ddr.AAML-2025-Project/gateware/digilent_nexys4ddr.v:9906]
WARNING: [Synth 8-7071] port 'OFB' of module 'OSERDESE2' is unconnected for instance 'OSERDESE2_5' [/home/masamuneprog/AAML/CFU-Playground/soc/build/digilent_nexys4ddr.AAML-2025-Project/gateware/digilent_nexys4ddr.v:9928]
WARNING: [Synth 8-7071] port 'SHIFTOUT1' of module 'OSERDESE2' is unconnected for instance 'OSERDESE2_5' [/home/masamuneprog/AAML/CFU-Playground/soc/build/digilent_nexys4ddr.AAML-2025-Project/gateware/digilent_nexys4ddr.v:9928]
WARNING: [Synth 8-7071] port 'SHIFTOUT2' of module 'OSERDESE2' is unconnected for instance 'OSERDESE2_5' [/home/masamuneprog/AAML/CFU-Playground/soc/build/digilent_nexys4ddr.AAML-2025-Project/gateware/digilent_nexys4ddr.v:9928]
WARNING: [Synth 8-7071] port 'TBYTEOUT' of module 'OSERDESE2' is unconnected for instance 'OSERDESE2_5' [/home/masamuneprog/AAML/CFU-Playground/soc/build/digilent_nexys4ddr.AAML-2025-Project/gateware/digilent_nexys4ddr.v:9928]
WARNING: [Synth 8-7071] port 'TFB' of module 'OSERDESE2' is unconnected for instance 'OSERDESE2_5' [/home/masamuneprog/AAML/CFU-Playground/soc/build/digilent_nexys4ddr.AAML-2025-Project/gateware/digilent_nexys4ddr.v:9928]
WARNING: [Synth 8-7071] port 'TQ' of module 'OSERDESE2' is unconnected for instance 'OSERDESE2_5' [/home/masamuneprog/AAML/CFU-Playground/soc/build/digilent_nexys4ddr.AAML-2025-Project/gateware/digilent_nexys4ddr.v:9928]
WARNING: [Synth 8-7071] port 'SHIFTIN1' of module 'OSERDESE2' is unconnected for instance 'OSERDESE2_5' [/home/masamuneprog/AAML/CFU-Playground/soc/build/digilent_nexys4ddr.AAML-2025-Project/gateware/digilent_nexys4ddr.v:9928]
WARNING: [Synth 8-7071] port 'SHIFTIN2' of module 'OSERDESE2' is unconnected for instance 'OSERDESE2_5' [/home/masamuneprog/AAML/CFU-Playground/soc/build/digilent_nexys4ddr.AAML-2025-Project/gateware/digilent_nexys4ddr.v:9928]
WARNING: [Synth 8-7071] port 'T1' of module 'OSERDESE2' is unconnected for instance 'OSERDESE2_5' [/home/masamuneprog/AAML/CFU-Playground/soc/build/digilent_nexys4ddr.AAML-2025-Project/gateware/digilent_nexys4ddr.v:9928]
WARNING: [Synth 8-7071] port 'T2' of module 'OSERDESE2' is unconnected for instance 'OSERDESE2_5' [/home/masamuneprog/AAML/CFU-Playground/soc/build/digilent_nexys4ddr.AAML-2025-Project/gateware/digilent_nexys4ddr.v:9928]
WARNING: [Synth 8-7071] port 'T3' of module 'OSERDESE2' is unconnected for instance 'OSERDESE2_5' [/home/masamuneprog/AAML/CFU-Playground/soc/build/digilent_nexys4ddr.AAML-2025-Project/gateware/digilent_nexys4ddr.v:9928]
WARNING: [Synth 8-7071] port 'T4' of module 'OSERDESE2' is unconnected for instance 'OSERDESE2_5' [/home/masamuneprog/AAML/CFU-Playground/soc/build/digilent_nexys4ddr.AAML-2025-Project/gateware/digilent_nexys4ddr.v:9928]
WARNING: [Synth 8-7071] port 'TBYTEIN' of module 'OSERDESE2' is unconnected for instance 'OSERDESE2_5' [/home/masamuneprog/AAML/CFU-Playground/soc/build/digilent_nexys4ddr.AAML-2025-Project/gateware/digilent_nexys4ddr.v:9928]
WARNING: [Synth 8-7071] port 'TCE' of module 'OSERDESE2' is unconnected for instance 'OSERDESE2_5' [/home/masamuneprog/AAML/CFU-Playground/soc/build/digilent_nexys4ddr.AAML-2025-Project/gateware/digilent_nexys4ddr.v:9928]
WARNING: [Synth 8-7023] instance 'OSERDESE2_5' of module 'OSERDESE2' has 27 connections declared, but only 13 given [/home/masamuneprog/AAML/CFU-Playground/soc/build/digilent_nexys4ddr.AAML-2025-Project/gateware/digilent_nexys4ddr.v:9928]
WARNING: [Synth 8-7071] port 'OFB' of module 'OSERDESE2' is unconnected for instance 'OSERDESE2_6' [/home/masamuneprog/AAML/CFU-Playground/soc/build/digilent_nexys4ddr.AAML-2025-Project/gateware/digilent_nexys4ddr.v:9950]
WARNING: [Synth 8-7071] port 'SHIFTOUT1' of module 'OSERDESE2' is unconnected for instance 'OSERDESE2_6' [/home/masamuneprog/AAML/CFU-Playground/soc/build/digilent_nexys4ddr.AAML-2025-Project/gateware/digilent_nexys4ddr.v:9950]
WARNING: [Synth 8-7071] port 'SHIFTOUT2' of module 'OSERDESE2' is unconnected for instance 'OSERDESE2_6' [/home/masamuneprog/AAML/CFU-Playground/soc/build/digilent_nexys4ddr.AAML-2025-Project/gateware/digilent_nexys4ddr.v:9950]
WARNING: [Synth 8-7071] port 'TBYTEOUT' of module 'OSERDESE2' is unconnected for instance 'OSERDESE2_6' [/home/masamuneprog/AAML/CFU-Playground/soc/build/digilent_nexys4ddr.AAML-2025-Project/gateware/digilent_nexys4ddr.v:9950]
WARNING: [Synth 8-7071] port 'TFB' of module 'OSERDESE2' is unconnected for instance 'OSERDESE2_6' [/home/masamuneprog/AAML/CFU-Playground/soc/build/digilent_nexys4ddr.AAML-2025-Project/gateware/digilent_nexys4ddr.v:9950]
WARNING: [Synth 8-7071] port 'TQ' of module 'OSERDESE2' is unconnected for instance 'OSERDESE2_6' [/home/masamuneprog/AAML/CFU-Playground/soc/build/digilent_nexys4ddr.AAML-2025-Project/gateware/digilent_nexys4ddr.v:9950]
WARNING: [Synth 8-7071] port 'SHIFTIN1' of module 'OSERDESE2' is unconnected for instance 'OSERDESE2_6' [/home/masamuneprog/AAML/CFU-Playground/soc/build/digilent_nexys4ddr.AAML-2025-Project/gateware/digilent_nexys4ddr.v:9950]
WARNING: [Synth 8-7071] port 'SHIFTIN2' of module 'OSERDESE2' is unconnected for instance 'OSERDESE2_6' [/home/masamuneprog/AAML/CFU-Playground/soc/build/digilent_nexys4ddr.AAML-2025-Project/gateware/digilent_nexys4ddr.v:9950]
WARNING: [Synth 8-7071] port 'T1' of module 'OSERDESE2' is unconnected for instance 'OSERDESE2_6' [/home/masamuneprog/AAML/CFU-Playground/soc/build/digilent_nexys4ddr.AAML-2025-Project/gateware/digilent_nexys4ddr.v:9950]
WARNING: [Synth 8-7071] port 'T2' of module 'OSERDESE2' is unconnected for instance 'OSERDESE2_6' [/home/masamuneprog/AAML/CFU-Playground/soc/build/digilent_nexys4ddr.AAML-2025-Project/gateware/digilent_nexys4ddr.v:9950]
WARNING: [Synth 8-7071] port 'T3' of module 'OSERDESE2' is unconnected for instance 'OSERDESE2_6' [/home/masamuneprog/AAML/CFU-Playground/soc/build/digilent_nexys4ddr.AAML-2025-Project/gateware/digilent_nexys4ddr.v:9950]
WARNING: [Synth 8-7071] port 'T4' of module 'OSERDESE2' is unconnected for instance 'OSERDESE2_6' [/home/masamuneprog/AAML/CFU-Playground/soc/build/digilent_nexys4ddr.AAML-2025-Project/gateware/digilent_nexys4ddr.v:9950]
WARNING: [Synth 8-7071] port 'TBYTEIN' of module 'OSERDESE2' is unconnected for instance 'OSERDESE2_6' [/home/masamuneprog/AAML/CFU-Playground/soc/build/digilent_nexys4ddr.AAML-2025-Project/gateware/digilent_nexys4ddr.v:9950]
WARNING: [Synth 8-7071] port 'TCE' of module 'OSERDESE2' is unconnected for instance 'OSERDESE2_6' [/home/masamuneprog/AAML/CFU-Playground/soc/build/digilent_nexys4ddr.AAML-2025-Project/gateware/digilent_nexys4ddr.v:9950]
WARNING: [Synth 8-7023] instance 'OSERDESE2_6' of module 'OSERDESE2' has 27 connections declared, but only 13 given [/home/masamuneprog/AAML/CFU-Playground/soc/build/digilent_nexys4ddr.AAML-2025-Project/gateware/digilent_nexys4ddr.v:9950]
WARNING: [Synth 8-7071] port 'OFB' of module 'OSERDESE2' is unconnected for instance 'OSERDESE2_7' [/home/masamuneprog/AAML/CFU-Playground/soc/build/digilent_nexys4ddr.AAML-2025-Project/gateware/digilent_nexys4ddr.v:9972]
INFO: [Common 17-14] Message 'Synth 8-7071' appears 100 times and further instances of the messages will be disabled. Use the Tcl command set_msg_config to change the current settings.
WARNING: [Synth 8-7023] instance 'OSERDESE2_7' of module 'OSERDESE2' has 27 connections declared, but only 13 given [/home/masamuneprog/AAML/CFU-Playground/soc/build/digilent_nexys4ddr.AAML-2025-Project/gateware/digilent_nexys4ddr.v:9972]
WARNING: [Synth 8-7023] instance 'OSERDESE2_8' of module 'OSERDESE2' has 27 connections declared, but only 13 given [/home/masamuneprog/AAML/CFU-Playground/soc/build/digilent_nexys4ddr.AAML-2025-Project/gateware/digilent_nexys4ddr.v:9994]
WARNING: [Synth 8-7023] instance 'OSERDESE2_9' of module 'OSERDESE2' has 27 connections declared, but only 13 given [/home/masamuneprog/AAML/CFU-Playground/soc/build/digilent_nexys4ddr.AAML-2025-Project/gateware/digilent_nexys4ddr.v:10016]
WARNING: [Synth 8-7023] instance 'OSERDESE2_10' of module 'OSERDESE2' has 27 connections declared, but only 13 given [/home/masamuneprog/AAML/CFU-Playground/soc/build/digilent_nexys4ddr.AAML-2025-Project/gateware/digilent_nexys4ddr.v:10038]
WARNING: [Synth 8-7023] instance 'OSERDESE2_11' of module 'OSERDESE2' has 27 connections declared, but only 13 given [/home/masamuneprog/AAML/CFU-Playground/soc/build/digilent_nexys4ddr.AAML-2025-Project/gateware/digilent_nexys4ddr.v:10060]
WARNING: [Synth 8-7023] instance 'OSERDESE2_12' of module 'OSERDESE2' has 27 connections declared, but only 13 given [/home/masamuneprog/AAML/CFU-Playground/soc/build/digilent_nexys4ddr.AAML-2025-Project/gateware/digilent_nexys4ddr.v:10082]
WARNING: [Synth 8-7023] instance 'OSERDESE2_13' of module 'OSERDESE2' has 27 connections declared, but only 13 given [/home/masamuneprog/AAML/CFU-Playground/soc/build/digilent_nexys4ddr.AAML-2025-Project/gateware/digilent_nexys4ddr.v:10104]
WARNING: [Synth 8-7023] instance 'OSERDESE2_14' of module 'OSERDESE2' has 27 connections declared, but only 13 given [/home/masamuneprog/AAML/CFU-Playground/soc/build/digilent_nexys4ddr.AAML-2025-Project/gateware/digilent_nexys4ddr.v:10126]
WARNING: [Synth 8-7023] instance 'OSERDESE2_15' of module 'OSERDESE2' has 27 connections declared, but only 13 given [/home/masamuneprog/AAML/CFU-Playground/soc/build/digilent_nexys4ddr.AAML-2025-Project/gateware/digilent_nexys4ddr.v:10148]
WARNING: [Synth 8-7023] instance 'OSERDESE2_16' of module 'OSERDESE2' has 27 connections declared, but only 13 given [/home/masamuneprog/AAML/CFU-Playground/soc/build/digilent_nexys4ddr.AAML-2025-Project/gateware/digilent_nexys4ddr.v:10170]
WARNING: [Synth 8-7023] instance 'OSERDESE2_17' of module 'OSERDESE2' has 27 connections declared, but only 13 given [/home/masamuneprog/AAML/CFU-Playground/soc/build/digilent_nexys4ddr.AAML-2025-Project/gateware/digilent_nexys4ddr.v:10192]
WARNING: [Synth 8-7023] instance 'OSERDESE2_18' of module 'OSERDESE2' has 27 connections declared, but only 13 given [/home/masamuneprog/AAML/CFU-Playground/soc/build/digilent_nexys4ddr.AAML-2025-Project/gateware/digilent_nexys4ddr.v:10214]
WARNING: [Synth 8-7023] instance 'OSERDESE2_19' of module 'OSERDESE2' has 27 connections declared, but only 13 given [/home/masamuneprog/AAML/CFU-Playground/soc/build/digilent_nexys4ddr.AAML-2025-Project/gateware/digilent_nexys4ddr.v:10236]
WARNING: [Synth 8-7023] instance 'OSERDESE2_20' of module 'OSERDESE2' has 27 connections declared, but only 13 given [/home/masamuneprog/AAML/CFU-Playground/soc/build/digilent_nexys4ddr.AAML-2025-Project/gateware/digilent_nexys4ddr.v:10258]
WARNING: [Synth 8-7023] instance 'OSERDESE2_21' of module 'OSERDESE2' has 27 connections declared, but only 13 given [/home/masamuneprog/AAML/CFU-Playground/soc/build/digilent_nexys4ddr.AAML-2025-Project/gateware/digilent_nexys4ddr.v:10280]
WARNING: [Synth 8-7023] instance 'OSERDESE2_22' of module 'OSERDESE2' has 27 connections declared, but only 13 given [/home/masamuneprog/AAML/CFU-Playground/soc/build/digilent_nexys4ddr.AAML-2025-Project/gateware/digilent_nexys4ddr.v:10302]
WARNING: [Synth 8-7023] instance 'OSERDESE2_23' of module 'OSERDESE2' has 27 connections declared, but only 17 given [/home/masamuneprog/AAML/CFU-Playground/soc/build/digilent_nexys4ddr.AAML-2025-Project/gateware/digilent_nexys4ddr.v:10324]
INFO: [Synth 8-6157] synthesizing module 'IOBUFDS' [/tools/Xilinx/Vivado/2023.2/scripts/rt/data/unisim_comp.v:78214]
INFO: [Synth 8-6155] done synthesizing module 'IOBUFDS' (0#1) [/tools/Xilinx/Vivado/2023.2/scripts/rt/data/unisim_comp.v:78214]
WARNING: [Synth 8-7023] instance 'IOBUFDS' of module 'IOBUFDS' has 5 connections declared, but only 4 given [/home/masamuneprog/AAML/CFU-Playground/soc/build/digilent_nexys4ddr.AAML-2025-Project/gateware/digilent_nexys4ddr.v:10344]
WARNING: [Synth 8-7023] instance 'OSERDESE2_24' of module 'OSERDESE2' has 27 connections declared, but only 17 given [/home/masamuneprog/AAML/CFU-Playground/soc/build/digilent_nexys4ddr.AAML-2025-Project/gateware/digilent_nexys4ddr.v:10357]
WARNING: [Synth 8-7023] instance 'IOBUFDS_1' of module 'IOBUFDS' has 5 connections declared, but only 4 given [/home/masamuneprog/AAML/CFU-Playground/soc/build/digilent_nexys4ddr.AAML-2025-Project/gateware/digilent_nexys4ddr.v:10377]
WARNING: [Synth 8-7023] instance 'OSERDESE2_25' of module 'OSERDESE2' has 27 connections declared, but only 13 given [/home/masamuneprog/AAML/CFU-Playground/soc/build/digilent_nexys4ddr.AAML-2025-Project/gateware/digilent_nexys4ddr.v:10390]
WARNING: [Synth 8-7023] instance 'OSERDESE2_26' of module 'OSERDESE2' has 27 connections declared, but only 13 given [/home/masamuneprog/AAML/CFU-Playground/soc/build/digilent_nexys4ddr.AAML-2025-Project/gateware/digilent_nexys4ddr.v:10412]
WARNING: [Synth 8-7023] instance 'OSERDESE2_27' of module 'OSERDESE2' has 27 connections declared, but only 16 given [/home/masamuneprog/AAML/CFU-Playground/soc/build/digilent_nexys4ddr.AAML-2025-Project/gateware/digilent_nexys4ddr.v:10434]
INFO: [Synth 8-6157] synthesizing module 'ISERDESE2' [/tools/Xilinx/Vivado/2023.2/scripts/rt/data/unisim_comp.v:80759]
	Parameter DATA_RATE bound to: DDR - type: string 
	Parameter DATA_WIDTH bound to: 4 - type: integer 
	Parameter INTERFACE_TYPE bound to: NETWORKING - type: string 
	Parameter IOBDELAY bound to: IFD - type: string 
	Parameter NUM_CE bound to: 1 - type: integer 
	Parameter SERDES_MODE bound to: MASTER - type: string 
INFO: [Synth 8-6155] done synthesizing module 'ISERDESE2' (0#1) [/tools/Xilinx/Vivado/2023.2/scripts/rt/data/unisim_comp.v:80759]
WARNING: [Synth 8-7023] instance 'ISERDESE2' of module 'ISERDESE2' has 28 connections declared, but only 15 given [/home/masamuneprog/AAML/CFU-Playground/soc/build/digilent_nexys4ddr.AAML-2025-Project/gateware/digilent_nexys4ddr.v:10460]
INFO: [Synth 8-6157] synthesizing module 'IDELAYE2' [/tools/Xilinx/Vivado/2023.2/scripts/rt/data/unisim_comp.v:75740]
	Parameter CINVCTRL_SEL bound to: FALSE - type: string 
	Parameter DELAY_SRC bound to: IDATAIN - type: string 
	Parameter HIGH_PERFORMANCE_MODE bound to: TRUE - type: string 
	Parameter IDELAY_TYPE bound to: VARIABLE - type: string 
	Parameter IDELAY_VALUE bound to: 0 - type: integer 
	Parameter PIPE_SEL bound to: FALSE - type: string 
	Parameter REFCLK_FREQUENCY bound to: 200.000000 - type: double 
	Parameter SIGNAL_PATTERN bound to: DATA - type: string 
INFO: [Synth 8-6155] done synthesizing module 'IDELAYE2' (0#1) [/tools/Xilinx/Vivado/2023.2/scripts/rt/data/unisim_comp.v:75740]
WARNING: [Synth 8-7023] instance 'IDELAYE2' of module 'IDELAYE2' has 12 connections declared, but only 7 given [/home/masamuneprog/AAML/CFU-Playground/soc/build/digilent_nexys4ddr.AAML-2025-Project/gateware/digilent_nexys4ddr.v:10487]
INFO: [Synth 8-6157] synthesizing module 'IOBUF' [/tools/Xilinx/Vivado/2023.2/scripts/rt/data/unisim_comp.v:78197]
INFO: [Synth 8-6155] done synthesizing module 'IOBUF' (0#1) [/tools/Xilinx/Vivado/2023.2/scripts/rt/data/unisim_comp.v:78197]
WARNING: [Synth 8-7023] instance 'OSERDESE2_28' of module 'OSERDESE2' has 27 connections declared, but only 16 given [/home/masamuneprog/AAML/CFU-Playground/soc/build/digilent_nexys4ddr.AAML-2025-Project/gateware/digilent_nexys4ddr.v:10510]
WARNING: [Synth 8-7023] instance 'ISERDESE2_1' of module 'ISERDESE2' has 28 connections declared, but only 15 given [/home/masamuneprog/AAML/CFU-Playground/soc/build/digilent_nexys4ddr.AAML-2025-Project/gateware/digilent_nexys4ddr.v:10536]
WARNING: [Synth 8-7023] instance 'IDELAYE2_1' of module 'IDELAYE2' has 12 connections declared, but only 7 given [/home/masamuneprog/AAML/CFU-Playground/soc/build/digilent_nexys4ddr.AAML-2025-Project/gateware/digilent_nexys4ddr.v:10563]
WARNING: [Synth 8-7023] instance 'OSERDESE2_29' of module 'OSERDESE2' has 27 connections declared, but only 16 given [/home/masamuneprog/AAML/CFU-Playground/soc/build/digilent_nexys4ddr.AAML-2025-Project/gateware/digilent_nexys4ddr.v:10586]
WARNING: [Synth 8-7023] instance 'ISERDESE2_2' of module 'ISERDESE2' has 28 connections declared, but only 15 given [/home/masamuneprog/AAML/CFU-Playground/soc/build/digilent_nexys4ddr.AAML-2025-Project/gateware/digilent_nexys4ddr.v:10612]
WARNING: [Synth 8-7023] instance 'IDELAYE2_2' of module 'IDELAYE2' has 12 connections declared, but only 7 given [/home/masamuneprog/AAML/CFU-Playground/soc/build/digilent_nexys4ddr.AAML-2025-Project/gateware/digilent_nexys4ddr.v:10639]
WARNING: [Synth 8-7023] instance 'OSERDESE2_30' of module 'OSERDESE2' has 27 connections declared, but only 16 given [/home/masamuneprog/AAML/CFU-Playground/soc/build/digilent_nexys4ddr.AAML-2025-Project/gateware/digilent_nexys4ddr.v:10662]
WARNING: [Synth 8-7023] instance 'ISERDESE2_3' of module 'ISERDESE2' has 28 connections declared, but only 15 given [/home/masamuneprog/AAML/CFU-Playground/soc/build/digilent_nexys4ddr.AAML-2025-Project/gateware/digilent_nexys4ddr.v:10688]
WARNING: [Synth 8-7023] instance 'IDELAYE2_3' of module 'IDELAYE2' has 12 connections declared, but only 7 given [/home/masamuneprog/AAML/CFU-Playground/soc/build/digilent_nexys4ddr.AAML-2025-Project/gateware/digilent_nexys4ddr.v:10715]
WARNING: [Synth 8-7023] instance 'OSERDESE2_31' of module 'OSERDESE2' has 27 connections declared, but only 16 given [/home/masamuneprog/AAML/CFU-Playground/soc/build/digilent_nexys4ddr.AAML-2025-Project/gateware/digilent_nexys4ddr.v:10738]
WARNING: [Synth 8-7023] instance 'ISERDESE2_4' of module 'ISERDESE2' has 28 connections declared, but only 15 given [/home/masamuneprog/AAML/CFU-Playground/soc/build/digilent_nexys4ddr.AAML-2025-Project/gateware/digilent_nexys4ddr.v:10764]
WARNING: [Synth 8-7023] instance 'IDELAYE2_4' of module 'IDELAYE2' has 12 connections declared, but only 7 given [/home/masamuneprog/AAML/CFU-Playground/soc/build/digilent_nexys4ddr.AAML-2025-Project/gateware/digilent_nexys4ddr.v:10791]
WARNING: [Synth 8-7023] instance 'OSERDESE2_32' of module 'OSERDESE2' has 27 connections declared, but only 16 given [/home/masamuneprog/AAML/CFU-Playground/soc/build/digilent_nexys4ddr.AAML-2025-Project/gateware/digilent_nexys4ddr.v:10814]
WARNING: [Synth 8-7023] instance 'ISERDESE2_5' of module 'ISERDESE2' has 28 connections declared, but only 15 given [/home/masamuneprog/AAML/CFU-Playground/soc/build/digilent_nexys4ddr.AAML-2025-Project/gateware/digilent_nexys4ddr.v:10840]
WARNING: [Synth 8-7023] instance 'IDELAYE2_5' of module 'IDELAYE2' has 12 connections declared, but only 7 given [/home/masamuneprog/AAML/CFU-Playground/soc/build/digilent_nexys4ddr.AAML-2025-Project/gateware/digilent_nexys4ddr.v:10867]
WARNING: [Synth 8-7023] instance 'OSERDESE2_33' of module 'OSERDESE2' has 27 connections declared, but only 16 given [/home/masamuneprog/AAML/CFU-Playground/soc/build/digilent_nexys4ddr.AAML-2025-Project/gateware/digilent_nexys4ddr.v:10890]
WARNING: [Synth 8-7023] instance 'ISERDESE2_6' of module 'ISERDESE2' has 28 connections declared, but only 15 given [/home/masamuneprog/AAML/CFU-Playground/soc/build/digilent_nexys4ddr.AAML-2025-Project/gateware/digilent_nexys4ddr.v:10916]
WARNING: [Synth 8-7023] instance 'IDELAYE2_6' of module 'IDELAYE2' has 12 connections declared, but only 7 given [/home/masamuneprog/AAML/CFU-Playground/soc/build/digilent_nexys4ddr.AAML-2025-Project/gateware/digilent_nexys4ddr.v:10943]
WARNING: [Synth 8-7023] instance 'OSERDESE2_34' of module 'OSERDESE2' has 27 connections declared, but only 16 given [/home/masamuneprog/AAML/CFU-Playground/soc/build/digilent_nexys4ddr.AAML-2025-Project/gateware/digilent_nexys4ddr.v:10966]
WARNING: [Synth 8-7023] instance 'ISERDESE2_7' of module 'ISERDESE2' has 28 connections declared, but only 15 given [/home/masamuneprog/AAML/CFU-Playground/soc/build/digilent_nexys4ddr.AAML-2025-Project/gateware/digilent_nexys4ddr.v:10992]
WARNING: [Synth 8-7023] instance 'IDELAYE2_7' of module 'IDELAYE2' has 12 connections declared, but only 7 given [/home/masamuneprog/AAML/CFU-Playground/soc/build/digilent_nexys4ddr.AAML-2025-Project/gateware/digilent_nexys4ddr.v:11019]
WARNING: [Synth 8-7023] instance 'OSERDESE2_35' of module 'OSERDESE2' has 27 connections declared, but only 16 given [/home/masamuneprog/AAML/CFU-Playground/soc/build/digilent_nexys4ddr.AAML-2025-Project/gateware/digilent_nexys4ddr.v:11042]
WARNING: [Synth 8-7023] instance 'ISERDESE2_8' of module 'ISERDESE2' has 28 connections declared, but only 15 given [/home/masamuneprog/AAML/CFU-Playground/soc/build/digilent_nexys4ddr.AAML-2025-Project/gateware/digilent_nexys4ddr.v:11068]
WARNING: [Synth 8-7023] instance 'IDELAYE2_8' of module 'IDELAYE2' has 12 connections declared, but only 7 given [/home/masamuneprog/AAML/CFU-Playground/soc/build/digilent_nexys4ddr.AAML-2025-Project/gateware/digilent_nexys4ddr.v:11095]
WARNING: [Synth 8-7023] instance 'OSERDESE2_36' of module 'OSERDESE2' has 27 connections declared, but only 16 given [/home/masamuneprog/AAML/CFU-Playground/soc/build/digilent_nexys4ddr.AAML-2025-Project/gateware/digilent_nexys4ddr.v:11118]
WARNING: [Synth 8-7023] instance 'ISERDESE2_9' of module 'ISERDESE2' has 28 connections declared, but only 15 given [/home/masamuneprog/AAML/CFU-Playground/soc/build/digilent_nexys4ddr.AAML-2025-Project/gateware/digilent_nexys4ddr.v:11144]
WARNING: [Synth 8-7023] instance 'IDELAYE2_9' of module 'IDELAYE2' has 12 connections declared, but only 7 given [/home/masamuneprog/AAML/CFU-Playground/soc/build/digilent_nexys4ddr.AAML-2025-Project/gateware/digilent_nexys4ddr.v:11171]
WARNING: [Synth 8-7023] instance 'OSERDESE2_37' of module 'OSERDESE2' has 27 connections declared, but only 16 given [/home/masamuneprog/AAML/CFU-Playground/soc/build/digilent_nexys4ddr.AAML-2025-Project/gateware/digilent_nexys4ddr.v:11194]
WARNING: [Synth 8-7023] instance 'ISERDESE2_10' of module 'ISERDESE2' has 28 connections declared, but only 15 given [/home/masamuneprog/AAML/CFU-Playground/soc/build/digilent_nexys4ddr.AAML-2025-Project/gateware/digilent_nexys4ddr.v:11220]
WARNING: [Synth 8-7023] instance 'IDELAYE2_10' of module 'IDELAYE2' has 12 connections declared, but only 7 given [/home/masamuneprog/AAML/CFU-Playground/soc/build/digilent_nexys4ddr.AAML-2025-Project/gateware/digilent_nexys4ddr.v:11247]
WARNING: [Synth 8-7023] instance 'OSERDESE2_38' of module 'OSERDESE2' has 27 connections declared, but only 16 given [/home/masamuneprog/AAML/CFU-Playground/soc/build/digilent_nexys4ddr.AAML-2025-Project/gateware/digilent_nexys4ddr.v:11270]
WARNING: [Synth 8-7023] instance 'ISERDESE2_11' of module 'ISERDESE2' has 28 connections declared, but only 15 given [/home/masamuneprog/AAML/CFU-Playground/soc/build/digilent_nexys4ddr.AAML-2025-Project/gateware/digilent_nexys4ddr.v:11296]
WARNING: [Synth 8-7023] instance 'IDELAYE2_11' of module 'IDELAYE2' has 12 connections declared, but only 7 given [/home/masamuneprog/AAML/CFU-Playground/soc/build/digilent_nexys4ddr.AAML-2025-Project/gateware/digilent_nexys4ddr.v:11323]
WARNING: [Synth 8-7023] instance 'OSERDESE2_39' of module 'OSERDESE2' has 27 connections declared, but only 16 given [/home/masamuneprog/AAML/CFU-Playground/soc/build/digilent_nexys4ddr.AAML-2025-Project/gateware/digilent_nexys4ddr.v:11346]
WARNING: [Synth 8-7023] instance 'ISERDESE2_12' of module 'ISERDESE2' has 28 connections declared, but only 15 given [/home/masamuneprog/AAML/CFU-Playground/soc/build/digilent_nexys4ddr.AAML-2025-Project/gateware/digilent_nexys4ddr.v:11372]
WARNING: [Synth 8-7023] instance 'IDELAYE2_12' of module 'IDELAYE2' has 12 connections declared, but only 7 given [/home/masamuneprog/AAML/CFU-Playground/soc/build/digilent_nexys4ddr.AAML-2025-Project/gateware/digilent_nexys4ddr.v:11399]
WARNING: [Synth 8-7023] instance 'OSERDESE2_40' of module 'OSERDESE2' has 27 connections declared, but only 16 given [/home/masamuneprog/AAML/CFU-Playground/soc/build/digilent_nexys4ddr.AAML-2025-Project/gateware/digilent_nexys4ddr.v:11422]
WARNING: [Synth 8-7023] instance 'ISERDESE2_13' of module 'ISERDESE2' has 28 connections declared, but only 15 given [/home/masamuneprog/AAML/CFU-Playground/soc/build/digilent_nexys4ddr.AAML-2025-Project/gateware/digilent_nexys4ddr.v:11448]
WARNING: [Synth 8-7023] instance 'IDELAYE2_13' of module 'IDELAYE2' has 12 connections declared, but only 7 given [/home/masamuneprog/AAML/CFU-Playground/soc/build/digilent_nexys4ddr.AAML-2025-Project/gateware/digilent_nexys4ddr.v:11475]
WARNING: [Synth 8-7023] instance 'OSERDESE2_41' of module 'OSERDESE2' has 27 connections declared, but only 16 given [/home/masamuneprog/AAML/CFU-Playground/soc/build/digilent_nexys4ddr.AAML-2025-Project/gateware/digilent_nexys4ddr.v:11498]
WARNING: [Synth 8-7023] instance 'ISERDESE2_14' of module 'ISERDESE2' has 28 connections declared, but only 15 given [/home/masamuneprog/AAML/CFU-Playground/soc/build/digilent_nexys4ddr.AAML-2025-Project/gateware/digilent_nexys4ddr.v:11524]
WARNING: [Synth 8-7023] instance 'IDELAYE2_14' of module 'IDELAYE2' has 12 connections declared, but only 7 given [/home/masamuneprog/AAML/CFU-Playground/soc/build/digilent_nexys4ddr.AAML-2025-Project/gateware/digilent_nexys4ddr.v:11551]
WARNING: [Synth 8-7023] instance 'OSERDESE2_42' of module 'OSERDESE2' has 27 connections declared, but only 16 given [/home/masamuneprog/AAML/CFU-Playground/soc/build/digilent_nexys4ddr.AAML-2025-Project/gateware/digilent_nexys4ddr.v:11574]
WARNING: [Synth 8-7023] instance 'ISERDESE2_15' of module 'ISERDESE2' has 28 connections declared, but only 15 given [/home/masamuneprog/AAML/CFU-Playground/soc/build/digilent_nexys4ddr.AAML-2025-Project/gateware/digilent_nexys4ddr.v:11600]
WARNING: [Synth 8-7023] instance 'IDELAYE2_15' of module 'IDELAYE2' has 12 connections declared, but only 7 given [/home/masamuneprog/AAML/CFU-Playground/soc/build/digilent_nexys4ddr.AAML-2025-Project/gateware/digilent_nexys4ddr.v:11627]
INFO: [Synth 8-6157] synthesizing module 'FDCE' [/tools/Xilinx/Vivado/2023.2/scripts/rt/data/unisim_comp.v:40789]
INFO: [Synth 8-6155] done synthesizing module 'FDCE' (0#1) [/tools/Xilinx/Vivado/2023.2/scripts/rt/data/unisim_comp.v:40789]
INFO: [Synth 8-6157] synthesizing module 'MMCME2_ADV' [/tools/Xilinx/Vivado/2023.2/scripts/rt/data/unisim_comp.v:82174]
	Parameter BANDWIDTH bound to: OPTIMIZED - type: string 
	Parameter CLKFBOUT_MULT_F bound to: 12.000000 - type: double 
	Parameter CLKIN1_PERIOD bound to: 10.000000 - type: double 
	Parameter CLKOUT0_DIVIDE_F bound to: 16.000000 - type: double 
	Parameter CLKOUT0_PHASE bound to: 0.000000 - type: double 
	Parameter CLKOUT1_DIVIDE bound to: 8 - type: integer 
	Parameter CLKOUT1_PHASE bound to: 0.000000 - type: double 
	Parameter CLKOUT2_DIVIDE bound to: 8 - type: integer 
	Parameter CLKOUT2_PHASE bound to: 90.000000 - type: double 
	Parameter CLKOUT3_DIVIDE bound to: 6 - type: integer 
	Parameter CLKOUT3_PHASE bound to: 0.000000 - type: double 
	Parameter CLKOUT4_DIVIDE bound to: 24 - type: integer 
	Parameter CLKOUT4_PHASE bound to: 0.000000 - type: double 
	Parameter CLKOUT5_DIVIDE bound to: 30 - type: integer 
	Parameter CLKOUT5_PHASE bound to: 0.000000 - type: double 
	Parameter DIVCLK_DIVIDE bound to: 1 - type: integer 
	Parameter REF_JITTER1 bound to: 0.010000 - type: double 
INFO: [Synth 8-6155] done synthesizing module 'MMCME2_ADV' (0#1) [/tools/Xilinx/Vivado/2023.2/scripts/rt/data/unisim_comp.v:82174]
WARNING: [Synth 8-7023] instance 'MMCME2_ADV' of module 'MMCME2_ADV' has 33 connections declared, but only 12 given [/home/masamuneprog/AAML/CFU-Playground/soc/build/digilent_nexys4ddr.AAML-2025-Project/gateware/digilent_nexys4ddr.v:11884]
INFO: [Synth 8-6157] synthesizing module 'VexRiscv' [/home/masamuneprog/AAML/CFU-Playground/third_party/python/pythondata_cpu_vexriscv/pythondata_cpu_vexriscv/verilog/VexRiscv_PerfCfu.v:7]
INFO: [Synth 8-6157] synthesizing module 'InstructionCache' [/home/masamuneprog/AAML/CFU-Playground/third_party/python/pythondata_cpu_vexriscv/pythondata_cpu_vexriscv/verilog/VexRiscv_PerfCfu.v:7008]
INFO: [Synth 8-6155] done synthesizing module 'InstructionCache' (0#1) [/home/masamuneprog/AAML/CFU-Playground/third_party/python/pythondata_cpu_vexriscv/pythondata_cpu_vexriscv/verilog/VexRiscv_PerfCfu.v:7008]
INFO: [Synth 8-6157] synthesizing module 'DataCache' [/home/masamuneprog/AAML/CFU-Playground/third_party/python/pythondata_cpu_vexriscv/pythondata_cpu_vexriscv/verilog/VexRiscv_PerfCfu.v:6167]
INFO: [Synth 8-6155] done synthesizing module 'DataCache' (0#1) [/home/masamuneprog/AAML/CFU-Playground/third_party/python/pythondata_cpu_vexriscv/pythondata_cpu_vexriscv/verilog/VexRiscv_PerfCfu.v:6167]
INFO: [Synth 8-6155] done synthesizing module 'VexRiscv' (0#1) [/home/masamuneprog/AAML/CFU-Playground/third_party/python/pythondata_cpu_vexriscv/pythondata_cpu_vexriscv/verilog/VexRiscv_PerfCfu.v:7]
INFO: [Synth 8-6157] synthesizing module 'Cfu' [/home/masamuneprog/AAML/CFU-Playground/proj/AAML-2025-Project/cfu.v:1]
INFO: [Synth 8-6157] synthesizing module 'global_buffer_bram' [/home/masamuneprog/AAML/CFU-Playground/proj/AAML-2025-Project/cfu.v:1001]
	Parameter ADDR_BITS bound to: 16 - type: integer 
	Parameter DATA_BITS bound to: 32 - type: integer 
INFO: [Synth 8-6155] done synthesizing module 'global_buffer_bram' (0#1) [/home/masamuneprog/AAML/CFU-Playground/proj/AAML-2025-Project/cfu.v:1001]
INFO: [Synth 8-6157] synthesizing module 'global_buffer_bram__parameterized0' [/home/masamuneprog/AAML/CFU-Playground/proj/AAML-2025-Project/cfu.v:1001]
	Parameter ADDR_BITS bound to: 9 - type: integer 
	Parameter DATA_BITS bound to: 128 - type: integer 
INFO: [Synth 8-6155] done synthesizing module 'global_buffer_bram__parameterized0' (0#1) [/home/masamuneprog/AAML/CFU-Playground/proj/AAML-2025-Project/cfu.v:1001]
INFO: [Synth 8-6157] synthesizing module 'TPU' [/home/masamuneprog/AAML/CFU-Playground/proj/AAML-2025-Project/cfu.v:411]
INFO: [Synth 8-6157] synthesizing module 'Systolic_array' [/home/masamuneprog/AAML/CFU-Playground/proj/AAML-2025-Project/cfu.v:912]
INFO: [Synth 8-6157] synthesizing module 'PE' [/home/masamuneprog/AAML/CFU-Playground/proj/AAML-2025-Project/cfu.v:961]
INFO: [Synth 8-6155] done synthesizing module 'PE' (0#1) [/home/masamuneprog/AAML/CFU-Playground/proj/AAML-2025-Project/cfu.v:961]
INFO: [Synth 8-6155] done synthesizing module 'Systolic_array' (0#1) [/home/masamuneprog/AAML/CFU-Playground/proj/AAML-2025-Project/cfu.v:912]
INFO: [Synth 8-6155] done synthesizing module 'TPU' (0#1) [/home/masamuneprog/AAML/CFU-Playground/proj/AAML-2025-Project/cfu.v:411]
WARNING: [Synth 8-689] width (16) of port connection 'K' does not match port width (8) of module 'TPU' [/home/masamuneprog/AAML/CFU-Playground/proj/AAML-2025-Project/cfu.v:126]
WARNING: [Synth 8-689] width (16) of port connection 'M' does not match port width (8) of module 'TPU' [/home/masamuneprog/AAML/CFU-Playground/proj/AAML-2025-Project/cfu.v:127]
WARNING: [Synth 8-689] width (16) of port connection 'N' does not match port width (8) of module 'TPU' [/home/masamuneprog/AAML/CFU-Playground/proj/AAML-2025-Project/cfu.v:128]
WARNING: [Synth 8-689] width (16) of port connection 'A_index' does not match port width (12) of module 'TPU' [/home/masamuneprog/AAML/CFU-Playground/proj/AAML-2025-Project/cfu.v:131]
WARNING: [Synth 8-689] width (16) of port connection 'B_index' does not match port width (12) of module 'TPU' [/home/masamuneprog/AAML/CFU-Playground/proj/AAML-2025-Project/cfu.v:135]
WARNING: [Synth 8-689] width (9) of port connection 'C_index' does not match port width (12) of module 'TPU' [/home/masamuneprog/AAML/CFU-Playground/proj/AAML-2025-Project/cfu.v:139]
WARNING: [Synth 8-7023] instance 'My_TPU' of module 'TPU' has 22 connections declared, but only 20 given [/home/masamuneprog/AAML/CFU-Playground/proj/AAML-2025-Project/cfu.v:122]
INFO: [Synth 8-6157] synthesizing module 'leaky_relu' [/home/masamuneprog/AAML/CFU-Playground/proj/AAML-2025-Project/cfu.v:295]
INFO: [Synth 8-6155] done synthesizing module 'leaky_relu' (0#1) [/home/masamuneprog/AAML/CFU-Playground/proj/AAML-2025-Project/cfu.v:295]
INFO: [Synth 8-155] case statement is not full and has no default [/home/masamuneprog/AAML/CFU-Playground/proj/AAML-2025-Project/cfu.v:188]
INFO: [Synth 8-6155] done synthesizing module 'Cfu' (0#1) [/home/masamuneprog/AAML/CFU-Playground/proj/AAML-2025-Project/cfu.v:1]
INFO: [Synth 8-6157] synthesizing module 'FDPE' [/tools/Xilinx/Vivado/2023.2/scripts/rt/data/unisim_comp.v:40945]
	Parameter INIT bound to: 1'b1 
INFO: [Synth 8-6155] done synthesizing module 'FDPE' (0#1) [/tools/Xilinx/Vivado/2023.2/scripts/rt/data/unisim_comp.v:40945]
INFO: [Synth 8-6155] done synthesizing module 'digilent_nexys4ddr' (0#1) [/home/masamuneprog/AAML/CFU-Playground/soc/build/digilent_nexys4ddr.AAML-2025-Project/gateware/digilent_nexys4ddr.v:20]
WARNING: [Synth 8-6014] Unused sequential element decodeStage_mmuRsp_isIoAccess_reg was removed.  [/home/masamuneprog/AAML/CFU-Playground/third_party/python/pythondata_cpu_vexriscv/pythondata_cpu_vexriscv/verilog/VexRiscv_PerfCfu.v:7286]
WARNING: [Synth 8-6014] Unused sequential element decodeStage_mmuRsp_allowRead_reg was removed.  [/home/masamuneprog/AAML/CFU-Playground/third_party/python/pythondata_cpu_vexriscv/pythondata_cpu_vexriscv/verilog/VexRiscv_PerfCfu.v:7288]
WARNING: [Synth 8-6014] Unused sequential element decodeStage_mmuRsp_allowWrite_reg was removed.  [/home/masamuneprog/AAML/CFU-Playground/third_party/python/pythondata_cpu_vexriscv/pythondata_cpu_vexriscv/verilog/VexRiscv_PerfCfu.v:7289]
WARNING: [Synth 8-6014] Unused sequential element decodeStage_mmuRsp_bypassTranslation_reg was removed.  [/home/masamuneprog/AAML/CFU-Playground/third_party/python/pythondata_cpu_vexriscv/pythondata_cpu_vexriscv/verilog/VexRiscv_PerfCfu.v:7293]
WARNING: [Synth 8-6014] Unused sequential element tagsWriteLastCmd_valid_reg was removed.  [/home/masamuneprog/AAML/CFU-Playground/third_party/python/pythondata_cpu_vexriscv/pythondata_cpu_vexriscv/verilog/VexRiscv_PerfCfu.v:6876]
WARNING: [Synth 8-6014] Unused sequential element tagsWriteLastCmd_payload_way_reg was removed.  [/home/masamuneprog/AAML/CFU-Playground/third_party/python/pythondata_cpu_vexriscv/pythondata_cpu_vexriscv/verilog/VexRiscv_PerfCfu.v:6877]
WARNING: [Synth 8-6014] Unused sequential element tagsWriteLastCmd_payload_address_reg was removed.  [/home/masamuneprog/AAML/CFU-Playground/third_party/python/pythondata_cpu_vexriscv/pythondata_cpu_vexriscv/verilog/VexRiscv_PerfCfu.v:6878]
WARNING: [Synth 8-6014] Unused sequential element tagsWriteLastCmd_payload_data_valid_reg was removed.  [/home/masamuneprog/AAML/CFU-Playground/third_party/python/pythondata_cpu_vexriscv/pythondata_cpu_vexriscv/verilog/VexRiscv_PerfCfu.v:6879]
WARNING: [Synth 8-6014] Unused sequential element tagsWriteLastCmd_payload_data_error_reg was removed.  [/home/masamuneprog/AAML/CFU-Playground/third_party/python/pythondata_cpu_vexriscv/pythondata_cpu_vexriscv/verilog/VexRiscv_PerfCfu.v:6880]
WARNING: [Synth 8-6014] Unused sequential element tagsWriteLastCmd_payload_data_address_reg was removed.  [/home/masamuneprog/AAML/CFU-Playground/third_party/python/pythondata_cpu_vexriscv/pythondata_cpu_vexriscv/verilog/VexRiscv_PerfCfu.v:6881]
WARNING: [Synth 8-6014] Unused sequential element stageA_request_totalyConsistent_reg was removed.  [/home/masamuneprog/AAML/CFU-Playground/third_party/python/pythondata_cpu_vexriscv/pythondata_cpu_vexriscv/verilog/VexRiscv_PerfCfu.v:6885]
WARNING: [Synth 8-6014] Unused sequential element stageB_request_totalyConsistent_reg was removed.  [/home/masamuneprog/AAML/CFU-Playground/third_party/python/pythondata_cpu_vexriscv/pythondata_cpu_vexriscv/verilog/VexRiscv_PerfCfu.v:6899]
WARNING: [Synth 8-6014] Unused sequential element stageB_mmuRsp_allowExecute_reg was removed.  [/home/masamuneprog/AAML/CFU-Playground/third_party/python/pythondata_cpu_vexriscv/pythondata_cpu_vexriscv/verilog/VexRiscv_PerfCfu.v:6907]
WARNING: [Synth 8-6014] Unused sequential element stageB_mmuRsp_bypassTranslation_reg was removed.  [/home/masamuneprog/AAML/CFU-Playground/third_party/python/pythondata_cpu_vexriscv/pythondata_cpu_vexriscv/verilog/VexRiscv_PerfCfu.v:6910]
WARNING: [Synth 8-6014] Unused sequential element stageB_tagsReadRsp_0_valid_reg was removed.  [/home/masamuneprog/AAML/CFU-Playground/third_party/python/pythondata_cpu_vexriscv/pythondata_cpu_vexriscv/verilog/VexRiscv_PerfCfu.v:6913]
WARNING: [Synth 8-6014] Unused sequential element stageB_tagsReadRsp_0_address_reg was removed.  [/home/masamuneprog/AAML/CFU-Playground/third_party/python/pythondata_cpu_vexriscv/pythondata_cpu_vexriscv/verilog/VexRiscv_PerfCfu.v:6915]
WARNING: [Synth 8-3848] Net io_cpu_writeBack_exclusiveOk in module/entity DataCache does not have driver. [/home/masamuneprog/AAML/CFU-Playground/third_party/python/pythondata_cpu_vexriscv/pythondata_cpu_vexriscv/verilog/VexRiscv_PerfCfu.v:6210]
WARNING: [Synth 8-6014] Unused sequential element IBusCachedPlugin_fetchPc_correctionReg_reg was removed.  [/home/masamuneprog/AAML/CFU-Playground/third_party/python/pythondata_cpu_vexriscv/pythondata_cpu_vexriscv/verilog/VexRiscv_PerfCfu.v:3239]
WARNING: [Synth 8-6014] Unused sequential element IBusCachedPlugin_injector_nextPcCalc_valids_2_reg was removed.  [/home/masamuneprog/AAML/CFU-Playground/third_party/python/pythondata_cpu_vexriscv/pythondata_cpu_vexriscv/verilog/VexRiscv_PerfCfu.v:3347]
WARNING: [Synth 8-6014] Unused sequential element IBusCachedPlugin_injector_nextPcCalc_valids_3_reg was removed.  [/home/masamuneprog/AAML/CFU-Playground/third_party/python/pythondata_cpu_vexriscv/pythondata_cpu_vexriscv/verilog/VexRiscv_PerfCfu.v:3348]
WARNING: [Synth 8-6014] Unused sequential element IBusCachedPlugin_injector_nextPcCalc_valids_4_reg was removed.  [/home/masamuneprog/AAML/CFU-Playground/third_party/python/pythondata_cpu_vexriscv/pythondata_cpu_vexriscv/verilog/VexRiscv_PerfCfu.v:3349]
WARNING: [Synth 8-6014] Unused sequential element IBusCachedPlugin_rspCounter_reg was removed.  [/home/masamuneprog/AAML/CFU-Playground/third_party/python/pythondata_cpu_vexriscv/pythondata_cpu_vexriscv/verilog/VexRiscv_PerfCfu.v:5290]
WARNING: [Synth 8-6014] Unused sequential element DBusCachedPlugin_rspCounter_reg was removed.  [/home/masamuneprog/AAML/CFU-Playground/third_party/python/pythondata_cpu_vexriscv/pythondata_cpu_vexriscv/verilog/VexRiscv_PerfCfu.v:5293]
WARNING: [Synth 8-6014] Unused sequential element CsrPlugin_lastStageWasWfi_reg was removed.  [/home/masamuneprog/AAML/CFU-Playground/third_party/python/pythondata_cpu_vexriscv/pythondata_cpu_vexriscv/verilog/VexRiscv_PerfCfu.v:5311]
WARNING: [Synth 8-6014] Unused sequential element dataCache_1_io_mem_cmd_rData_uncached_reg was removed.  [/home/masamuneprog/AAML/CFU-Playground/third_party/python/pythondata_cpu_vexriscv/pythondata_cpu_vexriscv/verilog/VexRiscv_PerfCfu.v:3549]
WARNING: [Synth 8-6014] Unused sequential element dataCache_1_io_mem_cmd_rData_last_reg was removed.  [/home/masamuneprog/AAML/CFU-Playground/third_party/python/pythondata_cpu_vexriscv/pythondata_cpu_vexriscv/verilog/VexRiscv_PerfCfu.v:3554]
WARNING: [Synth 8-6014] Unused sequential element dataCache_1_io_mem_cmd_s2mPipe_rData_uncached_reg was removed.  [/home/masamuneprog/AAML/CFU-Playground/third_party/python/pythondata_cpu_vexriscv/pythondata_cpu_vexriscv/verilog/VexRiscv_PerfCfu.v:3565]
WARNING: [Synth 8-6014] Unused sequential element dataCache_1_io_mem_cmd_s2mPipe_rData_last_reg was removed.  [/home/masamuneprog/AAML/CFU-Playground/third_party/python/pythondata_cpu_vexriscv/pythondata_cpu_vexriscv/verilog/VexRiscv_PerfCfu.v:3570]
WARNING: [Synth 8-6014] Unused sequential element decode_to_execute_FORMAL_PC_NEXT_reg was removed.  [/home/masamuneprog/AAML/CFU-Playground/third_party/python/pythondata_cpu_vexriscv/pythondata_cpu_vexriscv/verilog/VexRiscv_PerfCfu.v:2741]
WARNING: [Synth 8-6014] Unused sequential element execute_to_memory_FORMAL_PC_NEXT_reg was removed.  [/home/masamuneprog/AAML/CFU-Playground/third_party/python/pythondata_cpu_vexriscv/pythondata_cpu_vexriscv/verilog/VexRiscv_PerfCfu.v:2740]
WARNING: [Synth 8-6014] Unused sequential element memory_to_writeBack_FORMAL_PC_NEXT_reg was removed.  [/home/masamuneprog/AAML/CFU-Playground/third_party/python/pythondata_cpu_vexriscv/pythondata_cpu_vexriscv/verilog/VexRiscv_PerfCfu.v:2739]
WARNING: [Synth 8-6014] Unused sequential element memory_to_writeBack_CfuPlugin_CFU_IN_FLIGHT_reg was removed.  [/home/masamuneprog/AAML/CFU-Playground/third_party/python/pythondata_cpu_vexriscv/pythondata_cpu_vexriscv/verilog/VexRiscv_PerfCfu.v:2688]
WARNING: [Synth 8-3848] Net IBusCachedPlugin_cache_io_cpu_fetch_isRemoved in module/entity VexRiscv does not have driver. [/home/masamuneprog/AAML/CFU-Playground/third_party/python/pythondata_cpu_vexriscv/pythondata_cpu_vexriscv/verilog/VexRiscv_PerfCfu.v:78]
WARNING: [Synth 8-3848] Net IBusCachedPlugin_mmuBus_rsp_bypassTranslation in module/entity VexRiscv does not have driver. [/home/masamuneprog/AAML/CFU-Playground/third_party/python/pythondata_cpu_vexriscv/pythondata_cpu_vexriscv/verilog/VexRiscv_PerfCfu.v:664]
WARNING: [Synth 8-3848] Net DBusCachedPlugin_mmuBus_rsp_bypassTranslation in module/entity VexRiscv does not have driver. [/home/masamuneprog/AAML/CFU-Playground/third_party/python/pythondata_cpu_vexriscv/pythondata_cpu_vexriscv/verilog/VexRiscv_PerfCfu.v:692]
WARNING: [Synth 8-3848] Net dataCache_1_io_cpu_writeBack_fence_SW in module/entity VexRiscv does not have driver. [/home/masamuneprog/AAML/CFU-Playground/third_party/python/pythondata_cpu_vexriscv/pythondata_cpu_vexriscv/verilog/VexRiscv_PerfCfu.v:92]
WARNING: [Synth 8-3848] Net dataCache_1_io_cpu_writeBack_fence_SR in module/entity VexRiscv does not have driver. [/home/masamuneprog/AAML/CFU-Playground/third_party/python/pythondata_cpu_vexriscv/pythondata_cpu_vexriscv/verilog/VexRiscv_PerfCfu.v:93]
WARNING: [Synth 8-3848] Net dataCache_1_io_cpu_writeBack_fence_SO in module/entity VexRiscv does not have driver. [/home/masamuneprog/AAML/CFU-Playground/third_party/python/pythondata_cpu_vexriscv/pythondata_cpu_vexriscv/verilog/VexRiscv_PerfCfu.v:94]
WARNING: [Synth 8-3848] Net dataCache_1_io_cpu_writeBack_fence_SI in module/entity VexRiscv does not have driver. [/home/masamuneprog/AAML/CFU-Playground/third_party/python/pythondata_cpu_vexriscv/pythondata_cpu_vexriscv/verilog/VexRiscv_PerfCfu.v:95]
WARNING: [Synth 8-3848] Net dataCache_1_io_cpu_writeBack_fence_PW in module/entity VexRiscv does not have driver. [/home/masamuneprog/AAML/CFU-Playground/third_party/python/pythondata_cpu_vexriscv/pythondata_cpu_vexriscv/verilog/VexRiscv_PerfCfu.v:96]
WARNING: [Synth 8-3848] Net dataCache_1_io_cpu_writeBack_fence_PR in module/entity VexRiscv does not have driver. [/home/masamuneprog/AAML/CFU-Playground/third_party/python/pythondata_cpu_vexriscv/pythondata_cpu_vexriscv/verilog/VexRiscv_PerfCfu.v:97]
WARNING: [Synth 8-3848] Net dataCache_1_io_cpu_writeBack_fence_PO in module/entity VexRiscv does not have driver. [/home/masamuneprog/AAML/CFU-Playground/third_party/python/pythondata_cpu_vexriscv/pythondata_cpu_vexriscv/verilog/VexRiscv_PerfCfu.v:98]
WARNING: [Synth 8-3848] Net dataCache_1_io_cpu_writeBack_fence_PI in module/entity VexRiscv does not have driver. [/home/masamuneprog/AAML/CFU-Playground/third_party/python/pythondata_cpu_vexriscv/pythondata_cpu_vexriscv/verilog/VexRiscv_PerfCfu.v:99]
WARNING: [Synth 8-3848] Net dataCache_1_io_cpu_writeBack_fence_FM in module/entity VexRiscv does not have driver. [/home/masamuneprog/AAML/CFU-Playground/third_party/python/pythondata_cpu_vexriscv/pythondata_cpu_vexriscv/verilog/VexRiscv_PerfCfu.v:100]
WARNING: [Synth 8-3848] Net dBus_rsp_payload_last in module/entity VexRiscv does not have driver. [/home/masamuneprog/AAML/CFU-Playground/third_party/python/pythondata_cpu_vexriscv/pythondata_cpu_vexriscv/verilog/VexRiscv_PerfCfu.v:677]
WARNING: [Synth 8-6014] Unused sequential element N_num_reg was removed.  [/home/masamuneprog/AAML/CFU-Playground/proj/AAML-2025-Project/cfu.v:504]
WARNING: [Synth 8-6014] Unused sequential element wait_cycles_reg was removed.  [/home/masamuneprog/AAML/CFU-Playground/proj/AAML-2025-Project/cfu.v:572]
WARNING: [Synth 8-6014] Unused sequential element C_reg_reg[3] was removed.  [/home/masamuneprog/AAML/CFU-Playground/proj/AAML-2025-Project/cfu.v:593]
WARNING: [Synth 8-6014] Unused sequential element C_reg_reg[2] was removed.  [/home/masamuneprog/AAML/CFU-Playground/proj/AAML-2025-Project/cfu.v:593]
WARNING: [Synth 8-6014] Unused sequential element C_reg_reg[1] was removed.  [/home/masamuneprog/AAML/CFU-Playground/proj/AAML-2025-Project/cfu.v:593]
WARNING: [Synth 8-6014] Unused sequential element C_reg_reg[0] was removed.  [/home/masamuneprog/AAML/CFU-Playground/proj/AAML-2025-Project/cfu.v:593]
WARNING: [Synth 8-6014] Unused sequential element C_reg_state_reg was removed.  [/home/masamuneprog/AAML/CFU-Playground/proj/AAML-2025-Project/cfu.v:606]
WARNING: [Synth 8-6014] Unused sequential element offset_inTPU_reg was removed.  [/home/masamuneprog/AAML/CFU-Playground/proj/AAML-2025-Project/cfu.v:658]
WARNING: [Synth 8-6014] Unused sequential element state_forOutput_reg was removed.  [/home/masamuneprog/AAML/CFU-Playground/proj/AAML-2025-Project/cfu.v:174]
WARNING: [Synth 8-3848] Net A_index_forPrint in module/entity Cfu does not have driver. [/home/masamuneprog/AAML/CFU-Playground/proj/AAML-2025-Project/cfu.v:31]
WARNING: [Synth 8-3848] Net B_index_forPrint in module/entity Cfu does not have driver. [/home/masamuneprog/AAML/CFU-Playground/proj/AAML-2025-Project/cfu.v:35]
WARNING: [Synth 8-6014] Unused sequential element soc_basesoc_sdram_bankmachine0_cmd_buffer_source_first_reg was removed.  [/home/masamuneprog/AAML/CFU-Playground/soc/build/digilent_nexys4ddr.AAML-2025-Project/gateware/digilent_nexys4ddr.v:8108]
WARNING: [Synth 8-6014] Unused sequential element soc_basesoc_sdram_bankmachine0_cmd_buffer_source_last_reg was removed.  [/home/masamuneprog/AAML/CFU-Playground/soc/build/digilent_nexys4ddr.AAML-2025-Project/gateware/digilent_nexys4ddr.v:8109]
WARNING: [Synth 8-6014] Unused sequential element soc_basesoc_sdram_bankmachine1_cmd_buffer_source_first_reg was removed.  [/home/masamuneprog/AAML/CFU-Playground/soc/build/digilent_nexys4ddr.AAML-2025-Project/gateware/digilent_nexys4ddr.v:8154]
WARNING: [Synth 8-6014] Unused sequential element soc_basesoc_sdram_bankmachine1_cmd_buffer_source_last_reg was removed.  [/home/masamuneprog/AAML/CFU-Playground/soc/build/digilent_nexys4ddr.AAML-2025-Project/gateware/digilent_nexys4ddr.v:8155]
WARNING: [Synth 8-6014] Unused sequential element soc_basesoc_sdram_bankmachine2_cmd_buffer_source_first_reg was removed.  [/home/masamuneprog/AAML/CFU-Playground/soc/build/digilent_nexys4ddr.AAML-2025-Project/gateware/digilent_nexys4ddr.v:8200]
WARNING: [Synth 8-6014] Unused sequential element soc_basesoc_sdram_bankmachine2_cmd_buffer_source_last_reg was removed.  [/home/masamuneprog/AAML/CFU-Playground/soc/build/digilent_nexys4ddr.AAML-2025-Project/gateware/digilent_nexys4ddr.v:8201]
WARNING: [Synth 8-6014] Unused sequential element soc_basesoc_sdram_bankmachine3_cmd_buffer_source_first_reg was removed.  [/home/masamuneprog/AAML/CFU-Playground/soc/build/digilent_nexys4ddr.AAML-2025-Project/gateware/digilent_nexys4ddr.v:8246]
WARNING: [Synth 8-6014] Unused sequential element soc_basesoc_sdram_bankmachine3_cmd_buffer_source_last_reg was removed.  [/home/masamuneprog/AAML/CFU-Playground/soc/build/digilent_nexys4ddr.AAML-2025-Project/gateware/digilent_nexys4ddr.v:8247]
WARNING: [Synth 8-6014] Unused sequential element soc_basesoc_sdram_bankmachine4_cmd_buffer_source_first_reg was removed.  [/home/masamuneprog/AAML/CFU-Playground/soc/build/digilent_nexys4ddr.AAML-2025-Project/gateware/digilent_nexys4ddr.v:8292]
WARNING: [Synth 8-6014] Unused sequential element soc_basesoc_sdram_bankmachine4_cmd_buffer_source_last_reg was removed.  [/home/masamuneprog/AAML/CFU-Playground/soc/build/digilent_nexys4ddr.AAML-2025-Project/gateware/digilent_nexys4ddr.v:8293]
WARNING: [Synth 8-6014] Unused sequential element soc_basesoc_sdram_bankmachine5_cmd_buffer_source_first_reg was removed.  [/home/masamuneprog/AAML/CFU-Playground/soc/build/digilent_nexys4ddr.AAML-2025-Project/gateware/digilent_nexys4ddr.v:8338]
WARNING: [Synth 8-6014] Unused sequential element soc_basesoc_sdram_bankmachine5_cmd_buffer_source_last_reg was removed.  [/home/masamuneprog/AAML/CFU-Playground/soc/build/digilent_nexys4ddr.AAML-2025-Project/gateware/digilent_nexys4ddr.v:8339]
WARNING: [Synth 8-6014] Unused sequential element soc_basesoc_sdram_bankmachine6_cmd_buffer_source_first_reg was removed.  [/home/masamuneprog/AAML/CFU-Playground/soc/build/digilent_nexys4ddr.AAML-2025-Project/gateware/digilent_nexys4ddr.v:8384]
WARNING: [Synth 8-6014] Unused sequential element soc_basesoc_sdram_bankmachine6_cmd_buffer_source_last_reg was removed.  [/home/masamuneprog/AAML/CFU-Playground/soc/build/digilent_nexys4ddr.AAML-2025-Project/gateware/digilent_nexys4ddr.v:8385]
WARNING: [Synth 8-6014] Unused sequential element soc_basesoc_sdram_bankmachine7_cmd_buffer_source_first_reg was removed.  [/home/masamuneprog/AAML/CFU-Playground/soc/build/digilent_nexys4ddr.AAML-2025-Project/gateware/digilent_nexys4ddr.v:8430]
WARNING: [Synth 8-6014] Unused sequential element soc_basesoc_sdram_bankmachine7_cmd_buffer_source_last_reg was removed.  [/home/masamuneprog/AAML/CFU-Playground/soc/build/digilent_nexys4ddr.AAML-2025-Project/gateware/digilent_nexys4ddr.v:8431]
WARNING: [Synth 8-6014] Unused sequential element soc_basesoc_wishbone_bridge_rdata_converter_converter_source_first_reg was removed.  [/home/masamuneprog/AAML/CFU-Playground/soc/build/digilent_nexys4ddr.AAML-2025-Project/gateware/digilent_nexys4ddr.v:5854]
WARNING: [Synth 8-6014] Unused sequential element soc_basesoc_wishbone_bridge_rdata_converter_converter_source_last_reg was removed.  [/home/masamuneprog/AAML/CFU-Playground/soc/build/digilent_nexys4ddr.AAML-2025-Project/gateware/digilent_nexys4ddr.v:5855]
WARNING: [Synth 8-6014] Unused sequential element soc_basesoc_wishbone_bridge_rdata_converter_converter_source_payload_valid_token_count_reg was removed.  [/home/masamuneprog/AAML/CFU-Playground/soc/build/digilent_nexys4ddr.AAML-2025-Project/gateware/digilent_nexys4ddr.v:9043]
WARNING: [Synth 8-6014] Unused sequential element soc_basesoc_scratch_re_reg was removed.  [/home/masamuneprog/AAML/CFU-Playground/soc/build/digilent_nexys4ddr.AAML-2025-Project/gateware/digilent_nexys4ddr.v:9117]
WARNING: [Synth 8-6014] Unused sequential element soc_basesoc_bus_errors_re_reg was removed.  [/home/masamuneprog/AAML/CFU-Playground/soc/build/digilent_nexys4ddr.AAML-2025-Project/gateware/digilent_nexys4ddr.v:9118]
WARNING: [Synth 8-6014] Unused sequential element soc_a7ddrphy_rst_re_reg was removed.  [/home/masamuneprog/AAML/CFU-Playground/soc/build/digilent_nexys4ddr.AAML-2025-Project/gateware/digilent_nexys4ddr.v:9166]
WARNING: [Synth 8-6014] Unused sequential element soc_a7ddrphy_dly_sel_re_reg was removed.  [/home/masamuneprog/AAML/CFU-Playground/soc/build/digilent_nexys4ddr.AAML-2025-Project/gateware/digilent_nexys4ddr.v:9170]
WARNING: [Synth 8-6014] Unused sequential element soc_a7ddrphy_half_sys8x_taps_re_reg was removed.  [/home/masamuneprog/AAML/CFU-Playground/soc/build/digilent_nexys4ddr.AAML-2025-Project/gateware/digilent_nexys4ddr.v:9174]
WARNING: [Synth 8-6014] Unused sequential element soc_a7ddrphy_wlevel_en_re_reg was removed.  [/home/masamuneprog/AAML/CFU-Playground/soc/build/digilent_nexys4ddr.AAML-2025-Project/gateware/digilent_nexys4ddr.v:9178]
WARNING: [Synth 8-6014] Unused sequential element soc_a7ddrphy_rdphase_re_reg was removed.  [/home/masamuneprog/AAML/CFU-Playground/soc/build/digilent_nexys4ddr.AAML-2025-Project/gateware/digilent_nexys4ddr.v:9182]
WARNING: [Synth 8-6014] Unused sequential element soc_a7ddrphy_wrphase_re_reg was removed.  [/home/masamuneprog/AAML/CFU-Playground/soc/build/digilent_nexys4ddr.AAML-2025-Project/gateware/digilent_nexys4ddr.v:9186]
WARNING: [Synth 8-6014] Unused sequential element soc_basesoc_sdram_re_reg was removed.  [/home/masamuneprog/AAML/CFU-Playground/soc/build/digilent_nexys4ddr.AAML-2025-Project/gateware/digilent_nexys4ddr.v:9247]
WARNING: [Synth 8-6014] Unused sequential element soc_basesoc_sdram_phaseinjector0_command_re_reg was removed.  [/home/masamuneprog/AAML/CFU-Playground/soc/build/digilent_nexys4ddr.AAML-2025-Project/gateware/digilent_nexys4ddr.v:9251]
WARNING: [Synth 8-6014] Unused sequential element soc_basesoc_sdram_phaseinjector0_address_re_reg was removed.  [/home/masamuneprog/AAML/CFU-Playground/soc/build/digilent_nexys4ddr.AAML-2025-Project/gateware/digilent_nexys4ddr.v:9255]
WARNING: [Synth 8-6014] Unused sequential element soc_basesoc_sdram_phaseinjector0_baddress_re_reg was removed.  [/home/masamuneprog/AAML/CFU-Playground/soc/build/digilent_nexys4ddr.AAML-2025-Project/gateware/digilent_nexys4ddr.v:9259]
WARNING: [Synth 8-6014] Unused sequential element soc_basesoc_sdram_phaseinjector0_wrdata_re_reg was removed.  [/home/masamuneprog/AAML/CFU-Playground/soc/build/digilent_nexys4ddr.AAML-2025-Project/gateware/digilent_nexys4ddr.v:9263]
WARNING: [Synth 8-6014] Unused sequential element soc_basesoc_sdram_phaseinjector0_rddata_re_reg was removed.  [/home/masamuneprog/AAML/CFU-Playground/soc/build/digilent_nexys4ddr.AAML-2025-Project/gateware/digilent_nexys4ddr.v:9264]
WARNING: [Synth 8-6014] Unused sequential element soc_basesoc_sdram_phaseinjector1_command_re_reg was removed.  [/home/masamuneprog/AAML/CFU-Playground/soc/build/digilent_nexys4ddr.AAML-2025-Project/gateware/digilent_nexys4ddr.v:9268]
WARNING: [Synth 8-6014] Unused sequential element soc_basesoc_sdram_phaseinjector1_address_re_reg was removed.  [/home/masamuneprog/AAML/CFU-Playground/soc/build/digilent_nexys4ddr.AAML-2025-Project/gateware/digilent_nexys4ddr.v:9272]
WARNING: [Synth 8-6014] Unused sequential element soc_basesoc_sdram_phaseinjector1_baddress_re_reg was removed.  [/home/masamuneprog/AAML/CFU-Playground/soc/build/digilent_nexys4ddr.AAML-2025-Project/gateware/digilent_nexys4ddr.v:9276]
WARNING: [Synth 8-6014] Unused sequential element soc_basesoc_sdram_phaseinjector1_wrdata_re_reg was removed.  [/home/masamuneprog/AAML/CFU-Playground/soc/build/digilent_nexys4ddr.AAML-2025-Project/gateware/digilent_nexys4ddr.v:9280]
WARNING: [Synth 8-6014] Unused sequential element soc_basesoc_sdram_phaseinjector1_rddata_re_reg was removed.  [/home/masamuneprog/AAML/CFU-Playground/soc/build/digilent_nexys4ddr.AAML-2025-Project/gateware/digilent_nexys4ddr.v:9281]
WARNING: [Synth 8-6014] Unused sequential element soc_basesoc_timer_load_re_reg was removed.  [/home/masamuneprog/AAML/CFU-Playground/soc/build/digilent_nexys4ddr.AAML-2025-Project/gateware/digilent_nexys4ddr.v:9314]
WARNING: [Synth 8-6014] Unused sequential element soc_basesoc_timer_reload_re_reg was removed.  [/home/masamuneprog/AAML/CFU-Playground/soc/build/digilent_nexys4ddr.AAML-2025-Project/gateware/digilent_nexys4ddr.v:9318]
WARNING: [Synth 8-6014] Unused sequential element soc_basesoc_timer_en_re_reg was removed.  [/home/masamuneprog/AAML/CFU-Playground/soc/build/digilent_nexys4ddr.AAML-2025-Project/gateware/digilent_nexys4ddr.v:9322]
WARNING: [Synth 8-6014] Unused sequential element soc_basesoc_timer_value_re_reg was removed.  [/home/masamuneprog/AAML/CFU-Playground/soc/build/digilent_nexys4ddr.AAML-2025-Project/gateware/digilent_nexys4ddr.v:9327]
WARNING: [Synth 8-6014] Unused sequential element soc_basesoc_timer_status_re_reg was removed.  [/home/masamuneprog/AAML/CFU-Playground/soc/build/digilent_nexys4ddr.AAML-2025-Project/gateware/digilent_nexys4ddr.v:9328]
WARNING: [Synth 8-6014] Unused sequential element soc_basesoc_timer_enable_re_reg was removed.  [/home/masamuneprog/AAML/CFU-Playground/soc/build/digilent_nexys4ddr.AAML-2025-Project/gateware/digilent_nexys4ddr.v:9336]
WARNING: [Synth 8-6014] Unused sequential element soc_basesoc_uart_txfull_re_reg was removed.  [/home/masamuneprog/AAML/CFU-Playground/soc/build/digilent_nexys4ddr.AAML-2025-Project/gateware/digilent_nexys4ddr.v:9366]
WARNING: [Synth 8-6014] Unused sequential element soc_basesoc_uart_rxempty_re_reg was removed.  [/home/masamuneprog/AAML/CFU-Playground/soc/build/digilent_nexys4ddr.AAML-2025-Project/gateware/digilent_nexys4ddr.v:9367]
WARNING: [Synth 8-6014] Unused sequential element soc_basesoc_uart_status_re_reg was removed.  [/home/masamuneprog/AAML/CFU-Playground/soc/build/digilent_nexys4ddr.AAML-2025-Project/gateware/digilent_nexys4ddr.v:9368]
WARNING: [Synth 8-6014] Unused sequential element soc_basesoc_uart_enable_re_reg was removed.  [/home/masamuneprog/AAML/CFU-Playground/soc/build/digilent_nexys4ddr.AAML-2025-Project/gateware/digilent_nexys4ddr.v:9376]
WARNING: [Synth 8-6014] Unused sequential element soc_basesoc_uart_txempty_re_reg was removed.  [/home/masamuneprog/AAML/CFU-Playground/soc/build/digilent_nexys4ddr.AAML-2025-Project/gateware/digilent_nexys4ddr.v:9377]
WARNING: [Synth 8-6014] Unused sequential element soc_basesoc_uart_rxfull_re_reg was removed.  [/home/masamuneprog/AAML/CFU-Playground/soc/build/digilent_nexys4ddr.AAML-2025-Project/gateware/digilent_nexys4ddr.v:9378]
WARNING: [Synth 8-6014] Unused sequential element storage_dat0_reg was removed.  [/home/masamuneprog/AAML/CFU-Playground/soc/build/digilent_nexys4ddr.AAML-2025-Project/gateware/digilent_nexys4ddr.v:9775]
WARNING: [Synth 8-6014] Unused sequential element storage_1_dat0_reg was removed.  [/home/masamuneprog/AAML/CFU-Playground/soc/build/digilent_nexys4ddr.AAML-2025-Project/gateware/digilent_nexys4ddr.v:9796]
WARNING: [Synth 8-6014] Unused sequential element storage_2_dat0_reg was removed.  [/home/masamuneprog/AAML/CFU-Playground/soc/build/digilent_nexys4ddr.AAML-2025-Project/gateware/digilent_nexys4ddr.v:11654]
WARNING: [Synth 8-6014] Unused sequential element storage_3_dat0_reg was removed.  [/home/masamuneprog/AAML/CFU-Playground/soc/build/digilent_nexys4ddr.AAML-2025-Project/gateware/digilent_nexys4ddr.v:11672]
WARNING: [Synth 8-6014] Unused sequential element storage_4_dat0_reg was removed.  [/home/masamuneprog/AAML/CFU-Playground/soc/build/digilent_nexys4ddr.AAML-2025-Project/gateware/digilent_nexys4ddr.v:11690]
WARNING: [Synth 8-6014] Unused sequential element storage_5_dat0_reg was removed.  [/home/masamuneprog/AAML/CFU-Playground/soc/build/digilent_nexys4ddr.AAML-2025-Project/gateware/digilent_nexys4ddr.v:11708]
WARNING: [Synth 8-6014] Unused sequential element storage_6_dat0_reg was removed.  [/home/masamuneprog/AAML/CFU-Playground/soc/build/digilent_nexys4ddr.AAML-2025-Project/gateware/digilent_nexys4ddr.v:11726]
WARNING: [Synth 8-6014] Unused sequential element storage_7_dat0_reg was removed.  [/home/masamuneprog/AAML/CFU-Playground/soc/build/digilent_nexys4ddr.AAML-2025-Project/gateware/digilent_nexys4ddr.v:11744]
WARNING: [Synth 8-6014] Unused sequential element storage_8_dat0_reg was removed.  [/home/masamuneprog/AAML/CFU-Playground/soc/build/digilent_nexys4ddr.AAML-2025-Project/gateware/digilent_nexys4ddr.v:11762]
WARNING: [Synth 8-6014] Unused sequential element storage_9_dat0_reg was removed.  [/home/masamuneprog/AAML/CFU-Playground/soc/build/digilent_nexys4ddr.AAML-2025-Project/gateware/digilent_nexys4ddr.v:11780]
INFO: [Common 17-14] Message 'Synth 8-6014' appears 100 times and further instances of the messages will be disabled. Use the Tcl command set_msg_config to change the current settings.
WARNING: [Synth 8-3936] Found unconnected internal register 'soc_a7ddrphy_bitslip142_reg' and it is trimmed from '8' to '4' bits. [/home/masamuneprog/AAML/CFU-Playground/soc/build/digilent_nexys4ddr.AAML-2025-Project/gateware/digilent_nexys4ddr.v:3581]
WARNING: [Synth 8-3936] Found unconnected internal register 'soc_a7ddrphy_bitslip132_reg' and it is trimmed from '8' to '4' bits. [/home/masamuneprog/AAML/CFU-Playground/soc/build/digilent_nexys4ddr.AAML-2025-Project/gateware/digilent_nexys4ddr.v:3523]
WARNING: [Synth 8-3936] Found unconnected internal register 'soc_a7ddrphy_bitslip122_reg' and it is trimmed from '8' to '4' bits. [/home/masamuneprog/AAML/CFU-Playground/soc/build/digilent_nexys4ddr.AAML-2025-Project/gateware/digilent_nexys4ddr.v:3465]
WARNING: [Synth 8-3936] Found unconnected internal register 'soc_a7ddrphy_bitslip112_reg' and it is trimmed from '8' to '4' bits. [/home/masamuneprog/AAML/CFU-Playground/soc/build/digilent_nexys4ddr.AAML-2025-Project/gateware/digilent_nexys4ddr.v:3407]
WARNING: [Synth 8-3936] Found unconnected internal register 'soc_a7ddrphy_bitslip102_reg' and it is trimmed from '8' to '4' bits. [/home/masamuneprog/AAML/CFU-Playground/soc/build/digilent_nexys4ddr.AAML-2025-Project/gateware/digilent_nexys4ddr.v:3349]
WARNING: [Synth 8-3936] Found unconnected internal register 'soc_a7ddrphy_bitslip92_reg' and it is trimmed from '8' to '4' bits. [/home/masamuneprog/AAML/CFU-Playground/soc/build/digilent_nexys4ddr.AAML-2025-Project/gateware/digilent_nexys4ddr.v:3291]
WARNING: [Synth 8-3936] Found unconnected internal register 'soc_a7ddrphy_bitslip82_reg' and it is trimmed from '8' to '4' bits. [/home/masamuneprog/AAML/CFU-Playground/soc/build/digilent_nexys4ddr.AAML-2025-Project/gateware/digilent_nexys4ddr.v:3233]
WARNING: [Synth 8-3936] Found unconnected internal register 'soc_a7ddrphy_bitslip72_reg' and it is trimmed from '8' to '4' bits. [/home/masamuneprog/AAML/CFU-Playground/soc/build/digilent_nexys4ddr.AAML-2025-Project/gateware/digilent_nexys4ddr.v:3175]
WARNING: [Synth 8-3936] Found unconnected internal register 'soc_a7ddrphy_bitslip62_reg' and it is trimmed from '8' to '4' bits. [/home/masamuneprog/AAML/CFU-Playground/soc/build/digilent_nexys4ddr.AAML-2025-Project/gateware/digilent_nexys4ddr.v:3117]
WARNING: [Synth 8-3936] Found unconnected internal register 'soc_a7ddrphy_bitslip52_reg' and it is trimmed from '8' to '4' bits. [/home/masamuneprog/AAML/CFU-Playground/soc/build/digilent_nexys4ddr.AAML-2025-Project/gateware/digilent_nexys4ddr.v:3059]
WARNING: [Synth 8-3936] Found unconnected internal register 'soc_a7ddrphy_bitslip42_reg' and it is trimmed from '8' to '4' bits. [/home/masamuneprog/AAML/CFU-Playground/soc/build/digilent_nexys4ddr.AAML-2025-Project/gateware/digilent_nexys4ddr.v:3001]
WARNING: [Synth 8-3936] Found unconnected internal register 'soc_a7ddrphy_bitslip32_reg' and it is trimmed from '8' to '4' bits. [/home/masamuneprog/AAML/CFU-Playground/soc/build/digilent_nexys4ddr.AAML-2025-Project/gateware/digilent_nexys4ddr.v:2943]
WARNING: [Synth 8-3936] Found unconnected internal register 'soc_a7ddrphy_bitslip22_reg' and it is trimmed from '8' to '4' bits. [/home/masamuneprog/AAML/CFU-Playground/soc/build/digilent_nexys4ddr.AAML-2025-Project/gateware/digilent_nexys4ddr.v:2885]
WARNING: [Synth 8-3936] Found unconnected internal register 'soc_a7ddrphy_bitslip14_reg' and it is trimmed from '8' to '4' bits. [/home/masamuneprog/AAML/CFU-Playground/soc/build/digilent_nexys4ddr.AAML-2025-Project/gateware/digilent_nexys4ddr.v:2827]
WARNING: [Synth 8-3936] Found unconnected internal register 'soc_a7ddrphy_bitslip04_reg' and it is trimmed from '8' to '4' bits. [/home/masamuneprog/AAML/CFU-Playground/soc/build/digilent_nexys4ddr.AAML-2025-Project/gateware/digilent_nexys4ddr.v:2769]
WARNING: [Synth 8-3936] Found unconnected internal register 'soc_a7ddrphy_bitslip152_reg' and it is trimmed from '8' to '4' bits. [/home/masamuneprog/AAML/CFU-Playground/soc/build/digilent_nexys4ddr.AAML-2025-Project/gateware/digilent_nexys4ddr.v:3639]
WARNING: [Synth 8-7129] Port shift_id[31] in module leaky_relu is either unconnected or has no load
WARNING: [Synth 8-7129] Port shift_id[30] in module leaky_relu is either unconnected or has no load
WARNING: [Synth 8-7129] Port shift_id[29] in module leaky_relu is either unconnected or has no load
WARNING: [Synth 8-7129] Port shift_id[28] in module leaky_relu is either unconnected or has no load
WARNING: [Synth 8-7129] Port shift_id[27] in module leaky_relu is either unconnected or has no load
WARNING: [Synth 8-7129] Port shift_id[26] in module leaky_relu is either unconnected or has no load
WARNING: [Synth 8-7129] Port shift_id[25] in module leaky_relu is either unconnected or has no load
WARNING: [Synth 8-7129] Port shift_id[24] in module leaky_relu is either unconnected or has no load
WARNING: [Synth 8-7129] Port shift_id[23] in module leaky_relu is either unconnected or has no load
WARNING: [Synth 8-7129] Port shift_id[22] in module leaky_relu is either unconnected or has no load
WARNING: [Synth 8-7129] Port shift_id[21] in module leaky_relu is either unconnected or has no load
WARNING: [Synth 8-7129] Port shift_id[20] in module leaky_relu is either unconnected or has no load
WARNING: [Synth 8-7129] Port shift_id[19] in module leaky_relu is either unconnected or has no load
WARNING: [Synth 8-7129] Port shift_id[18] in module leaky_relu is either unconnected or has no load
WARNING: [Synth 8-7129] Port shift_id[17] in module leaky_relu is either unconnected or has no load
WARNING: [Synth 8-7129] Port shift_id[16] in module leaky_relu is either unconnected or has no load
WARNING: [Synth 8-7129] Port shift_id[15] in module leaky_relu is either unconnected or has no load
WARNING: [Synth 8-7129] Port shift_id[14] in module leaky_relu is either unconnected or has no load
WARNING: [Synth 8-7129] Port shift_id[13] in module leaky_relu is either unconnected or has no load
WARNING: [Synth 8-7129] Port shift_id[12] in module leaky_relu is either unconnected or has no load
WARNING: [Synth 8-7129] Port shift_id[11] in module leaky_relu is either unconnected or has no load
WARNING: [Synth 8-7129] Port shift_id[10] in module leaky_relu is either unconnected or has no load
WARNING: [Synth 8-7129] Port shift_id[9] in module leaky_relu is either unconnected or has no load
WARNING: [Synth 8-7129] Port shift_id[8] in module leaky_relu is either unconnected or has no load
WARNING: [Synth 8-7129] Port shift_id[7] in module leaky_relu is either unconnected or has no load
WARNING: [Synth 8-7129] Port shift_id[6] in module leaky_relu is either unconnected or has no load
WARNING: [Synth 8-7129] Port shift_alpla[31] in module leaky_relu is either unconnected or has no load
WARNING: [Synth 8-7129] Port shift_alpla[30] in module leaky_relu is either unconnected or has no load
WARNING: [Synth 8-7129] Port shift_alpla[29] in module leaky_relu is either unconnected or has no load
WARNING: [Synth 8-7129] Port shift_alpla[28] in module leaky_relu is either unconnected or has no load
WARNING: [Synth 8-7129] Port shift_alpla[27] in module leaky_relu is either unconnected or has no load
WARNING: [Synth 8-7129] Port shift_alpla[26] in module leaky_relu is either unconnected or has no load
WARNING: [Synth 8-7129] Port shift_alpla[25] in module leaky_relu is either unconnected or has no load
WARNING: [Synth 8-7129] Port shift_alpla[24] in module leaky_relu is either unconnected or has no load
WARNING: [Synth 8-7129] Port shift_alpla[23] in module leaky_relu is either unconnected or has no load
WARNING: [Synth 8-7129] Port shift_alpla[22] in module leaky_relu is either unconnected or has no load
WARNING: [Synth 8-7129] Port shift_alpla[21] in module leaky_relu is either unconnected or has no load
WARNING: [Synth 8-7129] Port shift_alpla[20] in module leaky_relu is either unconnected or has no load
WARNING: [Synth 8-7129] Port shift_alpla[19] in module leaky_relu is either unconnected or has no load
WARNING: [Synth 8-7129] Port shift_alpla[18] in module leaky_relu is either unconnected or has no load
WARNING: [Synth 8-7129] Port shift_alpla[17] in module leaky_relu is either unconnected or has no load
WARNING: [Synth 8-7129] Port shift_alpla[16] in module leaky_relu is either unconnected or has no load
WARNING: [Synth 8-7129] Port shift_alpla[15] in module leaky_relu is either unconnected or has no load
WARNING: [Synth 8-7129] Port shift_alpla[14] in module leaky_relu is either unconnected or has no load
WARNING: [Synth 8-7129] Port shift_alpla[13] in module leaky_relu is either unconnected or has no load
WARNING: [Synth 8-7129] Port shift_alpla[12] in module leaky_relu is either unconnected or has no load
WARNING: [Synth 8-7129] Port shift_alpla[11] in module leaky_relu is either unconnected or has no load
WARNING: [Synth 8-7129] Port shift_alpla[10] in module leaky_relu is either unconnected or has no load
WARNING: [Synth 8-7129] Port shift_alpla[9] in module leaky_relu is either unconnected or has no load
WARNING: [Synth 8-7129] Port shift_alpla[8] in module leaky_relu is either unconnected or has no load
WARNING: [Synth 8-7129] Port shift_alpla[7] in module leaky_relu is either unconnected or has no load
WARNING: [Synth 8-7129] Port shift_alpla[6] in module leaky_relu is either unconnected or has no load
WARNING: [Synth 8-7129] Port C_data_out[127] in module TPU is either unconnected or has no load
WARNING: [Synth 8-7129] Port C_data_out[126] in module TPU is either unconnected or has no load
WARNING: [Synth 8-7129] Port C_data_out[125] in module TPU is either unconnected or has no load
WARNING: [Synth 8-7129] Port C_data_out[124] in module TPU is either unconnected or has no load
WARNING: [Synth 8-7129] Port C_data_out[123] in module TPU is either unconnected or has no load
WARNING: [Synth 8-7129] Port C_data_out[122] in module TPU is either unconnected or has no load
WARNING: [Synth 8-7129] Port C_data_out[121] in module TPU is either unconnected or has no load
WARNING: [Synth 8-7129] Port C_data_out[120] in module TPU is either unconnected or has no load
WARNING: [Synth 8-7129] Port C_data_out[119] in module TPU is either unconnected or has no load
WARNING: [Synth 8-7129] Port C_data_out[118] in module TPU is either unconnected or has no load
WARNING: [Synth 8-7129] Port C_data_out[117] in module TPU is either unconnected or has no load
WARNING: [Synth 8-7129] Port C_data_out[116] in module TPU is either unconnected or has no load
WARNING: [Synth 8-7129] Port C_data_out[115] in module TPU is either unconnected or has no load
WARNING: [Synth 8-7129] Port C_data_out[114] in module TPU is either unconnected or has no load
WARNING: [Synth 8-7129] Port C_data_out[113] in module TPU is either unconnected or has no load
WARNING: [Synth 8-7129] Port C_data_out[112] in module TPU is either unconnected or has no load
WARNING: [Synth 8-7129] Port C_data_out[111] in module TPU is either unconnected or has no load
WARNING: [Synth 8-7129] Port C_data_out[110] in module TPU is either unconnected or has no load
WARNING: [Synth 8-7129] Port C_data_out[109] in module TPU is either unconnected or has no load
WARNING: [Synth 8-7129] Port C_data_out[108] in module TPU is either unconnected or has no load
WARNING: [Synth 8-7129] Port C_data_out[107] in module TPU is either unconnected or has no load
WARNING: [Synth 8-7129] Port C_data_out[106] in module TPU is either unconnected or has no load
WARNING: [Synth 8-7129] Port C_data_out[105] in module TPU is either unconnected or has no load
WARNING: [Synth 8-7129] Port C_data_out[104] in module TPU is either unconnected or has no load
WARNING: [Synth 8-7129] Port C_data_out[103] in module TPU is either unconnected or has no load
WARNING: [Synth 8-7129] Port C_data_out[102] in module TPU is either unconnected or has no load
WARNING: [Synth 8-7129] Port C_data_out[101] in module TPU is either unconnected or has no load
WARNING: [Synth 8-7129] Port C_data_out[100] in module TPU is either unconnected or has no load
WARNING: [Synth 8-7129] Port C_data_out[99] in module TPU is either unconnected or has no load
WARNING: [Synth 8-7129] Port C_data_out[98] in module TPU is either unconnected or has no load
WARNING: [Synth 8-7129] Port C_data_out[97] in module TPU is either unconnected or has no load
WARNING: [Synth 8-7129] Port C_data_out[96] in module TPU is either unconnected or has no load
WARNING: [Synth 8-7129] Port C_data_out[95] in module TPU is either unconnected or has no load
WARNING: [Synth 8-7129] Port C_data_out[94] in module TPU is either unconnected or has no load
WARNING: [Synth 8-7129] Port C_data_out[93] in module TPU is either unconnected or has no load
WARNING: [Synth 8-7129] Port C_data_out[92] in module TPU is either unconnected or has no load
WARNING: [Synth 8-7129] Port C_data_out[91] in module TPU is either unconnected or has no load
WARNING: [Synth 8-7129] Port C_data_out[90] in module TPU is either unconnected or has no load
WARNING: [Synth 8-7129] Port C_data_out[89] in module TPU is either unconnected or has no load
WARNING: [Synth 8-7129] Port C_data_out[88] in module TPU is either unconnected or has no load
WARNING: [Synth 8-7129] Port C_data_out[87] in module TPU is either unconnected or has no load
WARNING: [Synth 8-7129] Port C_data_out[86] in module TPU is either unconnected or has no load
WARNING: [Synth 8-7129] Port C_data_out[85] in module TPU is either unconnected or has no load
WARNING: [Synth 8-7129] Port C_data_out[84] in module TPU is either unconnected or has no load
WARNING: [Synth 8-7129] Port C_data_out[83] in module TPU is either unconnected or has no load
WARNING: [Synth 8-7129] Port C_data_out[82] in module TPU is either unconnected or has no load
WARNING: [Synth 8-7129] Port C_data_out[81] in module TPU is either unconnected or has no load
WARNING: [Synth 8-7129] Port C_data_out[80] in module TPU is either unconnected or has no load
INFO: [Common 17-14] Message 'Synth 8-7129' appears 100 times and further instances of the messages will be disabled. Use the Tcl command set_msg_config to change the current settings.
---------------------------------------------------------------------------------
Finished RTL Elaboration : Time (s): cpu = 00:00:11 ; elapsed = 00:00:12 . Memory (MB): peak = 2208.855 ; gain = 595.684 ; free physical = 6728 ; free virtual = 10956
---------------------------------------------------------------------------------
---------------------------------------------------------------------------------
Start Handling Custom Attributes
---------------------------------------------------------------------------------
---------------------------------------------------------------------------------
Finished Handling Custom Attributes : Time (s): cpu = 00:00:11 ; elapsed = 00:00:12 . Memory (MB): peak = 2226.668 ; gain = 613.496 ; free physical = 6715 ; free virtual = 10943
---------------------------------------------------------------------------------
---------------------------------------------------------------------------------
Finished RTL Optimization Phase 1 : Time (s): cpu = 00:00:11 ; elapsed = 00:00:12 . Memory (MB): peak = 2226.668 ; gain = 613.496 ; free physical = 6715 ; free virtual = 10943
---------------------------------------------------------------------------------
Netlist sorting complete. Time (s): cpu = 00:00:00.16 ; elapsed = 00:00:00.15 . Memory (MB): peak = 2232.605 ; gain = 0.000 ; free physical = 6708 ; free virtual = 10937
INFO: [Netlist 29-17] Analyzing 52 Unisim elements for replacement
INFO: [Netlist 29-28] Unisim Transformation completed in 0 CPU seconds
INFO: [Project 1-570] Preparing netlist for logic optimization

Processing XDC Constraints
Initializing timing engine
Parsing XDC File [/home/masamuneprog/AAML/CFU-Playground/soc/build/digilent_nexys4ddr.AAML-2025-Project/gateware/digilent_nexys4ddr.xdc]
INFO: [Timing 38-2] Deriving generated clocks [/home/masamuneprog/AAML/CFU-Playground/soc/build/digilent_nexys4ddr.AAML-2025-Project/gateware/digilent_nexys4ddr.xdc:343]
WARNING: [Vivado 12-3521] Clock specified in more than one group: soc_crg_clkout0 [/home/masamuneprog/AAML/CFU-Playground/soc/build/digilent_nexys4ddr.AAML-2025-Project/gateware/digilent_nexys4ddr.xdc:343]
Finished Parsing XDC File [/home/masamuneprog/AAML/CFU-Playground/soc/build/digilent_nexys4ddr.AAML-2025-Project/gateware/digilent_nexys4ddr.xdc]
INFO: [Project 1-236] Implementation specific constraints were found while reading constraint file [/home/masamuneprog/AAML/CFU-Playground/soc/build/digilent_nexys4ddr.AAML-2025-Project/gateware/digilent_nexys4ddr.xdc]. These constraints will be ignored for synthesis but will be used in implementation. Impacted constraints are listed in the file [.Xil/digilent_nexys4ddr_propImpl.xdc].
Resolution: To avoid this warning, move constraints listed in [.Xil/digilent_nexys4ddr_propImpl.xdc] to another XDC file and exclude this new file from synthesis with the used_in_synthesis property (File Properties dialog in GUI) and re-run elaboration/synthesis.
Completed Processing XDC Constraints

Netlist sorting complete. Time (s): cpu = 00:00:00 ; elapsed = 00:00:00 . Memory (MB): peak = 2368.418 ; gain = 0.000 ; free physical = 6658 ; free virtual = 10904
INFO: [Project 1-111] Unisim Transformation Summary:
  A total of 19 instances were transformed.
  IOBUF => IOBUF (IBUF, OBUFT): 16 instances
  IOBUFDS => IOBUFDS (IBUFDS, INV, OBUFTDS(x2)): 2 instances
  OBUFDS => OBUFDS_DUAL_BUF (INV, OBUFDS(x2)): 1 instance 

Constraint Validation Runtime : Time (s): cpu = 00:00:00.05 ; elapsed = 00:00:00.05 . Memory (MB): peak = 2368.453 ; gain = 0.000 ; free physical = 6653 ; free virtual = 10899
---------------------------------------------------------------------------------
Finished Constraint Validation : Time (s): cpu = 00:00:23 ; elapsed = 00:00:24 . Memory (MB): peak = 2368.453 ; gain = 755.281 ; free physical = 6645 ; free virtual = 10891
---------------------------------------------------------------------------------
---------------------------------------------------------------------------------
Start Loading Part and Timing Information
---------------------------------------------------------------------------------
Loading part: xc7a100tcsg324-1
---------------------------------------------------------------------------------
Finished Loading Part and Timing Information : Time (s): cpu = 00:00:23 ; elapsed = 00:00:24 . Memory (MB): peak = 2368.453 ; gain = 755.281 ; free physical = 6645 ; free virtual = 10891
---------------------------------------------------------------------------------
---------------------------------------------------------------------------------
Start Applying 'set_property' XDC Constraints
---------------------------------------------------------------------------------
---------------------------------------------------------------------------------
Finished applying 'set_property' XDC Constraints : Time (s): cpu = 00:00:24 ; elapsed = 00:00:24 . Memory (MB): peak = 2368.453 ; gain = 755.281 ; free physical = 6657 ; free virtual = 10903
---------------------------------------------------------------------------------
WARNING: [Synth 8-3936] Found unconnected internal register 'memory_to_writeBack_INSTRUCTION_reg' and it is trimmed from '32' to '30' bits. [/home/masamuneprog/AAML/CFU-Playground/third_party/python/pythondata_cpu_vexriscv/pythondata_cpu_vexriscv/verilog/VexRiscv_PerfCfu.v:2996]
WARNING: [Synth 8-3936] Found unconnected internal register 'execute_to_memory_INSTRUCTION_reg' and it is trimmed from '32' to '30' bits. [/home/masamuneprog/AAML/CFU-Playground/third_party/python/pythondata_cpu_vexriscv/pythondata_cpu_vexriscv/verilog/VexRiscv_PerfCfu.v:2797]
INFO: [Synth 8-802] inferred FSM for state register 'cur_state_reg' in module 'TPU'
INFO: [Synth 8-802] inferred FSM for state register 'cfu_state_reg' in module 'Cfu'
WARNING: [Synth 8-3936] Found unconnected internal register 'storage_1_dat1_reg' and it is trimmed from '10' to '8' bits. [/home/masamuneprog/AAML/CFU-Playground/soc/build/digilent_nexys4ddr.AAML-2025-Project/gateware/digilent_nexys4ddr.v:9800]
WARNING: [Synth 8-3936] Found unconnected internal register 'storage_dat1_reg' and it is trimmed from '10' to '8' bits. [/home/masamuneprog/AAML/CFU-Playground/soc/build/digilent_nexys4ddr.AAML-2025-Project/gateware/digilent_nexys4ddr.v:9779]
INFO: [Synth 8-802] inferred FSM for state register 'soc_builder_basesoc_refresher_state_reg' in module 'digilent_nexys4ddr'
INFO: [Synth 8-802] inferred FSM for state register 'soc_builder_basesoc_fsm_state_reg' in module 'digilent_nexys4ddr'
INFO: [Synth 8-802] inferred FSM for state register 'soc_builder_basesoc_wishbone2csr_state_reg' in module 'digilent_nexys4ddr'
---------------------------------------------------------------------------------------------------
                   State |                     New Encoding |                Previous Encoding 
---------------------------------------------------------------------------------------------------
                    IDLE |                              000 |                              000
                    WORK |                              001 |                              001
                   WRITE |                              010 |                              010
                    DONE |                              011 |                              011
                   ERROR |                              100 |                              100
---------------------------------------------------------------------------------------------------
INFO: [Synth 8-3354] encoded FSM with state register 'cur_state_reg' using encoding 'sequential' in module 'TPU'
---------------------------------------------------------------------------------------------------
                   State |                     New Encoding |                Previous Encoding 
---------------------------------------------------------------------------------------------------
                READ_CFU |                               00 |                              000
               WAIT_RELU |                               01 |                              010
                WAIT_RSP |                               10 |                              001
---------------------------------------------------------------------------------------------------
INFO: [Synth 8-3354] encoded FSM with state register 'cfu_state_reg' using encoding 'sequential' in module 'Cfu'
---------------------------------------------------------------------------------------------------
                   State |                     New Encoding |                Previous Encoding 
---------------------------------------------------------------------------------------------------
                  iSTATE |                              001 |                               00
*
                 iSTATE0 |                              010 |                               01
                 iSTATE1 |                              100 |                               10
---------------------------------------------------------------------------------------------------
INFO: [Synth 8-3354] encoded FSM with state register 'soc_builder_basesoc_refresher_state_reg' using encoding 'one-hot' in module 'digilent_nexys4ddr'
---------------------------------------------------------------------------------------------------
                   State |                     New Encoding |                Previous Encoding 
---------------------------------------------------------------------------------------------------
                  iSTATE |                               00 |                               00
*
                 iSTATE1 |                               01 |                               10
                 iSTATE0 |                               10 |                               01
---------------------------------------------------------------------------------------------------
INFO: [Synth 8-3354] encoded FSM with state register 'soc_builder_basesoc_fsm_state_reg' using encoding 'sequential' in module 'digilent_nexys4ddr'
---------------------------------------------------------------------------------------------------
                   State |                     New Encoding |                Previous Encoding 
---------------------------------------------------------------------------------------------------
                  iSTATE |                              001 |                               00
*
                 iSTATE0 |                              010 |                               01
                 iSTATE1 |                              100 |                               10
---------------------------------------------------------------------------------------------------
INFO: [Synth 8-3354] encoded FSM with state register 'soc_builder_basesoc_wishbone2csr_state_reg' using encoding 'one-hot' in module 'digilent_nexys4ddr'
---------------------------------------------------------------------------------
Finished RTL Optimization Phase 2 : Time (s): cpu = 00:00:30 ; elapsed = 00:00:30 . Memory (MB): peak = 2368.453 ; gain = 755.281 ; free physical = 6650 ; free virtual = 10899
---------------------------------------------------------------------------------
---------------------------------------------------------------------------------
Start RTL Component Statistics 
---------------------------------------------------------------------------------
Detailed RTL Component Info : 
+---Adders : 
	   2 Input   64 Bit       Adders := 5     
	   3 Input   52 Bit       Adders := 1     
	   2 Input   33 Bit       Adders := 3     
	   3 Input   33 Bit       Adders := 2     
	   3 Input   32 Bit       Adders := 3     
	   2 Input   32 Bit       Adders := 18    
	   2 Input   16 Bit       Adders := 2     
	   3 Input   10 Bit       Adders := 4     
	   2 Input   10 Bit       Adders := 1     
	   2 Input    9 Bit       Adders := 9     
	   2 Input    8 Bit       Adders := 5     
	   2 Input    7 Bit       Adders := 2     
	   2 Input    6 Bit       Adders := 1     
	   2 Input    5 Bit       Adders := 3     
	   2 Input    4 Bit       Adders := 20    
	   2 Input    3 Bit       Adders := 57    
	   2 Input    2 Bit       Adders := 11    
	   2 Input    1 Bit       Adders := 7     
+---XORs : 
	   2 Input     32 Bit         XORs := 1     
	   2 Input      1 Bit         XORs := 2     
+---Registers : 
	              128 Bit    Registers := 7     
	               65 Bit    Registers := 1     
	               64 Bit    Registers := 2     
	               52 Bit    Registers := 1     
	               34 Bit    Registers := 1     
	               33 Bit    Registers := 1     
	               32 Bit    Registers := 121   
	               30 Bit    Registers := 3     
	               26 Bit    Registers := 1     
	               21 Bit    Registers := 10    
	               18 Bit    Registers := 1     
	               16 Bit    Registers := 40    
	               15 Bit    Registers := 3     
	               14 Bit    Registers := 1     
	               13 Bit    Registers := 13    
	               12 Bit    Registers := 2     
	               11 Bit    Registers := 1     
	               10 Bit    Registers := 1     
	                9 Bit    Registers := 40    
	                8 Bit    Registers := 47    
	                6 Bit    Registers := 6     
	                5 Bit    Registers := 5     
	                4 Bit    Registers := 27    
	                3 Bit    Registers := 59    
	                2 Bit    Registers := 41    
	                1 Bit    Registers := 279   
+---RAMs : 
	            2048K Bit	(65536 X 32 bit)          RAMs := 2     
	              64K Bit	(2048 X 32 bit)          RAMs := 2     
	              64K Bit	(512 X 128 bit)          RAMs := 1     
	              16K Bit	(2048 X 8 bit)          RAMs := 4     
	              12K Bit	(512 X 24 bit)          RAMs := 1     
	               5K Bit	(256 X 21 bit)          RAMs := 2     
	               4K Bit	(512 X 8 bit)          RAMs := 16    
	             1024 Bit	(32 X 32 bit)          RAMs := 1     
	              176 Bit	(8 X 22 bit)          RAMs := 8     
	              160 Bit	(16 X 10 bit)          RAMs := 2     
+---ROMs : 
	                    ROMs := 1     
+---Muxes : 
	   4 Input  128 Bit        Muxes := 1     
	   2 Input  128 Bit        Muxes := 4     
	   3 Input  128 Bit        Muxes := 1     
	   2 Input   72 Bit        Muxes := 1     
	   2 Input   64 Bit        Muxes := 1     
	   2 Input   33 Bit        Muxes := 3     
	   2 Input   32 Bit        Muxes := 263   
	   3 Input   32 Bit        Muxes := 7     
	   4 Input   32 Bit        Muxes := 6     
	   5 Input   32 Bit        Muxes := 8     
	  14 Input   32 Bit        Muxes := 1     
	   2 Input   30 Bit        Muxes := 1     
	   2 Input   25 Bit        Muxes := 1     
	   4 Input   24 Bit        Muxes := 2     
	   2 Input   24 Bit        Muxes := 1     
	   4 Input   16 Bit        Muxes := 2     
	   2 Input   16 Bit        Muxes := 9     
	  14 Input   16 Bit        Muxes := 2     
	   2 Input   14 Bit        Muxes := 1     
	   3 Input   14 Bit        Muxes := 1     
	   2 Input   13 Bit        Muxes := 11    
	   4 Input   13 Bit        Muxes := 1     
	   3 Input   13 Bit        Muxes := 1     
	   2 Input   12 Bit        Muxes := 2     
	   5 Input   12 Bit        Muxes := 2     
	   2 Input   11 Bit        Muxes := 4     
	   2 Input    9 Bit        Muxes := 8     
	   5 Input    9 Bit        Muxes := 4     
	  14 Input    9 Bit        Muxes := 1     
	   2 Input    8 Bit        Muxes := 24    
	   4 Input    8 Bit        Muxes := 5     
	   5 Input    8 Bit        Muxes := 6     
	   3 Input    8 Bit        Muxes := 3     
	   2 Input    7 Bit        Muxes := 1     
	   2 Input    6 Bit        Muxes := 1     
	   2 Input    5 Bit        Muxes := 4     
	  14 Input    5 Bit        Muxes := 1     
	   4 Input    4 Bit        Muxes := 3     
	   2 Input    4 Bit        Muxes := 14    
	   5 Input    4 Bit        Muxes := 1     
	   3 Input    4 Bit        Muxes := 1     
	   7 Input    4 Bit        Muxes := 1     
	   2 Input    3 Bit        Muxes := 41    
	   3 Input    3 Bit        Muxes := 4     
	   5 Input    3 Bit        Muxes := 2     
	   7 Input    3 Bit        Muxes := 20    
	   6 Input    3 Bit        Muxes := 2     
	   4 Input    3 Bit        Muxes := 1     
	   2 Input    2 Bit        Muxes := 20    
	   5 Input    2 Bit        Muxes := 8     
	  14 Input    2 Bit        Muxes := 2     
	   3 Input    2 Bit        Muxes := 16    
	   4 Input    2 Bit        Muxes := 1     
	  11 Input    2 Bit        Muxes := 2     
	   2 Input    1 Bit        Muxes := 387   
	   3 Input    1 Bit        Muxes := 48    
	   4 Input    1 Bit        Muxes := 15    
	   5 Input    1 Bit        Muxes := 13    
	  14 Input    1 Bit        Muxes := 22    
	  11 Input    1 Bit        Muxes := 5     
	   7 Input    1 Bit        Muxes := 104   
---------------------------------------------------------------------------------
Finished RTL Component Statistics 
---------------------------------------------------------------------------------
---------------------------------------------------------------------------------
Start Part Resource Summary
---------------------------------------------------------------------------------
Part Resources:
DSPs: 240 (col length:80)
BRAMs: 270 (col length: RAMB18 80 RAMB36 40)
---------------------------------------------------------------------------------
Finished Part Resource Summary
---------------------------------------------------------------------------------
---------------------------------------------------------------------------------
Start Cross Boundary and Area Optimization
---------------------------------------------------------------------------------
WARNING: [Synth 8-7080] Parallel synthesis criteria is not met
WARNING: [Synth 8-3936] Found unconnected internal register 'memory_to_writeBack_MUL_HH_reg' and it is trimmed from '34' to '32' bits. [/home/masamuneprog/AAML/CFU-Playground/third_party/python/pythondata_cpu_vexriscv/pythondata_cpu_vexriscv/verilog/VexRiscv_PerfCfu.v:2768]
WARNING: [Synth 8-3936] Found unconnected internal register 'execute_to_memory_MUL_HH_reg' and it is trimmed from '34' to '32' bits. [/home/masamuneprog/AAML/CFU-Playground/third_party/python/pythondata_cpu_vexriscv/pythondata_cpu_vexriscv/verilog/VexRiscv_PerfCfu.v:2690]
DSP Report: Generating DSP memory_to_writeBack_MUL_HH_reg, operation Mode is: (A*B)'.
DSP Report: register memory_to_writeBack_MUL_HH_reg is absorbed into DSP memory_to_writeBack_MUL_HH_reg.
DSP Report: register execute_to_memory_MUL_HH_reg is absorbed into DSP memory_to_writeBack_MUL_HH_reg.
DSP Report: operator execute_MUL_HH is absorbed into DSP memory_to_writeBack_MUL_HH_reg.
DSP Report: Generating DSP execute_to_memory_MUL_LH_reg, operation Mode is: (A*B)'.
DSP Report: register execute_to_memory_MUL_LH_reg is absorbed into DSP execute_to_memory_MUL_LH_reg.
DSP Report: operator execute_MUL_LH is absorbed into DSP execute_to_memory_MUL_LH_reg.
DSP Report: Generating DSP execute_to_memory_MUL_HL_reg, operation Mode is: (A*B)'.
DSP Report: register execute_to_memory_MUL_HL_reg is absorbed into DSP execute_to_memory_MUL_HL_reg.
DSP Report: operator execute_MUL_HL is absorbed into DSP execute_to_memory_MUL_HL_reg.
DSP Report: Generating DSP execute_to_memory_MUL_LL_reg, operation Mode is: (A*B)'.
DSP Report: register execute_to_memory_MUL_LL_reg is absorbed into DSP execute_to_memory_MUL_LL_reg.
DSP Report: operator execute_MUL_LL is absorbed into DSP execute_to_memory_MUL_LL_reg.
DSP Report: Generating DSP s2_product_comb, operation Mode is: A2*B2.
DSP Report: register s1_val_shift_reg is absorbed into DSP s2_product_comb.
DSP Report: register s2_product_comb is absorbed into DSP s2_product_comb.
DSP Report: operator s2_product_comb is absorbed into DSP s2_product_comb.
DSP Report: operator s2_product_comb is absorbed into DSP s2_product_comb.
DSP Report: Generating DSP s2_product_comb, operation Mode is: (PCIN>>17)+A2*B2.
DSP Report: register s1_val_shift_reg is absorbed into DSP s2_product_comb.
DSP Report: register s1_multiplier_reg is absorbed into DSP s2_product_comb.
DSP Report: operator s2_product_comb is absorbed into DSP s2_product_comb.
DSP Report: operator s2_product_comb is absorbed into DSP s2_product_comb.
DSP Report: Generating DSP s2_product_comb, operation Mode is: A2*B2.
DSP Report: register s2_product_comb is absorbed into DSP s2_product_comb.
DSP Report: register s2_product_comb is absorbed into DSP s2_product_comb.
DSP Report: operator s2_product_comb is absorbed into DSP s2_product_comb.
DSP Report: operator s2_product_comb is absorbed into DSP s2_product_comb.
DSP Report: Generating DSP s2_product_comb, operation Mode is: (PCIN>>17)+A2*B2.
DSP Report: register s1_multiplier_reg is absorbed into DSP s2_product_comb.
DSP Report: register s2_product_comb is absorbed into DSP s2_product_comb.
DSP Report: operator s2_product_comb is absorbed into DSP s2_product_comb.
DSP Report: operator s2_product_comb is absorbed into DSP s2_product_comb.
INFO: [Synth 8-3971] The signal "VexRiscv/RegFilePlugin_regFile_reg" was recognized as a true dual port RAM template.
RAM Pipeline Warning: Read Address Register Found For RAM tag_mem_reg. We will not be able to pipeline it. This may degrade performance. 
INFO: [Synth 8-5784] Optimized 4 bits of RAM "tag_mem_reg" due to constant propagation. Old ram width 24 bits, new ram width 20 bits.
RAM Pipeline Warning: Read Address Register Found For RAM tag_mem_reg. We will not be able to pipeline it. This may degrade performance. 
RAM Pipeline Warning: Read Address Register Found For RAM sram_reg. We will not be able to pipeline it. This may degrade performance. 
RAM Pipeline Warning: Read Address Register Found For RAM sram_reg. We will not be able to pipeline it. This may degrade performance. 
RAM Pipeline Warning: Read Address Register Found For RAM data_mem_grain0_reg. We will not be able to pipeline it. This may degrade performance. 
RAM Pipeline Warning: Read Address Register Found For RAM data_mem_grain0_reg. We will not be able to pipeline it. This may degrade performance. 
RAM Pipeline Warning: Read Address Register Found For RAM data_mem_grain1_reg. We will not be able to pipeline it. This may degrade performance. 
RAM Pipeline Warning: Read Address Register Found For RAM data_mem_grain1_reg. We will not be able to pipeline it. This may degrade performance. 
RAM Pipeline Warning: Read Address Register Found For RAM data_mem_grain2_reg. We will not be able to pipeline it. This may degrade performance. 
RAM Pipeline Warning: Read Address Register Found For RAM data_mem_grain2_reg. We will not be able to pipeline it. This may degrade performance. 
RAM Pipeline Warning: Read Address Register Found For RAM data_mem_grain3_reg. We will not be able to pipeline it. This may degrade performance. 
RAM Pipeline Warning: Read Address Register Found For RAM data_mem_grain3_reg. We will not be able to pipeline it. This may degrade performance. 
RAM Pipeline Warning: Read Address Register Found For RAM data_mem_grain4_reg. We will not be able to pipeline it. This may degrade performance. 
RAM Pipeline Warning: Read Address Register Found For RAM data_mem_grain4_reg. We will not be able to pipeline it. This may degrade performance. 
RAM Pipeline Warning: Read Address Register Found For RAM data_mem_grain5_reg. We will not be able to pipeline it. This may degrade performance. 
RAM Pipeline Warning: Read Address Register Found For RAM data_mem_grain5_reg. We will not be able to pipeline it. This may degrade performance. 
RAM Pipeline Warning: Read Address Register Found For RAM data_mem_grain6_reg. We will not be able to pipeline it. This may degrade performance. 
RAM Pipeline Warning: Read Address Register Found For RAM data_mem_grain6_reg. We will not be able to pipeline it. This may degrade performance. 
RAM Pipeline Warning: Read Address Register Found For RAM data_mem_grain7_reg. We will not be able to pipeline it. This may degrade performance. 
RAM Pipeline Warning: Read Address Register Found For RAM data_mem_grain7_reg. We will not be able to pipeline it. This may degrade performance. 
RAM Pipeline Warning: Read Address Register Found For RAM data_mem_grain8_reg. We will not be able to pipeline it. This may degrade performance. 
RAM Pipeline Warning: Read Address Register Found For RAM data_mem_grain8_reg. We will not be able to pipeline it. This may degrade performance. 
RAM Pipeline Warning: Read Address Register Found For RAM data_mem_grain9_reg. We will not be able to pipeline it. This may degrade performance. 
RAM Pipeline Warning: Read Address Register Found For RAM data_mem_grain9_reg. We will not be able to pipeline it. This may degrade performance. 
RAM Pipeline Warning: Read Address Register Found For RAM data_mem_grain10_reg. We will not be able to pipeline it. This may degrade performance. 
RAM Pipeline Warning: Read Address Register Found For RAM data_mem_grain10_reg. We will not be able to pipeline it. This may degrade performance. 
RAM Pipeline Warning: Read Address Register Found For RAM data_mem_grain11_reg. We will not be able to pipeline it. This may degrade performance. 
RAM Pipeline Warning: Read Address Register Found For RAM data_mem_grain11_reg. We will not be able to pipeline it. This may degrade performance. 
RAM Pipeline Warning: Read Address Register Found For RAM data_mem_grain12_reg. We will not be able to pipeline it. This may degrade performance. 
RAM Pipeline Warning: Read Address Register Found For RAM data_mem_grain12_reg. We will not be able to pipeline it. This may degrade performance. 
RAM Pipeline Warning: Read Address Register Found For RAM data_mem_grain13_reg. We will not be able to pipeline it. This may degrade performance. 
RAM Pipeline Warning: Read Address Register Found For RAM data_mem_grain13_reg. We will not be able to pipeline it. This may degrade performance. 
RAM Pipeline Warning: Read Address Register Found For RAM data_mem_grain14_reg. We will not be able to pipeline it. This may degrade performance. 
RAM Pipeline Warning: Read Address Register Found For RAM data_mem_grain14_reg. We will not be able to pipeline it. This may degrade performance. 
RAM Pipeline Warning: Read Address Register Found For RAM data_mem_grain15_reg. We will not be able to pipeline it. This may degrade performance. 
RAM Pipeline Warning: Read Address Register Found For RAM data_mem_grain15_reg. We will not be able to pipeline it. This may degrade performance. 
RAM Pipeline Warning: Read Address Register Found For RAM tag_mem_reg. We will not be able to pipeline it. This may degrade performance. 
RAM Pipeline Warning: Read Address Register Found For RAM sram_reg. We will not be able to pipeline it. This may degrade performance. 
RAM Pipeline Warning: Read Address Register Found For RAM data_mem_grain0_reg. We will not be able to pipeline it. This may degrade performance. 
RAM Pipeline Warning: Read Address Register Found For RAM data_mem_grain1_reg. We will not be able to pipeline it. This may degrade performance. 
RAM Pipeline Warning: Read Address Register Found For RAM data_mem_grain2_reg. We will not be able to pipeline it. This may degrade performance. 
RAM Pipeline Warning: Read Address Register Found For RAM data_mem_grain3_reg. We will not be able to pipeline it. This may degrade performance. 
RAM Pipeline Warning: Read Address Register Found For RAM data_mem_grain4_reg. We will not be able to pipeline it. This may degrade performance. 
RAM Pipeline Warning: Read Address Register Found For RAM data_mem_grain5_reg. We will not be able to pipeline it. This may degrade performance. 
RAM Pipeline Warning: Read Address Register Found For RAM data_mem_grain6_reg. We will not be able to pipeline it. This may degrade performance. 
RAM Pipeline Warning: Read Address Register Found For RAM data_mem_grain7_reg. We will not be able to pipeline it. This may degrade performance. 
RAM Pipeline Warning: Read Address Register Found For RAM data_mem_grain8_reg. We will not be able to pipeline it. This may degrade performance. 
RAM Pipeline Warning: Read Address Register Found For RAM data_mem_grain9_reg. We will not be able to pipeline it. This may degrade performance. 
RAM Pipeline Warning: Read Address Register Found For RAM data_mem_grain10_reg. We will not be able to pipeline it. This may degrade performance. 
RAM Pipeline Warning: Read Address Register Found For RAM data_mem_grain11_reg. We will not be able to pipeline it. This may degrade performance. 
RAM Pipeline Warning: Read Address Register Found For RAM data_mem_grain12_reg. We will not be able to pipeline it. This may degrade performance. 
RAM Pipeline Warning: Read Address Register Found For RAM data_mem_grain13_reg. We will not be able to pipeline it. This may degrade performance. 
RAM Pipeline Warning: Read Address Register Found For RAM data_mem_grain14_reg. We will not be able to pipeline it. This may degrade performance. 
RAM Pipeline Warning: Read Address Register Found For RAM data_mem_grain15_reg. We will not be able to pipeline it. This may degrade performance. 
WARNING: [Synth 8-3332] Sequential element (FDPE_2) is unused and will be removed from module digilent_nexys4ddr.
WARNING: [Synth 8-3332] Sequential element (FDPE_3) is unused and will be removed from module digilent_nexys4ddr.
WARNING: [Synth 8-3332] Sequential element (FDPE_4) is unused and will be removed from module digilent_nexys4ddr.
WARNING: [Synth 8-3332] Sequential element (FDPE_5) is unused and will be removed from module digilent_nexys4ddr.
WARNING: [Synth 8-3332] Sequential element (FDPE_8) is unused and will be removed from module digilent_nexys4ddr.
WARNING: [Synth 8-3332] Sequential element (FDPE_9) is unused and will be removed from module digilent_nexys4ddr.
WARNING: [Synth 8-3332] Sequential element (FDPE_10) is unused and will be removed from module digilent_nexys4ddr.
WARNING: [Synth 8-3332] Sequential element (FDPE_11) is unused and will be removed from module digilent_nexys4ddr.
WARNING: [Synth 8-3332] Sequential element (FSM_onehot_soc_builder_basesoc_refresher_state_reg[0]) is unused and will be removed from module digilent_nexys4ddr.
WARNING: [Synth 8-3332] Sequential element (FSM_onehot_soc_builder_basesoc_wishbone2csr_state_reg[0]) is unused and will be removed from module digilent_nexys4ddr.
---------------------------------------------------------------------------------
Finished Cross Boundary and Area Optimization : Time (s): cpu = 00:01:18 ; elapsed = 00:01:19 . Memory (MB): peak = 2368.453 ; gain = 755.281 ; free physical = 6618 ; free virtual = 10889
---------------------------------------------------------------------------------
 Sort Area is  s2_product_comb_7 : 0 0 : 2737 4930 : Used 1 time 0
 Sort Area is  s2_product_comb_7 : 0 1 : 2193 4930 : Used 1 time 0
 Sort Area is  s2_product_comb_a : 0 0 : 2191 4021 : Used 1 time 0
 Sort Area is  s2_product_comb_a : 0 1 : 1830 4021 : Used 1 time 0
 Sort Area is  memory_to_writeBack_MUL_HH_reg_5 : 0 0 : 2328 2328 : Used 1 time 0
 Sort Area is  execute_to_memory_MUL_HL_reg_2 : 0 0 : 2298 2298 : Used 1 time 0
 Sort Area is  execute_to_memory_MUL_LH_reg_4 : 0 0 : 2298 2298 : Used 1 time 0
 Sort Area is  execute_to_memory_MUL_LL_reg_0 : 0 0 : 1978 1978 : Used 1 time 0
WARNING: [Synth 8-5835] Resources of type BRAM have been overutilized. Used = 309, Available = 270. Will try to implement using LUT-RAM. 
 DSP resource Status: memory_to_writeBack_MUL_HH_reg_5 0 2328 2328: Used 1 time : Accepted (5 < 240) uniquify 0 
 DSP resource Status: execute_to_memory_MUL_LH_reg_4 0 2298 2298: Used 1 time : Accepted (7 < 240) uniquify 0 
 DSP resource Status: execute_to_memory_MUL_HL_reg_2 0 2298 2298: Used 1 time : Accepted (6 < 240) uniquify 0 
 DSP resource Status: execute_to_memory_MUL_LL_reg_0 0 1978 1978: Used 1 time : Accepted (8 < 240) uniquify 0 
 DSP resource Status: s2_product_comb_a 0 4021 2191: Used 1 time : Accepted (3 < 240) uniquify 0 
 DSP resource Status: s2_product_comb_a 1 4021 1830: Used 1 time : Accepted (4 < 240) uniquify 0 
 DSP resource Status: s2_product_comb_7 0 4930 2737: Used 1 time : Accepted (1 < 240) uniquify 0 
 DSP resource Status: s2_product_comb_7 1 4930 2193: Used 1 time : Accepted (2 < 240) uniquify 0 
---------------------------------------------------------------------------------
Start ROM, RAM, DSP, Shift Register and Retiming Reporting
---------------------------------------------------------------------------------

ROM: Preliminary Mapping Report
+-------------------+--------------+---------------+----------------+
|Module Name        | RTL Object   | Depth x Width | Implemented As | 
+-------------------+--------------+---------------+----------------+
|digilent_nexys4ddr | mem          | 64x8          | LUT            | 
|digilent_nexys4ddr | p_0_out      | 64x8          | LUT            | 
|digilent_nexys4ddr | rom_dat0_reg | 8192x32       | Block RAM      | 
|digilent_nexys4ddr | p_0_out      | 8192x32       | LUT            | 
+-------------------+--------------+---------------+----------------+


Block RAM: Preliminary Mapping Report (see note below)
+--------------------------------+-------------------------+------------------------+---+---+------------------------+---+---+------------------+--------+--------+
|Module Name                     | RTL Object              | PORT A (Depth x Width) | W | R | PORT B (Depth x Width) | W | R | Ports driving FF | RAMB18 | RAMB36 | 
+--------------------------------+-------------------------+------------------------+---+---+------------------------+---+---+------------------+--------+--------+
|VexRiscv/IBusCachedPlugin_cache | banks_0_reg             | 2 K x 32(READ_FIRST)   | W |   | 2 K x 32(WRITE_FIRST)  |   | R | Port A and B     | 0      | 2      | 
|VexRiscv/IBusCachedPlugin_cache | ways_0_tags_reg         | 256 x 21(READ_FIRST)   | W |   | 256 x 21(WRITE_FIRST)  |   | R | Port A and B     | 1      | 0      | 
|VexRiscv/dataCache_1            | ways_0_tags_reg         | 256 x 21(READ_FIRST)   | W |   | 256 x 21(WRITE_FIRST)  |   | R | Port A and B     | 1      | 0      | 
|VexRiscv/dataCache_1            | ways_0_data_symbol0_reg | 2 K x 8(READ_FIRST)    | W |   | 2 K x 8(WRITE_FIRST)   |   | R | Port A and B     | 1      | 0      | 
|VexRiscv/dataCache_1            | ways_0_data_symbol1_reg | 2 K x 8(READ_FIRST)    | W |   | 2 K x 8(WRITE_FIRST)   |   | R | Port A and B     | 1      | 0      | 
|VexRiscv/dataCache_1            | ways_0_data_symbol2_reg | 2 K x 8(READ_FIRST)    | W |   | 2 K x 8(WRITE_FIRST)   |   | R | Port A and B     | 1      | 0      | 
|VexRiscv/dataCache_1            | ways_0_data_symbol3_reg | 2 K x 8(READ_FIRST)    | W |   | 2 K x 8(WRITE_FIRST)   |   | R | Port A and B     | 1      | 0      | 
|Cfu                             | gbuff_A/gbuff_reg       | 64 K x 32(NO_CHANGE)   | W | R |                        |   |   | Port A           | 0      | 64     | 
|Cfu                             | gbuff_B/gbuff_reg       | 64 K x 32(NO_CHANGE)   | W | R |                        |   |   | Port A           | 0      | 64     | 
+--------------------------------+-------------------------+------------------------+---+---+------------------------+---+---+------------------+--------+--------+

Note: The table above is a preliminary report that shows the Block RAMs at the current stage of the synthesis flow. Some Block RAMs may be reimplemented as non Block RAM primitives later in the synthesis flow. Multiple instantiated Block RAMs are reported only once. 

Distributed RAM: Preliminary Mapping Report (see note below)
+-------------------+----------------------+-----------+----------------------+------------------+
|Module Name        | RTL Object           | Inference | Size (Depth x Width) | Primitives       | 
+-------------------+----------------------+-----------+----------------------+------------------+
|Cfu                | gbuff_C/gbuff_reg    | Implied   | 512 x 128            | RAM256X1S x 256  | 
|digilent_nexys4ddr | storage_2_reg        | Implied   | 8 x 22               | RAM32M x 4       | 
|digilent_nexys4ddr | storage_4_reg        | Implied   | 8 x 22               | RAM32M x 4       | 
|digilent_nexys4ddr | storage_9_reg        | Implied   | 8 x 22               | RAM32M x 4       | 
|digilent_nexys4ddr | storage_8_reg        | Implied   | 8 x 22               | RAM32M x 4       | 
|digilent_nexys4ddr | storage_7_reg        | Implied   | 8 x 22               | RAM32M x 4       | 
|digilent_nexys4ddr | storage_6_reg        | Implied   | 8 x 22               | RAM32M x 4       | 
|digilent_nexys4ddr | storage_5_reg        | Implied   | 8 x 22               | RAM32M x 4       | 
|digilent_nexys4ddr | storage_3_reg        | Implied   | 8 x 22               | RAM32M x 4       | 
|digilent_nexys4ddr | storage_1_reg        | Implied   | 16 x 8               | RAM32M x 2       | 
|digilent_nexys4ddr | storage_reg          | Implied   | 16 x 8               | RAM32M x 2       | 
|digilent_nexys4ddr | tag_mem_reg          | Implied   | 512 x 24             | RAM64M x 64      | 
|digilent_nexys4ddr | sram_reg             | Implied   | 2 K x 32             | RAM128X1D x 512  | 
|digilent_nexys4ddr | data_mem_grain0_reg  | Implied   | 512 x 8              | RAM64M x 24      | 
|digilent_nexys4ddr | data_mem_grain1_reg  | Implied   | 512 x 8              | RAM64M x 24      | 
|digilent_nexys4ddr | data_mem_grain2_reg  | Implied   | 512 x 8              | RAM64M x 24      | 
|digilent_nexys4ddr | data_mem_grain3_reg  | Implied   | 512 x 8              | RAM64M x 24      | 
|digilent_nexys4ddr | data_mem_grain4_reg  | Implied   | 512 x 8              | RAM64M x 24      | 
|digilent_nexys4ddr | data_mem_grain5_reg  | Implied   | 512 x 8              | RAM64M x 24      | 
|digilent_nexys4ddr | data_mem_grain6_reg  | Implied   | 512 x 8              | RAM64M x 24      | 
|digilent_nexys4ddr | data_mem_grain7_reg  | Implied   | 512 x 8              | RAM64M x 24      | 
|digilent_nexys4ddr | data_mem_grain8_reg  | Implied   | 512 x 8              | RAM64M x 24      | 
|digilent_nexys4ddr | data_mem_grain9_reg  | Implied   | 512 x 8              | RAM64M x 24      | 
|digilent_nexys4ddr | data_mem_grain10_reg | Implied   | 512 x 8              | RAM64M x 24      | 
|digilent_nexys4ddr | data_mem_grain11_reg | Implied   | 512 x 8              | RAM64M x 24      | 
|digilent_nexys4ddr | data_mem_grain12_reg | Implied   | 512 x 8              | RAM64M x 24      | 
|digilent_nexys4ddr | data_mem_grain13_reg | Implied   | 512 x 8              | RAM64M x 24      | 
|digilent_nexys4ddr | data_mem_grain14_reg | Implied   | 512 x 8              | RAM64M x 24      | 
|digilent_nexys4ddr | data_mem_grain15_reg | Implied   | 512 x 8              | RAM64M x 24      | 
+-------------------+----------------------+-----------+----------------------+------------------+

Note: The table above is a preliminary report that shows the Distributed RAMs at the current stage of the synthesis flow. Some Distributed RAMs may be reimplemented as non Distributed RAM primitives later in the synthesis flow. Multiple instantiated RAMs are reported only once.

DSP: Preliminary Mapping Report (see note below. The ' indicates corresponding REG is set)
+------------+------------------+--------+--------+--------+--------+--------+------+------+------+------+-------+------+------+
|Module Name | DSP Mapping      | A Size | B Size | C Size | D Size | P Size | AREG | BREG | CREG | DREG | ADREG | MREG | PREG | 
+------------+------------------+--------+--------+--------+--------+--------+------+------+------+------+-------+------+------+
|VexRiscv    | (A*B)'           | 17     | 17     | -      | -      | 34     | 0    | 0    | -    | -    | -     | 1    | 1    | 
|VexRiscv    | (A*B)'           | 17     | 17     | -      | -      | 34     | 0    | 0    | -    | -    | -     | 1    | 0    | 
|VexRiscv    | (A*B)'           | 17     | 17     | -      | -      | 34     | 0    | 0    | -    | -    | -     | 1    | 0    | 
|VexRiscv    | (A*B)'           | 16     | 16     | -      | -      | 32     | 0    | 0    | -    | -    | -     | 1    | 0    | 
|leaky_relu  | A2*B2            | 18     | 15     | -      | -      | 48     | 1    | 1    | -    | -    | -     | 0    | 0    | 
|leaky_relu  | (PCIN>>17)+A2*B2 | 15     | 15     | -      | -      | 30     | 1    | 1    | -    | -    | -     | 0    | 0    | 
|leaky_relu  | A2*B2            | 18     | 18     | -      | -      | 48     | 1    | 1    | -    | -    | -     | 0    | 0    | 
|leaky_relu  | (PCIN>>17)+A2*B2 | 18     | 15     | -      | -      | 47     | 1    | 1    | -    | -    | -     | 0    | 0    | 
+------------+------------------+--------+--------+--------+--------+--------+------+------+------+------+-------+------+------+

Note: The table above is a preliminary report that shows the DSPs inferred at the current stage of the synthesis flow. Some DSP may be reimplemented as non DSP primitives later in the synthesis flow. Multiple instantiated DSPs are reported only once.
---------------------------------------------------------------------------------
Finished ROM, RAM, DSP, Shift Register and Retiming Reporting
---------------------------------------------------------------------------------
---------------------------------------------------------------------------------
Start Applying XDC Timing Constraints
---------------------------------------------------------------------------------
soc_crg_clkout0 in more then one group at line 343 of file /home/masamuneprog/AAML/CFU-Playground/soc/build/digilent_nexys4ddr.AAML-2025-Project/gateware/digilent_nexys4ddr.xdc
---------------------------------------------------------------------------------
Finished Applying XDC Timing Constraints : Time (s): cpu = 00:02:25 ; elapsed = 00:02:27 . Memory (MB): peak = 2836.309 ; gain = 1223.137 ; free physical = 6101 ; free virtual = 10379
---------------------------------------------------------------------------------
---------------------------------------------------------------------------------
Start Timing Optimization
---------------------------------------------------------------------------------
---------------------------------------------------------------------------------
Finished Timing Optimization : Time (s): cpu = 00:02:31 ; elapsed = 00:02:33 . Memory (MB): peak = 2836.309 ; gain = 1223.137 ; free physical = 6102 ; free virtual = 10381
---------------------------------------------------------------------------------
---------------------------------------------------------------------------------
Start ROM, RAM, DSP, Shift Register and Retiming Reporting
---------------------------------------------------------------------------------

Block RAM: Final Mapping Report
+--------------------------------+-------------------------+------------------------+---+---+------------------------+---+---+------------------+--------+--------+
|Module Name                     | RTL Object              | PORT A (Depth x Width) | W | R | PORT B (Depth x Width) | W | R | Ports driving FF | RAMB18 | RAMB36 | 
+--------------------------------+-------------------------+------------------------+---+---+------------------------+---+---+------------------+--------+--------+
|VexRiscv/IBusCachedPlugin_cache | banks_0_reg             | 2 K x 32(READ_FIRST)   | W |   | 2 K x 32(WRITE_FIRST)  |   | R | Port A and B     | 0      | 2      | 
|VexRiscv/IBusCachedPlugin_cache | ways_0_tags_reg         | 256 x 21(READ_FIRST)   | W |   | 256 x 21(WRITE_FIRST)  |   | R | Port A and B     | 1      | 0      | 
|VexRiscv/dataCache_1            | ways_0_tags_reg         | 256 x 21(READ_FIRST)   | W |   | 256 x 21(WRITE_FIRST)  |   | R | Port A and B     | 1      | 0      | 
|VexRiscv/dataCache_1            | ways_0_data_symbol0_reg | 2 K x 8(READ_FIRST)    | W |   | 2 K x 8(WRITE_FIRST)   |   | R | Port A and B     | 1      | 0      | 
|VexRiscv/dataCache_1            | ways_0_data_symbol1_reg | 2 K x 8(READ_FIRST)    | W |   | 2 K x 8(WRITE_FIRST)   |   | R | Port A and B     | 1      | 0      | 
|VexRiscv/dataCache_1            | ways_0_data_symbol2_reg | 2 K x 8(READ_FIRST)    | W |   | 2 K x 8(WRITE_FIRST)   |   | R | Port A and B     | 1      | 0      | 
|VexRiscv/dataCache_1            | ways_0_data_symbol3_reg | 2 K x 8(READ_FIRST)    | W |   | 2 K x 8(WRITE_FIRST)   |   | R | Port A and B     | 1      | 0      | 
|Cfu                             | gbuff_A/gbuff_reg       | 64 K x 32(NO_CHANGE)   | W | R |                        |   |   | Port A           | 0      | 64     | 
|Cfu                             | gbuff_B/gbuff_reg       | 64 K x 32(NO_CHANGE)   | W | R |                        |   |   | Port A           | 0      | 64     | 
+--------------------------------+-------------------------+------------------------+---+---+------------------------+---+---+------------------+--------+--------+


Distributed RAM: Final Mapping Report
+-------------------+----------------------+-----------+----------------------+------------------+
|Module Name        | RTL Object           | Inference | Size (Depth x Width) | Primitives       | 
+-------------------+----------------------+-----------+----------------------+------------------+
|Cfu                | gbuff_C/gbuff_reg    | Implied   | 512 x 128            | RAM256X1S x 256  | 
|digilent_nexys4ddr | storage_2_reg        | Implied   | 8 x 22               | RAM32M x 4       | 
|digilent_nexys4ddr | storage_4_reg        | Implied   | 8 x 22               | RAM32M x 4       | 
|digilent_nexys4ddr | storage_9_reg        | Implied   | 8 x 22               | RAM32M x 4       | 
|digilent_nexys4ddr | storage_8_reg        | Implied   | 8 x 22               | RAM32M x 4       | 
|digilent_nexys4ddr | storage_7_reg        | Implied   | 8 x 22               | RAM32M x 4       | 
|digilent_nexys4ddr | storage_6_reg        | Implied   | 8 x 22               | RAM32M x 4       | 
|digilent_nexys4ddr | storage_5_reg        | Implied   | 8 x 22               | RAM32M x 4       | 
|digilent_nexys4ddr | storage_3_reg        | Implied   | 8 x 22               | RAM32M x 4       | 
|digilent_nexys4ddr | storage_1_reg        | Implied   | 16 x 8               | RAM32M x 2       | 
|digilent_nexys4ddr | storage_reg          | Implied   | 16 x 8               | RAM32M x 2       | 
|digilent_nexys4ddr | tag_mem_reg          | Implied   | 512 x 24             | RAM64M x 64      | 
|digilent_nexys4ddr | sram_reg             | Implied   | 2 K x 32             | RAM128X1D x 512  | 
|digilent_nexys4ddr | data_mem_grain0_reg  | Implied   | 512 x 8              | RAM64M x 24      | 
|digilent_nexys4ddr | data_mem_grain1_reg  | Implied   | 512 x 8              | RAM64M x 24      | 
|digilent_nexys4ddr | data_mem_grain2_reg  | Implied   | 512 x 8              | RAM64M x 24      | 
|digilent_nexys4ddr | data_mem_grain3_reg  | Implied   | 512 x 8              | RAM64M x 24      | 
|digilent_nexys4ddr | data_mem_grain4_reg  | Implied   | 512 x 8              | RAM64M x 24      | 
|digilent_nexys4ddr | data_mem_grain5_reg  | Implied   | 512 x 8              | RAM64M x 24      | 
|digilent_nexys4ddr | data_mem_grain6_reg  | Implied   | 512 x 8              | RAM64M x 24      | 
|digilent_nexys4ddr | data_mem_grain7_reg  | Implied   | 512 x 8              | RAM64M x 24      | 
|digilent_nexys4ddr | data_mem_grain8_reg  | Implied   | 512 x 8              | RAM64M x 24      | 
|digilent_nexys4ddr | data_mem_grain9_reg  | Implied   | 512 x 8              | RAM64M x 24      | 
|digilent_nexys4ddr | data_mem_grain10_reg | Implied   | 512 x 8              | RAM64M x 24      | 
|digilent_nexys4ddr | data_mem_grain11_reg | Implied   | 512 x 8              | RAM64M x 24      | 
|digilent_nexys4ddr | data_mem_grain12_reg | Implied   | 512 x 8              | RAM64M x 24      | 
|digilent_nexys4ddr | data_mem_grain13_reg | Implied   | 512 x 8              | RAM64M x 24      | 
|digilent_nexys4ddr | data_mem_grain14_reg | Implied   | 512 x 8              | RAM64M x 24      | 
|digilent_nexys4ddr | data_mem_grain15_reg | Implied   | 512 x 8              | RAM64M x 24      | 
+-------------------+----------------------+-----------+----------------------+------------------+

---------------------------------------------------------------------------------
Finished ROM, RAM, DSP, Shift Register and Retiming Reporting
---------------------------------------------------------------------------------
---------------------------------------------------------------------------------
Start Technology Mapping
---------------------------------------------------------------------------------
INFO: [Synth 8-7052] The timing for the instance VexRiscv/IBusCachedPlugin_cache/banks_0_reg_0 (implemented as a Block RAM) might be sub-optimal as no optional output register could be merged into the ram block. Providing additional output register may help in improving timing.
INFO: [Synth 8-7052] The timing for the instance VexRiscv/IBusCachedPlugin_cache/banks_0_reg_1 (implemented as a Block RAM) might be sub-optimal as no optional output register could be merged into the ram block. Providing additional output register may help in improving timing.
INFO: [Synth 8-7052] The timing for the instance VexRiscv/IBusCachedPlugin_cache/ways_0_tags_reg (implemented as a Block RAM) might be sub-optimal as no optional output register could be merged into the ram block. Providing additional output register may help in improving timing.
INFO: [Synth 8-7052] The timing for the instance VexRiscv/dataCache_1/ways_0_tags_reg (implemented as a Block RAM) might be sub-optimal as no optional output register could be merged into the ram block. Providing additional output register may help in improving timing.
INFO: [Synth 8-7052] The timing for the instance VexRiscv/RegFilePlugin_regFile_reg_1 (implemented as a Block RAM) might be sub-optimal as no optional output register could be merged into the ram block. Providing additional output register may help in improving timing.
INFO: [Synth 8-7052] The timing for the instance VexRiscv/RegFilePlugin_regFile_reg_2 (implemented as a Block RAM) might be sub-optimal as no optional output register could be merged into the ram block. Providing additional output register may help in improving timing.
INFO: [Synth 8-7052] The timing for the instance Cfu/gbuff_A/gbuff_reg_1_0 (implemented as a Block RAM) might be sub-optimal as no optional output register could be merged into the ram block. Providing additional output register may help in improving timing.
INFO: [Synth 8-7052] The timing for the instance Cfu/gbuff_A/gbuff_reg_1_1 (implemented as a Block RAM) might be sub-optimal as no optional output register could be merged into the ram block. Providing additional output register may help in improving timing.
INFO: [Synth 8-7052] The timing for the instance Cfu/gbuff_A/gbuff_reg_1_2 (implemented as a Block RAM) might be sub-optimal as no optional output register could be merged into the ram block. Providing additional output register may help in improving timing.
INFO: [Synth 8-7052] The timing for the instance Cfu/gbuff_A/gbuff_reg_1_3 (implemented as a Block RAM) might be sub-optimal as no optional output register could be merged into the ram block. Providing additional output register may help in improving timing.
INFO: [Synth 8-7052] The timing for the instance Cfu/gbuff_A/gbuff_reg_1_4 (implemented as a Block RAM) might be sub-optimal as no optional output register could be merged into the ram block. Providing additional output register may help in improving timing.
INFO: [Synth 8-7052] The timing for the instance Cfu/gbuff_A/gbuff_reg_1_5 (implemented as a Block RAM) might be sub-optimal as no optional output register could be merged into the ram block. Providing additional output register may help in improving timing.
INFO: [Synth 8-7052] The timing for the instance Cfu/gbuff_A/gbuff_reg_1_6 (implemented as a Block RAM) might be sub-optimal as no optional output register could be merged into the ram block. Providing additional output register may help in improving timing.
INFO: [Synth 8-7052] The timing for the instance Cfu/gbuff_A/gbuff_reg_1_7 (implemented as a Block RAM) might be sub-optimal as no optional output register could be merged into the ram block. Providing additional output register may help in improving timing.
INFO: [Synth 8-7052] The timing for the instance Cfu/gbuff_A/gbuff_reg_1_8 (implemented as a Block RAM) might be sub-optimal as no optional output register could be merged into the ram block. Providing additional output register may help in improving timing.
INFO: [Synth 8-7052] The timing for the instance Cfu/gbuff_A/gbuff_reg_1_9 (implemented as a Block RAM) might be sub-optimal as no optional output register could be merged into the ram block. Providing additional output register may help in improving timing.
INFO: [Synth 8-7052] The timing for the instance Cfu/gbuff_A/gbuff_reg_1_10 (implemented as a Block RAM) might be sub-optimal as no optional output register could be merged into the ram block. Providing additional output register may help in improving timing.
INFO: [Synth 8-7052] The timing for the instance Cfu/gbuff_A/gbuff_reg_1_11 (implemented as a Block RAM) might be sub-optimal as no optional output register could be merged into the ram block. Providing additional output register may help in improving timing.
INFO: [Synth 8-7052] The timing for the instance Cfu/gbuff_A/gbuff_reg_1_12 (implemented as a Block RAM) might be sub-optimal as no optional output register could be merged into the ram block. Providing additional output register may help in improving timing.
INFO: [Synth 8-7052] The timing for the instance Cfu/gbuff_A/gbuff_reg_1_13 (implemented as a Block RAM) might be sub-optimal as no optional output register could be merged into the ram block. Providing additional output register may help in improving timing.
INFO: [Synth 8-7052] The timing for the instance Cfu/gbuff_A/gbuff_reg_1_14 (implemented as a Block RAM) might be sub-optimal as no optional output register could be merged into the ram block. Providing additional output register may help in improving timing.
INFO: [Synth 8-7052] The timing for the instance Cfu/gbuff_A/gbuff_reg_1_15 (implemented as a Block RAM) might be sub-optimal as no optional output register could be merged into the ram block. Providing additional output register may help in improving timing.
INFO: [Synth 8-7052] The timing for the instance Cfu/gbuff_A/gbuff_reg_1_16 (implemented as a Block RAM) might be sub-optimal as no optional output register could be merged into the ram block. Providing additional output register may help in improving timing.
INFO: [Synth 8-7052] The timing for the instance Cfu/gbuff_A/gbuff_reg_1_17 (implemented as a Block RAM) might be sub-optimal as no optional output register could be merged into the ram block. Providing additional output register may help in improving timing.
INFO: [Synth 8-7052] The timing for the instance Cfu/gbuff_A/gbuff_reg_1_18 (implemented as a Block RAM) might be sub-optimal as no optional output register could be merged into the ram block. Providing additional output register may help in improving timing.
INFO: [Synth 8-7052] The timing for the instance Cfu/gbuff_A/gbuff_reg_1_19 (implemented as a Block RAM) might be sub-optimal as no optional output register could be merged into the ram block. Providing additional output register may help in improving timing.
INFO: [Synth 8-7052] The timing for the instance Cfu/gbuff_A/gbuff_reg_1_20 (implemented as a Block RAM) might be sub-optimal as no optional output register could be merged into the ram block. Providing additional output register may help in improving timing.
INFO: [Synth 8-7052] The timing for the instance Cfu/gbuff_A/gbuff_reg_1_21 (implemented as a Block RAM) might be sub-optimal as no optional output register could be merged into the ram block. Providing additional output register may help in improving timing.
INFO: [Synth 8-7052] The timing for the instance Cfu/gbuff_A/gbuff_reg_1_22 (implemented as a Block RAM) might be sub-optimal as no optional output register could be merged into the ram block. Providing additional output register may help in improving timing.
INFO: [Synth 8-7052] The timing for the instance Cfu/gbuff_A/gbuff_reg_1_23 (implemented as a Block RAM) might be sub-optimal as no optional output register could be merged into the ram block. Providing additional output register may help in improving timing.
INFO: [Synth 8-7052] The timing for the instance Cfu/gbuff_A/gbuff_reg_1_24 (implemented as a Block RAM) might be sub-optimal as no optional output register could be merged into the ram block. Providing additional output register may help in improving timing.
INFO: [Synth 8-7052] The timing for the instance Cfu/gbuff_A/gbuff_reg_1_25 (implemented as a Block RAM) might be sub-optimal as no optional output register could be merged into the ram block. Providing additional output register may help in improving timing.
INFO: [Synth 8-7052] The timing for the instance Cfu/gbuff_A/gbuff_reg_1_26 (implemented as a Block RAM) might be sub-optimal as no optional output register could be merged into the ram block. Providing additional output register may help in improving timing.
INFO: [Synth 8-7052] The timing for the instance Cfu/gbuff_A/gbuff_reg_1_27 (implemented as a Block RAM) might be sub-optimal as no optional output register could be merged into the ram block. Providing additional output register may help in improving timing.
INFO: [Synth 8-7052] The timing for the instance Cfu/gbuff_A/gbuff_reg_1_28 (implemented as a Block RAM) might be sub-optimal as no optional output register could be merged into the ram block. Providing additional output register may help in improving timing.
INFO: [Synth 8-7052] The timing for the instance Cfu/gbuff_A/gbuff_reg_1_29 (implemented as a Block RAM) might be sub-optimal as no optional output register could be merged into the ram block. Providing additional output register may help in improving timing.
INFO: [Synth 8-7052] The timing for the instance Cfu/gbuff_A/gbuff_reg_1_30 (implemented as a Block RAM) might be sub-optimal as no optional output register could be merged into the ram block. Providing additional output register may help in improving timing.
INFO: [Synth 8-7052] The timing for the instance Cfu/gbuff_A/gbuff_reg_1_31 (implemented as a Block RAM) might be sub-optimal as no optional output register could be merged into the ram block. Providing additional output register may help in improving timing.
INFO: [Synth 8-7052] The timing for the instance Cfu/gbuff_B/gbuff_reg_1_0 (implemented as a Block RAM) might be sub-optimal as no optional output register could be merged into the ram block. Providing additional output register may help in improving timing.
INFO: [Synth 8-7052] The timing for the instance Cfu/gbuff_B/gbuff_reg_1_1 (implemented as a Block RAM) might be sub-optimal as no optional output register could be merged into the ram block. Providing additional output register may help in improving timing.
INFO: [Synth 8-7052] The timing for the instance Cfu/gbuff_B/gbuff_reg_1_2 (implemented as a Block RAM) might be sub-optimal as no optional output register could be merged into the ram block. Providing additional output register may help in improving timing.
INFO: [Synth 8-7052] The timing for the instance Cfu/gbuff_B/gbuff_reg_1_3 (implemented as a Block RAM) might be sub-optimal as no optional output register could be merged into the ram block. Providing additional output register may help in improving timing.
INFO: [Synth 8-7052] The timing for the instance Cfu/gbuff_B/gbuff_reg_1_4 (implemented as a Block RAM) might be sub-optimal as no optional output register could be merged into the ram block. Providing additional output register may help in improving timing.
INFO: [Synth 8-7052] The timing for the instance Cfu/gbuff_B/gbuff_reg_1_5 (implemented as a Block RAM) might be sub-optimal as no optional output register could be merged into the ram block. Providing additional output register may help in improving timing.
INFO: [Synth 8-7052] The timing for the instance Cfu/gbuff_B/gbuff_reg_1_6 (implemented as a Block RAM) might be sub-optimal as no optional output register could be merged into the ram block. Providing additional output register may help in improving timing.
INFO: [Synth 8-7052] The timing for the instance Cfu/gbuff_B/gbuff_reg_1_7 (implemented as a Block RAM) might be sub-optimal as no optional output register could be merged into the ram block. Providing additional output register may help in improving timing.
INFO: [Synth 8-7052] The timing for the instance Cfu/gbuff_B/gbuff_reg_1_8 (implemented as a Block RAM) might be sub-optimal as no optional output register could be merged into the ram block. Providing additional output register may help in improving timing.
INFO: [Synth 8-7052] The timing for the instance Cfu/gbuff_B/gbuff_reg_1_9 (implemented as a Block RAM) might be sub-optimal as no optional output register could be merged into the ram block. Providing additional output register may help in improving timing.
INFO: [Synth 8-7052] The timing for the instance Cfu/gbuff_B/gbuff_reg_1_10 (implemented as a Block RAM) might be sub-optimal as no optional output register could be merged into the ram block. Providing additional output register may help in improving timing.
INFO: [Synth 8-7052] The timing for the instance Cfu/gbuff_B/gbuff_reg_1_11 (implemented as a Block RAM) might be sub-optimal as no optional output register could be merged into the ram block. Providing additional output register may help in improving timing.
INFO: [Synth 8-7052] The timing for the instance Cfu/gbuff_B/gbuff_reg_1_12 (implemented as a Block RAM) might be sub-optimal as no optional output register could be merged into the ram block. Providing additional output register may help in improving timing.
INFO: [Synth 8-7052] The timing for the instance Cfu/gbuff_B/gbuff_reg_1_13 (implemented as a Block RAM) might be sub-optimal as no optional output register could be merged into the ram block. Providing additional output register may help in improving timing.
INFO: [Synth 8-7052] The timing for the instance Cfu/gbuff_B/gbuff_reg_1_14 (implemented as a Block RAM) might be sub-optimal as no optional output register could be merged into the ram block. Providing additional output register may help in improving timing.
INFO: [Synth 8-7052] The timing for the instance Cfu/gbuff_B/gbuff_reg_1_15 (implemented as a Block RAM) might be sub-optimal as no optional output register could be merged into the ram block. Providing additional output register may help in improving timing.
INFO: [Synth 8-7052] The timing for the instance Cfu/gbuff_B/gbuff_reg_1_16 (implemented as a Block RAM) might be sub-optimal as no optional output register could be merged into the ram block. Providing additional output register may help in improving timing.
INFO: [Synth 8-7052] The timing for the instance Cfu/gbuff_B/gbuff_reg_1_17 (implemented as a Block RAM) might be sub-optimal as no optional output register could be merged into the ram block. Providing additional output register may help in improving timing.
INFO: [Synth 8-7052] The timing for the instance Cfu/gbuff_B/gbuff_reg_1_18 (implemented as a Block RAM) might be sub-optimal as no optional output register could be merged into the ram block. Providing additional output register may help in improving timing.
INFO: [Synth 8-7052] The timing for the instance Cfu/gbuff_B/gbuff_reg_1_19 (implemented as a Block RAM) might be sub-optimal as no optional output register could be merged into the ram block. Providing additional output register may help in improving timing.
INFO: [Synth 8-7052] The timing for the instance Cfu/gbuff_B/gbuff_reg_1_20 (implemented as a Block RAM) might be sub-optimal as no optional output register could be merged into the ram block. Providing additional output register may help in improving timing.
INFO: [Synth 8-7052] The timing for the instance Cfu/gbuff_B/gbuff_reg_1_21 (implemented as a Block RAM) might be sub-optimal as no optional output register could be merged into the ram block. Providing additional output register may help in improving timing.
INFO: [Synth 8-7052] The timing for the instance Cfu/gbuff_B/gbuff_reg_1_22 (implemented as a Block RAM) might be sub-optimal as no optional output register could be merged into the ram block. Providing additional output register may help in improving timing.
INFO: [Synth 8-7052] The timing for the instance Cfu/gbuff_B/gbuff_reg_1_23 (implemented as a Block RAM) might be sub-optimal as no optional output register could be merged into the ram block. Providing additional output register may help in improving timing.
INFO: [Synth 8-7052] The timing for the instance Cfu/gbuff_B/gbuff_reg_1_24 (implemented as a Block RAM) might be sub-optimal as no optional output register could be merged into the ram block. Providing additional output register may help in improving timing.
INFO: [Synth 8-7052] The timing for the instance Cfu/gbuff_B/gbuff_reg_1_25 (implemented as a Block RAM) might be sub-optimal as no optional output register could be merged into the ram block. Providing additional output register may help in improving timing.
INFO: [Synth 8-7052] The timing for the instance Cfu/gbuff_B/gbuff_reg_1_26 (implemented as a Block RAM) might be sub-optimal as no optional output register could be merged into the ram block. Providing additional output register may help in improving timing.
INFO: [Synth 8-7052] The timing for the instance Cfu/gbuff_B/gbuff_reg_1_27 (implemented as a Block RAM) might be sub-optimal as no optional output register could be merged into the ram block. Providing additional output register may help in improving timing.
INFO: [Synth 8-7052] The timing for the instance Cfu/gbuff_B/gbuff_reg_1_28 (implemented as a Block RAM) might be sub-optimal as no optional output register could be merged into the ram block. Providing additional output register may help in improving timing.
INFO: [Synth 8-7052] The timing for the instance Cfu/gbuff_B/gbuff_reg_1_29 (implemented as a Block RAM) might be sub-optimal as no optional output register could be merged into the ram block. Providing additional output register may help in improving timing.
INFO: [Synth 8-7052] The timing for the instance Cfu/gbuff_B/gbuff_reg_1_30 (implemented as a Block RAM) might be sub-optimal as no optional output register could be merged into the ram block. Providing additional output register may help in improving timing.
INFO: [Synth 8-7052] The timing for the instance Cfu/gbuff_B/gbuff_reg_1_31 (implemented as a Block RAM) might be sub-optimal as no optional output register could be merged into the ram block. Providing additional output register may help in improving timing.
---------------------------------------------------------------------------------
Finished Technology Mapping : Time (s): cpu = 00:02:42 ; elapsed = 00:02:45 . Memory (MB): peak = 2836.309 ; gain = 1223.137 ; free physical = 6378 ; free virtual = 10656
---------------------------------------------------------------------------------
---------------------------------------------------------------------------------
Start IO Insertion
---------------------------------------------------------------------------------
---------------------------------------------------------------------------------
Start Flattening Before IO Insertion
---------------------------------------------------------------------------------
---------------------------------------------------------------------------------
Finished Flattening Before IO Insertion
---------------------------------------------------------------------------------
---------------------------------------------------------------------------------
Start Final Netlist Cleanup
---------------------------------------------------------------------------------
---------------------------------------------------------------------------------
Finished Final Netlist Cleanup
---------------------------------------------------------------------------------
WARNING: [Synth 8-5396] Clock pin C has keep related attribute (keep/mark_debug/dont_touch) which could create extra logic on its net [/home/masamuneprog/AAML/CFU-Playground/soc/build/digilent_nexys4ddr.AAML-2025-Project/gateware/digilent_nexys4ddr.v:9721]
WARNING: [Synth 8-5396] Clock pin C has keep related attribute (keep/mark_debug/dont_touch) which could create extra logic on its net [/home/masamuneprog/AAML/CFU-Playground/soc/build/digilent_nexys4ddr.AAML-2025-Project/gateware/digilent_nexys4ddr.v:9721]
WARNING: [Synth 8-5396] Clock pin C has keep related attribute (keep/mark_debug/dont_touch) which could create extra logic on its net [/home/masamuneprog/AAML/CFU-Playground/soc/build/digilent_nexys4ddr.AAML-2025-Project/gateware/digilent_nexys4ddr.v:9721]
WARNING: [Synth 8-5396] Clock pin C has keep related attribute (keep/mark_debug/dont_touch) which could create extra logic on its net [/home/masamuneprog/AAML/CFU-Playground/soc/build/digilent_nexys4ddr.AAML-2025-Project/gateware/digilent_nexys4ddr.v:9744]
WARNING: [Synth 8-5396] Clock pin C has keep related attribute (keep/mark_debug/dont_touch) which could create extra logic on its net [/home/masamuneprog/AAML/CFU-Playground/soc/build/digilent_nexys4ddr.AAML-2025-Project/gateware/digilent_nexys4ddr.v:9744]
WARNING: [Synth 8-5396] Clock pin C has keep related attribute (keep/mark_debug/dont_touch) which could create extra logic on its net [/home/masamuneprog/AAML/CFU-Playground/soc/build/digilent_nexys4ddr.AAML-2025-Project/gateware/digilent_nexys4ddr.v:9744]
WARNING: [Synth 8-5396] Clock pin C has keep related attribute (keep/mark_debug/dont_touch) which could create extra logic on its net [/home/masamuneprog/AAML/CFU-Playground/soc/build/digilent_nexys4ddr.AAML-2025-Project/gateware/digilent_nexys4ddr.v:9744]
WARNING: [Synth 8-5396] Clock pin C has keep related attribute (keep/mark_debug/dont_touch) which could create extra logic on its net [/home/masamuneprog/AAML/CFU-Playground/soc/build/digilent_nexys4ddr.AAML-2025-Project/gateware/digilent_nexys4ddr.v:9744]
WARNING: [Synth 8-5396] Clock pin C has keep related attribute (keep/mark_debug/dont_touch) which could create extra logic on its net [/home/masamuneprog/AAML/CFU-Playground/soc/build/digilent_nexys4ddr.AAML-2025-Project/gateware/digilent_nexys4ddr.v:9744]
WARNING: [Synth 8-5396] Clock pin C has keep related attribute (keep/mark_debug/dont_touch) which could create extra logic on its net [/home/masamuneprog/AAML/CFU-Playground/soc/build/digilent_nexys4ddr.AAML-2025-Project/gateware/digilent_nexys4ddr.v:9744]
WARNING: [Synth 8-5396] Clock pin C has keep related attribute (keep/mark_debug/dont_touch) which could create extra logic on its net [/home/masamuneprog/AAML/CFU-Playground/soc/build/digilent_nexys4ddr.AAML-2025-Project/gateware/digilent_nexys4ddr.v:9744]
WARNING: [Synth 8-5396] Clock pin C has keep related attribute (keep/mark_debug/dont_touch) which could create extra logic on its net [/home/masamuneprog/AAML/CFU-Playground/soc/build/digilent_nexys4ddr.AAML-2025-Project/gateware/digilent_nexys4ddr.v:9744]
WARNING: [Synth 8-5396] Clock pin C has keep related attribute (keep/mark_debug/dont_touch) which could create extra logic on its net [/home/masamuneprog/AAML/CFU-Playground/soc/build/digilent_nexys4ddr.AAML-2025-Project/gateware/digilent_nexys4ddr.v:9744]
WARNING: [Synth 8-5396] Clock pin C has keep related attribute (keep/mark_debug/dont_touch) which could create extra logic on its net [/home/masamuneprog/AAML/CFU-Playground/soc/build/digilent_nexys4ddr.AAML-2025-Project/gateware/digilent_nexys4ddr.v:11797]
WARNING: [Synth 8-5396] Clock pin C has keep related attribute (keep/mark_debug/dont_touch) which could create extra logic on its net [/home/masamuneprog/AAML/CFU-Playground/soc/build/digilent_nexys4ddr.AAML-2025-Project/gateware/digilent_nexys4ddr.v:11797]
WARNING: [Synth 8-5396] Clock pin C has keep related attribute (keep/mark_debug/dont_touch) which could create extra logic on its net [/home/masamuneprog/AAML/CFU-Playground/soc/build/digilent_nexys4ddr.AAML-2025-Project/gateware/digilent_nexys4ddr.v:11797]
WARNING: [Synth 8-5396] Clock pin C has keep related attribute (keep/mark_debug/dont_touch) which could create extra logic on its net [/home/masamuneprog/AAML/CFU-Playground/soc/build/digilent_nexys4ddr.AAML-2025-Project/gateware/digilent_nexys4ddr.v:11797]
WARNING: [Synth 8-5396] Clock pin C has keep related attribute (keep/mark_debug/dont_touch) which could create extra logic on its net [/home/masamuneprog/AAML/CFU-Playground/soc/build/digilent_nexys4ddr.AAML-2025-Project/gateware/digilent_nexys4ddr.v:11797]
WARNING: [Synth 8-5396] Clock pin C has keep related attribute (keep/mark_debug/dont_touch) which could create extra logic on its net [/home/masamuneprog/AAML/CFU-Playground/soc/build/digilent_nexys4ddr.AAML-2025-Project/gateware/digilent_nexys4ddr.v:11797]
WARNING: [Synth 8-5396] Clock pin C has keep related attribute (keep/mark_debug/dont_touch) which could create extra logic on its net [/home/masamuneprog/AAML/CFU-Playground/soc/build/digilent_nexys4ddr.AAML-2025-Project/gateware/digilent_nexys4ddr.v:11797]
WARNING: [Synth 8-5396] Clock pin C has keep related attribute (keep/mark_debug/dont_touch) which could create extra logic on its net [/home/masamuneprog/AAML/CFU-Playground/soc/build/digilent_nexys4ddr.AAML-2025-Project/gateware/digilent_nexys4ddr.v:11797]
WARNING: [Synth 8-5396] Clock pin C has keep related attribute (keep/mark_debug/dont_touch) which could create extra logic on its net [/home/masamuneprog/AAML/CFU-Playground/soc/build/digilent_nexys4ddr.AAML-2025-Project/gateware/digilent_nexys4ddr.v:11797]
WARNING: [Synth 8-5396] Clock pin C has keep related attribute (keep/mark_debug/dont_touch) which could create extra logic on its net [/home/masamuneprog/AAML/CFU-Playground/soc/build/digilent_nexys4ddr.AAML-2025-Project/gateware/digilent_nexys4ddr.v:11797]
WARNING: [Synth 8-5396] Clock pin C has keep related attribute (keep/mark_debug/dont_touch) which could create extra logic on its net [/home/masamuneprog/AAML/CFU-Playground/soc/build/digilent_nexys4ddr.AAML-2025-Project/gateware/digilent_nexys4ddr.v:11797]
WARNING: [Synth 8-5396] Clock pin C has keep related attribute (keep/mark_debug/dont_touch) which could create extra logic on its net [/home/masamuneprog/AAML/CFU-Playground/soc/build/digilent_nexys4ddr.AAML-2025-Project/gateware/digilent_nexys4ddr.v:11797]
WARNING: [Synth 8-5396] Clock pin C has keep related attribute (keep/mark_debug/dont_touch) which could create extra logic on its net [/home/masamuneprog/AAML/CFU-Playground/soc/build/digilent_nexys4ddr.AAML-2025-Project/gateware/digilent_nexys4ddr.v:11797]
WARNING: [Synth 8-5396] Clock pin C has keep related attribute (keep/mark_debug/dont_touch) which could create extra logic on its net [/home/masamuneprog/AAML/CFU-Playground/soc/build/digilent_nexys4ddr.AAML-2025-Project/gateware/digilent_nexys4ddr.v:11797]
WARNING: [Synth 8-5396] Clock pin C has keep related attribute (keep/mark_debug/dont_touch) which could create extra logic on its net [/home/masamuneprog/AAML/CFU-Playground/soc/build/digilent_nexys4ddr.AAML-2025-Project/gateware/digilent_nexys4ddr.v:11797]
WARNING: [Synth 8-5396] Clock pin C has keep related attribute (keep/mark_debug/dont_touch) which could create extra logic on its net [/home/masamuneprog/AAML/CFU-Playground/soc/build/digilent_nexys4ddr.AAML-2025-Project/gateware/digilent_nexys4ddr.v:11797]
WARNING: [Synth 8-5396] Clock pin C has keep related attribute (keep/mark_debug/dont_touch) which could create extra logic on its net [/home/masamuneprog/AAML/CFU-Playground/soc/build/digilent_nexys4ddr.AAML-2025-Project/gateware/digilent_nexys4ddr.v:11797]
WARNING: [Synth 8-5396] Clock pin C has keep related attribute (keep/mark_debug/dont_touch) which could create extra logic on its net [/home/masamuneprog/AAML/CFU-Playground/soc/build/digilent_nexys4ddr.AAML-2025-Project/gateware/digilent_nexys4ddr.v:11797]
WARNING: [Synth 8-5396] Clock pin C has keep related attribute (keep/mark_debug/dont_touch) which could create extra logic on its net [/home/masamuneprog/AAML/CFU-Playground/soc/build/digilent_nexys4ddr.AAML-2025-Project/gateware/digilent_nexys4ddr.v:11797]
WARNING: [Synth 8-5396] Clock pin C has keep related attribute (keep/mark_debug/dont_touch) which could create extra logic on its net [/home/masamuneprog/AAML/CFU-Playground/soc/build/digilent_nexys4ddr.AAML-2025-Project/gateware/digilent_nexys4ddr.v:11797]
WARNING: [Synth 8-5396] Clock pin C has keep related attribute (keep/mark_debug/dont_touch) which could create extra logic on its net [/home/masamuneprog/AAML/CFU-Playground/soc/build/digilent_nexys4ddr.AAML-2025-Project/gateware/digilent_nexys4ddr.v:11797]
WARNING: [Synth 8-5396] Clock pin C has keep related attribute (keep/mark_debug/dont_touch) which could create extra logic on its net [/home/masamuneprog/AAML/CFU-Playground/soc/build/digilent_nexys4ddr.AAML-2025-Project/gateware/digilent_nexys4ddr.v:11797]
WARNING: [Synth 8-5396] Clock pin C has keep related attribute (keep/mark_debug/dont_touch) which could create extra logic on its net [/home/masamuneprog/AAML/CFU-Playground/soc/build/digilent_nexys4ddr.AAML-2025-Project/gateware/digilent_nexys4ddr.v:11797]
WARNING: [Synth 8-5396] Clock pin C has keep related attribute (keep/mark_debug/dont_touch) which could create extra logic on its net [/home/masamuneprog/AAML/CFU-Playground/soc/build/digilent_nexys4ddr.AAML-2025-Project/gateware/digilent_nexys4ddr.v:11797]
WARNING: [Synth 8-5396] Clock pin C has keep related attribute (keep/mark_debug/dont_touch) which could create extra logic on its net [/home/masamuneprog/AAML/CFU-Playground/soc/build/digilent_nexys4ddr.AAML-2025-Project/gateware/digilent_nexys4ddr.v:11797]
WARNING: [Synth 8-5396] Clock pin C has keep related attribute (keep/mark_debug/dont_touch) which could create extra logic on its net [/home/masamuneprog/AAML/CFU-Playground/soc/build/digilent_nexys4ddr.AAML-2025-Project/gateware/digilent_nexys4ddr.v:11797]
WARNING: [Synth 8-5396] Clock pin C has keep related attribute (keep/mark_debug/dont_touch) which could create extra logic on its net [/home/masamuneprog/AAML/CFU-Playground/soc/build/digilent_nexys4ddr.AAML-2025-Project/gateware/digilent_nexys4ddr.v:11797]
WARNING: [Synth 8-5396] Clock pin C has keep related attribute (keep/mark_debug/dont_touch) which could create extra logic on its net [/home/masamuneprog/AAML/CFU-Playground/soc/build/digilent_nexys4ddr.AAML-2025-Project/gateware/digilent_nexys4ddr.v:11797]
WARNING: [Synth 8-5396] Clock pin C has keep related attribute (keep/mark_debug/dont_touch) which could create extra logic on its net [/home/masamuneprog/AAML/CFU-Playground/soc/build/digilent_nexys4ddr.AAML-2025-Project/gateware/digilent_nexys4ddr.v:11797]
WARNING: [Synth 8-5396] Clock pin C has keep related attribute (keep/mark_debug/dont_touch) which could create extra logic on its net [/home/masamuneprog/AAML/CFU-Playground/soc/build/digilent_nexys4ddr.AAML-2025-Project/gateware/digilent_nexys4ddr.v:11797]
WARNING: [Synth 8-5396] Clock pin C has keep related attribute (keep/mark_debug/dont_touch) which could create extra logic on its net [/home/masamuneprog/AAML/CFU-Playground/soc/build/digilent_nexys4ddr.AAML-2025-Project/gateware/digilent_nexys4ddr.v:11797]
WARNING: [Synth 8-5396] Clock pin C has keep related attribute (keep/mark_debug/dont_touch) which could create extra logic on its net [/home/masamuneprog/AAML/CFU-Playground/soc/build/digilent_nexys4ddr.AAML-2025-Project/gateware/digilent_nexys4ddr.v:11797]
WARNING: [Synth 8-5396] Clock pin C has keep related attribute (keep/mark_debug/dont_touch) which could create extra logic on its net [/home/masamuneprog/AAML/CFU-Playground/soc/build/digilent_nexys4ddr.AAML-2025-Project/gateware/digilent_nexys4ddr.v:11797]
WARNING: [Synth 8-5396] Clock pin C has keep related attribute (keep/mark_debug/dont_touch) which could create extra logic on its net [/home/masamuneprog/AAML/CFU-Playground/soc/build/digilent_nexys4ddr.AAML-2025-Project/gateware/digilent_nexys4ddr.v:11797]
WARNING: [Synth 8-5396] Clock pin C has keep related attribute (keep/mark_debug/dont_touch) which could create extra logic on its net [/home/masamuneprog/AAML/CFU-Playground/soc/build/digilent_nexys4ddr.AAML-2025-Project/gateware/digilent_nexys4ddr.v:11797]
WARNING: [Synth 8-5396] Clock pin C has keep related attribute (keep/mark_debug/dont_touch) which could create extra logic on its net [/home/masamuneprog/AAML/CFU-Playground/soc/build/digilent_nexys4ddr.AAML-2025-Project/gateware/digilent_nexys4ddr.v:11797]
WARNING: [Synth 8-5396] Clock pin C has keep related attribute (keep/mark_debug/dont_touch) which could create extra logic on its net [/home/masamuneprog/AAML/CFU-Playground/soc/build/digilent_nexys4ddr.AAML-2025-Project/gateware/digilent_nexys4ddr.v:11797]
WARNING: [Synth 8-5396] Clock pin C has keep related attribute (keep/mark_debug/dont_touch) which could create extra logic on its net [/home/masamuneprog/AAML/CFU-Playground/soc/build/digilent_nexys4ddr.AAML-2025-Project/gateware/digilent_nexys4ddr.v:11797]
WARNING: [Synth 8-5396] Clock pin C has keep related attribute (keep/mark_debug/dont_touch) which could create extra logic on its net [/home/masamuneprog/AAML/CFU-Playground/soc/build/digilent_nexys4ddr.AAML-2025-Project/gateware/digilent_nexys4ddr.v:11797]
WARNING: [Synth 8-5396] Clock pin C has keep related attribute (keep/mark_debug/dont_touch) which could create extra logic on its net [/home/masamuneprog/AAML/CFU-Playground/soc/build/digilent_nexys4ddr.AAML-2025-Project/gateware/digilent_nexys4ddr.v:11797]
WARNING: [Synth 8-5396] Clock pin C has keep related attribute (keep/mark_debug/dont_touch) which could create extra logic on its net [/home/masamuneprog/AAML/CFU-Playground/soc/build/digilent_nexys4ddr.AAML-2025-Project/gateware/digilent_nexys4ddr.v:11797]
WARNING: [Synth 8-5396] Clock pin C has keep related attribute (keep/mark_debug/dont_touch) which could create extra logic on its net [/home/masamuneprog/AAML/CFU-Playground/soc/build/digilent_nexys4ddr.AAML-2025-Project/gateware/digilent_nexys4ddr.v:11797]
WARNING: [Synth 8-5396] Clock pin C has keep related attribute (keep/mark_debug/dont_touch) which could create extra logic on its net [/home/masamuneprog/AAML/CFU-Playground/soc/build/digilent_nexys4ddr.AAML-2025-Project/gateware/digilent_nexys4ddr.v:11797]
WARNING: [Synth 8-5396] Clock pin C has keep related attribute (keep/mark_debug/dont_touch) which could create extra logic on its net [/home/masamuneprog/AAML/CFU-Playground/soc/build/digilent_nexys4ddr.AAML-2025-Project/gateware/digilent_nexys4ddr.v:11797]
WARNING: [Synth 8-5396] Clock pin C has keep related attribute (keep/mark_debug/dont_touch) which could create extra logic on its net [/home/masamuneprog/AAML/CFU-Playground/soc/build/digilent_nexys4ddr.AAML-2025-Project/gateware/digilent_nexys4ddr.v:11797]
WARNING: [Synth 8-5396] Clock pin C has keep related attribute (keep/mark_debug/dont_touch) which could create extra logic on its net [/home/masamuneprog/AAML/CFU-Playground/soc/build/digilent_nexys4ddr.AAML-2025-Project/gateware/digilent_nexys4ddr.v:11797]
WARNING: [Synth 8-5396] Clock pin C has keep related attribute (keep/mark_debug/dont_touch) which could create extra logic on its net [/home/masamuneprog/AAML/CFU-Playground/soc/build/digilent_nexys4ddr.AAML-2025-Project/gateware/digilent_nexys4ddr.v:11797]
WARNING: [Synth 8-5396] Clock pin C has keep related attribute (keep/mark_debug/dont_touch) which could create extra logic on its net [/home/masamuneprog/AAML/CFU-Playground/soc/build/digilent_nexys4ddr.AAML-2025-Project/gateware/digilent_nexys4ddr.v:11797]
WARNING: [Synth 8-5396] Clock pin C has keep related attribute (keep/mark_debug/dont_touch) which could create extra logic on its net [/home/masamuneprog/AAML/CFU-Playground/soc/build/digilent_nexys4ddr.AAML-2025-Project/gateware/digilent_nexys4ddr.v:11797]
WARNING: [Synth 8-5396] Clock pin C has keep related attribute (keep/mark_debug/dont_touch) which could create extra logic on its net [/home/masamuneprog/AAML/CFU-Playground/soc/build/digilent_nexys4ddr.AAML-2025-Project/gateware/digilent_nexys4ddr.v:11797]
WARNING: [Synth 8-5396] Clock pin C has keep related attribute (keep/mark_debug/dont_touch) which could create extra logic on its net [/home/masamuneprog/AAML/CFU-Playground/soc/build/digilent_nexys4ddr.AAML-2025-Project/gateware/digilent_nexys4ddr.v:11797]
WARNING: [Synth 8-5396] Clock pin C has keep related attribute (keep/mark_debug/dont_touch) which could create extra logic on its net [/home/masamuneprog/AAML/CFU-Playground/soc/build/digilent_nexys4ddr.AAML-2025-Project/gateware/digilent_nexys4ddr.v:11797]
WARNING: [Synth 8-5396] Clock pin C has keep related attribute (keep/mark_debug/dont_touch) which could create extra logic on its net [/home/masamuneprog/AAML/CFU-Playground/soc/build/digilent_nexys4ddr.AAML-2025-Project/gateware/digilent_nexys4ddr.v:11797]
WARNING: [Synth 8-5396] Clock pin C has keep related attribute (keep/mark_debug/dont_touch) which could create extra logic on its net [/home/masamuneprog/AAML/CFU-Playground/soc/build/digilent_nexys4ddr.AAML-2025-Project/gateware/digilent_nexys4ddr.v:11797]
WARNING: [Synth 8-5396] Clock pin C has keep related attribute (keep/mark_debug/dont_touch) which could create extra logic on its net [/home/masamuneprog/AAML/CFU-Playground/soc/build/digilent_nexys4ddr.AAML-2025-Project/gateware/digilent_nexys4ddr.v:11797]
WARNING: [Synth 8-5396] Clock pin C has keep related attribute (keep/mark_debug/dont_touch) which could create extra logic on its net [/home/masamuneprog/AAML/CFU-Playground/soc/build/digilent_nexys4ddr.AAML-2025-Project/gateware/digilent_nexys4ddr.v:11797]
WARNING: [Synth 8-5396] Clock pin C has keep related attribute (keep/mark_debug/dont_touch) which could create extra logic on its net [/home/masamuneprog/AAML/CFU-Playground/soc/build/digilent_nexys4ddr.AAML-2025-Project/gateware/digilent_nexys4ddr.v:11797]
WARNING: [Synth 8-5396] Clock pin C has keep related attribute (keep/mark_debug/dont_touch) which could create extra logic on its net [/home/masamuneprog/AAML/CFU-Playground/soc/build/digilent_nexys4ddr.AAML-2025-Project/gateware/digilent_nexys4ddr.v:11797]
WARNING: [Synth 8-5396] Clock pin C has keep related attribute (keep/mark_debug/dont_touch) which could create extra logic on its net [/home/masamuneprog/AAML/CFU-Playground/soc/build/digilent_nexys4ddr.AAML-2025-Project/gateware/digilent_nexys4ddr.v:11797]
WARNING: [Synth 8-5396] Clock pin C has keep related attribute (keep/mark_debug/dont_touch) which could create extra logic on its net [/home/masamuneprog/AAML/CFU-Playground/soc/build/digilent_nexys4ddr.AAML-2025-Project/gateware/digilent_nexys4ddr.v:11797]
WARNING: [Synth 8-5396] Clock pin C has keep related attribute (keep/mark_debug/dont_touch) which could create extra logic on its net [/home/masamuneprog/AAML/CFU-Playground/soc/build/digilent_nexys4ddr.AAML-2025-Project/gateware/digilent_nexys4ddr.v:11797]
WARNING: [Synth 8-5396] Clock pin C has keep related attribute (keep/mark_debug/dont_touch) which could create extra logic on its net [/home/masamuneprog/AAML/CFU-Playground/soc/build/digilent_nexys4ddr.AAML-2025-Project/gateware/digilent_nexys4ddr.v:11797]
WARNING: [Synth 8-5396] Clock pin C has keep related attribute (keep/mark_debug/dont_touch) which could create extra logic on its net [/home/masamuneprog/AAML/CFU-Playground/soc/build/digilent_nexys4ddr.AAML-2025-Project/gateware/digilent_nexys4ddr.v:11797]
WARNING: [Synth 8-5396] Clock pin C has keep related attribute (keep/mark_debug/dont_touch) which could create extra logic on its net [/home/masamuneprog/AAML/CFU-Playground/soc/build/digilent_nexys4ddr.AAML-2025-Project/gateware/digilent_nexys4ddr.v:11797]
WARNING: [Synth 8-5396] Clock pin C has keep related attribute (keep/mark_debug/dont_touch) which could create extra logic on its net [/home/masamuneprog/AAML/CFU-Playground/soc/build/digilent_nexys4ddr.AAML-2025-Project/gateware/digilent_nexys4ddr.v:11797]
WARNING: [Synth 8-5396] Clock pin C has keep related attribute (keep/mark_debug/dont_touch) which could create extra logic on its net [/home/masamuneprog/AAML/CFU-Playground/soc/build/digilent_nexys4ddr.AAML-2025-Project/gateware/digilent_nexys4ddr.v:11797]
WARNING: [Synth 8-5396] Clock pin C has keep related attribute (keep/mark_debug/dont_touch) which could create extra logic on its net [/home/masamuneprog/AAML/CFU-Playground/soc/build/digilent_nexys4ddr.AAML-2025-Project/gateware/digilent_nexys4ddr.v:11797]
WARNING: [Synth 8-5396] Clock pin C has keep related attribute (keep/mark_debug/dont_touch) which could create extra logic on its net [/home/masamuneprog/AAML/CFU-Playground/soc/build/digilent_nexys4ddr.AAML-2025-Project/gateware/digilent_nexys4ddr.v:11797]
WARNING: [Synth 8-5396] Clock pin C has keep related attribute (keep/mark_debug/dont_touch) which could create extra logic on its net [/home/masamuneprog/AAML/CFU-Playground/soc/build/digilent_nexys4ddr.AAML-2025-Project/gateware/digilent_nexys4ddr.v:11797]
WARNING: [Synth 8-5396] Clock pin C has keep related attribute (keep/mark_debug/dont_touch) which could create extra logic on its net [/home/masamuneprog/AAML/CFU-Playground/soc/build/digilent_nexys4ddr.AAML-2025-Project/gateware/digilent_nexys4ddr.v:11797]
WARNING: [Synth 8-5396] Clock pin C has keep related attribute (keep/mark_debug/dont_touch) which could create extra logic on its net [/home/masamuneprog/AAML/CFU-Playground/soc/build/digilent_nexys4ddr.AAML-2025-Project/gateware/digilent_nexys4ddr.v:11797]
WARNING: [Synth 8-5396] Clock pin C has keep related attribute (keep/mark_debug/dont_touch) which could create extra logic on its net [/home/masamuneprog/AAML/CFU-Playground/soc/build/digilent_nexys4ddr.AAML-2025-Project/gateware/digilent_nexys4ddr.v:11797]
WARNING: [Synth 8-5396] Clock pin C has keep related attribute (keep/mark_debug/dont_touch) which could create extra logic on its net [/home/masamuneprog/AAML/CFU-Playground/soc/build/digilent_nexys4ddr.AAML-2025-Project/gateware/digilent_nexys4ddr.v:11797]
WARNING: [Synth 8-5396] Clock pin C has keep related attribute (keep/mark_debug/dont_touch) which could create extra logic on its net [/home/masamuneprog/AAML/CFU-Playground/soc/build/digilent_nexys4ddr.AAML-2025-Project/gateware/digilent_nexys4ddr.v:11797]
WARNING: [Synth 8-5396] Clock pin C has keep related attribute (keep/mark_debug/dont_touch) which could create extra logic on its net [/home/masamuneprog/AAML/CFU-Playground/soc/build/digilent_nexys4ddr.AAML-2025-Project/gateware/digilent_nexys4ddr.v:11797]
WARNING: [Synth 8-5396] Clock pin C has keep related attribute (keep/mark_debug/dont_touch) which could create extra logic on its net [/home/masamuneprog/AAML/CFU-Playground/soc/build/digilent_nexys4ddr.AAML-2025-Project/gateware/digilent_nexys4ddr.v:11797]
WARNING: [Synth 8-5396] Clock pin C has keep related attribute (keep/mark_debug/dont_touch) which could create extra logic on its net [/home/masamuneprog/AAML/CFU-Playground/soc/build/digilent_nexys4ddr.AAML-2025-Project/gateware/digilent_nexys4ddr.v:11797]
WARNING: [Synth 8-5396] Clock pin C has keep related attribute (keep/mark_debug/dont_touch) which could create extra logic on its net [/home/masamuneprog/AAML/CFU-Playground/soc/build/digilent_nexys4ddr.AAML-2025-Project/gateware/digilent_nexys4ddr.v:11797]
WARNING: [Synth 8-5396] Clock pin C has keep related attribute (keep/mark_debug/dont_touch) which could create extra logic on its net [/home/masamuneprog/AAML/CFU-Playground/soc/build/digilent_nexys4ddr.AAML-2025-Project/gateware/digilent_nexys4ddr.v:9744]
WARNING: [Synth 8-5396] Clock pin C has keep related attribute (keep/mark_debug/dont_touch) which could create extra logic on its net [/home/masamuneprog/AAML/CFU-Playground/soc/build/digilent_nexys4ddr.AAML-2025-Project/gateware/digilent_nexys4ddr.v:9744]
WARNING: [Synth 8-5396] Clock pin C has keep related attribute (keep/mark_debug/dont_touch) which could create extra logic on its net [/home/masamuneprog/AAML/CFU-Playground/soc/build/digilent_nexys4ddr.AAML-2025-Project/gateware/digilent_nexys4ddr.v:9744]
WARNING: [Synth 8-5396] Clock pin C has keep related attribute (keep/mark_debug/dont_touch) which could create extra logic on its net [/home/masamuneprog/AAML/CFU-Playground/soc/build/digilent_nexys4ddr.AAML-2025-Project/gateware/digilent_nexys4ddr.v:9744]
WARNING: [Synth 8-5396] Clock pin C has keep related attribute (keep/mark_debug/dont_touch) which could create extra logic on its net [/home/masamuneprog/AAML/CFU-Playground/soc/build/digilent_nexys4ddr.AAML-2025-Project/gateware/digilent_nexys4ddr.v:9744]
WARNING: [Synth 8-5396] Clock pin C has keep related attribute (keep/mark_debug/dont_touch) which could create extra logic on its net [/home/masamuneprog/AAML/CFU-Playground/soc/build/digilent_nexys4ddr.AAML-2025-Project/gateware/digilent_nexys4ddr.v:9744]
WARNING: [Synth 8-5396] Clock pin C has keep related attribute (keep/mark_debug/dont_touch) which could create extra logic on its net [/home/masamuneprog/AAML/CFU-Playground/soc/build/digilent_nexys4ddr.AAML-2025-Project/gateware/digilent_nexys4ddr.v:9744]
WARNING: [Synth 8-5396] Clock pin C has keep related attribute (keep/mark_debug/dont_touch) which could create extra logic on its net [/home/masamuneprog/AAML/CFU-Playground/soc/build/digilent_nexys4ddr.AAML-2025-Project/gateware/digilent_nexys4ddr.v:9744]
WARNING: [Synth 8-5396] Clock pin C has keep related attribute (keep/mark_debug/dont_touch) which could create extra logic on its net [/home/masamuneprog/AAML/CFU-Playground/soc/build/digilent_nexys4ddr.AAML-2025-Project/gateware/digilent_nexys4ddr.v:9744]
INFO: [Common 17-14] Message 'Synth 8-5396' appears 100 times and further instances of the messages will be disabled. Use the Tcl command set_msg_config to change the current settings.
---------------------------------------------------------------------------------
Finished IO Insertion : Time (s): cpu = 00:02:49 ; elapsed = 00:02:51 . Memory (MB): peak = 2836.309 ; gain = 1223.137 ; free physical = 6371 ; free virtual = 10649
---------------------------------------------------------------------------------
---------------------------------------------------------------------------------
Start Renaming Generated Instances
---------------------------------------------------------------------------------
---------------------------------------------------------------------------------
Finished Renaming Generated Instances : Time (s): cpu = 00:02:49 ; elapsed = 00:02:52 . Memory (MB): peak = 2836.309 ; gain = 1223.137 ; free physical = 6368 ; free virtual = 10646
---------------------------------------------------------------------------------
---------------------------------------------------------------------------------
Start Rebuilding User Hierarchy
---------------------------------------------------------------------------------
---------------------------------------------------------------------------------
Finished Rebuilding User Hierarchy : Time (s): cpu = 00:02:52 ; elapsed = 00:02:54 . Memory (MB): peak = 2836.309 ; gain = 1223.137 ; free physical = 6372 ; free virtual = 10650
---------------------------------------------------------------------------------
---------------------------------------------------------------------------------
Start Renaming Generated Ports
---------------------------------------------------------------------------------
---------------------------------------------------------------------------------
Finished Renaming Generated Ports : Time (s): cpu = 00:02:52 ; elapsed = 00:02:55 . Memory (MB): peak = 2836.309 ; gain = 1223.137 ; free physical = 6372 ; free virtual = 10650
---------------------------------------------------------------------------------
---------------------------------------------------------------------------------
Start Handling Custom Attributes
---------------------------------------------------------------------------------
---------------------------------------------------------------------------------
Finished Handling Custom Attributes : Time (s): cpu = 00:02:52 ; elapsed = 00:02:55 . Memory (MB): peak = 2836.309 ; gain = 1223.137 ; free physical = 6370 ; free virtual = 10649
---------------------------------------------------------------------------------
---------------------------------------------------------------------------------
Start Renaming Generated Nets
---------------------------------------------------------------------------------
---------------------------------------------------------------------------------
Finished Renaming Generated Nets : Time (s): cpu = 00:02:53 ; elapsed = 00:02:55 . Memory (MB): peak = 2836.309 ; gain = 1223.137 ; free physical = 6370 ; free virtual = 10649
---------------------------------------------------------------------------------
---------------------------------------------------------------------------------
Start ROM, RAM, DSP, Shift Register and Retiming Reporting
---------------------------------------------------------------------------------

Static Shift Register Report:
+-------------------+-------------------------------------------------+--------+-------+--------------+--------------------+-------------------+--------+---------+
|Module Name        | RTL Name                                        | Length | Width | Reset Signal | Pull out first Reg | Pull out last Reg | SRL16E | SRLC32E | 
+-------------------+-------------------------------------------------+--------+-------+--------------+--------------------+-------------------+--------+---------+
|digilent_nexys4ddr | soc_builder_basesoc_new_master_rdata_valid8_reg | 9      | 1     | YES          | NO                 | YES               | 1      | 0       | 
|digilent_nexys4ddr | soc_a7ddrphy_rddata_en_tappeddelayline7_reg     | 8      | 1     | YES          | NO                 | YES               | 1      | 0       | 
+-------------------+-------------------------------------------------+--------+-------+--------------+--------------------+-------------------+--------+---------+

---------------------------------------------------------------------------------
Finished ROM, RAM, DSP, Shift Register and Retiming Reporting
---------------------------------------------------------------------------------
---------------------------------------------------------------------------------
Start Writing Synthesis Report
---------------------------------------------------------------------------------

DSP Final Report (the ' indicates corresponding REG is set)
+------------+-----------------+--------+--------+--------+--------+--------+------+------+------+------+-------+------+------+
|Module Name | DSP Mapping     | A Size | B Size | C Size | D Size | P Size | AREG | BREG | CREG | DREG | ADREG | MREG | PREG | 
+------------+-----------------+--------+--------+--------+--------+--------+------+------+------+------+-------+------+------+
|leaky_relu  | (A*B)'          | 17     | 18     | -      | -      | 48     | 0    | 0    | -    | -    | -     | 1    | 0    | 
|leaky_relu  | PCIN>>17+(A*B)' | 30     | 18     | -      | -      | 30     | 0    | 0    | -    | -    | -     | 1    | 0    | 
|leaky_relu  | (A*B)'          | 17     | 17     | -      | -      | 48     | 0    | 0    | -    | -    | -     | 1    | 0    | 
|leaky_relu  | PCIN>>17+(A*B)' | 17     | 18     | -      | -      | 47     | 0    | 0    | -    | -    | -     | 1    | 0    | 
|VexRiscv    | ((A*B)')'       | 30     | 18     | -      | -      | 32     | 0    | 0    | -    | -    | -     | 1    | 1    | 
|VexRiscv    | (A*B)'          | 16     | 18     | -      | -      | 34     | 0    | 0    | -    | -    | -     | 0    | 1    | 
|VexRiscv    | (A*B)'          | 30     | 16     | -      | -      | 34     | 0    | 0    | -    | -    | -     | 0    | 1    | 
|VexRiscv    | (A*B)'          | 16     | 16     | -      | -      | 32     | 0    | 0    | -    | -    | -     | 0    | 1    | 
+------------+-----------------+--------+--------+--------+--------+--------+------+------+------+------+-------+------+------+


Report BlackBoxes: 
+-+--------------+----------+
| |BlackBox name |Instances |
+-+--------------+----------+
+-+--------------+----------+

Report Cell Usage: 
+------+-----------+------+
|      |Cell       |Count |
+------+-----------+------+
|1     |BUFG       |     7|
|2     |CARRY4     |   779|
|3     |DSP48E1    |     8|
|6     |IDELAYCTRL |     1|
|7     |IDELAYE2   |    16|
|8     |ISERDESE2  |    16|
|9     |LUT1       |   212|
|10    |LUT2       |  1946|
|11    |LUT3       |  1264|
|12    |LUT4       |  1608|
|13    |LUT5       |  2429|
|14    |LUT6       |  6751|
|15    |MMCME2_ADV |     1|
|16    |MUXF7      |  1932|
|17    |MUXF8      |   761|
|18    |OSERDESE2  |    43|
|19    |RAM128X1D  |   512|
|20    |RAM256X1S  |   256|
|21    |RAM32M     |    36|
|22    |RAM64M     |   448|
|23    |RAMB18E1   |     8|
|25    |RAMB36E1   |   130|
|28    |SRL16E     |     2|
|29    |FDCE       |     8|
|30    |FDPE       |     4|
|31    |FDRE       |  6329|
|32    |FDSE       |   179|
|33    |IBUF       |     3|
|34    |IOBUF      |    16|
|35    |IOBUFDS    |     2|
|36    |OBUF       |    41|
|37    |OBUFDS     |     1|
+------+-----------+------+
---------------------------------------------------------------------------------
Finished Writing Synthesis Report : Time (s): cpu = 00:02:53 ; elapsed = 00:02:55 . Memory (MB): peak = 2836.309 ; gain = 1223.137 ; free physical = 6370 ; free virtual = 10649
---------------------------------------------------------------------------------
Synthesis finished with 0 errors, 0 critical warnings and 7972 warnings.
Synthesis Optimization Runtime : Time (s): cpu = 00:02:47 ; elapsed = 00:02:50 . Memory (MB): peak = 2836.309 ; gain = 1081.352 ; free physical = 6370 ; free virtual = 10649
Synthesis Optimization Complete : Time (s): cpu = 00:02:53 ; elapsed = 00:02:56 . Memory (MB): peak = 2836.316 ; gain = 1223.137 ; free physical = 6370 ; free virtual = 10649
INFO: [Project 1-571] Translating synthesized netlist
Netlist sorting complete. Time (s): cpu = 00:00:00.31 ; elapsed = 00:00:00.32 . Memory (MB): peak = 2836.316 ; gain = 0.000 ; free physical = 6675 ; free virtual = 10954
INFO: [Netlist 29-17] Analyzing 4922 Unisim elements for replacement
INFO: [Netlist 29-28] Unisim Transformation completed in 1 CPU seconds
INFO: [Project 1-570] Preparing netlist for logic optimization
Parsing XDC File [/home/masamuneprog/AAML/CFU-Playground/soc/build/digilent_nexys4ddr.AAML-2025-Project/gateware/digilent_nexys4ddr.xdc]
INFO: [Timing 38-35] Done setting XDC timing constraints. [/home/masamuneprog/AAML/CFU-Playground/soc/build/digilent_nexys4ddr.AAML-2025-Project/gateware/digilent_nexys4ddr.xdc:343]
INFO: [Timing 38-2] Deriving generated clocks [/home/masamuneprog/AAML/CFU-Playground/soc/build/digilent_nexys4ddr.AAML-2025-Project/gateware/digilent_nexys4ddr.xdc:343]
WARNING: [Vivado 12-3521] Clock specified in more than one group: soc_crg_clkout0 [/home/masamuneprog/AAML/CFU-Playground/soc/build/digilent_nexys4ddr.AAML-2025-Project/gateware/digilent_nexys4ddr.xdc:343]
Finished Parsing XDC File [/home/masamuneprog/AAML/CFU-Playground/soc/build/digilent_nexys4ddr.AAML-2025-Project/gateware/digilent_nexys4ddr.xdc]
INFO: [Opt 31-138] Pushed 4 inverter(s) to 418 load pin(s).
Netlist sorting complete. Time (s): cpu = 00:00:00.04 ; elapsed = 00:00:00.04 . Memory (MB): peak = 3100.199 ; gain = 0.000 ; free physical = 6333 ; free virtual = 10629
INFO: [Project 1-111] Unisim Transformation Summary:
  A total of 1271 instances were transformed.
  IOBUF => IOBUF (IBUF, OBUFT): 16 instances
  IOBUFDS => IOBUFDS (IBUFDS, INV, OBUFTDS(x2)): 2 instances
  OBUFDS => OBUFDS_DUAL_BUF (INV, OBUFDS(x2)): 1 instance 
  RAM128X1D => RAM128X1D (MUXF7(x2), RAMD64E(x4)): 512 instances
  RAM256X1S => RAM256X1S (inverted pins: WCLK) (MUXF7(x2), MUXF8, RAMS64E(x4)): 256 instances
  RAM32M => RAM32M (RAMD32(x6), RAMS32(x2)): 36 instances
  RAM64M => RAM64M (RAMD64E(x4)): 448 instances

Synth Design complete | Checksum: 69b0ea6f
INFO: [Common 17-83] Releasing license: Synthesis
160 Infos, 540 Warnings, 0 Critical Warnings and 0 Errors encountered.
synth_design completed successfully
synth_design: Time (s): cpu = 00:03:19 ; elapsed = 00:03:15 . Memory (MB): peak = 3100.234 ; gain = 1781.164 ; free physical = 6332 ; free virtual = 10628
INFO: [Common 17-2834] synth_design peak Physical Memory [PSS] (MB): overall = 2681.708; main = 2428.938; forked = 442.555
INFO: [Common 17-2834] synth_design peak Virtual Memory [VSS] (MB): overall = 3824.695; main = 3100.199; forked = 988.387
# report_timing_summary -file digilent_nexys4ddr_timing_synth.rpt
INFO: [Timing 38-35] Done setting XDC timing constraints.
INFO: [Timing 38-91] UpdateTimingParams: Speed grade: -1, Delay Type: min_max.
INFO: [Timing 38-191] Multithreading enabled for timing update using a maximum of 8 CPUs
# report_utilization -hierarchical -file digilent_nexys4ddr_utilization_hierarchical_synth.rpt
# report_utilization -file digilent_nexys4ddr_utilization_synth.rpt
# opt_design -directive default
Command: opt_design -directive default
INFO: [Vivado_Tcl 4-136] Directive used for opt_design is: default
Attempting to get a license for feature 'Implementation' and/or device 'xc7a100t'
INFO: [Common 17-349] Got license for feature 'Implementation' and/or device 'xc7a100t'
Running DRC as a precondition to command opt_design

Starting DRC Task
INFO: [DRC 23-27] Running DRC with 8 threads
INFO: [Project 1-461] DRC finished with 0 Errors
INFO: [Project 1-462] Please refer to the DRC report (report_drc) for more information.

Time (s): cpu = 00:00:03 ; elapsed = 00:00:01 . Memory (MB): peak = 3171.258 ; gain = 64.031 ; free physical = 6280 ; free virtual = 10577

Starting Cache Timing Information Task
Ending Cache Timing Information Task | Checksum: 1ab909f73

Time (s): cpu = 00:00:00.02 ; elapsed = 00:00:00.02 . Memory (MB): peak = 3171.258 ; gain = 0.000 ; free physical = 6280 ; free virtual = 10577

Starting Logic Optimization Task

Phase 1 Initialization

Phase 1.1 Core Generation And Design Setup
Phase 1.1 Core Generation And Design Setup | Checksum: 1ab909f73

Time (s): cpu = 00:00:00.01 ; elapsed = 00:00:00.02 . Memory (MB): peak = 3171.258 ; gain = 0.000 ; free physical = 6279 ; free virtual = 10576

Phase 1.2 Setup Constraints And Sort Netlist
Phase 1.2 Setup Constraints And Sort Netlist | Checksum: 1ab909f73

Time (s): cpu = 00:00:00.03 ; elapsed = 00:00:00.05 . Memory (MB): peak = 3171.258 ; gain = 0.000 ; free physical = 6279 ; free virtual = 10576
Phase 1 Initialization | Checksum: 1ab909f73

Time (s): cpu = 00:00:00.04 ; elapsed = 00:00:00.05 . Memory (MB): peak = 3171.258 ; gain = 0.000 ; free physical = 6279 ; free virtual = 10576

Phase 2 Timer Update And Timing Data Collection

Phase 2.1 Timer Update
Phase 2.1 Timer Update | Checksum: 1ab909f73

Time (s): cpu = 00:00:03 ; elapsed = 00:00:00.66 . Memory (MB): peak = 3171.258 ; gain = 0.000 ; free physical = 6280 ; free virtual = 10577

Phase 2.2 Timing Data Collection
Phase 2.2 Timing Data Collection | Checksum: 1ab909f73

Time (s): cpu = 00:00:03 ; elapsed = 00:00:00.75 . Memory (MB): peak = 3171.258 ; gain = 0.000 ; free physical = 6280 ; free virtual = 10577
Phase 2 Timer Update And Timing Data Collection | Checksum: 1ab909f73

Time (s): cpu = 00:00:03 ; elapsed = 00:00:00.76 . Memory (MB): peak = 3171.258 ; gain = 0.000 ; free physical = 6280 ; free virtual = 10577

Phase 3 Retarget
INFO: [Opt 31-1566] Pulled 25 inverters resulting in an inversion of 119 pins
INFO: [Opt 31-138] Pushed 3 inverter(s) to 127 load pin(s).
INFO: [Opt 31-49] Retargeted 0 cell(s).
Phase 3 Retarget | Checksum: 1be38a65e

Time (s): cpu = 00:00:04 ; elapsed = 00:00:01 . Memory (MB): peak = 3171.258 ; gain = 0.000 ; free physical = 6280 ; free virtual = 10577
Retarget | Checksum: 1be38a65e
INFO: [Opt 31-389] Phase Retarget created 0 cells and removed 31 cells
INFO: [Opt 31-1021] In phase Retarget, 4 netlist objects are constrained preventing optimization. Please run opt_design with -debug_log to get more detail. 

Phase 4 Constant propagation
INFO: [Opt 31-138] Pushed 0 inverter(s) to 0 load pin(s).
Phase 4 Constant propagation | Checksum: 134ad27d4

Time (s): cpu = 00:00:04 ; elapsed = 00:00:02 . Memory (MB): peak = 3171.258 ; gain = 0.000 ; free physical = 6281 ; free virtual = 10578
Constant propagation | Checksum: 134ad27d4
INFO: [Opt 31-389] Phase Constant propagation created 1 cells and removed 4 cells
INFO: [Opt 31-1021] In phase Constant propagation, 2 netlist objects are constrained preventing optimization. Please run opt_design with -debug_log to get more detail. 

Phase 5 Sweep
Phase 5 Sweep | Checksum: 1a4cbaf1a

Time (s): cpu = 00:00:05 ; elapsed = 00:00:02 . Memory (MB): peak = 3171.258 ; gain = 0.000 ; free physical = 6281 ; free virtual = 10578
Sweep | Checksum: 1a4cbaf1a
INFO: [Opt 31-389] Phase Sweep created 0 cells and removed 5 cells
INFO: [Opt 31-1021] In phase Sweep, 28 netlist objects are constrained preventing optimization. Please run opt_design with -debug_log to get more detail. 

Phase 6 BUFG optimization
Phase 6 BUFG optimization | Checksum: 1a4cbaf1a

Time (s): cpu = 00:00:06 ; elapsed = 00:00:03 . Memory (MB): peak = 3171.258 ; gain = 0.000 ; free physical = 6283 ; free virtual = 10580
BUFG optimization | Checksum: 1a4cbaf1a
INFO: [Opt 31-662] Phase BUFG optimization created 0 cells of which 0 are BUFGs and removed 0 cells.
INFO: [Opt 31-1021] In phase BUFG optimization, 3 netlist objects are constrained preventing optimization. Please run opt_design with -debug_log to get more detail. 

Phase 7 Shift Register Optimization
INFO: [Opt 31-1064] SRL Remap converted 0 SRLs to 0 registers and converted 0 registers of register chains to 0 SRLs
Phase 7 Shift Register Optimization | Checksum: 1a4cbaf1a

Time (s): cpu = 00:00:06 ; elapsed = 00:00:03 . Memory (MB): peak = 3171.258 ; gain = 0.000 ; free physical = 6283 ; free virtual = 10580
Shift Register Optimization | Checksum: 1a4cbaf1a
INFO: [Opt 31-389] Phase Shift Register Optimization created 0 cells and removed 0 cells

Phase 8 Post Processing Netlist
Phase 8 Post Processing Netlist | Checksum: 1a4cbaf1a

Time (s): cpu = 00:00:06 ; elapsed = 00:00:03 . Memory (MB): peak = 3171.258 ; gain = 0.000 ; free physical = 6283 ; free virtual = 10580
Post Processing Netlist | Checksum: 1a4cbaf1a
INFO: [Opt 31-389] Phase Post Processing Netlist created 0 cells and removed 0 cells
INFO: [Opt 31-1021] In phase Post Processing Netlist, 2 netlist objects are constrained preventing optimization. Please run opt_design with -debug_log to get more detail. 

Phase 9 Finalization

Phase 9.1 Finalizing Design Cores and Updating Shapes
Phase 9.1 Finalizing Design Cores and Updating Shapes | Checksum: 97d9ee80

Time (s): cpu = 00:00:07 ; elapsed = 00:00:03 . Memory (MB): peak = 3171.258 ; gain = 0.000 ; free physical = 6283 ; free virtual = 10580

Phase 9.2 Verifying Netlist Connectivity

Starting Connectivity Check Task

Time (s): cpu = 00:00:00.09 ; elapsed = 00:00:00.1 . Memory (MB): peak = 3171.258 ; gain = 0.000 ; free physical = 6283 ; free virtual = 10580
Phase 9.2 Verifying Netlist Connectivity | Checksum: 97d9ee80

Time (s): cpu = 00:00:07 ; elapsed = 00:00:04 . Memory (MB): peak = 3171.258 ; gain = 0.000 ; free physical = 6283 ; free virtual = 10580
Phase 9 Finalization | Checksum: 97d9ee80

Time (s): cpu = 00:00:07 ; elapsed = 00:00:04 . Memory (MB): peak = 3171.258 ; gain = 0.000 ; free physical = 6283 ; free virtual = 10580
Opt_design Change Summary
=========================


-------------------------------------------------------------------------------------------------------------------------
|  Phase                        |  #Cells created  |  #Cells Removed  |  #Constrained objects preventing optimizations  |
-------------------------------------------------------------------------------------------------------------------------
|  Retarget                     |               0  |              31  |                                              4  |
|  Constant propagation         |               1  |               4  |                                              2  |
|  Sweep                        |               0  |               5  |                                             28  |
|  BUFG optimization            |               0  |               0  |                                              3  |
|  Shift Register Optimization  |               0  |               0  |                                              0  |
|  Post Processing Netlist      |               0  |               0  |                                              2  |
-------------------------------------------------------------------------------------------------------------------------


Ending Logic Optimization Task | Checksum: 97d9ee80

Time (s): cpu = 00:00:07 ; elapsed = 00:00:04 . Memory (MB): peak = 3171.258 ; gain = 0.000 ; free physical = 6283 ; free virtual = 10580
INFO: [Constraints 18-11670] Building netlist checker database with flags, 0x8
Done building netlist checker database: Time (s): cpu = 00:00:00.02 ; elapsed = 00:00:00.02 . Memory (MB): peak = 3171.258 ; gain = 0.000 ; free physical = 6283 ; free virtual = 10580

Starting Power Optimization Task
INFO: [Pwropt 34-132] Skipping clock gating for clocks with a period < 2.00 ns.
INFO: [Timing 38-35] Done setting XDC timing constraints.
Running Vector-less Activity Propagation...

Finished Running Vector-less Activity Propagation
INFO: [Pwropt 34-9] Applying IDT optimizations ...
INFO: [Pwropt 34-10] Applying ODC optimizations ...


Starting PowerOpt Patch Enables Task
INFO: [Pwropt 34-162] WRITE_MODE attribute of 0 BRAM(s) out of a total of 138 has been updated to save power. Run report_power_opt to get a complete listing of the BRAMs updated.
INFO: [Pwropt 34-201] Structural ODC has moved 0 WE to EN ports
Number of BRAM Ports augmented: 4 newly gated: 65 Total Ports: 276
Ending PowerOpt Patch Enables Task | Checksum: 193857c64

Time (s): cpu = 00:00:01 ; elapsed = 00:00:00.68 . Memory (MB): peak = 3512.102 ; gain = 0.000 ; free physical = 6038 ; free virtual = 10342
Ending Power Optimization Task | Checksum: 193857c64

Time (s): cpu = 00:00:24 ; elapsed = 00:00:12 . Memory (MB): peak = 3512.102 ; gain = 340.844 ; free physical = 6038 ; free virtual = 10342

Starting Final Cleanup Task

Starting Logic Optimization Task
INFO: [Timing 38-35] Done setting XDC timing constraints.
Ending Logic Optimization Task | Checksum: cdf6a97f

Time (s): cpu = 00:00:06 ; elapsed = 00:00:02 . Memory (MB): peak = 3512.102 ; gain = 0.000 ; free physical = 6038 ; free virtual = 10343
INFO: [Constraints 18-11670] Building netlist checker database with flags, 0x8
Done building netlist checker database: Time (s): cpu = 00:00:00.02 ; elapsed = 00:00:00.01 . Memory (MB): peak = 3512.102 ; gain = 0.000 ; free physical = 6038 ; free virtual = 10343
Ending Final Cleanup Task | Checksum: cdf6a97f

Time (s): cpu = 00:00:10 ; elapsed = 00:00:06 . Memory (MB): peak = 3512.102 ; gain = 0.000 ; free physical = 6038 ; free virtual = 10343

Starting Netlist Obfuscation Task
Netlist sorting complete. Time (s): cpu = 00:00:00 ; elapsed = 00:00:00.01 . Memory (MB): peak = 3512.102 ; gain = 0.000 ; free physical = 6038 ; free virtual = 10343
Ending Netlist Obfuscation Task | Checksum: cdf6a97f

Time (s): cpu = 00:00:00 ; elapsed = 00:00:00.01 . Memory (MB): peak = 3512.102 ; gain = 0.000 ; free physical = 6038 ; free virtual = 10343
INFO: [Common 17-83] Releasing license: Implementation
31 Infos, 0 Warnings, 0 Critical Warnings and 0 Errors encountered.
opt_design completed successfully
opt_design: Time (s): cpu = 00:00:47 ; elapsed = 00:00:26 . Memory (MB): peak = 3512.102 ; gain = 404.875 ; free physical = 6038 ; free virtual = 10343
# place_design -directive default
Command: place_design -directive default
Attempting to get a license for feature 'Implementation' and/or device 'xc7a100t'
INFO: [Common 17-349] Got license for feature 'Implementation' and/or device 'xc7a100t'
INFO: [Common 17-83] Releasing license: Implementation
INFO: [DRC 23-27] Running DRC with 8 threads
INFO: [Vivado_Tcl 4-198] DRC finished with 0 Errors
INFO: [Vivado_Tcl 4-199] Please refer to the DRC report (report_drc) for more information.
Running DRC as a precondition to command place_design
INFO: [DRC 23-27] Running DRC with 8 threads
INFO: [Vivado_Tcl 4-198] DRC finished with 0 Errors
INFO: [Vivado_Tcl 4-199] Please refer to the DRC report (report_drc) for more information.
INFO: [Place 46-5] The placer was invoked with the 'default' directive.
INFO: [Place 30-611] Multithreading enabled for place_design using a maximum of 8 CPUs

Starting Placer Task

Phase 1 Placer Initialization

Phase 1.1 Placer Initialization Netlist Sorting
Netlist sorting complete. Time (s): cpu = 00:00:00.01 ; elapsed = 00:00:00 . Memory (MB): peak = 3512.102 ; gain = 0.000 ; free physical = 6030 ; free virtual = 10335
Phase 1.1 Placer Initialization Netlist Sorting | Checksum: 89b8c552

Time (s): cpu = 00:00:00.01 ; elapsed = 00:00:00.03 . Memory (MB): peak = 3512.102 ; gain = 0.000 ; free physical = 6030 ; free virtual = 10336
Netlist sorting complete. Time (s): cpu = 00:00:00.01 ; elapsed = 00:00:00.01 . Memory (MB): peak = 3512.102 ; gain = 0.000 ; free physical = 6030 ; free virtual = 10336

Phase 1.2 IO Placement/ Clock Placement/ Build Placer Device
INFO: [Timing 38-35] Done setting XDC timing constraints.
WARNING: [Place 30-568] A LUT 'clk100_inst' is driving clock pin of 8 registers. This could lead to large hold time violations. First few involved registers are:
	FDCE_5 {FDCE}
	FDCE {FDCE}
	FDCE_6 {FDCE}
	FDCE_1 {FDCE}
	FDCE_2 {FDCE}
Phase 1.2 IO Placement/ Clock Placement/ Build Placer Device | Checksum: 120a4d2a9

Time (s): cpu = 00:00:09 ; elapsed = 00:00:03 . Memory (MB): peak = 3512.102 ; gain = 0.000 ; free physical = 6027 ; free virtual = 10336

Phase 1.3 Build Placer Netlist Model
Phase 1.3 Build Placer Netlist Model | Checksum: 190954522

Time (s): cpu = 00:00:26 ; elapsed = 00:00:11 . Memory (MB): peak = 3512.102 ; gain = 0.000 ; free physical = 6024 ; free virtual = 10335

Phase 1.4 Constrain Clocks/Macros
Phase 1.4 Constrain Clocks/Macros | Checksum: 190954522

Time (s): cpu = 00:00:26 ; elapsed = 00:00:11 . Memory (MB): peak = 3512.102 ; gain = 0.000 ; free physical = 6024 ; free virtual = 10335
Phase 1 Placer Initialization | Checksum: 190954522

Time (s): cpu = 00:00:26 ; elapsed = 00:00:11 . Memory (MB): peak = 3512.102 ; gain = 0.000 ; free physical = 6024 ; free virtual = 10335

Phase 2 Global Placement

Phase 2.1 Floorplanning
Phase 2.1 Floorplanning | Checksum: 139664eef

Time (s): cpu = 00:00:37 ; elapsed = 00:00:14 . Memory (MB): peak = 3512.102 ; gain = 0.000 ; free physical = 6007 ; free virtual = 10319

Phase 2.2 Update Timing before SLR Path Opt
Phase 2.2 Update Timing before SLR Path Opt | Checksum: 1da786349

Time (s): cpu = 00:00:44 ; elapsed = 00:00:16 . Memory (MB): peak = 3512.102 ; gain = 0.000 ; free physical = 6009 ; free virtual = 10321

Phase 2.3 Post-Processing in Floorplanning
Phase 2.3 Post-Processing in Floorplanning | Checksum: 1213ac604

Time (s): cpu = 00:00:44 ; elapsed = 00:00:16 . Memory (MB): peak = 3512.102 ; gain = 0.000 ; free physical = 6009 ; free virtual = 10321

Phase 2.4 Global Placement Core

Phase 2.4.1 UpdateTiming Before Physical Synthesis
Phase 2.4.1 UpdateTiming Before Physical Synthesis | Checksum: 1907d4d38

Time (s): cpu = 00:01:48 ; elapsed = 00:00:37 . Memory (MB): peak = 3512.102 ; gain = 0.000 ; free physical = 6001 ; free virtual = 10315

Phase 2.4.2 Physical Synthesis In Placer
INFO: [Physopt 32-1035] Found 15 LUTNM shape to break, 1129 LUT instances to create LUTNM shape
INFO: [Physopt 32-1044] Break lutnm for timing: one critical 7, two critical 8, total 15, new lutff created 0
INFO: [Physopt 32-1138] End 1 Pass. Optimized 482 nets or LUTs. Breaked 15 LUTs, combined 467 existing LUTs and moved 0 existing LUT
INFO: [Physopt 32-1132] Very high fanout net 'VexRiscv/IBusCachedPlugin_cache/soc_builder_rhs_array_muxed36[2]' is not considered as a candidate in VHFN optimzation. The fanout considered for this optimization is changed from 5312 to 961 due to a timing constraint that prevent optimization on all of the loads. To force replication, set the FORCE_MAX_FANOUT property on the net to a number less than 961.
INFO: [Physopt 32-1132] Very high fanout net 'VexRiscv/IBusCachedPlugin_cache/soc_builder_rhs_array_muxed36[1]' is not considered as a candidate in VHFN optimzation. The fanout considered for this optimization is changed from 5312 to 961 due to a timing constraint that prevent optimization on all of the loads. To force replication, set the FORCE_MAX_FANOUT property on the net to a number less than 961.
INFO: [Physopt 32-1132] Very high fanout net 'VexRiscv/IBusCachedPlugin_cache/soc_builder_rhs_array_muxed36[0]' is not considered as a candidate in VHFN optimzation. The fanout considered for this optimization is changed from 5312 to 961 due to a timing constraint that prevent optimization on all of the loads. To force replication, set the FORCE_MAX_FANOUT property on the net to a number less than 961.
INFO: [Physopt 32-1132] Very high fanout net 'VexRiscv/soc_builder_rhs_array_muxed36[2]' is not considered as a candidate in VHFN optimzation. The fanout considered for this optimization is changed from 5312 to 961 due to a timing constraint that prevent optimization on all of the loads. To force replication, set the FORCE_MAX_FANOUT property on the net to a number less than 961.
INFO: [Physopt 32-65] No nets found for high-fanout optimization.
INFO: [Physopt 32-232] Optimized 0 net. Created 0 new instance.
INFO: [Physopt 32-775] End 1 Pass. Optimized 0 net or cell. Created 0 new cell, deleted 0 existing cell and moved 0 existing cell
INFO: [Physopt 32-456] No candidate cells for DSP register optimization found in the design.
INFO: [Physopt 32-775] End 2 Pass. Optimized 0 net or cell. Created 0 new cell, deleted 0 existing cell and moved 0 existing cell
INFO: [Physopt 32-1123] No candidate cells found for Shift Register to Pipeline optimization
INFO: [Physopt 32-775] End 2 Pass. Optimized 0 net or cell. Created 0 new cell, deleted 0 existing cell and moved 0 existing cell
INFO: [Physopt 32-1401] No candidate cells found for Shift Register optimization.
INFO: [Physopt 32-677] No candidate cells for Shift Register optimization found in the design
INFO: [Physopt 32-775] End 1 Pass. Optimized 0 net or cell. Created 0 new cell, deleted 0 existing cell and moved 0 existing cell
INFO: [Physopt 32-527] Pass 1: Identified 2 candidate cells for BRAM register optimization
INFO: [Physopt 32-665] Processed cell VexRiscv/dataCache_1/ways_0_data_symbol3_reg. 8 registers were pushed out.
INFO: [Physopt 32-665] Processed cell VexRiscv/dataCache_1/ways_0_data_symbol0_reg. 8 registers were pushed out.
INFO: [Physopt 32-775] End 1 Pass. Optimized 2 nets or cells. Created 16 new cells, deleted 0 existing cell and moved 0 existing cell
Netlist sorting complete. Time (s): cpu = 00:00:00.01 ; elapsed = 00:00:00.01 . Memory (MB): peak = 3512.102 ; gain = 0.000 ; free physical = 5998 ; free virtual = 10314
INFO: [Physopt 32-846] No candidate cells for URAM register optimization found in the design
INFO: [Physopt 32-775] End 1 Pass. Optimized 0 net or cell. Created 0 new cell, deleted 0 existing cell and moved 0 existing cell
INFO: [Physopt 32-846] No candidate cells for URAM register optimization found in the design
INFO: [Physopt 32-775] End 1 Pass. Optimized 0 net or cell. Created 0 new cell, deleted 0 existing cell and moved 0 existing cell
INFO: [Physopt 32-949] No candidate nets found for dynamic/static region interface net replication
INFO: [Physopt 32-775] End 1 Pass. Optimized 0 net or cell. Created 0 new cell, deleted 0 existing cell and moved 0 existing cell
Netlist sorting complete. Time (s): cpu = 00:00:00 ; elapsed = 00:00:00 . Memory (MB): peak = 3512.102 ; gain = 0.000 ; free physical = 5998 ; free virtual = 10314

Summary of Physical Synthesis Optimizations
============================================


-----------------------------------------------------------------------------------------------------------------------------------------------------------
|  Optimization                                     |  Added Cells  |  Removed Cells  |  Optimized Cells/Nets  |  Dont Touch  |  Iterations  |  Elapsed   |
-----------------------------------------------------------------------------------------------------------------------------------------------------------
|  LUT Combining                                    |           15  |            467  |                   482  |           0  |           1  |  00:00:02  |
|  Retime                                           |            0  |              0  |                     0  |           0  |           1  |  00:00:00  |
|  Very High Fanout                                 |            0  |              0  |                     0  |           0  |           1  |  00:00:00  |
|  DSP Register                                     |            0  |              0  |                     0  |           0  |           1  |  00:00:00  |
|  Shift Register to Pipeline                       |            0  |              0  |                     0  |           0  |           1  |  00:00:00  |
|  Shift Register                                   |            0  |              0  |                     0  |           0  |           1  |  00:00:00  |
|  BRAM Register                                    |           16  |              0  |                     2  |           0  |           1  |  00:00:00  |
|  URAM Register                                    |            0  |              0  |                     0  |           0  |           1  |  00:00:00  |
|  Dynamic/Static Region Interface Net Replication  |            0  |              0  |                     0  |           0  |           1  |  00:00:00  |
|  Total                                            |           31  |            467  |                   484  |           0  |           9  |  00:00:02  |
-----------------------------------------------------------------------------------------------------------------------------------------------------------


Phase 2.4.2 Physical Synthesis In Placer | Checksum: 1e954277e

Time (s): cpu = 00:01:56 ; elapsed = 00:00:42 . Memory (MB): peak = 3512.102 ; gain = 0.000 ; free physical = 5997 ; free virtual = 10313
Phase 2.4 Global Placement Core | Checksum: 14b1105c5

Time (s): cpu = 00:01:59 ; elapsed = 00:00:43 . Memory (MB): peak = 3512.102 ; gain = 0.000 ; free physical = 5998 ; free virtual = 10314
Phase 2 Global Placement | Checksum: 14b1105c5

Time (s): cpu = 00:01:59 ; elapsed = 00:00:43 . Memory (MB): peak = 3512.102 ; gain = 0.000 ; free physical = 5998 ; free virtual = 10314

Phase 3 Detail Placement

Phase 3.1 Commit Multi Column Macros
Phase 3.1 Commit Multi Column Macros | Checksum: 1b191ea3a

Time (s): cpu = 00:02:05 ; elapsed = 00:00:45 . Memory (MB): peak = 3512.102 ; gain = 0.000 ; free physical = 5998 ; free virtual = 10314

Phase 3.2 Commit Most Macros & LUTRAMs
Phase 3.2 Commit Most Macros & LUTRAMs | Checksum: 1a8f31cf9

Time (s): cpu = 00:02:18 ; elapsed = 00:00:51 . Memory (MB): peak = 3512.102 ; gain = 0.000 ; free physical = 5997 ; free virtual = 10314

Phase 3.3 Area Swap Optimization
Phase 3.3 Area Swap Optimization | Checksum: 1e4eae81e

Time (s): cpu = 00:02:19 ; elapsed = 00:00:51 . Memory (MB): peak = 3512.102 ; gain = 0.000 ; free physical = 5997 ; free virtual = 10314

Phase 3.4 Pipeline Register Optimization
Phase 3.4 Pipeline Register Optimization | Checksum: 14dfd0408

Time (s): cpu = 00:02:19 ; elapsed = 00:00:51 . Memory (MB): peak = 3512.102 ; gain = 0.000 ; free physical = 5997 ; free virtual = 10314

Phase 3.5 Fast Optimization
Phase 3.5 Fast Optimization | Checksum: 1e52cf83a

Time (s): cpu = 00:02:34 ; elapsed = 00:00:56 . Memory (MB): peak = 3512.102 ; gain = 0.000 ; free physical = 5999 ; free virtual = 10315

Phase 3.6 Small Shape Detail Placement
Phase 3.6 Small Shape Detail Placement | Checksum: 24616fc8f

Time (s): cpu = 00:02:38 ; elapsed = 00:01:00 . Memory (MB): peak = 3512.102 ; gain = 0.000 ; free physical = 5997 ; free virtual = 10314

Phase 3.7 Re-assign LUT pins
Phase 3.7 Re-assign LUT pins | Checksum: 1c1eb8246

Time (s): cpu = 00:02:39 ; elapsed = 00:01:00 . Memory (MB): peak = 3512.102 ; gain = 0.000 ; free physical = 5998 ; free virtual = 10314

Phase 3.8 Pipeline Register Optimization
Phase 3.8 Pipeline Register Optimization | Checksum: 21627eeb4

Time (s): cpu = 00:02:39 ; elapsed = 00:01:01 . Memory (MB): peak = 3512.102 ; gain = 0.000 ; free physical = 5998 ; free virtual = 10314

Phase 3.9 Fast Optimization
Phase 3.9 Fast Optimization | Checksum: 1b8ff4041

Time (s): cpu = 00:02:57 ; elapsed = 00:01:07 . Memory (MB): peak = 3512.102 ; gain = 0.000 ; free physical = 6002 ; free virtual = 10318
Phase 3 Detail Placement | Checksum: 1b8ff4041

Time (s): cpu = 00:02:57 ; elapsed = 00:01:07 . Memory (MB): peak = 3512.102 ; gain = 0.000 ; free physical = 6002 ; free virtual = 10318

Phase 4 Post Placement Optimization and Clean-Up

Phase 4.1 Post Commit Optimization
INFO: [Timing 38-35] Done setting XDC timing constraints.

Phase 4.1.1 Post Placement Optimization
Post Placement Optimization Initialization | Checksum: 130a1e605

Phase 4.1.1.1 BUFG Insertion

Starting Physical Synthesis Task

Phase 1 Physical Synthesis Initialization
INFO: [Physopt 32-721] Multithreading enabled for phys_opt_design using a maximum of 8 CPUs
INFO: [Physopt 32-619] Estimated Timing Summary | WNS=-4.634 | TNS=-218.067 |
Phase 1 Physical Synthesis Initialization | Checksum: f6e915b4

Time (s): cpu = 00:00:03 ; elapsed = 00:00:01 . Memory (MB): peak = 3512.102 ; gain = 0.000 ; free physical = 5999 ; free virtual = 10316
INFO: [Place 46-33] Processed net sys_rst, BUFG insertion was skipped due to placement/routing conflicts.
INFO: [Place 46-56] BUFG insertion identified 1 candidate nets. Inserted BUFG: 0, Replicated BUFG Driver: 0, Skipped due to Placement/Routing Conflicts: 1, Skipped due to Timing Degradation: 0, Skipped due to netlist editing failed: 0.
Ending Physical Synthesis Task | Checksum: f6e915b4

Time (s): cpu = 00:00:04 ; elapsed = 00:00:02 . Memory (MB): peak = 3512.102 ; gain = 0.000 ; free physical = 6002 ; free virtual = 10319
Phase 4.1.1.1 BUFG Insertion | Checksum: 130a1e605

Time (s): cpu = 00:03:16 ; elapsed = 00:01:13 . Memory (MB): peak = 3512.102 ; gain = 0.000 ; free physical = 6002 ; free virtual = 10319

Phase 4.1.1.2 Post Placement Timing Optimization
INFO: [Place 30-746] Post Placement Timing Summary WNS=-4.346. For the most accurate timing information please run report_timing.
Phase 4.1.1.2 Post Placement Timing Optimization | Checksum: 177beb3d0

Time (s): cpu = 00:03:37 ; elapsed = 00:01:23 . Memory (MB): peak = 3512.102 ; gain = 0.000 ; free physical = 5997 ; free virtual = 10314

Time (s): cpu = 00:03:37 ; elapsed = 00:01:23 . Memory (MB): peak = 3512.102 ; gain = 0.000 ; free physical = 5997 ; free virtual = 10314
Phase 4.1 Post Commit Optimization | Checksum: 177beb3d0

Time (s): cpu = 00:03:37 ; elapsed = 00:01:23 . Memory (MB): peak = 3512.102 ; gain = 0.000 ; free physical = 5997 ; free virtual = 10314

Phase 4.2 Post Placement Cleanup
Phase 4.2 Post Placement Cleanup | Checksum: 177beb3d0

Time (s): cpu = 00:03:37 ; elapsed = 00:01:23 . Memory (MB): peak = 3512.102 ; gain = 0.000 ; free physical = 5997 ; free virtual = 10314

Phase 4.3 Placer Reporting

Phase 4.3.1 Print Estimated Congestion
INFO: [Place 30-612] Post-Placement Estimated Congestion 
 ____________________________________________________
|           | Global Congestion | Short Congestion  |
| Direction | Region Size       | Region Size       |
|___________|___________________|___________________|
|      North|                2x2|                2x2|
|___________|___________________|___________________|
|      South|                1x1|                2x2|
|___________|___________________|___________________|
|       East|                1x1|                1x1|
|___________|___________________|___________________|
|       West|                1x1|                1x1|
|___________|___________________|___________________|

Phase 4.3.1 Print Estimated Congestion | Checksum: 177beb3d0

Time (s): cpu = 00:03:38 ; elapsed = 00:01:24 . Memory (MB): peak = 3512.102 ; gain = 0.000 ; free physical = 5997 ; free virtual = 10314
Phase 4.3 Placer Reporting | Checksum: 177beb3d0

Time (s): cpu = 00:03:38 ; elapsed = 00:01:24 . Memory (MB): peak = 3512.102 ; gain = 0.000 ; free physical = 5997 ; free virtual = 10314

Phase 4.4 Final Placement Cleanup
Netlist sorting complete. Time (s): cpu = 00:00:00.03 ; elapsed = 00:00:00.03 . Memory (MB): peak = 3512.102 ; gain = 0.000 ; free physical = 5997 ; free virtual = 10314

Time (s): cpu = 00:03:38 ; elapsed = 00:01:24 . Memory (MB): peak = 3512.102 ; gain = 0.000 ; free physical = 5997 ; free virtual = 10314
Phase 4 Post Placement Optimization and Clean-Up | Checksum: 253bd462d

Time (s): cpu = 00:03:38 ; elapsed = 00:01:24 . Memory (MB): peak = 3512.102 ; gain = 0.000 ; free physical = 5997 ; free virtual = 10314
Ending Placer Task | Checksum: 18c102f45

Time (s): cpu = 00:03:38 ; elapsed = 00:01:24 . Memory (MB): peak = 3512.102 ; gain = 0.000 ; free physical = 5999 ; free virtual = 10316
45 Infos, 1 Warnings, 0 Critical Warnings and 0 Errors encountered.
place_design completed successfully
place_design: Time (s): cpu = 00:03:42 ; elapsed = 00:01:25 . Memory (MB): peak = 3512.102 ; gain = 0.000 ; free physical = 5999 ; free virtual = 10316
# report_utilization -hierarchical -file digilent_nexys4ddr_utilization_hierarchical_place.rpt
# report_utilization -file digilent_nexys4ddr_utilization_place.rpt
# report_io -file digilent_nexys4ddr_io.rpt
report_io: Time (s): cpu = 00:00:00.07 ; elapsed = 00:00:00.1 . Memory (MB): peak = 3512.102 ; gain = 0.000 ; free physical = 5995 ; free virtual = 10312
# report_control_sets -verbose -file digilent_nexys4ddr_control_sets.rpt
report_control_sets: Time (s): cpu = 00:00:00.09 ; elapsed = 00:00:00.11 . Memory (MB): peak = 3512.102 ; gain = 0.000 ; free physical = 5983 ; free virtual = 10300
# report_clock_utilization -file digilent_nexys4ddr_clock_utilization.rpt
# route_design -directive default
Command: route_design -directive default
Attempting to get a license for feature 'Implementation' and/or device 'xc7a100t'
INFO: [Common 17-349] Got license for feature 'Implementation' and/or device 'xc7a100t'
Running DRC as a precondition to command route_design
INFO: [DRC 23-27] Running DRC with 8 threads
INFO: [Vivado_Tcl 4-198] DRC finished with 0 Errors
INFO: [Vivado_Tcl 4-199] Please refer to the DRC report (report_drc) for more information.


Starting Routing Task
INFO: [Route 35-270] Using Router directive 'default'.
INFO: [Route 35-254] Multithreading enabled for route_design using a maximum of 8 CPUs

Phase 1 Build RT Design
Checksum: PlaceDB: a3356cc4 ConstDB: 0 ShapeSum: e8dac281 RouteDB: 0
Post Restoration Checksum: NetGraph: e0770923 | NumContArr: 99859d64 | Constraints: c2a8fa9d | Timing: c2a8fa9d
Phase 1 Build RT Design | Checksum: 2ff4e9bc1

Time (s): cpu = 00:00:32 ; elapsed = 00:00:19 . Memory (MB): peak = 3512.102 ; gain = 0.000 ; free physical = 5979 ; free virtual = 10300

Phase 2 Router Initialization

Phase 2.1 Fix Topology Constraints
Phase 2.1 Fix Topology Constraints | Checksum: 2ff4e9bc1

Time (s): cpu = 00:00:32 ; elapsed = 00:00:19 . Memory (MB): peak = 3512.102 ; gain = 0.000 ; free physical = 5979 ; free virtual = 10300

Phase 2.2 Pre Route Cleanup
Phase 2.2 Pre Route Cleanup | Checksum: 2ff4e9bc1

Time (s): cpu = 00:00:33 ; elapsed = 00:00:19 . Memory (MB): peak = 3512.102 ; gain = 0.000 ; free physical = 5979 ; free virtual = 10300
 Number of Nodes with overlaps = 0

Phase 2.3 Update Timing
Phase 2.3 Update Timing | Checksum: 29091372d

Time (s): cpu = 00:00:50 ; elapsed = 00:00:26 . Memory (MB): peak = 3512.102 ; gain = 0.000 ; free physical = 5978 ; free virtual = 10299
INFO: [Route 35-416] Intermediate Timing Summary | WNS=-4.316 | TNS=-214.175| WHS=-0.218 | THS=-129.941|


Router Utilization Summary
  Global Vertical Routing Utilization    = 0.00504853 %
  Global Horizontal Routing Utilization  = 0.00539926 %
  Routable Net Status*
  *Does not include unroutable nets such as driverless and loadless.
  Run report_route_status for detailed report.
  Number of Failed Nets               = 18644
    (Failed Nets is the sum of unrouted and partially routed nets)
  Number of Unrouted Nets             = 18644
  Number of Partially Routed Nets     = 0
  Number of Node Overlaps             = 0

Phase 2 Router Initialization | Checksum: 27eec425a

Time (s): cpu = 00:01:01 ; elapsed = 00:00:29 . Memory (MB): peak = 3512.102 ; gain = 0.000 ; free physical = 5976 ; free virtual = 10298

Phase 3 Initial Routing

Phase 3.1 Global Routing
Phase 3.1 Global Routing | Checksum: 27eec425a

Time (s): cpu = 00:01:01 ; elapsed = 00:00:29 . Memory (MB): peak = 3512.102 ; gain = 0.000 ; free physical = 5976 ; free virtual = 10298

Phase 3.2 Initial Net Routing
Phase 3.2 Initial Net Routing | Checksum: 1ef15c70b

Time (s): cpu = 00:01:32 ; elapsed = 00:00:36 . Memory (MB): peak = 3512.102 ; gain = 0.000 ; free physical = 5961 ; free virtual = 10283
Phase 3 Initial Routing | Checksum: 1ef15c70b

Time (s): cpu = 00:01:32 ; elapsed = 00:00:36 . Memory (MB): peak = 3512.102 ; gain = 0.000 ; free physical = 5961 ; free virtual = 10283

Phase 4 Rip-up And Reroute

Phase 4.1 Global Iteration 0
 Number of Nodes with overlaps = 3525
 Number of Nodes with overlaps = 242
 Number of Nodes with overlaps = 80
 Number of Nodes with overlaps = 26
 Number of Nodes with overlaps = 7
 Number of Nodes with overlaps = 10
 Number of Nodes with overlaps = 8
 Number of Nodes with overlaps = 3
 Number of Nodes with overlaps = 1
 Number of Nodes with overlaps = 2
 Number of Nodes with overlaps = 0
INFO: [Route 35-416] Intermediate Timing Summary | WNS=-3.516 | TNS=-835.195| WHS=N/A    | THS=N/A    |

Phase 4.1 Global Iteration 0 | Checksum: 1d74d5605

Time (s): cpu = 00:02:18 ; elapsed = 00:01:07 . Memory (MB): peak = 3512.102 ; gain = 0.000 ; free physical = 5957 ; free virtual = 10280

Phase 4.2 Global Iteration 1
 Number of Nodes with overlaps = 103
 Number of Nodes with overlaps = 14
 Number of Nodes with overlaps = 3
 Number of Nodes with overlaps = 2
 Number of Nodes with overlaps = 2
 Number of Nodes with overlaps = 0
INFO: [Route 35-416] Intermediate Timing Summary | WNS=-3.590 | TNS=-812.650| WHS=N/A    | THS=N/A    |

Phase 4.2 Global Iteration 1 | Checksum: 323a68c51

Time (s): cpu = 00:02:25 ; elapsed = 00:01:13 . Memory (MB): peak = 3512.102 ; gain = 0.000 ; free physical = 5941 ; free virtual = 10264
Phase 4 Rip-up And Reroute | Checksum: 323a68c51

Time (s): cpu = 00:02:25 ; elapsed = 00:01:13 . Memory (MB): peak = 3512.102 ; gain = 0.000 ; free physical = 5941 ; free virtual = 10264

Phase 5 Delay and Skew Optimization

Phase 5.1 Delay CleanUp

Phase 5.1.1 Update Timing
Phase 5.1.1 Update Timing | Checksum: 32757606a

Time (s): cpu = 00:02:29 ; elapsed = 00:01:14 . Memory (MB): peak = 3512.102 ; gain = 0.000 ; free physical = 5942 ; free virtual = 10265
INFO: [Route 35-416] Intermediate Timing Summary | WNS=-3.508 | TNS=-817.776| WHS=N/A    | THS=N/A    |

 Number of Nodes with overlaps = 0
Phase 5.1 Delay CleanUp | Checksum: 2ed5a71c2

Time (s): cpu = 00:05:10 ; elapsed = 00:01:35 . Memory (MB): peak = 3512.102 ; gain = 0.000 ; free physical = 5900 ; free virtual = 10223

Phase 5.2 Clock Skew Optimization
Phase 5.2 Clock Skew Optimization | Checksum: 2ed5a71c2

Time (s): cpu = 00:05:10 ; elapsed = 00:01:35 . Memory (MB): peak = 3512.102 ; gain = 0.000 ; free physical = 5900 ; free virtual = 10224
Phase 5 Delay and Skew Optimization | Checksum: 2ed5a71c2

Time (s): cpu = 00:05:10 ; elapsed = 00:01:35 . Memory (MB): peak = 3512.102 ; gain = 0.000 ; free physical = 5900 ; free virtual = 10224

Phase 6 Post Hold Fix

Phase 6.1 Hold Fix Iter

Phase 6.1.1 Update Timing
Phase 6.1.1 Update Timing | Checksum: 23c9226e9

Time (s): cpu = 00:05:16 ; elapsed = 00:01:37 . Memory (MB): peak = 3512.102 ; gain = 0.000 ; free physical = 5886 ; free virtual = 10214
INFO: [Route 35-416] Intermediate Timing Summary | WNS=-3.470 | TNS=-590.551| WHS=0.033  | THS=0.000  |

Phase 6.1 Hold Fix Iter | Checksum: 2bf89cecb

Time (s): cpu = 00:05:16 ; elapsed = 00:01:37 . Memory (MB): peak = 3512.102 ; gain = 0.000 ; free physical = 5886 ; free virtual = 10214
Phase 6 Post Hold Fix | Checksum: 2bf89cecb

Time (s): cpu = 00:05:17 ; elapsed = 00:01:37 . Memory (MB): peak = 3512.102 ; gain = 0.000 ; free physical = 5886 ; free virtual = 10214

Phase 7 Route finalize

Router Utilization Summary
  Global Vertical Routing Utilization    = 10.4053 %
  Global Horizontal Routing Utilization  = 8.34363 %
  Routable Net Status*
  *Does not include unroutable nets such as driverless and loadless.
  Run report_route_status for detailed report.
  Number of Failed Nets               = 0
    (Failed Nets is the sum of unrouted and partially routed nets)
  Number of Unrouted Nets             = 0
  Number of Partially Routed Nets     = 0
  Number of Node Overlaps             = 0


--GLOBAL Congestion:
Utilization threshold used for congestion level computation: 0.85
Congestion Report
North Dir 1x1 Area, Max Cong = 80.1802%, No Congested Regions.
South Dir 1x1 Area, Max Cong = 81.982%, No Congested Regions.
East Dir 1x1 Area, Max Cong = 79.4118%, No Congested Regions.
West Dir 1x1 Area, Max Cong = 73.5294%, No Congested Regions.

------------------------------
Reporting congestion hotspots
------------------------------
Direction: North
----------------
Congested clusters found at Level 0
Effective congestion level: 0 Aspect Ratio: 1 Sparse Ratio: 0
Direction: South
----------------
Congested clusters found at Level 0
Effective congestion level: 0 Aspect Ratio: 1 Sparse Ratio: 0
Direction: East
----------------
Congested clusters found at Level 0
Effective congestion level: 0 Aspect Ratio: 1 Sparse Ratio: 0
Direction: West
----------------
Congested clusters found at Level 0
Effective congestion level: 0 Aspect Ratio: 1 Sparse Ratio: 0

Phase 7 Route finalize | Checksum: 2bf89cecb

Time (s): cpu = 00:05:17 ; elapsed = 00:01:37 . Memory (MB): peak = 3512.102 ; gain = 0.000 ; free physical = 5885 ; free virtual = 10214

Phase 8 Verifying routed nets

 Verification completed successfully
Phase 8 Verifying routed nets | Checksum: 2bf89cecb

Time (s): cpu = 00:05:17 ; elapsed = 00:01:37 . Memory (MB): peak = 3512.102 ; gain = 0.000 ; free physical = 5885 ; free virtual = 10214

Phase 9 Depositing Routes
Phase 9 Depositing Routes | Checksum: 25eceb253

Time (s): cpu = 00:05:20 ; elapsed = 00:01:38 . Memory (MB): peak = 3512.102 ; gain = 0.000 ; free physical = 5879 ; free virtual = 10213

Phase 10 Post Router Timing
INFO: [Route 35-57] Estimated Timing Summary | WNS=-3.470 | TNS=-590.551| WHS=0.033  | THS=0.000  |

WARNING: [Route 35-328] Router estimated timing not met.
Resolution: For a complete and accurate timing signoff, report_timing_summary must be run after route_design. Alternatively, route_design can be run with the -timing_summary option to enable a complete timing signoff at the end of route_design.
Phase 10 Post Router Timing | Checksum: 25eceb253

Time (s): cpu = 00:05:25 ; elapsed = 00:01:40 . Memory (MB): peak = 3512.102 ; gain = 0.000 ; free physical = 5872 ; free virtual = 10209
INFO: [Route 35-16] Router Completed Successfully

Phase 11 Post-Route Event Processing
Phase 11 Post-Route Event Processing | Checksum: 1ce4b91a6

Time (s): cpu = 00:05:26 ; elapsed = 00:01:41 . Memory (MB): peak = 3512.102 ; gain = 0.000 ; free physical = 5868 ; free virtual = 10207
Ending Routing Task | Checksum: 1ce4b91a6

Time (s): cpu = 00:05:27 ; elapsed = 00:01:41 . Memory (MB): peak = 3512.102 ; gain = 0.000 ; free physical = 5866 ; free virtual = 10204

Routing Is Done.
INFO: [Common 17-83] Releasing license: Implementation
14 Infos, 1 Warnings, 0 Critical Warnings and 0 Errors encountered.
route_design completed successfully
route_design: Time (s): cpu = 00:05:30 ; elapsed = 00:01:43 . Memory (MB): peak = 3512.102 ; gain = 0.000 ; free physical = 5865 ; free virtual = 10203
# phys_opt_design -directive default
Command: phys_opt_design -directive default
Attempting to get a license for feature 'Implementation' and/or device 'xc7a100t'
INFO: [Common 17-349] Got license for feature 'Implementation' and/or device 'xc7a100t'
INFO: [Vivado_Tcl 4-241] Physical synthesis in post route mode 
INFO: [Vivado_Tcl 4-137] Directive used for phys_opt_design is: default

Starting Initial Update Timing Task

Time (s): cpu = 00:00:15 ; elapsed = 00:00:04 . Memory (MB): peak = 3512.102 ; gain = 0.000 ; free physical = 5867 ; free virtual = 10207
INFO: [Vivado_Tcl 4-1435] PhysOpt_Tcl_Interface Runtime Before Starting Physical Synthesis Task | CPU: 22.15s |  WALL: 6.35s
Netlist sorting complete. Time (s): cpu = 00:00:00 ; elapsed = 00:00:00.01 . Memory (MB): peak = 3512.102 ; gain = 0.000 ; free physical = 5867 ; free virtual = 10207

Starting Physical Synthesis Task

Phase 1 Physical Synthesis Initialization
INFO: [Physopt 32-721] Multithreading enabled for phys_opt_design using a maximum of 8 CPUs
INFO: [Physopt 32-668] Current Timing Summary | WNS=-3.468 | TNS=-591.173 | WHS=0.033 | THS=0.000 |
Phase 1 Physical Synthesis Initialization | Checksum: 1dbb3e80b

Time (s): cpu = 00:00:12 ; elapsed = 00:00:05 . Memory (MB): peak = 3512.102 ; gain = 0.000 ; free physical = 5863 ; free virtual = 10203
WARNING: [Physopt 32-745] Physical Optimization has determined that the magnitude of the negative slack is too large and it is highly unlikely that slack will be improved. Post-Route Physical Optimization is most effective when WNS is above -0.5ns

Phase 2 Critical Path Optimization
INFO: [Physopt 32-668] Current Timing Summary | WNS=-3.468 | TNS=-591.173 | WHS=0.033 | THS=0.000 |
INFO: [Physopt 32-953] Path group WNS did not improve. Path group: soc_crg_clkout0. Processed net: Cfu/My_TPU/A_in_reg_n_0_[2][8].
INFO: [Physopt 32-953] Path group WNS did not improve. Path group: soc_crg_clkout0. Processed net: soc_crg_clkout0.
INFO: [Physopt 32-953] Path group WNS did not improve. Path group: soc_crg_clkout0. Processed net: Cfu/My_TPU/A_in_reg[2][8]_i_3_n_7.
INFO: [Physopt 32-953] Path group WNS did not improve. Path group: soc_crg_clkout0. Processed net: Cfu/My_TPU/A_in[2][7]_i_6_n_0.
INFO: [Physopt 32-953] Path group WNS did not improve. Path group: soc_crg_clkout0. Processed net: Cfu/My_TPU/A_in[2][7]_i_10_n_0.
INFO: [Physopt 32-953] Path group WNS did not improve. Path group: soc_crg_clkout0. Processed net: Cfu/My_TPU/A_reg_reg[2]_3[13].
INFO: [Physopt 32-953] Path group WNS did not improve. Path group: soc_crg_clkout0. Processed net: Cfu/My_TPU/A_in[2][8]_i_1_n_0.
INFO: [Physopt 32-953] Path group WNS did not improve. Path group: soc_crg_clkout0. Processed net: Cfu/gbuff_A/gbuff_reg_1_23_0[13].
INFO: [Physopt 32-953] Path group WNS did not improve. Path group: soc_crg_clkout0. Processed net: Cfu/My_TPU/A_in_reg_n_0_[2][8].
INFO: [Physopt 32-953] Path group WNS did not improve. Path group: soc_crg_clkout0. Processed net: soc_crg_clkout0.
INFO: [Physopt 32-953] Path group WNS did not improve. Path group: soc_crg_clkout0. Processed net: Cfu/My_TPU/A_in_reg[2][8]_i_3_n_7.
INFO: [Physopt 32-953] Path group WNS did not improve. Path group: soc_crg_clkout0. Processed net: Cfu/My_TPU/A_in[2][7]_i_6_n_0.
INFO: [Physopt 32-953] Path group WNS did not improve. Path group: soc_crg_clkout0. Processed net: Cfu/My_TPU/A_in[2][7]_i_10_n_0.
INFO: [Physopt 32-953] Path group WNS did not improve. Path group: soc_crg_clkout0. Processed net: Cfu/My_TPU/A_reg_reg[2]_3[13].
INFO: [Physopt 32-608] Optimized 1 net.  Swapped 8 pins.
INFO: [Physopt 32-952] Improved path group WNS = -3.435. Path group: soc_crg_clkout0. Processed net: Cfu/My_TPU/A_in[2][8]_i_1_n_0.
INFO: [Physopt 32-953] Path group WNS did not improve. Path group: soc_crg_clkout0. Processed net: Cfu/My_TPU/A_in_reg_n_0_[1][8].
INFO: [Physopt 32-953] Path group WNS did not improve. Path group: soc_crg_clkout0. Processed net: Cfu/My_TPU/A_in_reg[1][8]_i_3_n_7.
INFO: [Physopt 32-953] Path group WNS did not improve. Path group: soc_crg_clkout0. Processed net: Cfu/My_TPU/A_in[1][3]_i_4_n_0.
INFO: [Physopt 32-953] Path group WNS did not improve. Path group: soc_crg_clkout0. Processed net: Cfu/My_TPU/p_1_in[2].
INFO: [Physopt 32-608] Optimized 1 net.  Swapped 5 pins.
INFO: [Physopt 32-952] Improved path group WNS = -3.433. Path group: soc_crg_clkout0. Processed net: Cfu/My_TPU/A_reg_reg[1]_2[18].
INFO: [Physopt 32-953] Path group WNS did not improve. Path group: soc_crg_clkout0. Processed net: Cfu/My_TPU/A_reg_reg[1]_2[18].
INFO: [Physopt 32-953] Path group WNS did not improve. Path group: soc_crg_clkout0. Processed net: Cfu/My_TPU/A_in[1][8]_i_1_n_0.
INFO: [Physopt 32-953] Path group WNS did not improve. Path group: soc_crg_clkout0. Processed net: Cfu/gbuff_A/gbuff_reg_1_23_0[18].
INFO: [Physopt 32-668] Current Timing Summary | WNS=-3.433 | TNS=-591.479 | WHS=0.033 | THS=0.000 |
Netlist sorting complete. Time (s): cpu = 00:00:00.01 ; elapsed = 00:00:00 . Memory (MB): peak = 3512.102 ; gain = 0.000 ; free physical = 5863 ; free virtual = 10204
Phase 2 Critical Path Optimization | Checksum: 1ab4d9b59

Time (s): cpu = 00:00:29 ; elapsed = 00:00:14 . Memory (MB): peak = 3512.102 ; gain = 0.000 ; free physical = 5863 ; free virtual = 10204
Netlist sorting complete. Time (s): cpu = 00:00:00 ; elapsed = 00:00:00 . Memory (MB): peak = 3512.102 ; gain = 0.000 ; free physical = 5863 ; free virtual = 10204
INFO: [Physopt 32-669] Post Physical Optimization Timing Summary | WNS=-3.433 | TNS=-591.479 | WHS=0.033 | THS=0.000 |

Summary of Physical Synthesis Optimizations
============================================


-------------------------------------------------------------------------------------------------------------------------------------------------------------
|  Optimization   |  WNS Gain (ns)  |  TNS Gain (ns)  |  Added Cells  |  Removed Cells  |  Optimized Cells/Nets  |  Dont Touch  |  Iterations  |  Elapsed   |
-------------------------------------------------------------------------------------------------------------------------------------------------------------
|  Critical Path  |          0.035  |         -0.305  |            0  |              0  |                     2  |           0  |           1  |  00:00:09  |
-------------------------------------------------------------------------------------------------------------------------------------------------------------


Netlist sorting complete. Time (s): cpu = 00:00:00 ; elapsed = 00:00:00.01 . Memory (MB): peak = 3512.102 ; gain = 0.000 ; free physical = 5863 ; free virtual = 10204
Ending Physical Synthesis Task | Checksum: 1ab4d9b59

Time (s): cpu = 00:00:30 ; elapsed = 00:00:15 . Memory (MB): peak = 3512.102 ; gain = 0.000 ; free physical = 5862 ; free virtual = 10202
INFO: [Common 17-83] Releasing license: Implementation
35 Infos, 1 Warnings, 0 Critical Warnings and 0 Errors encountered.
phys_opt_design completed successfully
phys_opt_design: Time (s): cpu = 00:00:51 ; elapsed = 00:00:22 . Memory (MB): peak = 3512.102 ; gain = 0.000 ; free physical = 5861 ; free virtual = 10202
# write_checkpoint -force digilent_nexys4ddr_route.dcp
INFO: [Timing 38-480] Writing timing data to binary archive.
Write ShapeDB Complete: Time (s): cpu = 00:00:00.24 ; elapsed = 00:00:00.06 . Memory (MB): peak = 3512.102 ; gain = 0.000 ; free physical = 5860 ; free virtual = 10204
Wrote PlaceDB: Time (s): cpu = 00:00:04 ; elapsed = 00:00:01 . Memory (MB): peak = 3512.102 ; gain = 0.000 ; free physical = 5836 ; free virtual = 10210
Wrote PulsedLatchDB: Time (s): cpu = 00:00:00 ; elapsed = 00:00:00 . Memory (MB): peak = 3512.102 ; gain = 0.000 ; free physical = 5836 ; free virtual = 10210
Writing XDEF routing.
Writing XDEF routing logical nets.
Writing XDEF routing special nets.
Wrote RouteStorage: Time (s): cpu = 00:00:00.23 ; elapsed = 00:00:00.25 . Memory (MB): peak = 3512.102 ; gain = 0.000 ; free physical = 5815 ; free virtual = 10196
Wrote Netlist Cache: Time (s): cpu = 00:00:00.03 ; elapsed = 00:00:00.03 . Memory (MB): peak = 3512.102 ; gain = 0.000 ; free physical = 5812 ; free virtual = 10195
Wrote Device Cache: Time (s): cpu = 00:00:00 ; elapsed = 00:00:00 . Memory (MB): peak = 3512.102 ; gain = 0.000 ; free physical = 5812 ; free virtual = 10196
Write Physdb Complete: Time (s): cpu = 00:00:04 ; elapsed = 00:00:02 . Memory (MB): peak = 3512.102 ; gain = 0.000 ; free physical = 5812 ; free virtual = 10196
INFO: [Common 17-1381] The checkpoint '/home/masamuneprog/AAML/CFU-Playground/soc/build/digilent_nexys4ddr.AAML-2025-Project/gateware/digilent_nexys4ddr_route.dcp' has been generated.
# report_timing_summary -no_header -no_detailed_paths
INFO: [Timing 38-91] UpdateTimingParams: Speed grade: -1, Delay Type: min_max.
INFO: [Timing 38-191] Multithreading enabled for timing update using a maximum of 8 CPUs
------------------------------------------------------------------------------------------------
| Timer Settings
| --------------
------------------------------------------------------------------------------------------------

  Enable Multi Corner Analysis               :  Yes
  Enable Pessimism Removal                   :  Yes
  Pessimism Removal Resolution               :  Nearest Common Node
  Enable Input Delay Default Clock           :  No
  Enable Preset / Clear Arcs                 :  No
  Disable Flight Delays                      :  No
  Ignore I/O Paths                           :  No
  Timing Early Launch at Borrowing Latches   :  No
  Borrow Time for Max Delay Exceptions       :  Yes
  Merge Timing Exceptions                    :  Yes
  Inter-SLR Compensation                     :  Conservative

  Corner  Analyze    Analyze    
  Name    Max Paths  Min Paths  
  ------  ---------  ---------  
  Slow    Yes        Yes        
  Fast    Yes        Yes        


------------------------------------------------------------------------------------------------
| Report Methodology
| ------------------
------------------------------------------------------------------------------------------------

No report available as report_methodology has not been run prior. Run report_methodology on the current design for the summary of methodology violations.



check_timing report

Table of Contents
-----------------
1. checking no_clock (0)
2. checking constant_clock (0)
3. checking pulse_width_clock (0)
4. checking unconstrained_internal_endpoints (0)
5. checking no_input_delay (18)
6. checking no_output_delay (60)
7. checking multiple_clock (0)
8. checking generated_clocks (0)
9. checking loops (0)
10. checking partial_input_delay (0)
11. checking partial_output_delay (0)
12. checking latch_loops (0)

1. checking no_clock (0)
------------------------
 There are 0 register/latch pins with no clock.


2. checking constant_clock (0)
------------------------------
 There are 0 register/latch pins with constant_clock.


3. checking pulse_width_clock (0)
---------------------------------
 There are 0 register/latch pins which need pulse_width check


4. checking unconstrained_internal_endpoints (0)
------------------------------------------------
 There are 0 pins that are not constrained for maximum delay.

 There are 0 pins that are not constrained for maximum delay due to constant clock.


5. checking no_input_delay (18)
-------------------------------
 There are 18 input ports with no input delay specified. (HIGH)

 There are 0 input ports with no input delay but user has a false path constraint.


6. checking no_output_delay (60)
--------------------------------
 There are 60 ports with no output delay specified. (HIGH)

 There are 0 ports with no output delay but user has a false path constraint

 There are 0 ports with no output delay but with a timing clock defined on it or propagating through it


7. checking multiple_clock (0)
------------------------------
 There are 0 register/latch pins with multiple clocks.


8. checking generated_clocks (0)
--------------------------------
 There are 0 generated clocks that are not connected to a clock source.


9. checking loops (0)
---------------------
 There are 0 combinational loops in the design.


10. checking partial_input_delay (0)
------------------------------------
 There are 0 input ports with partial input delay specified.


11. checking partial_output_delay (0)
-------------------------------------
 There are 0 ports with partial output delay specified.


12. checking latch_loops (0)
----------------------------
 There are 0 combinational latch loops in the design through latch input



------------------------------------------------------------------------------------------------
| Design Timing Summary
| ---------------------
------------------------------------------------------------------------------------------------

    WNS(ns)      TNS(ns)  TNS Failing Endpoints  TNS Total Endpoints      WHS(ns)      THS(ns)  THS Failing Endpoints  THS Total Endpoints     WPWS(ns)     TPWS(ns)  TPWS Failing Endpoints  TPWS Total Endpoints  
    -------      -------  ---------------------  -------------------      -------      -------  ---------------------  -------------------     --------     --------  ----------------------  --------------------  
     -3.433     -591.478                    795                60754        0.033        0.000                      0                60754        0.264        0.000                       0                 12000  


Timing constraints are not met.


------------------------------------------------------------------------------------------------
| Clock Summary
| -------------
------------------------------------------------------------------------------------------------

Clock                          Waveform(ns)         Period(ns)      Frequency(MHz)
-----                          ------------         ----------      --------------
clk100                         {0.000 5.000}        10.000          100.000         
  soc_builder_basesoc_mmcm_fb  {0.000 5.000}        10.000          100.000         
  soc_crg_clkout0              {0.000 6.667}        13.333          75.000          
  soc_crg_clkout1              {0.000 3.333}        6.667           150.000         
  soc_crg_clkout2              {1.667 5.000}        6.667           150.000         
  soc_crg_clkout3              {0.000 2.500}        5.000           200.000         


------------------------------------------------------------------------------------------------
| Intra Clock Table
| -----------------
------------------------------------------------------------------------------------------------

Clock                              WNS(ns)      TNS(ns)  TNS Failing Endpoints  TNS Total Endpoints      WHS(ns)      THS(ns)  THS Failing Endpoints  THS Total Endpoints     WPWS(ns)     TPWS(ns)  TPWS Failing Endpoints  TPWS Total Endpoints  
-----                              -------      -------  ---------------------  -------------------      -------      -------  ---------------------  -------------------     --------     --------  ----------------------  --------------------  
clk100                               7.766        0.000                      0                    7        0.243        0.000                      0                    7        3.000        0.000                       0                    10  
  soc_builder_basesoc_mmcm_fb                                                                                                                                                    8.751        0.000                       0                     2  
  soc_crg_clkout0                   -3.433     -591.478                    795                60733        0.033        0.000                      0                60733        5.417        0.000                       0                 11899  
  soc_crg_clkout1                                                                                                                                                                4.511        0.000                       0                    75  
  soc_crg_clkout2                                                                                                                                                                4.511        0.000                       0                     4  
  soc_crg_clkout3                    1.215        0.000                      0                   14        0.160        0.000                      0                   14        0.264        0.000                       0                    10  


------------------------------------------------------------------------------------------------
| Inter Clock Table
| -----------------
------------------------------------------------------------------------------------------------

From Clock    To Clock          WNS(ns)      TNS(ns)  TNS Failing Endpoints  TNS Total Endpoints      WHS(ns)      THS(ns)  THS Failing Endpoints  THS Total Endpoints  
----------    --------          -------      -------  ---------------------  -------------------      -------      -------  ---------------------  -------------------  


------------------------------------------------------------------------------------------------
| Other Path Groups Table
| -----------------------
------------------------------------------------------------------------------------------------

Path Group    From Clock    To Clock          WNS(ns)      TNS(ns)  TNS Failing Endpoints  TNS Total Endpoints      WHS(ns)      THS(ns)  THS Failing Endpoints  THS Total Endpoints  
----------    ----------    --------          -------      -------  ---------------------  -------------------      -------      -------  ---------------------  -------------------  


# report_route_status -file digilent_nexys4ddr_route_status.rpt
# report_drc -file digilent_nexys4ddr_drc.rpt
Command: report_drc -file digilent_nexys4ddr_drc.rpt
INFO: [IP_Flow 19-234] Refreshing IP repositories
INFO: [IP_Flow 19-1704] No user IP repositories specified
INFO: [IP_Flow 19-2313] Loaded Vivado IP repository '/tools/Xilinx/Vivado/2023.2/data/ip'.
INFO: [DRC 23-27] Running DRC with 8 threads
INFO: [Vivado_Tcl 2-168] The results of DRC are in file /home/masamuneprog/AAML/CFU-Playground/soc/build/digilent_nexys4ddr.AAML-2025-Project/gateware/digilent_nexys4ddr_drc.rpt.
report_drc completed successfully
# report_timing_summary -datasheet -max_paths 10 -file digilent_nexys4ddr_timing.rpt
INFO: [Timing 38-91] UpdateTimingParams: Speed grade: -1, Delay Type: min_max.
INFO: [Timing 38-191] Multithreading enabled for timing update using a maximum of 8 CPUs
# report_power -file digilent_nexys4ddr_power.rpt
Command: report_power -file digilent_nexys4ddr_power.rpt
Running Vector-less Activity Propagation...

Finished Running Vector-less Activity Propagation
WARNING: [Power 33-332] Found switching activity that implies high-fanout reset nets being asserted for excessive periods of time which may result in inaccurate power analysis.
Resolution: To review and fix problems, please run Power Constraints Advisor in the GUI from Tools > Power Constraints Advisor or run report_power with the -advisory option to generate a text report.
0 Infos, 1 Warnings, 0 Critical Warnings and 0 Errors encountered.
report_power completed successfully
# write_bitstream -force digilent_nexys4ddr.bit 
Command: write_bitstream -force digilent_nexys4ddr.bit
Attempting to get a license for feature 'Implementation' and/or device 'xc7a100t'
INFO: [Common 17-349] Got license for feature 'Implementation' and/or device 'xc7a100t'
Running DRC as a precondition to command write_bitstream
INFO: [IP_Flow 19-1839] IP Catalog is up to date.
INFO: [DRC 23-27] Running DRC with 8 threads
WARNING: [DRC BUFC-1] Input Buffer Connections: Input buffer IOBUFDS/IBUFDS has no loads. It is recommended to have an input buffer drive an internal load.
WARNING: [DRC BUFC-1] Input Buffer Connections: Input buffer IOBUFDS_1/IBUFDS has no loads. It is recommended to have an input buffer drive an internal load.
WARNING: [DRC CFGBVS-1] Missing CFGBVS and CONFIG_VOLTAGE Design Properties: Neither the CFGBVS nor CONFIG_VOLTAGE voltage property is set in the current_design.  Configuration bank voltage select (CFGBVS) must be set to VCCO or GND, and CONFIG_VOLTAGE must be set to the correct configuration voltage, in order to determine the I/O voltage support for the pins in bank 0.  It is suggested to specify these either using the 'Edit Device Properties' function in the GUI or directly in the XDC file using the following syntax:

 set_property CFGBVS value1 [current_design]
 #where value1 is either VCCO or GND

 set_property CONFIG_VOLTAGE value2 [current_design]
 #where value2 is the voltage provided to configuration bank 0

Refer to the device configuration user guide for more information.
WARNING: [DRC DPIP-1] Input pipelining: DSP Cfu/My_relu/s2_product_comb input Cfu/My_relu/s2_product_comb/A[29:0] is not pipelined. Pipelining DSP48 input will improve performance.
WARNING: [DRC DPIP-1] Input pipelining: DSP Cfu/My_relu/s2_product_comb input Cfu/My_relu/s2_product_comb/B[17:0] is not pipelined. Pipelining DSP48 input will improve performance.
WARNING: [DRC DPIP-1] Input pipelining: DSP Cfu/My_relu/s2_product_comb__0 input Cfu/My_relu/s2_product_comb__0/A[29:0] is not pipelined. Pipelining DSP48 input will improve performance.
WARNING: [DRC DPIP-1] Input pipelining: DSP Cfu/My_relu/s2_product_comb__0 input Cfu/My_relu/s2_product_comb__0/B[17:0] is not pipelined. Pipelining DSP48 input will improve performance.
WARNING: [DRC DPIP-1] Input pipelining: DSP Cfu/My_relu/s2_product_comb__1 input Cfu/My_relu/s2_product_comb__1/A[29:0] is not pipelined. Pipelining DSP48 input will improve performance.
WARNING: [DRC DPIP-1] Input pipelining: DSP Cfu/My_relu/s2_product_comb__1 input Cfu/My_relu/s2_product_comb__1/B[17:0] is not pipelined. Pipelining DSP48 input will improve performance.
WARNING: [DRC DPIP-1] Input pipelining: DSP Cfu/My_relu/s2_product_comb__2 input Cfu/My_relu/s2_product_comb__2/A[29:0] is not pipelined. Pipelining DSP48 input will improve performance.
WARNING: [DRC DPIP-1] Input pipelining: DSP Cfu/My_relu/s2_product_comb__2 input Cfu/My_relu/s2_product_comb__2/B[17:0] is not pipelined. Pipelining DSP48 input will improve performance.
WARNING: [DRC DPIP-1] Input pipelining: DSP VexRiscv/execute_to_memory_MUL_HL_reg input VexRiscv/execute_to_memory_MUL_HL_reg/A[29:0] is not pipelined. Pipelining DSP48 input will improve performance.
WARNING: [DRC DPIP-1] Input pipelining: DSP VexRiscv/execute_to_memory_MUL_HL_reg input VexRiscv/execute_to_memory_MUL_HL_reg/B[17:0] is not pipelined. Pipelining DSP48 input will improve performance.
WARNING: [DRC DPIP-1] Input pipelining: DSP VexRiscv/execute_to_memory_MUL_LH_reg input VexRiscv/execute_to_memory_MUL_LH_reg/A[29:0] is not pipelined. Pipelining DSP48 input will improve performance.
WARNING: [DRC DPIP-1] Input pipelining: DSP VexRiscv/execute_to_memory_MUL_LH_reg input VexRiscv/execute_to_memory_MUL_LH_reg/B[17:0] is not pipelined. Pipelining DSP48 input will improve performance.
WARNING: [DRC DPIP-1] Input pipelining: DSP VexRiscv/execute_to_memory_MUL_LL_reg input VexRiscv/execute_to_memory_MUL_LL_reg/A[29:0] is not pipelined. Pipelining DSP48 input will improve performance.
WARNING: [DRC DPIP-1] Input pipelining: DSP VexRiscv/execute_to_memory_MUL_LL_reg input VexRiscv/execute_to_memory_MUL_LL_reg/B[17:0] is not pipelined. Pipelining DSP48 input will improve performance.
WARNING: [DRC DPIP-1] Input pipelining: DSP VexRiscv/memory_to_writeBack_MUL_HH_reg input VexRiscv/memory_to_writeBack_MUL_HH_reg/A[29:0] is not pipelined. Pipelining DSP48 input will improve performance.
WARNING: [DRC DPIP-1] Input pipelining: DSP VexRiscv/memory_to_writeBack_MUL_HH_reg input VexRiscv/memory_to_writeBack_MUL_HH_reg/B[17:0] is not pipelined. Pipelining DSP48 input will improve performance.
WARNING: [DRC DPOP-1] PREG Output pipelining: DSP Cfu/My_relu/s2_product_comb output Cfu/My_relu/s2_product_comb/P[47:0] is not pipelined (PREG=0). Pipelining the DSP48 output will improve performance and often saves power so it is suggested whenever possible to fully pipeline this function.  If this DSP48 function was inferred, it is suggested to describe an additional register stage after this function.  If the DSP48 was instantiated in the design, it is suggested to set the PREG attribute to 1.
WARNING: [DRC DPOP-1] PREG Output pipelining: DSP Cfu/My_relu/s2_product_comb__0 output Cfu/My_relu/s2_product_comb__0/P[47:0] is not pipelined (PREG=0). Pipelining the DSP48 output will improve performance and often saves power so it is suggested whenever possible to fully pipeline this function.  If this DSP48 function was inferred, it is suggested to describe an additional register stage after this function.  If the DSP48 was instantiated in the design, it is suggested to set the PREG attribute to 1.
WARNING: [DRC DPOP-1] PREG Output pipelining: DSP Cfu/My_relu/s2_product_comb__1 output Cfu/My_relu/s2_product_comb__1/P[47:0] is not pipelined (PREG=0). Pipelining the DSP48 output will improve performance and often saves power so it is suggested whenever possible to fully pipeline this function.  If this DSP48 function was inferred, it is suggested to describe an additional register stage after this function.  If the DSP48 was instantiated in the design, it is suggested to set the PREG attribute to 1.
WARNING: [DRC DPOP-1] PREG Output pipelining: DSP Cfu/My_relu/s2_product_comb__2 output Cfu/My_relu/s2_product_comb__2/P[47:0] is not pipelined (PREG=0). Pipelining the DSP48 output will improve performance and often saves power so it is suggested whenever possible to fully pipeline this function.  If this DSP48 function was inferred, it is suggested to describe an additional register stage after this function.  If the DSP48 was instantiated in the design, it is suggested to set the PREG attribute to 1.
WARNING: [DRC DPOP-2] MREG Output pipelining: DSP VexRiscv/execute_to_memory_MUL_HL_reg multiplier stage VexRiscv/execute_to_memory_MUL_HL_reg/P[47:0] is not pipelined (MREG=0). Pipelining the multiplier function will improve performance and will save significant power so it is suggested whenever possible to fully pipeline this function.  If this multiplier was inferred, it is suggested to describe an additional register stage after this function.  If there is no registered adder/accumulator following the multiply function, two pipeline stages are suggested to allow both the MREG and PREG registers to be used.  If the DSP48 was instantiated in the design, it is suggested to set both the MREG and PREG attributes to 1 when performing multiply functions.
WARNING: [DRC DPOP-2] MREG Output pipelining: DSP VexRiscv/execute_to_memory_MUL_LH_reg multiplier stage VexRiscv/execute_to_memory_MUL_LH_reg/P[47:0] is not pipelined (MREG=0). Pipelining the multiplier function will improve performance and will save significant power so it is suggested whenever possible to fully pipeline this function.  If this multiplier was inferred, it is suggested to describe an additional register stage after this function.  If there is no registered adder/accumulator following the multiply function, two pipeline stages are suggested to allow both the MREG and PREG registers to be used.  If the DSP48 was instantiated in the design, it is suggested to set both the MREG and PREG attributes to 1 when performing multiply functions.
WARNING: [DRC DPOP-2] MREG Output pipelining: DSP VexRiscv/execute_to_memory_MUL_LL_reg multiplier stage VexRiscv/execute_to_memory_MUL_LL_reg/P[47:0] is not pipelined (MREG=0). Pipelining the multiplier function will improve performance and will save significant power so it is suggested whenever possible to fully pipeline this function.  If this multiplier was inferred, it is suggested to describe an additional register stage after this function.  If there is no registered adder/accumulator following the multiply function, two pipeline stages are suggested to allow both the MREG and PREG registers to be used.  If the DSP48 was instantiated in the design, it is suggested to set both the MREG and PREG attributes to 1 when performing multiply functions.
WARNING: [DRC PDRC-153] Gated clock check: Net soc_crg_clkin is a gated clock net sourced by a combinational pin clk100_inst/O, cell clk100_inst. This is not good design practice and will likely impact performance. For SLICE registers, for example, use the CE pin to control the loading of data.
WARNING: [DRC PLHOLDVIO-2] Non-Optimal connections which could lead to hold violations: A LUT clk100_inst is driving clock pin of 8 cells. This could lead to large hold time violations. Involved cells are:
FDCE, FDCE_1, FDCE_2, FDCE_3, FDCE_4, FDCE_5, FDCE_6, and FDCE_7
INFO: [Vivado 12-3199] DRC finished with 0 Errors, 28 Warnings
INFO: [Vivado 12-3200] Please refer to the DRC report (report_drc) for more information.
INFO: [Designutils 20-2272] Running write_bitstream with 8 threads.
Loading data files...
Loading site data...
Loading route data...
Processing options...
Creating bitmap...
Creating bitstream...
Writing bitstream ./digilent_nexys4ddr.bit...
INFO: [Vivado 12-1842] Bitgen Completed Successfully.
INFO: [Project 1-1876] WebTalk data collection is mandatory when using a ULT device. To see the specific WebTalk data collected for your design, open the usage_statistics_webtalk.html or usage_statistics_webtalk.xml file in the implementation directory.
INFO: [Common 17-83] Releasing license: Implementation
9 Infos, 28 Warnings, 0 Critical Warnings and 0 Errors encountered.
write_bitstream completed successfully
write_bitstream: Time (s): cpu = 00:00:41 ; elapsed = 00:00:25 . Memory (MB): peak = 3512.102 ; gain = 0.000 ; free physical = 5800 ; free virtual = 10172
# quit
INFO: [Common 17-206] Exiting Vivado at Tue Dec 23 01:16:56 2025...
